date,sector,fg_index,n_headlines
2020-01-02,Comm,57.68,11
2020-01-03,Comm,50.96666666666667,3
2020-01-06,Comm,53.2546875,16
2020-01-07,Comm,57.220000000000006,5
2020-01-08,Comm,51.77525000000001,20
2020-01-09,Comm,50.505833333333335,6
2020-01-10,Comm,47.440625,8
2020-01-13,Comm,51.46071428571429,14
2020-01-14,Comm,52.95875,4
2020-01-15,Comm,49.35388888888889,9
2020-01-16,Comm,54.77088235294118,17
2020-01-17,Comm,53.066874999999996,8
2020-01-21,Comm,51.568421052631585,19
2020-01-22,Comm,45.85375,4
2020-01-23,Comm,58.14681818181818,22
2020-01-24,Comm,50.85666666666666,24
2020-01-27,Comm,48.892250000000004,20
2020-01-28,Comm,51.07733333333333,15
2020-01-29,Comm,55.21818181818182,11
2020-01-30,Comm,49.808055555555555,18
2020-01-31,Comm,49.46133333333333,15
2020-02-03,Comm,56.07666666666666,21
2020-02-04,Comm,59.93588235294118,17
2020-02-05,Comm,51.65625,12
2020-02-06,Comm,53.09184210526316,19
2020-02-07,Comm,52.17307692307692,13
2020-02-10,Comm,52.61125,20
2020-02-11,Comm,52.71333333333333,24
2020-02-12,Comm,51.076388888888886,18
2020-02-13,Comm,53.638250000000006,20
2020-02-14,Comm,79.295,1
2020-02-18,Comm,51.67891304347826,23
2020-02-19,Comm,56.14142857142857,7
2020-02-20,Comm,56.915,15
2020-02-21,Comm,54.61857142857143,7
2020-02-24,Comm,54.568,10
2020-02-25,Comm,46.761,5
2020-02-26,Comm,52.57950000000001,10
2020-02-27,Comm,44.3975,8
2020-02-28,Comm,45.266176470588235,17
2020-03-02,Comm,55.90588235294118,17
2020-03-03,Comm,54.443636363636365,11
2020-03-04,Comm,50.92285714285714,7
2020-03-05,Comm,53.3035,10
2020-03-06,Comm,47.76583333333334,6
2020-03-09,Comm,50.0965625,16
2020-03-10,Comm,46.67777777777778,18
2020-03-11,Comm,53.84888888888889,9
2020-03-12,Comm,48.72666666666667,12
2020-03-13,Comm,51.1540625,16
2020-03-16,Comm,50.4975,28
2020-03-17,Comm,53.14029411764706,17
2020-03-18,Comm,51.45727272727272,11
2020-03-19,Comm,52.39392857142857,14
2020-03-20,Comm,44.53666666666666,6
2020-03-23,Comm,53.25214285714286,28
2020-03-24,Comm,52.83583333333333,18
2020-03-25,Comm,53.948,15
2020-03-26,Comm,58.40846153846154,13
2020-03-27,Comm,55.05863636363636,11
2020-03-30,Comm,53.61633333333334,15
2020-03-31,Comm,55.98500000000001,6
2020-04-01,Comm,54.99357142857143,21
2020-04-02,Comm,49.14,10
2020-04-03,Comm,54.2090625,16
2020-04-06,Comm,53.959375,16
2020-04-07,Comm,54.138,20
2020-04-08,Comm,52.821923076923085,13
2020-04-09,Comm,49.2171875,16
2020-04-13,Comm,42.9853125,16
2020-04-14,Comm,57.3196875,16
2020-04-15,Comm,51.5746875,16
2020-04-16,Comm,55.90375,16
2020-04-17,Comm,53.186666666666675,15
2020-04-20,Comm,54.44583333333333,12
2020-04-21,Comm,53.650333333333336,15
2020-04-22,Comm,52.70596153846154,26
2020-04-23,Comm,50.1275,24
2020-04-24,Comm,52.250882352941176,17
2020-04-27,Comm,53.87571428571428,21
2020-04-28,Comm,49.871805555555554,36
2020-04-29,Comm,55.501842105263165,19
2020-04-30,Comm,52.75296296296296,27
2020-05-01,Comm,49.80052631578947,19
2020-05-04,Comm,52.87173913043478,23
2020-05-05,Comm,57.95842857142858,35
2020-05-06,Comm,52.57484848484849,33
2020-05-07,Comm,55.53239130434783,23
2020-05-08,Comm,58.47833333333334,9
2020-05-11,Comm,52.55195652173913,23
2020-05-12,Comm,52.88666666666667,18
2020-05-13,Comm,42.012499999999996,4
2020-05-14,Comm,50.455714285714286,14
2020-05-15,Comm,52.5228125,16
2020-05-18,Comm,51.3175,18
2020-05-19,Comm,52.5705,20
2020-05-20,Comm,54.768214285714286,28
2020-05-21,Comm,50.12863636363637,11
2020-05-22,Comm,49.084374999999994,8
2020-05-26,Comm,56.431363636363635,22
2020-05-27,Comm,53.90599999999999,20
2020-05-28,Comm,52.06312499999999,24
2020-05-29,Comm,54.4740625,16
2020-06-01,Comm,49.20735294117647,17
2020-06-02,Comm,60.346111111111114,9
2020-06-03,Comm,48.85388888888889,9
2020-06-04,Comm,50.86727272727273,11
2020-06-05,Comm,51.51950000000001,10
2020-06-08,Comm,51.91777777777778,18
2020-06-09,Comm,45.5025,4
2020-06-10,Comm,46.070625,8
2020-06-11,Comm,51.1235,10
2020-06-12,Comm,54.12,15
2020-06-15,Comm,50.244375,16
2020-06-16,Comm,48.73673913043478,23
2020-06-17,Comm,53.43,12
2020-06-18,Comm,56.17375,16
2020-06-19,Comm,49.60636363636363,11
2020-06-22,Comm,50.73727272727273,11
2020-06-23,Comm,55.235,8
2020-06-24,Comm,53.351875,16
2020-06-25,Comm,52.658500000000004,10
2020-06-26,Comm,52.57000000000001,5
2020-06-29,Comm,54.772499999999994,22
2020-06-30,Comm,50.093333333333334,9
2020-07-01,Comm,53.475,6
2020-07-02,Comm,50.67214285714285,7
2020-07-06,Comm,53.405476190476186,21
2020-07-07,Comm,54.24464285714286,14
2020-07-08,Comm,52.933125,8
2020-07-09,Comm,52.656666666666666,6
2020-07-10,Comm,50.581250000000004,4
2020-07-13,Comm,52.641818181818174,11
2020-07-14,Comm,55.0265,10
2020-07-15,Comm,59.169285714285714,7
2020-07-16,Comm,52.99214285714286,7
2020-07-17,Comm,23.0425,2
2020-07-20,Comm,55.296875,8
2020-07-21,Comm,56.039,10
2020-07-22,Comm,55.53285714285715,7
2020-07-23,Comm,49.766000000000005,10
2020-07-24,Comm,48.499722222222225,18
2020-07-27,Comm,53.16300000000001,5
2020-07-28,Comm,56.45,9
2020-07-29,Comm,53.80458333333333,12
2020-07-30,Comm,55.223333333333336,15
2020-07-31,Comm,50.517500000000005,6
2020-08-03,Comm,54.254999999999995,22
2020-08-04,Comm,55.360238095238095,21
2020-08-05,Comm,55.8605,10
2020-08-06,Comm,57.00307692307692,13
2020-08-07,Comm,51.146071428571425,28
2020-08-10,Comm,58.788181818181826,11
2020-08-11,Comm,54.511111111111106,9
2020-08-12,Comm,50.525,7
2020-08-13,Comm,56.01649999999999,10
2020-08-14,Comm,47.61666666666667,6
2020-08-17,Comm,56.04888888888889,9
2020-08-18,Comm,54.58846153846154,13
2020-08-19,Comm,49.614999999999995,1
2020-08-20,Comm,52.676875,8
2020-08-21,Comm,55.717,10
2020-08-24,Comm,43.105,6
2020-08-25,Comm,57.7225,4
2020-08-26,Comm,53.172000000000004,10
2020-08-27,Comm,49.913333333333334,3
2020-08-28,Comm,51.05428571428571,7
2020-08-31,Comm,54.527,5
2020-09-01,Comm,54.832499999999996,4
2020-09-02,Comm,58.685,7
2020-09-03,Comm,49.517,10
2020-09-04,Comm,50.41428571428571,7
2020-09-08,Comm,49.564166666666665,6
2020-09-09,Comm,64.28099999999999,5
2020-09-10,Comm,41.86666666666667,3
2020-09-11,Comm,51.1925,4
2020-09-14,Comm,56.434583333333336,12
2020-09-15,Comm,51.995000000000005,11
2020-09-16,Comm,45.680625,8
2020-09-17,Comm,53.846000000000004,5
2020-09-18,Comm,47.972857142857144,7
2020-09-21,Comm,57.58294117647059,17
2020-09-22,Comm,53.032000000000004,5
2020-09-23,Comm,51.09666666666667,3
2020-09-24,Comm,53.45928571428571,7
2020-09-25,Comm,50.25666666666666,3
2020-09-28,Comm,52.7809375,16
2020-09-29,Comm,53.39333333333334,3
2020-09-30,Comm,48.997,5
2020-10-01,Comm,52.665,12
2020-10-02,Comm,51.448750000000004,4
2020-10-05,Comm,54.02333333333333,12
2020-10-06,Comm,52.394999999999996,7
2020-10-07,Comm,50.88833333333333,3
2020-10-08,Comm,50.309375,8
2020-10-09,Comm,56.433571428571426,14
2020-10-12,Comm,47.76642857142857,21
2020-10-13,Comm,46.94625,12
2020-10-14,Comm,59.223846153846154,13
2020-10-15,Comm,50.64399999999999,5
2020-10-16,Comm,53.223333333333336,6
2020-10-19,Comm,57.36730769230769,13
2020-10-20,Comm,50.25666666666667,3
2020-10-21,Comm,47.0725,6
2020-10-22,Comm,52.0484375,16
2020-10-23,Comm,48.48,9
2020-10-26,Comm,50.14294117647059,17
2020-10-27,Comm,50.449999999999996,2
2020-10-28,Comm,54.065,17
2020-10-29,Comm,56.154411764705884,17
2020-10-30,Comm,61.153333333333336,6
2020-11-02,Comm,50.46052631578947,19
2020-11-03,Comm,52.61266666666666,15
2020-11-04,Comm,48.838750000000005,12
2020-11-05,Comm,49.52815789473684,19
2020-11-06,Comm,50.93119565217391,46
2020-11-09,Comm,57.72416666666667,18
2020-11-10,Comm,52.722142857142856,14
2020-11-11,Comm,50.157777777777774,9
2020-11-12,Comm,48.839999999999996,7
2020-11-13,Comm,53.62807692307692,13
2020-11-16,Comm,54.666666666666664,12
2020-11-17,Comm,46.40291666666667,12
2020-11-18,Comm,50.36863636363636,11
2020-11-19,Comm,50.858000000000004,10
2020-11-20,Comm,50.867,15
2020-11-23,Comm,45.15111111111111,9
2020-11-24,Comm,50.980000000000004,10
2020-11-25,Comm,65.12083333333334,6
2020-11-27,Comm,56.71333333333334,3
2020-11-30,Comm,50.6775,6
2020-12-01,Comm,56.6225,6
2020-12-02,Comm,37.8225,2
2020-12-03,Comm,52.7775,8
2020-12-04,Comm,52.466499999999996,10
2020-12-07,Comm,54.17791666666667,12
2020-12-08,Comm,52.89846153846153,13
2020-12-09,Comm,51.665000000000006,11
2020-12-10,Comm,51.809583333333336,12
2020-12-11,Comm,54.783500000000004,10
2020-12-14,Comm,51.96225806451613,31
2020-12-15,Comm,56.218888888888884,9
2020-12-16,Comm,56.22083333333334,6
2020-12-17,Comm,51.933125000000004,8
2020-12-18,Comm,59.206875,8
2020-12-21,Comm,54.253611111111105,18
2020-12-22,Comm,52.777142857142856,7
2020-12-23,Comm,60.111000000000004,5
2020-12-24,Comm,50.43375,4
2020-12-28,Comm,53.336,10
2020-12-29,Comm,50.978571428571435,7
2020-12-30,Comm,62.25625,4
2020-12-31,Comm,51.98181818181818,11
2021-01-04,Comm,49.1175,10
2021-01-05,Comm,54.730588235294114,17
2021-01-06,Comm,58.567692307692305,13
2021-01-07,Comm,56.621,10
2021-01-08,Comm,45.693749999999994,4
2021-01-11,Comm,52.09423076923077,13
2021-01-12,Comm,45.03583333333333,6
2021-01-13,Comm,47.034000000000006,10
2021-01-14,Comm,50.527499999999996,12
2021-01-15,Comm,50.79583333333333,6
2021-01-19,Comm,48.09571428571429,14
2021-01-20,Comm,44.04666666666666,6
2021-01-21,Comm,53.4575,10
2021-01-22,Comm,58.7275,12
2021-01-25,Comm,52.56365384615385,26
2021-01-26,Comm,47.7805,10
2021-01-27,Comm,49.74909090909091,11
2021-01-28,Comm,56.201249999999995,24
2021-01-29,Comm,52.43735294117647,17
2021-02-01,Comm,58.96545454545455,11
2021-02-02,Comm,54.51555555555555,18
2021-02-03,Comm,50.209,10
2021-02-04,Comm,52.199444444444445,9
2021-02-05,Comm,53.43000000000001,12
2021-02-08,Comm,48.167142857142856,21
2021-02-09,Comm,55.784230769230774,26
2021-02-10,Comm,48.952999999999996,10
2021-02-11,Comm,55.442727272727275,11
2021-02-12,Comm,51.3875,2
2021-02-16,Comm,55.18711538461538,26
2021-02-17,Comm,53.819,5
2021-02-18,Comm,50.16083333333333,6
2021-02-19,Comm,58.076666666666675,6
2021-02-22,Comm,54.720625,8
2021-02-23,Comm,61.49357142857143,7
2021-02-24,Comm,54.62461538461538,13
2021-02-25,Comm,51.7425,16
2021-02-26,Comm,53.50111111111111,9
2021-03-01,Comm,51.60807692307692,13
2021-03-02,Comm,53.305,7
2021-03-03,Comm,49.84222222222222,9
2021-03-04,Comm,59.224000000000004,5
2021-03-05,Comm,54.18291666666667,12
2021-03-08,Comm,48.905,10
2021-03-09,Comm,46.095000000000006,5
2021-03-10,Comm,54.75692307692308,13
2021-03-11,Comm,53.00555555555556,9
2021-03-12,Comm,55.809000000000005,10
2021-03-15,Comm,57.847500000000004,14
2021-03-16,Comm,52.484500000000004,10
2021-03-17,Comm,50.999375,8
2021-03-18,Comm,55.397777777777776,9
2021-03-19,Comm,60.572,10
2021-03-22,Comm,50.56916666666666,6
2021-03-23,Comm,52.57999999999999,6
2021-03-24,Comm,53.11071428571428,7
2021-03-25,Comm,50.29277777777778,9
2021-03-26,Comm,50.857499999999995,6
2021-03-29,Comm,53.11558823529412,17
2021-03-30,Comm,52.854285714285716,7
2021-03-31,Comm,46.8,5
2021-04-01,Comm,57.669444444444444,9
2021-04-05,Comm,56.05952380952381,21
2021-04-06,Comm,52.842777777777776,9
2021-04-07,Comm,50.39214285714286,7
2021-04-08,Comm,50.28,11
2021-04-09,Comm,53.33833333333333,12
2021-04-12,Comm,52.284375,8
2021-04-13,Comm,54.31571428571429,7
2021-04-14,Comm,54.04714285714285,14
2021-04-15,Comm,46.50142857142857,7
2021-04-16,Comm,55.02125,4
2021-04-19,Comm,47.989375,8
2021-04-20,Comm,47.37166666666667,12
2021-04-21,Comm,41.92277777777778,18
2021-04-22,Comm,57.184999999999995,26
2021-04-23,Comm,50.2415,10
2021-04-26,Comm,50.58833333333334,9
2021-04-27,Comm,51.655454545454546,11
2021-04-28,Comm,55.467,10
2021-04-29,Comm,60.56708333333333,12
2021-04-30,Comm,52.19,10
2021-05-03,Comm,57.00157894736842,19
2021-05-04,Comm,54.529500000000006,10
2021-05-05,Comm,63.75735294117647,17
2021-05-06,Comm,46.781,5
2021-05-07,Comm,51.874375,8
2021-05-10,Comm,52.536071428571425,14
2021-05-11,Comm,56.05466666666666,15
2021-05-12,Comm,51.18538461538461,13
2021-05-13,Comm,50.839999999999996,1
2021-05-14,Comm,50.0,2
2021-05-17,Comm,50.59625,40
2021-05-18,Comm,46.8221875,32
2021-05-19,Comm,51.517857142857146,21
2021-05-20,Comm,58.15970588235294,17
2021-05-21,Comm,54.12107142857143,14
2021-05-24,Comm,58.19866666666667,15
2021-05-25,Comm,52.519615384615385,13
2021-05-26,Comm,56.32666666666667,9
2021-05-27,Comm,54.58535714285715,14
2021-05-28,Comm,55.12733333333334,15
2021-06-01,Comm,51.24818181818182,11
2021-06-02,Comm,57.0625,8
2021-06-03,Comm,53.42375,4
2021-06-04,Comm,56.903636363636366,11
2021-06-07,Comm,52.7515625,16
2021-06-08,Comm,60.36642857142857,7
2021-06-09,Comm,41.34,2
2021-06-10,Comm,46.863125,16
2021-06-11,Comm,55.935625,8
2021-06-14,Comm,53.281000000000006,10
2021-06-15,Comm,50.346875,8
2021-06-16,Comm,63.1,12
2021-06-17,Comm,56.95375000000001,4
2021-06-18,Comm,50.09625,4
2021-06-21,Comm,55.19375,8
2021-06-22,Comm,56.08166666666667,3
2021-06-23,Comm,51.577058823529406,17
2021-06-24,Comm,48.14115384615385,13
2021-06-25,Comm,49.5,6
2021-06-28,Comm,60.570454545454545,11
2021-06-29,Comm,57.1175,2
2021-06-30,Comm,55.426785714285714,14
2021-07-01,Comm,48.22277777777778,9
2021-07-02,Comm,58.003,5
2021-07-06,Comm,55.737857142857145,7
2021-07-07,Comm,50.80214285714286,7
2021-07-08,Comm,47.324444444444445,9
2021-07-09,Comm,58.22666666666667,6
2021-07-12,Comm,53.8935,10
2021-07-13,Comm,53.080499999999994,10
2021-07-14,Comm,50.267857142857146,7
2021-07-15,Comm,52.21900000000001,5
2021-07-16,Comm,45.1134375,16
2021-07-19,Comm,57.00107142857143,14
2021-07-20,Comm,62.349285714285706,7
2021-07-21,Comm,49.875416666666666,12
2021-07-22,Comm,59.10785714285714,14
2021-07-23,Comm,56.252500000000005,18
2021-07-26,Comm,51.1405,10
2021-07-27,Comm,44.399166666666666,6
2021-07-28,Comm,47.69642857142857,7
2021-07-29,Comm,57.26882352941177,17
2021-07-30,Comm,53.23166666666666,6
2021-08-02,Comm,50.16833333333333,15
2021-08-03,Comm,50.31275,20
2021-08-04,Comm,50.2228125,16
2021-08-05,Comm,51.12533333333333,15
2021-08-06,Comm,41.745,6
2021-08-09,Comm,53.93566666666666,15
2021-08-10,Comm,57.56727272727273,11
2021-08-11,Comm,51.22125,4
2021-08-12,Comm,59.12307692307692,13
2021-08-13,Comm,51.265833333333326,6
2021-08-16,Comm,50.223076923076924,13
2021-08-17,Comm,53.999,5
2021-08-18,Comm,48.75642857142857,14
2021-08-19,Comm,46.10928571428571,7
2021-08-20,Comm,52.67777777777778,9
2021-08-23,Comm,54.485,10
2021-08-24,Comm,61.384,5
2021-08-25,Comm,59.6475,2
2021-08-26,Comm,55.46,7
2021-08-27,Comm,62.055,9
2021-08-30,Comm,53.655833333333334,12
2021-08-31,Comm,50.44375,4
2021-09-02,Comm,56.371875,8
2021-09-03,Comm,51.04333333333333,6
2021-09-07,Comm,58.555,11
2021-09-08,Comm,53.373000000000005,10
2021-09-09,Comm,38.14788461538462,26
2021-09-10,Comm,52.505,9
2021-09-13,Comm,61.38038461538462,13
2021-09-14,Comm,54.298611111111114,18
2021-09-15,Comm,47.70545454545454,11
2021-09-16,Comm,51.73583333333334,12
2021-09-17,Comm,50.785000000000004,17
2021-09-20,Comm,59.72958333333333,24
2021-09-21,Comm,47.99416666666667,6
2021-09-22,Comm,52.21590909090909,11
2021-09-23,Comm,58.19444444444444,9
2021-09-24,Comm,50.9075,6
2021-09-27,Comm,56.713,10
2021-09-28,Comm,50.11678571428571,14
2021-09-29,Comm,45.52357142857143,7
2021-09-30,Comm,45.556,10
2021-10-01,Comm,50.581,5
2021-10-04,Comm,51.49583333333334,12
2021-10-05,Comm,55.572,10
2021-10-06,Comm,52.0465625,16
2021-10-07,Comm,54.173,10
2021-10-08,Comm,50.087,10
2021-10-11,Comm,52.776666666666664,12
2021-10-12,Comm,55.17125,8
2021-10-13,Comm,52.71214285714286,7
2021-10-14,Comm,46.13833333333333,6
2021-10-15,Comm,57.415,5
2021-10-18,Comm,57.56714285714286,7
2021-10-19,Comm,63.025,6
2021-10-20,Comm,48.66583333333333,6
2021-10-21,Comm,50.9786,25
2021-10-22,Comm,48.4865,10
2021-10-25,Comm,54.598125,8
2021-10-26,Comm,56.76416666666666,12
2021-10-27,Comm,53.333333333333336,3
2021-10-28,Comm,54.00181818181818,11
2021-10-29,Comm,53.257083333333334,12
2021-11-01,Comm,48.1625,6
2021-11-02,Comm,50.71266666666667,15
2021-11-03,Comm,54.67576923076923,26
2021-11-04,Comm,57.16850000000001,20
2021-11-05,Comm,52.026250000000005,8
2021-11-08,Comm,45.013571428571424,7
2021-11-09,Comm,53.8825,8
2021-11-10,Comm,56.575,5
2021-11-11,Comm,53.04611111111112,9
2021-11-12,Comm,52.16722222222222,9
2021-11-15,Comm,55.30625,12
2021-11-16,Comm,56.55454545454545,11
2021-11-17,Comm,50.216875,8
2021-11-18,Comm,54.82846153846154,13
2021-11-19,Comm,52.54666666666667,9
2021-11-22,Comm,55.5,7
2021-11-23,Comm,49.70409090909091,11
2021-11-24,Comm,53.15857142857143,7
2021-11-26,Comm,46.652857142857144,7
2021-11-29,Comm,42.665,5
2021-11-30,Comm,49.47785714285715,14
2021-12-01,Comm,59.14874999999999,8
2021-12-02,Comm,49.99,6
2021-12-03,Comm,46.44166666666666,6
2021-12-06,Comm,55.64333333333334,12
2021-12-07,Comm,54.04833333333333,9
2021-12-08,Comm,63.52000000000001,9
2021-12-09,Comm,49.96142857142858,7
2021-12-10,Comm,55.35,9
2021-12-13,Comm,50.45166666666667,9
2021-12-14,Comm,50.683,5
2021-12-15,Comm,57.537499999999994,8
2021-12-16,Comm,51.87038461538462,13
2021-12-17,Comm,55.60272727272727,11
2021-12-20,Comm,49.354615384615386,13
2021-12-21,Comm,47.68884615384616,13
2021-12-22,Comm,58.80142857142857,7
2021-12-23,Comm,58.682,10
2021-12-27,Comm,51.75875,8
2021-12-28,Comm,51.715,9
2021-12-29,Comm,46.03375,4
2021-12-30,Comm,51.748000000000005,15
2021-12-31,Comm,54.93,7
2022-01-03,Comm,49.667500000000004,14
2022-01-04,Comm,55.28611111111111,9
2022-01-05,Comm,52.63933333333333,15
2022-01-06,Comm,53.32138888888889,18
2022-01-07,Comm,52.1035,20
2022-01-10,Comm,51.4712962962963,27
2022-01-11,Comm,48.22714285714286,14
2022-01-12,Comm,57.958928571428565,14
2022-01-13,Comm,53.387058823529415,17
2022-01-14,Comm,52.343333333333334,18
2022-01-18,Comm,48.19360465116279,43
2022-01-19,Comm,53.305238095238096,21
2022-01-20,Comm,62.867,15
2022-01-21,Comm,60.26285714285715,14
2022-01-24,Comm,54.64636363636364,22
2022-01-25,Comm,52.82105263157895,19
2022-01-26,Comm,57.97480769230769,26
2022-01-27,Comm,54.68636363636363,22
2022-01-28,Comm,47.635789473684206,19
2022-01-31,Comm,52.828599999999994,25
2022-02-01,Comm,49.79790322580645,31
2022-02-02,Comm,50.495294117647056,17
2022-02-03,Comm,52.278124999999996,24
2022-02-04,Comm,51.535384615384615,13
2022-02-07,Comm,54.84760869565217,23
2022-02-08,Comm,55.22428571428571,14
2022-02-09,Comm,52.170500000000004,10
2022-02-10,Comm,64.29833333333333,9
2022-02-11,Comm,51.512499999999996,12
2022-02-14,Comm,53.74821428571429,14
2022-02-15,Comm,53.895,10
2022-02-16,Comm,50.79,4
2022-02-17,Comm,50.5623076923077,13
2022-02-18,Comm,63.63375,4
2022-02-22,Comm,48.465,12
2022-02-23,Comm,47.7725,4
2022-02-24,Comm,45.891,5
2022-02-25,Comm,59.38642857142857,7
2022-02-28,Comm,51.453125,16
2022-03-01,Comm,55.49300000000001,5
2022-03-02,Comm,59.17416666666667,6
2022-03-03,Comm,51.63818181818181,11
2022-03-04,Comm,54.5140909090909,11
2022-03-07,Comm,58.43846153846154,13
2022-03-08,Comm,46.949,5
2022-03-09,Comm,52.78230769230769,13
2022-03-10,Comm,52.53388888888889,9
2022-03-11,Comm,51.02272727272727,11
2022-03-14,Comm,55.67153846153846,13
2022-03-15,Comm,52.120555555555555,9
2022-03-16,Comm,48.074999999999996,3
2022-03-17,Comm,54.458333333333336,6
2022-03-18,Comm,52.619285714285716,7
2022-03-21,Comm,51.27611111111111,9
2022-03-22,Comm,57.06055555555555,9
2022-03-23,Comm,59.101875,8
2022-03-24,Comm,52.36222222222222,9
2022-03-25,Comm,50.0,1
2022-03-28,Comm,52.32785714285715,14
2022-03-29,Comm,53.91,11
2022-03-30,Comm,59.813,5
2022-03-31,Comm,55.7485,10
2022-04-01,Comm,51.225,5
2022-04-04,Comm,58.02625,16
2022-04-05,Comm,48.70583333333334,12
2022-04-06,Comm,56.10625,4
2022-04-07,Comm,55.80916666666667,12
2022-04-08,Comm,55.80333333333333,9
2022-04-11,Comm,55.653999999999996,20
2022-04-12,Comm,53.25944444444444,9
2022-04-13,Comm,53.835,10
2022-04-14,Comm,48.299,10
2022-04-18,Comm,55.17617647058824,17
2022-04-19,Comm,53.5175,16
2022-04-20,Comm,57.64833333333333,12
2022-04-21,Comm,55.838888888888896,27
2022-04-22,Comm,47.105,12
2022-04-25,Comm,53.872058823529414,17
2022-04-26,Comm,55.300384615384615,13
2022-04-27,Comm,56.490833333333335,18
2022-04-28,Comm,60.74142857142857,14
2022-04-29,Comm,51.77583333333333,12
2022-05-02,Comm,45.11708333333333,12
2022-05-03,Comm,57.01357142857143,7
2022-05-04,Comm,42.762,5
2022-05-05,Comm,56.33833333333334,9
2022-05-06,Comm,51.90428571428572,14
2022-05-09,Comm,47.53785714285714,14
2022-05-10,Comm,50.118181818181824,11
2022-05-11,Comm,49.263928571428565,14
2022-05-12,Comm,51.033181818181816,11
2022-05-13,Comm,63.15642857142858,7
2022-05-16,Comm,40.233,10
2022-05-17,Comm,51.09136363636364,22
2022-05-18,Comm,50.38136363636364,11
2022-05-19,Comm,53.9975,10
2022-05-20,Comm,49.98142857142857,7
2022-05-23,Comm,56.91055555555555,9
2022-05-24,Comm,54.8609090909091,11
2022-05-25,Comm,53.497727272727275,11
2022-05-26,Comm,54.17181818181818,11
2022-05-27,Comm,59.73555555555556,9
2022-05-31,Comm,54.6795,10
2022-06-01,Comm,45.462,5
2022-06-02,Comm,53.85,8
2022-06-03,Comm,55.7823076923077,13
2022-06-06,Comm,54.798125,8
2022-06-07,Comm,63.895833333333336,6
2022-06-08,Comm,56.702777777777776,9
2022-06-09,Comm,54.30428571428571,14
2022-06-10,Comm,48.991,10
2022-06-13,Comm,53.64399999999999,10
2022-06-14,Comm,55.983181818181826,11
2022-06-15,Comm,51.875,10
2022-06-16,Comm,51.552307692307686,13
2022-06-17,Comm,51.239999999999995,9
2022-06-21,Comm,53.81,12
2022-06-22,Comm,53.268750000000004,8
2022-06-23,Comm,49.345,9
2022-06-24,Comm,47.171666666666674,6
2022-06-27,Comm,54.99636363636364,11
2022-06-28,Comm,58.741,5
2022-06-29,Comm,49.832857142857144,7
2022-06-30,Comm,54.30535714285714,14
2022-07-01,Comm,60.243125,8
2022-07-05,Comm,61.26500000000001,17
2022-07-06,Comm,47.710625,8
2022-07-07,Comm,50.385000000000005,1
2022-07-08,Comm,51.790625,8
2022-07-11,Comm,53.651315789473685,19
2022-07-12,Comm,60.181666666666665,9
2022-07-13,Comm,50.21714285714285,7
2022-07-14,Comm,48.310625,8
2022-07-15,Comm,41.11875,4
2022-07-18,Comm,52.63944444444444,18
2022-07-19,Comm,55.380624999999995,8
2022-07-20,Comm,49.2235,10
2022-07-21,Comm,57.333787878787874,33
2022-07-22,Comm,54.26052631578948,19
2022-07-25,Comm,47.69777777777777,18
2022-07-26,Comm,54.70375,4
2022-07-27,Comm,53.499310344827585,29
2022-07-28,Comm,53.266,15
2022-07-29,Comm,56.485,5
2022-08-01,Comm,52.77272727272727,22
2022-08-02,Comm,50.61035714285715,14
2022-08-03,Comm,57.06,12
2022-08-04,Comm,52.74545454545455,11
2022-08-05,Comm,55.46357142857143,7
2022-08-08,Comm,46.405625,16
2022-08-09,Comm,56.520833333333336,6
2022-08-10,Comm,54.18115384615385,13
2022-08-11,Comm,54.57666666666667,18
2022-08-12,Comm,51.86333333333334,6
2022-08-15,Comm,51.23194444444445,18
2022-08-16,Comm,50.81055555555556,9
2022-08-17,Comm,48.57833333333334,6
2022-08-18,Comm,50.225625,8
2022-08-19,Comm,52.85642857142857,7
2022-08-22,Comm,54.526818181818186,11
2022-08-23,Comm,51.040625000000006,8
2022-08-24,Comm,52.72833333333333,15
2022-08-25,Comm,45.70944444444444,9
2022-08-26,Comm,53.30977272727273,22
2022-08-29,Comm,51.6996875,16
2022-08-30,Comm,38.0925,2
2022-08-31,Comm,57.894705882352945,17
2022-09-01,Comm,51.833333333333336,6
2022-09-02,Comm,50.36666666666667,3
2022-09-06,Comm,57.00222222222222,9
2022-09-07,Comm,47.79192307692308,13
2022-09-08,Comm,56.205,19
2022-09-09,Comm,52.35850000000001,10
2022-09-12,Comm,52.525588235294116,17
2022-09-13,Comm,50.16090909090909,11
2022-09-14,Comm,56.0,11
2022-09-15,Comm,57.40785714285715,14
2022-09-16,Comm,54.64722222222222,9
2022-09-19,Comm,50.57275,20
2022-09-20,Comm,48.06285714285714,7
2022-09-21,Comm,54.754230769230766,13
2022-09-22,Comm,56.614999999999995,9
2022-09-23,Comm,53.349999999999994,13
2022-09-26,Comm,53.61357142857143,14
2022-09-27,Comm,57.23423076923078,13
2022-09-28,Comm,51.803666666666665,15
2022-09-29,Comm,49.33181818181818,11
2022-09-30,Comm,51.455000000000005,6
2022-10-03,Comm,56.395384615384614,13
2022-10-04,Comm,47.14666666666667,6
2022-10-05,Comm,56.315999999999995,5
2022-10-06,Comm,55.90681818181818,11
2022-10-07,Comm,55.63571428571429,7
2022-10-10,Comm,50.413,5
2022-10-11,Comm,55.835,10
2022-10-12,Comm,47.268125,8
2022-10-13,Comm,51.279375,8
2022-10-14,Comm,59.23375,4
2022-10-17,Comm,55.30650000000001,10
2022-10-18,Comm,57.31666666666667,15
2022-10-19,Comm,51.16846153846154,13
2022-10-20,Comm,52.99729166666666,24
2022-10-21,Comm,43.683846153846154,13
2022-10-24,Comm,58.222500000000004,14
2022-10-25,Comm,54.404999999999994,19
2022-10-26,Comm,50.33166666666667,6
2022-10-27,Comm,56.561,20
2022-10-28,Comm,55.468636363636364,11
2022-10-31,Comm,55.728125,8
2022-11-01,Comm,52.193461538461534,13
2022-11-02,Comm,46.104285714285716,7
2022-11-03,Comm,55.81642857142857,14
2022-11-04,Comm,51.55,8
2022-11-07,Comm,51.81911764705882,17
2022-11-08,Comm,57.63852941176471,17
2022-11-09,Comm,56.655833333333334,6
2022-11-10,Comm,50.355,6
2022-11-11,Comm,52.847857142857144,7
2022-11-14,Comm,55.040000000000006,17
2022-11-15,Comm,50.55285714285714,7
2022-11-16,Comm,58.85600000000001,5
2022-11-17,Comm,47.61357142857143,7
2022-11-18,Comm,50.0,2
2022-11-21,Comm,50.325714285714284,7
2022-11-22,Comm,68.34833333333334,3
2022-11-23,Comm,50.515,4
2022-11-25,Comm,58.71333333333333,6
2022-11-28,Comm,61.447500000000005,4
2022-11-29,Comm,58.80428571428571,7
2022-11-30,Comm,57.416250000000005,4
2022-12-01,Comm,53.22571428571428,7
2022-12-02,Comm,58.467,10
2022-12-05,Comm,49.714333333333336,15
2022-12-06,Comm,53.30650000000001,10
2022-12-07,Comm,55.340714285714284,7
2022-12-08,Comm,53.71363636363637,11
2022-12-09,Comm,53.395,9
2022-12-12,Comm,50.6225,6
2022-12-13,Comm,55.05714285714286,7
2022-12-14,Comm,55.480625,8
2022-12-15,Comm,50.529583333333335,12
2022-12-16,Comm,44.96409090909091,11
2022-12-19,Comm,54.96227272727273,11
2022-12-20,Comm,63.8125,4
2022-12-21,Comm,48.754375,8
2022-12-22,Comm,47.52111111111111,9
2022-12-23,Comm,56.265,4
2022-12-27,Comm,59.95181818181818,11
2022-12-28,Comm,55.545500000000004,10
2022-12-29,Comm,50.82,4
2022-12-30,Comm,53.351875,8
2023-01-03,Comm,52.7528125,16
2023-01-04,Comm,56.557500000000005,6
2023-01-05,Comm,58.91375,8
2023-01-06,Comm,58.46666666666667,9
2023-01-09,Comm,56.48166666666667,9
2023-01-10,Comm,57.493571428571435,7
2023-01-11,Comm,58.50125,8
2023-01-12,Comm,55.61214285714285,14
2023-01-13,Comm,54.4125,2
2023-01-17,Comm,59.559615384615384,13
2023-01-18,Comm,50.796666666666674,3
2023-01-19,Comm,55.46181818181819,11
2023-01-20,Comm,51.95136363636363,11
2023-01-23,Comm,53.5865,10
2023-01-24,Comm,52.28666666666666,9
2023-01-25,Comm,44.644999999999996,27
2023-01-26,Comm,61.711,20
2023-01-27,Comm,55.50846153846154,13
2023-01-30,Comm,54.0,7
2023-01-31,Comm,47.448750000000004,16
2023-02-01,Comm,47.98875,24
2023-02-02,Comm,50.966,15
2023-02-03,Comm,57.775,6
2023-02-06,Comm,49.9465,20
2023-02-07,Comm,58.058461538461536,13
2023-02-08,Comm,52.386,5
2023-02-09,Comm,55.375,6
2023-02-10,Comm,51.605,5
2023-02-13,Comm,54.01722222222222,9
2023-02-14,Comm,45.86625,4
2023-02-15,Comm,62.565000000000005,9
2023-02-16,Comm,49.10928571428571,7
2023-02-17,Comm,63.96875,4
2023-02-21,Comm,54.34375,20
2023-02-22,Comm,55.65277777777778,9
2023-02-23,Comm,52.70444444444445,9
2023-02-24,Comm,45.708571428571425,7
2023-02-27,Comm,50.43666666666666,9
2023-02-28,Comm,53.48749999999999,6
2023-03-01,Comm,49.840357142857144,14
2023-03-02,Comm,58.50538461538462,13
2023-03-03,Comm,31.97,2
2023-03-06,Comm,55.72714285714286,7
2023-03-07,Comm,60.924,5
2023-03-08,Comm,43.47,3
2023-03-09,Comm,48.795,8
2023-03-10,Comm,52.800625,8
2023-03-13,Comm,52.1515,10
2023-03-14,Comm,50.19333333333333,3
2023-03-15,Comm,56.66277777777778,9
2023-03-16,Comm,56.99035714285714,14
2023-03-17,Comm,50.82125,4
2023-03-20,Comm,54.86954545454545,11
2023-03-21,Comm,54.79346153846154,13
2023-03-22,Comm,56.550000000000004,6
2023-03-23,Comm,60.925000000000004,9
2023-03-24,Comm,59.30499999999999,2
2023-03-27,Comm,54.75307692307692,13
2023-03-28,Comm,55.434999999999995,7
2023-03-29,Comm,54.26571428571429,7
2023-03-30,Comm,59.32916666666667,6
2023-03-31,Comm,58.354444444444454,9
2023-04-03,Comm,55.11527777777778,18
2023-04-04,Comm,54.93375,12
2023-04-05,Comm,50.935625,8
2023-04-06,Comm,52.78458333333333,12
2023-04-10,Comm,51.7475,10
2023-04-11,Comm,48.37777777777777,9
2023-04-12,Comm,54.7173076923077,13
2023-04-13,Comm,52.76653846153847,13
2023-04-14,Comm,52.89357142857143,7
2023-04-17,Comm,53.82966666666666,15
2023-04-18,Comm,56.50653846153846,13
2023-04-19,Comm,52.475,12
2023-04-20,Comm,44.545,32
2023-04-21,Comm,54.073750000000004,20
2023-04-24,Comm,49.29,27
2023-04-25,Comm,51.856363636363646,11
2023-04-26,Comm,52.72447368421052,19
2023-04-27,Comm,55.138823529411766,34
2023-04-28,Comm,55.83027777777778,18
2023-05-01,Comm,47.037058823529414,17
2023-05-02,Comm,51.9575,18
2023-05-03,Comm,53.695,7
2023-05-04,Comm,50.26444444444444,9
2023-05-05,Comm,58.36875,4
2023-05-08,Comm,51.87866666666666,15
2023-05-09,Comm,51.43464285714286,14
2023-05-10,Comm,53.65555555555555,18
2023-05-11,Comm,55.794642857142854,14
2023-05-12,Comm,54.2,8
2023-05-15,Comm,53.32441176470588,17
2023-05-16,Comm,48.27647058823529,17
2023-05-17,Comm,54.10766666666667,15
2023-05-18,Comm,51.86016666666667,30
2023-05-19,Comm,52.80875,12
2023-05-22,Comm,50.28026315789474,19
2023-05-23,Comm,52.85166666666667,9
2023-05-24,Comm,53.12285714285714,7
2023-05-25,Comm,54.085,5
2023-05-26,Comm,56.374,10
2023-05-30,Comm,48.451499999999996,10
2023-05-31,Comm,48.365,9
2023-06-01,Comm,52.3125,10
2023-06-02,Comm,50.62517857142858,28
2023-06-05,Comm,55.93333333333333,15
2023-06-06,Comm,51.998333333333335,9
2023-06-07,Comm,61.83454545454545,11
2023-06-08,Comm,50.23222222222222,9
2023-06-09,Comm,56.574999999999996,12
2023-06-12,Comm,52.55944444444444,9
2023-06-13,Comm,49.657916666666665,12
2023-06-14,Comm,55.118125,8
2023-06-15,Comm,51.430499999999995,10
2023-06-16,Comm,53.38066666666667,15
2023-06-20,Comm,58.423333333333325,21
2023-06-21,Comm,50.721999999999994,5
2023-06-22,Comm,54.410000000000004,8
2023-06-23,Comm,57.19499999999999,5
2023-06-26,Comm,49.90978260869565,23
2023-06-27,Comm,55.6345,10
2023-06-28,Comm,51.903636363636366,11
2023-06-29,Comm,54.02791666666667,12
2023-06-30,Comm,50.46928571428571,7
2023-07-03,Comm,53.84535714285715,14
2023-07-05,Comm,54.75461538461539,13
2023-07-06,Comm,52.62291666666666,12
2023-07-07,Comm,49.28590909090909,11
2023-07-10,Comm,54.0865,10
2023-07-11,Comm,50.336666666666666,12
2023-07-12,Comm,58.826875,24
2023-07-13,Comm,48.80357142857143,14
2023-07-14,Comm,58.28477272727273,22
2023-07-17,Comm,51.20346153846154,39
2023-07-18,Comm,53.44,24
2023-07-19,Comm,59.43,25
2023-07-20,Comm,51.333333333333336,21
2023-07-21,Comm,53.72764705882353,17
2023-07-24,Comm,56.577068965517235,29
2023-07-25,Comm,51.598055555555554,18
2023-07-26,Comm,55.97370967741935,31
2023-07-27,Comm,57.740138888888886,36
2023-07-28,Comm,58.4825,14
2023-07-31,Comm,51.95425925925925,27
2023-08-01,Comm,54.37738095238095,21
2023-08-02,Comm,49.37474999999999,20
2023-08-03,Comm,49.95882352941176,17
2023-08-04,Comm,52.964615384615385,13
2023-08-07,Comm,55.24035714285714,14
2023-08-08,Comm,54.90318181818182,11
2023-08-09,Comm,52.718125,16
2023-08-10,Comm,48.43055555555556,9
2023-08-11,Comm,56.218636363636364,11
2023-08-14,Comm,52.5985,10
2023-08-15,Comm,51.959583333333335,12
2023-08-16,Comm,52.77666666666667,9
2023-08-17,Comm,50.94318181818182,11
2023-08-18,Comm,55.9165,10
2023-08-21,Comm,50.39805555555555,18
2023-08-22,Comm,52.83444444444444,9
2023-08-23,Comm,53.1621052631579,19
2023-08-24,Comm,52.17866666666667,15
2023-08-25,Comm,51.655833333333334,12
2023-08-28,Comm,55.31583333333333,12
2023-08-29,Comm,60.54394736842105,19
2023-08-30,Comm,54.994499999999995,10
2023-08-31,Comm,52.61972222222222,18
2023-09-01,Comm,51.129444444444445,9
2023-09-05,Comm,62.13454545454545,11
2023-09-06,Comm,56.99791666666667,12
2023-09-07,Comm,51.90346153846154,13
2023-09-08,Comm,56.01384615384616,13
2023-09-11,Comm,52.65923076923077,13
2023-09-12,Comm,52.58541666666667,12
2023-09-13,Comm,51.435833333333335,12
2023-09-14,Comm,57.73545454545455,11
2023-09-15,Comm,50.83214285714286,7
2023-09-18,Comm,51.818461538461534,13
2023-09-19,Comm,57.035000000000004,5
2023-09-20,Comm,54.90625,4
2023-09-21,Comm,52.393750000000004,12
2023-09-22,Comm,50.50272727272727,11
2023-09-25,Comm,52.989333333333335,15
2023-09-26,Comm,54.18692307692308,13
2023-09-27,Comm,54.058749999999996,4
2023-09-28,Comm,55.165,15
2023-09-29,Comm,59.8495,10
2023-10-02,Comm,56.51499999999999,12
2023-10-03,Comm,50.644999999999996,4
2023-10-04,Comm,55.16863636363637,11
2023-10-05,Comm,55.98142857142857,7
2023-10-06,Comm,51.14821428571429,14
2023-10-09,Comm,59.305277777777775,18
2023-10-10,Comm,58.04222222222222,9
2023-10-11,Comm,49.644,5
2023-10-12,Comm,49.098076923076924,13
2023-10-13,Comm,50.33681818181819,11
2023-10-16,Comm,54.70090909090909,11
2023-10-17,Comm,45.6075,4
2023-10-18,Comm,50.236538461538466,13
2023-10-19,Comm,56.69703125,32
2023-10-20,Comm,47.90925,20
2023-10-23,Comm,50.292352941176475,17
2023-10-24,Comm,52.816,15
2023-10-25,Comm,56.80685185185185,27
2023-10-26,Comm,51.98403846153846,26
2023-10-27,Comm,51.40958333333333,12
2023-10-30,Comm,53.389230769230764,13
2023-10-31,Comm,54.79636363636364,11
2023-11-01,Comm,52.464642857142856,14
2023-11-02,Comm,51.31583333333334,18
2023-11-03,Comm,52.714444444444446,9
2023-11-06,Comm,51.35794117647058,17
2023-11-07,Comm,55.29,10
2023-11-08,Comm,52.02285714285714,21
2023-11-09,Comm,56.928823529411765,17
2023-11-10,Comm,52.925,8
2023-11-13,Comm,53.3855,10
2023-11-14,Comm,50.646,5
2023-11-15,Comm,53.448333333333345,6
2023-11-16,Comm,48.18333333333334,6
2023-11-17,Comm,50.473333333333336,3
2023-11-20,Comm,56.75666666666666,12
2023-11-21,Comm,58.00125,8
2023-11-22,Comm,57.306363636363635,11
2023-11-24,Comm,56.52235294117647,17
2023-11-27,Comm,49.78346153846154,13
2023-11-28,Comm,59.443749999999994,8
2023-11-29,Comm,50.276923076923076,13
2023-11-30,Comm,58.57423076923077,13
2023-12-01,Comm,53.8675,8
2023-12-04,Comm,49.98673913043478,23
2023-12-05,Comm,49.34545454545455,33
2023-12-06,Comm,51.87,16
2023-12-07,Comm,57.043749999999996,12
2023-12-08,Comm,53.449999999999996,14
2023-12-11,Comm,51.617105263157896,19
2023-12-12,Comm,55.517250000000004,20
2023-12-13,Comm,55.33269230769231,13
2023-12-14,Comm,56.48777777777778,9
2023-12-15,Comm,50.86357142857143,7
2023-12-18,Comm,58.61181818181819,22
2020-01-02,Consumer,47.150454545454544,22
2020-01-03,Consumer,43.8405,10
2020-01-06,Consumer,51.86829545454545,44
2020-01-07,Consumer,54.95795454545455,22
2020-01-08,Consumer,53.8603125,16
2020-01-09,Consumer,56.9574,25
2020-01-10,Consumer,52.507666666666665,15
2020-01-13,Consumer,49.928620689655176,29
2020-01-14,Consumer,51.30947368421052,19
2020-01-15,Consumer,51.65240740740741,27
2020-01-16,Consumer,50.1771052631579,19
2020-01-17,Consumer,54.86326086956522,23
2020-01-21,Consumer,54.70294117647059,51
2020-01-22,Consumer,55.6378125,32
2020-01-23,Consumer,55.89363636363637,22
2020-01-24,Consumer,53.10847826086956,23
2020-01-27,Consumer,52.24238095238095,42
2020-01-28,Consumer,55.27540540540541,37
2020-01-29,Consumer,48.111,35
2020-01-30,Consumer,52.414625,40
2020-01-31,Consumer,52.006800000000005,25
2020-02-03,Consumer,53.07782051282051,39
2020-02-04,Consumer,55.128942307692306,52
2020-02-05,Consumer,49.226627906976745,43
2020-02-06,Consumer,55.65020833333333,24
2020-02-07,Consumer,54.86857142857143,21
2020-02-10,Consumer,48.71054054054054,37
2020-02-11,Consumer,51.02892857142857,28
2020-02-12,Consumer,52.394999999999996,26
2020-02-13,Consumer,50.59891891891892,37
2020-02-14,Consumer,49.6704347826087,23
2020-02-18,Consumer,52.38824074074074,54
2020-02-19,Consumer,57.95275,20
2020-02-20,Consumer,47.55305555555555,18
2020-02-21,Consumer,48.687045454545455,22
2020-02-24,Consumer,50.21482142857143,28
2020-02-25,Consumer,53.41206896551724,29
2020-02-26,Consumer,50.438163265306116,49
2020-02-27,Consumer,50.406333333333336,30
2020-02-28,Consumer,42.61692307692307,26
2020-03-02,Consumer,52.41375000000001,40
2020-03-03,Consumer,48.54481481481481,27
2020-03-04,Consumer,50.61833333333333,24
2020-03-05,Consumer,48.21333333333333,27
2020-03-06,Consumer,48.855576923076924,26
2020-03-09,Consumer,50.24903225806452,31
2020-03-10,Consumer,49.965576923076924,26
2020-03-11,Consumer,50.26260869565217,23
2020-03-12,Consumer,49.72712765957447,47
2020-03-13,Consumer,47.848225806451616,31
2020-03-16,Consumer,48.03805555555555,54
2020-03-17,Consumer,52.03638888888889,36
2020-03-18,Consumer,48.543285714285716,35
2020-03-19,Consumer,49.790735294117646,34
2020-03-20,Consumer,52.93157407407407,54
2020-03-23,Consumer,51.257656250000004,64
2020-03-24,Consumer,55.54674418604652,43
2020-03-25,Consumer,57.17012195121951,41
2020-03-26,Consumer,58.05727272727273,33
2020-03-27,Consumer,52.93181818181818,33
2020-03-30,Consumer,52.33942857142858,35
2020-03-31,Consumer,50.50416666666666,12
2020-04-01,Consumer,48.9245,30
2020-04-02,Consumer,49.833,35
2020-04-03,Consumer,50.761875,32
2020-04-06,Consumer,54.72940677966101,59
2020-04-07,Consumer,53.948484848484846,33
2020-04-08,Consumer,51.0537962962963,54
2020-04-09,Consumer,56.06339285714286,84
2020-04-13,Consumer,49.636538461538464,78
2020-04-14,Consumer,59.253103448275866,29
2020-04-15,Consumer,49.68014285714286,35
2020-04-16,Consumer,56.416875000000005,40
2020-04-17,Consumer,54.03857142857142,28
2020-04-20,Consumer,50.4425,56
2020-04-21,Consumer,47.18492857142857,70
2020-04-22,Consumer,54.785,36
2020-04-23,Consumer,49.095,46
2020-04-24,Consumer,51.13275862068965,29
2020-04-27,Consumer,53.61600000000001,50
2020-04-28,Consumer,53.9048275862069,58
2020-04-29,Consumer,53.312416666666664,60
2020-04-30,Consumer,51.99848484848485,33
2020-05-01,Consumer,53.83307692307693,39
2020-05-04,Consumer,49.916984126984126,63
2020-05-05,Consumer,56.44,49
2020-05-06,Consumer,52.67686274509804,51
2020-05-07,Consumer,53.995294117647056,34
2020-05-08,Consumer,54.065000000000005,54
2020-05-11,Consumer,53.15216981132075,53
2020-05-12,Consumer,52.123243243243245,37
2020-05-13,Consumer,54.51878378378378,37
2020-05-14,Consumer,52.7375641025641,39
2020-05-15,Consumer,51.25141304347826,46
2020-05-18,Consumer,51.9796,50
2020-05-19,Consumer,52.894659090909094,44
2020-05-20,Consumer,51.71121212121212,33
2020-05-21,Consumer,53.61536585365854,41
2020-05-22,Consumer,47.69833333333334,18
2020-05-26,Consumer,56.028777777777776,45
2020-05-27,Consumer,54.226486486486486,37
2020-05-28,Consumer,52.656060606060606,33
2020-05-29,Consumer,52.843333333333334,18
2020-06-01,Consumer,51.54617021276596,47
2020-06-02,Consumer,43.59025,20
2020-06-03,Consumer,52.27151515151515,33
2020-06-04,Consumer,54.21590909090909,11
2020-06-05,Consumer,48.214999999999996,7
2020-06-08,Consumer,52.72608695652174,23
2020-06-09,Consumer,56.653333333333336,24
2020-06-10,Consumer,51.41844444444444,45
2020-06-11,Consumer,50.8559756097561,41
2020-06-12,Consumer,51.20980769230769,26
2020-06-15,Consumer,50.12378787878788,33
2020-06-16,Consumer,50.95333333333334,12
2020-06-17,Consumer,56.22825,20
2020-06-18,Consumer,55.44103448275862,29
2020-06-19,Consumer,48.37047619047619,21
2020-06-22,Consumer,52.00163265306122,49
2020-06-23,Consumer,59.050625000000004,40
2020-06-24,Consumer,50.03,25
2020-06-25,Consumer,51.98681818181819,44
2020-06-26,Consumer,49.12770833333334,24
2020-06-29,Consumer,51.39228260869565,46
2020-06-30,Consumer,55.519999999999996,29
2020-07-01,Consumer,54.19948275862069,29
2020-07-02,Consumer,53.17304347826087,23
2020-07-06,Consumer,51.36204545454545,44
2020-07-07,Consumer,54.96282608695652,23
2020-07-08,Consumer,54.771590909090904,22
2020-07-09,Consumer,53.00583333333333,24
2020-07-10,Consumer,49.123000000000005,15
2020-07-13,Consumer,52.98793103448276,29
2020-07-14,Consumer,53.54782608695652,23
2020-07-15,Consumer,53.50344827586208,29
2020-07-16,Consumer,52.866800000000005,25
2020-07-17,Consumer,53.23499999999999,19
2020-07-20,Consumer,53.59951612903226,31
2020-07-21,Consumer,60.0508695652174,46
2020-07-22,Consumer,54.3385294117647,17
2020-07-23,Consumer,53.0953125,32
2020-07-24,Consumer,48.265789473684215,19
2020-07-27,Consumer,51.12785714285714,21
2020-07-28,Consumer,54.85976190476191,21
2020-07-29,Consumer,52.90807692307692,39
2020-07-30,Consumer,52.95104166666667,24
2020-07-31,Consumer,53.34342105263158,19
2020-08-03,Consumer,51.55305555555556,36
2020-08-04,Consumer,54.666250000000005,40
2020-08-05,Consumer,54.4673076923077,52
2020-08-06,Consumer,50.32794117647059,17
2020-08-07,Consumer,57.31766666666667,15
2020-08-10,Consumer,55.66166666666666,24
2020-08-11,Consumer,51.30159090909091,22
2020-08-12,Consumer,55.1775,14
2020-08-13,Consumer,53.715624999999996,16
2020-08-14,Consumer,47.992916666666666,12
2020-08-17,Consumer,52.763369565217396,46
2020-08-18,Consumer,59.689204545454544,44
2020-08-19,Consumer,56.375,32
2020-08-20,Consumer,53.93000000000001,19
2020-08-21,Consumer,57.32642857142857,21
2020-08-24,Consumer,53.589444444444446,18
2020-08-25,Consumer,55.10133333333333,15
2020-08-26,Consumer,49.35133333333333,15
2020-08-27,Consumer,52.51925925925926,27
2020-08-28,Consumer,55.52760869565218,23
2020-08-31,Consumer,52.848518518518524,27
2020-09-01,Consumer,54.596896551724136,29
2020-09-02,Consumer,55.95235294117647,17
2020-09-03,Consumer,54.440250000000006,20
2020-09-04,Consumer,51.4925,16
2020-09-08,Consumer,50.23634146341463,41
2020-09-09,Consumer,54.52590909090909,22
2020-09-10,Consumer,55.55466666666666,15
2020-09-11,Consumer,53.042500000000004,14
2020-09-14,Consumer,51.868484848484854,33
2020-09-15,Consumer,56.913333333333334,18
2020-09-16,Consumer,51.83,11
2020-09-17,Consumer,58.11020833333333,24
2020-09-18,Consumer,52.182500000000005,26
2020-09-21,Consumer,51.42357142857143,35
2020-09-22,Consumer,54.07,30
2020-09-23,Consumer,52.57421875,32
2020-09-24,Consumer,58.66342105263158,19
2020-09-25,Consumer,50.07892857142857,14
2020-09-28,Consumer,53.33235294117647,34
2020-09-29,Consumer,57.049166666666665,30
2020-09-30,Consumer,52.87,27
2020-10-01,Consumer,50.610625,16
2020-10-02,Consumer,54.138888888888886,18
2020-10-05,Consumer,52.411458333333336,24
2020-10-06,Consumer,54.721111111111114,18
2020-10-07,Consumer,54.32058823529412,17
2020-10-08,Consumer,55.53071428571428,21
2020-10-09,Consumer,54.271,15
2020-10-12,Consumer,55.639848484848486,33
2020-10-13,Consumer,52.79467741935484,31
2020-10-14,Consumer,54.74138888888889,18
2020-10-15,Consumer,50.22225,20
2020-10-16,Consumer,58.46857142857142,14
2020-10-19,Consumer,55.89239130434782,23
2020-10-20,Consumer,57.56272727272728,11
2020-10-21,Consumer,56.639736842105265,19
2020-10-22,Consumer,57.651666666666664,42
2020-10-23,Consumer,55.333333333333336,15
2020-10-26,Consumer,52.33722222222222,27
2020-10-27,Consumer,55.552,15
2020-10-28,Consumer,49.09357142857142,14
2020-10-29,Consumer,51.647380952380956,21
2020-10-30,Consumer,55.9804347826087,23
2020-11-02,Consumer,50.050625,24
2020-11-03,Consumer,54.0141304347826,23
2020-11-04,Consumer,53.15576923076923,13
2020-11-05,Consumer,48.18,16
2020-11-06,Consumer,54.217954545454546,22
2020-11-09,Consumer,53.72022727272727,22
2020-11-10,Consumer,55.611176470588234,17
2020-11-11,Consumer,55.06321428571429,14
2020-11-12,Consumer,49.277674418604654,43
2020-11-13,Consumer,55.53677419354839,31
2020-11-16,Consumer,53.498295454545456,44
2020-11-17,Consumer,59.115,30
2020-11-18,Consumer,55.6128947368421,19
2020-11-19,Consumer,46.626875,16
2020-11-20,Consumer,52.42807692307693,26
2020-11-23,Consumer,55.77648648648649,37
2020-11-24,Consumer,53.102,15
2020-11-25,Consumer,58.086333333333336,15
2020-11-27,Consumer,58.04,32
2020-11-30,Consumer,54.3903125,16
2020-12-01,Consumer,52.278125,8
2020-12-02,Consumer,52.158461538461545,26
2020-12-03,Consumer,55.95365384615385,26
2020-12-04,Consumer,54.1845,10
2020-12-07,Consumer,53.1274358974359,39
2020-12-08,Consumer,53.157272727272726,22
2020-12-09,Consumer,50.46928571428572,21
2020-12-10,Consumer,53.26913043478261,23
2020-12-11,Consumer,48.4196551724138,29
2020-12-14,Consumer,52.977,35
2020-12-15,Consumer,53.840999999999994,20
2020-12-16,Consumer,53.353529411764704,17
2020-12-17,Consumer,55.00375,16
2020-12-18,Consumer,54.74326923076923,26
2020-12-21,Consumer,52.874583333333334,60
2020-12-22,Consumer,52.51625,16
2020-12-23,Consumer,56.558181818181815,22
2020-12-24,Consumer,55.863571428571426,21
2020-12-28,Consumer,54.80538461538462,26
2020-12-29,Consumer,57.03977272727273,22
2020-12-30,Consumer,59.347500000000004,10
2020-12-31,Consumer,57.34571428571429,21
2021-01-04,Consumer,51.9175925925926,27
2021-01-05,Consumer,52.351111111111116,18
2021-01-06,Consumer,55.2084375,16
2021-01-07,Consumer,52.89973684210526,19
2021-01-08,Consumer,59.19433333333334,15
2021-01-11,Consumer,56.92366666666667,15
2021-01-12,Consumer,53.49175,20
2021-01-13,Consumer,47.07033333333334,15
2021-01-14,Consumer,52.19205882352941,17
2021-01-15,Consumer,50.58833333333333,21
2021-01-19,Consumer,51.853189655172415,58
2021-01-20,Consumer,48.010588235294115,17
2021-01-21,Consumer,52.66088235294118,17
2021-01-22,Consumer,53.695263157894736,19
2021-01-25,Consumer,52.584799999999994,25
2021-01-26,Consumer,51.16384615384615,26
2021-01-27,Consumer,45.437954545454545,22
2021-01-28,Consumer,54.55586956521739,23
2021-01-29,Consumer,54.98735294117647,17
2021-02-01,Consumer,51.515,20
2021-02-02,Consumer,52.08107142857143,14
2021-02-03,Consumer,53.12052631578947,19
2021-02-04,Consumer,53.7609375,16
2021-02-05,Consumer,48.19857142857143,14
2021-02-08,Consumer,57.24381578947368,38
2021-02-09,Consumer,50.27710526315789,19
2021-02-10,Consumer,58.139347826086954,23
2021-02-11,Consumer,57.300666666666665,30
2021-02-12,Consumer,52.25692307692308,26
2021-02-16,Consumer,53.83871794871795,39
2021-02-17,Consumer,52.85805555555556,18
2021-02-18,Consumer,51.16564516129032,31
2021-02-19,Consumer,55.675,10
2021-02-22,Consumer,55.021,20
2021-02-23,Consumer,55.17357142857143,14
2021-02-24,Consumer,50.53954545454546,11
2021-02-25,Consumer,52.089000000000006,25
2021-02-26,Consumer,54.61472222222223,18
2021-03-01,Consumer,54.99058823529412,17
2021-03-02,Consumer,55.4,10
2021-03-03,Consumer,51.1892,25
2021-03-04,Consumer,48.15386363636364,22
2021-03-05,Consumer,57.39735294117647,17
2021-03-08,Consumer,55.64239130434783,23
2021-03-09,Consumer,52.39630434782609,23
2021-03-10,Consumer,52.92100000000001,25
2021-03-11,Consumer,56.80413043478261,23
2021-03-12,Consumer,55.22833333333333,18
2021-03-15,Consumer,53.969142857142856,35
2021-03-16,Consumer,54.6975,22
2021-03-17,Consumer,56.36941176470588,17
2021-03-18,Consumer,54.60675,20
2021-03-19,Consumer,53.621,25
2021-03-22,Consumer,55.76323529411765,17
2021-03-23,Consumer,54.783,10
2021-03-24,Consumer,52.73791666666667,24
2021-03-25,Consumer,50.90453125,32
2021-03-26,Consumer,51.27173076923077,26
2021-03-29,Consumer,51.13338709677419,31
2021-03-30,Consumer,53.789,15
2021-03-31,Consumer,57.50923076923077,13
2021-04-01,Consumer,52.501666666666665,15
2021-04-05,Consumer,57.76203703703704,27
2021-04-06,Consumer,52.60913043478261,23
2021-04-07,Consumer,51.06,12
2021-04-08,Consumer,60.40204545454546,22
2021-04-09,Consumer,54.879642857142855,14
2021-04-12,Consumer,58.68181818181818,22
2021-04-13,Consumer,53.9728125,16
2021-04-14,Consumer,52.62571428571429,21
2021-04-15,Consumer,46.74794117647059,17
2021-04-16,Consumer,58.14,20
2021-04-19,Consumer,55.9455,40
2021-04-20,Consumer,52.792884615384615,26
2021-04-21,Consumer,54.53681818181818,11
2021-04-22,Consumer,56.155,15
2021-04-23,Consumer,51.48045454545454,22
2021-04-26,Consumer,55.84854838709678,31
2021-04-27,Consumer,51.94409090909091,22
2021-04-28,Consumer,54.47333333333333,18
2021-04-29,Consumer,54.42807692307693,13
2021-04-30,Consumer,52.84673913043479,23
2021-05-03,Consumer,54.72578947368421,19
2021-05-04,Consumer,55.698055555555555,18
2021-05-05,Consumer,51.56527777777777,18
2021-05-06,Consumer,52.8995,20
2021-05-07,Consumer,47.76444444444444,9
2021-05-10,Consumer,51.1715625,16
2021-05-11,Consumer,53.211764705882345,17
2021-05-12,Consumer,50.04136363636363,11
2021-05-13,Consumer,62.690625,16
2021-05-14,Consumer,50.184444444444445,36
2021-05-17,Consumer,50.262307692307694,39
2021-05-18,Consumer,51.75307692307692,39
2021-05-19,Consumer,46.97173913043478,23
2021-05-20,Consumer,54.89704545454546,22
2021-05-21,Consumer,53.107,15
2021-05-24,Consumer,54.061718750000004,32
2021-05-25,Consumer,53.587999999999994,15
2021-05-26,Consumer,54.53952380952381,21
2021-05-27,Consumer,54.217,20
2021-05-28,Consumer,55.92454545454546,11
2021-06-01,Consumer,55.63777777777778,27
2021-06-02,Consumer,51.843333333333334,15
2021-06-03,Consumer,54.98666666666667,12
2021-06-04,Consumer,53.5475,18
2021-06-07,Consumer,50.762499999999996,24
2021-06-08,Consumer,51.35264705882353,17
2021-06-09,Consumer,48.291111111111114,9
2021-06-10,Consumer,51.8325,20
2021-06-11,Consumer,52.195,13
2021-06-14,Consumer,52.828809523809525,21
2021-06-15,Consumer,53.73541666666667,12
2021-06-16,Consumer,56.058749999999996,20
2021-06-17,Consumer,47.0185,10
2021-06-18,Consumer,60.666333333333334,15
2021-06-21,Consumer,50.561571428571426,35
2021-06-22,Consumer,53.99884615384615,13
2021-06-23,Consumer,53.928250000000006,20
2021-06-24,Consumer,55.39145833333333,24
2021-06-25,Consumer,58.78333333333333,33
2021-06-28,Consumer,54.22018518518518,27
2021-06-29,Consumer,49.57846153846154,13
2021-06-30,Consumer,50.55675,20
2021-07-01,Consumer,51.683076923076925,13
2021-07-02,Consumer,62.298333333333325,9
2021-07-06,Consumer,54.15368421052632,19
2021-07-07,Consumer,53.7771875,16
2021-07-08,Consumer,52.55714285714286,7
2021-07-09,Consumer,56.13857142857143,14
2021-07-12,Consumer,53.540263157894735,19
2021-07-13,Consumer,57.275277777777774,18
2021-07-14,Consumer,47.89785714285715,14
2021-07-15,Consumer,51.29428571428572,21
2021-07-16,Consumer,53.690666666666665,15
2021-07-19,Consumer,50.56890625,32
2021-07-20,Consumer,54.57666666666666,12
2021-07-21,Consumer,53.756136363636365,22
2021-07-22,Consumer,50.82222222222222,18
2021-07-23,Consumer,55.6476923076923,13
2021-07-26,Consumer,57.03809523809524,21
2021-07-27,Consumer,52.68904761904762,21
2021-07-28,Consumer,54.86642857142857,21
2021-07-29,Consumer,52.881800000000005,25
2021-07-30,Consumer,51.640789473684215,19
2021-08-02,Consumer,49.733823529411765,17
2021-08-03,Consumer,60.46088235294118,17
2021-08-04,Consumer,46.71107142857142,14
2021-08-05,Consumer,57.81153846153846,13
2021-08-06,Consumer,53.29708333333334,12
2021-08-09,Consumer,52.7454347826087,23
2021-08-10,Consumer,54.49269230769231,13
2021-08-11,Consumer,55.2885,10
2021-08-12,Consumer,56.81821428571429,28
2021-08-13,Consumer,55.829571428571434,35
2021-08-16,Consumer,51.32358974358974,39
2021-08-17,Consumer,50.839375,32
2021-08-18,Consumer,52.031176470588235,17
2021-08-19,Consumer,53.64818181818182,11
2021-08-20,Consumer,52.21115384615385,13
2021-08-23,Consumer,51.60166666666667,24
2021-08-24,Consumer,51.738846153846154,13
2021-08-25,Consumer,54.66795454545454,22
2021-08-26,Consumer,50.952894736842104,19
2021-08-27,Consumer,53.606,15
2021-08-30,Consumer,56.32952380952381,21
2021-08-31,Consumer,50.05666666666667,21
2021-09-01,Consumer,56.1196875,16
2021-09-02,Consumer,55.49178571428571,14
2021-09-03,Consumer,53.27633333333333,15
2021-09-07,Consumer,54.005,26
2021-09-08,Consumer,54.066818181818185,22
2021-09-09,Consumer,51.62647058823529,17
2021-09-10,Consumer,53.88441176470589,17
2021-09-13,Consumer,53.53962962962963,27
2021-09-14,Consumer,55.88323529411765,17
2021-09-15,Consumer,53.8018,25
2021-09-16,Consumer,49.78033333333334,15
2021-09-17,Consumer,56.50035714285714,14
2021-09-20,Consumer,56.96939393939394,33
2021-09-21,Consumer,49.132600000000004,25
2021-09-22,Consumer,56.175333333333334,15
2021-09-23,Consumer,56.7284,25
2021-09-24,Consumer,46.156166666666664,30
2021-09-27,Consumer,56.01166666666666,33
2021-09-28,Consumer,57.205625000000005,16
2021-09-29,Consumer,58.86590909090909,11
2021-09-30,Consumer,50.94361111111111,18
2021-10-01,Consumer,58.70125,16
2021-10-04,Consumer,53.16875,28
2021-10-05,Consumer,49.85071428571428,14
2021-10-06,Consumer,55.57462962962963,27
2021-10-07,Consumer,52.43125,8
2021-10-08,Consumer,53.62115384615385,13
2021-10-11,Consumer,53.91740740740741,27
2021-10-12,Consumer,51.493,15
2021-10-13,Consumer,52.073846153846155,13
2021-10-14,Consumer,58.600625,16
2021-10-15,Consumer,57.37916666666667,6
2021-10-18,Consumer,50.9275,30
2021-10-19,Consumer,58.02379310344828,29
2021-10-20,Consumer,54.591875,8
2021-10-21,Consumer,49.06103448275862,29
2021-10-22,Consumer,52.033,15
2021-10-25,Consumer,57.43978260869565,23
2021-10-26,Consumer,53.47676470588235,17
2021-10-27,Consumer,53.6078125,16
2021-10-28,Consumer,51.40447368421052,19
2021-10-29,Consumer,52.830714285714286,28
2021-11-01,Consumer,53.98823529411764,17
2021-11-02,Consumer,51.61145833333333,24
2021-11-03,Consumer,53.46849999999999,20
2021-11-04,Consumer,55.154090909090904,11
2021-11-05,Consumer,60.24153846153846,13
2021-11-08,Consumer,54.303,20
2021-11-09,Consumer,54.49888888888889,9
2021-11-10,Consumer,52.03134615384616,26
2021-11-11,Consumer,55.55357142857143,35
2021-11-12,Consumer,49.15470588235294,17
2021-11-15,Consumer,53.33109375,32
2021-11-16,Consumer,57.93161764705882,34
2021-11-17,Consumer,51.70183333333333,30
2021-11-18,Consumer,58.964827586206894,29
2021-11-19,Consumer,52.66309523809524,21
2021-11-22,Consumer,57.818461538461534,26
2021-11-23,Consumer,50.66923076923077,13
2021-11-24,Consumer,52.39666666666667,9
2021-11-26,Consumer,57.26638888888889,18
2021-11-29,Consumer,50.36652173913044,23
2021-11-30,Consumer,51.563235294117646,17
2021-12-01,Consumer,45.97857142857143,21
2021-12-02,Consumer,54.41823529411765,17
2021-12-03,Consumer,51.2209375,16
2021-12-06,Consumer,51.745370370370374,27
2021-12-07,Consumer,51.705,14
2021-12-08,Consumer,57.073214285714286,14
2021-12-09,Consumer,53.7355,20
2021-12-10,Consumer,54.32875,8
2021-12-13,Consumer,54.00738095238095,21
2021-12-14,Consumer,53.575250000000004,20
2021-12-15,Consumer,59.23361111111111,18
2021-12-16,Consumer,54.447,10
2021-12-17,Consumer,53.06172413793103,29
2021-12-20,Consumer,55.2371052631579,38
2021-12-21,Consumer,58.313870967741934,31
2021-12-22,Consumer,48.14035714285715,14
2021-12-23,Consumer,53.4178125,16
2021-12-27,Consumer,56.64666666666667,24
2021-12-28,Consumer,50.14611111111111,18
2021-12-29,Consumer,56.14933333333333,15
2021-12-30,Consumer,55.41157894736842,19
2021-12-31,Consumer,51.24208333333333,12
2022-01-03,Consumer,50.47340909090909,22
2022-01-04,Consumer,50.387142857142855,7
2022-01-05,Consumer,52.713863636363634,22
2022-01-06,Consumer,55.49794117647059,17
2022-01-07,Consumer,53.97555555555556,18
2022-01-10,Consumer,51.1104,25
2022-01-11,Consumer,55.687777777777775,9
2022-01-12,Consumer,52.056999999999995,20
2022-01-13,Consumer,55.45875,12
2022-01-14,Consumer,49.92604166666666,24
2022-01-18,Consumer,53.366410256410255,39
2022-01-19,Consumer,53.234166666666674,24
2022-01-20,Consumer,52.778333333333336,27
2022-01-21,Consumer,47.76296875,32
2022-01-24,Consumer,54.67916666666667,30
2022-01-25,Consumer,53.508500000000005,20
2022-01-26,Consumer,53.48403846153846,26
2022-01-27,Consumer,52.10888888888889,18
2022-01-28,Consumer,50.2045,10
2022-01-31,Consumer,55.773709677419355,31
2022-02-01,Consumer,49.06354838709677,31
2022-02-02,Consumer,49.208888888888886,18
2022-02-03,Consumer,51.02363636363636,11
2022-02-04,Consumer,54.44666666666667,15
2022-02-07,Consumer,51.31627906976744,43
2022-02-08,Consumer,56.72016129032258,31
2022-02-09,Consumer,53.95470588235294,34
2022-02-10,Consumer,53.22071428571429,49
2022-02-11,Consumer,51.55625,28
2022-02-14,Consumer,53.28530612244898,49
2022-02-15,Consumer,53.63931818181818,22
2022-02-16,Consumer,56.268750000000004,24
2022-02-17,Consumer,53.4,37
2022-02-18,Consumer,52.32642857142857,21
2022-02-22,Consumer,54.12230769230769,26
2022-02-23,Consumer,53.348636363636366,11
2022-02-24,Consumer,49.449999999999996,23
2022-02-25,Consumer,53.04714285714285,14
2022-02-28,Consumer,51.91838235294118,34
2022-03-01,Consumer,52.376590909090915,22
2022-03-02,Consumer,51.8025,22
2022-03-03,Consumer,55.707941176470584,17
2022-03-04,Consumer,53.67211538461538,26
2022-03-07,Consumer,56.46645833333333,24
2022-03-08,Consumer,53.487750000000005,20
2022-03-09,Consumer,48.8928125,32
2022-03-10,Consumer,50.39904761904762,21
2022-03-11,Consumer,49.60369565217391,23
2022-03-14,Consumer,52.84982142857143,28
2022-03-15,Consumer,56.761785714285715,28
2022-03-16,Consumer,50.419200000000004,25
2022-03-17,Consumer,53.56100000000001,25
2022-03-18,Consumer,51.14578947368421,19
2022-03-21,Consumer,55.565416666666664,36
2022-03-22,Consumer,64.9386,25
2022-03-23,Consumer,53.95233333333333,15
2022-03-24,Consumer,48.58047619047619,21
2022-03-25,Consumer,56.01499999999999,22
2022-03-28,Consumer,55.10662162162163,37
2022-03-29,Consumer,56.22479166666667,24
2022-03-30,Consumer,49.65958333333333,12
2022-03-31,Consumer,52.56903846153846,26
2022-04-01,Consumer,48.96847826086957,23
2022-04-04,Consumer,54.64435897435898,39
2022-04-05,Consumer,50.82,17
2022-04-06,Consumer,54.642,15
2022-04-07,Consumer,49.2946551724138,29
2022-04-08,Consumer,51.83676470588235,17
2022-04-11,Consumer,55.10348484848485,33
2022-04-12,Consumer,55.576153846153844,13
2022-04-13,Consumer,53.050000000000004,16
2022-04-14,Consumer,54.347857142857144,21
2022-04-18,Consumer,54.138,30
2022-04-19,Consumer,55.23,25
2022-04-20,Consumer,49.78017857142857,28
2022-04-21,Consumer,53.5518,25
2022-04-22,Consumer,53.19854166666667,24
2022-04-25,Consumer,51.33715517241379,58
2022-04-26,Consumer,54.36235294117647,17
2022-04-27,Consumer,53.65625,28
2022-04-28,Consumer,52.51653846153845,13
2022-04-29,Consumer,53.65359375,32
2022-05-02,Consumer,50.404399999999995,25
2022-05-03,Consumer,52.7008,25
2022-05-04,Consumer,53.15274193548387,31
2022-05-05,Consumer,51.781666666666666,21
2022-05-06,Consumer,52.432,30
2022-05-09,Consumer,53.61896551724138,29
2022-05-10,Consumer,54.79083333333333,24
2022-05-11,Consumer,48.58807692307692,26
2022-05-12,Consumer,46.7980303030303,33
2022-05-13,Consumer,51.214772727272724,22
2022-05-16,Consumer,51.259249999999994,60
2022-05-17,Consumer,53.42340425531915,47
2022-05-18,Consumer,45.91097560975609,41
2022-05-19,Consumer,50.111282051282046,39
2022-05-20,Consumer,49.02302325581396,43
2022-05-23,Consumer,52.772222222222226,45
2022-05-24,Consumer,52.83946428571428,28
2022-05-25,Consumer,51.96910714285714,28
2022-05-26,Consumer,49.87410714285714,28
2022-05-27,Consumer,55.79147058823529,17
2022-05-31,Consumer,52.25653846153846,26
2022-06-01,Consumer,51.738749999999996,28
2022-06-02,Consumer,51.494375,16
2022-06-03,Consumer,44.12571428571429,14
2022-06-06,Consumer,50.18152777777778,36
2022-06-07,Consumer,51.857499999999995,30
2022-06-08,Consumer,55.44833333333333,18
2022-06-09,Consumer,51.84891304347826,23
2022-06-10,Consumer,53.17625,24
2022-06-13,Consumer,52.62988095238095,42
2022-06-14,Consumer,49.661,20
2022-06-15,Consumer,49.80340909090909,22
2022-06-16,Consumer,54.74431818181818,22
2022-06-17,Consumer,57.05852941176471,17
2022-06-21,Consumer,50.147083333333335,48
2022-06-22,Consumer,52.06108695652174,23
2022-06-23,Consumer,49.72724137931034,29
2022-06-24,Consumer,54.50020833333334,24
2022-06-27,Consumer,53.28607843137255,51
2022-06-28,Consumer,52.7527027027027,37
2022-06-29,Consumer,48.811129032258066,31
2022-06-30,Consumer,54.19666666666667,30
2022-07-01,Consumer,53.745,18
2022-07-05,Consumer,51.818124999999995,40
2022-07-06,Consumer,50.23260869565217,23
2022-07-07,Consumer,49.81647058823529,17
2022-07-08,Consumer,51.7825,12
2022-07-11,Consumer,55.14592592592593,27
2022-07-12,Consumer,51.74193548387097,31
2022-07-13,Consumer,53.50736842105263,19
2022-07-14,Consumer,51.06,23
2022-07-15,Consumer,54.0275,24
2022-07-18,Consumer,53.84451612903226,31
2022-07-19,Consumer,52.263749999999995,24
2022-07-20,Consumer,52.25840909090909,22
2022-07-21,Consumer,51.429210526315785,19
2022-07-22,Consumer,54.249772727272735,22
2022-07-25,Consumer,51.55593023255815,43
2022-07-26,Consumer,40.77656626506024,83
2022-07-27,Consumer,54.97566666666667,30
2022-07-28,Consumer,53.59604166666667,24
2022-07-29,Consumer,55.395,18
2022-08-01,Consumer,52.57041666666666,36
2022-08-02,Consumer,49.133095238095244,21
2022-08-03,Consumer,56.01607142857143,28
2022-08-04,Consumer,54.25472222222223,18
2022-08-05,Consumer,56.984,10
2022-08-08,Consumer,52.98314285714286,35
2022-08-09,Consumer,55.957142857142856,21
2022-08-10,Consumer,55.21613636363636,22
2022-08-11,Consumer,50.91682926829269,41
2022-08-12,Consumer,53.50875,20
2022-08-15,Consumer,52.93975806451613,62
2022-08-16,Consumer,54.603545454545454,55
2022-08-17,Consumer,51.47035714285715,42
2022-08-18,Consumer,52.36708333333333,24
2022-08-19,Consumer,53.18741935483871,31
2022-08-22,Consumer,57.06879310344828,29
2022-08-23,Consumer,53.70705882352941,17
2022-08-24,Consumer,51.15236842105263,19
2022-08-25,Consumer,53.81038461538461,13
2022-08-26,Consumer,51.10375,16
2022-08-29,Consumer,52.272777777777776,27
2022-08-30,Consumer,56.449,20
2022-08-31,Consumer,49.53456521739131,23
2022-09-01,Consumer,54.780833333333334,18
2022-09-02,Consumer,46.08225,20
2022-09-06,Consumer,54.69228571428572,35
2022-09-07,Consumer,54.33548387096774,31
2022-09-08,Consumer,55.74194444444444,18
2022-09-09,Consumer,56.62722222222223,18
2022-09-12,Consumer,57.7187037037037,27
2022-09-13,Consumer,59.00315789473684,19
2022-09-14,Consumer,56.75265625,32
2022-09-15,Consumer,47.80166666666666,15
2022-09-16,Consumer,57.26,12
2022-09-19,Consumer,56.695454545454545,33
2022-09-20,Consumer,45.102631578947374,19
2022-09-21,Consumer,57.3434375,16
2022-09-22,Consumer,54.553000000000004,25
2022-09-23,Consumer,50.360789473684214,19
2022-09-26,Consumer,59.27981481481482,27
2022-09-27,Consumer,55.192499999999995,12
2022-09-28,Consumer,52.221666666666664,21
2022-09-29,Consumer,52.01125,36
2022-09-30,Consumer,50.237027027027025,37
2022-10-03,Consumer,55.83133333333333,30
2022-10-04,Consumer,47.031,15
2022-10-05,Consumer,54.16375,16
2022-10-06,Consumer,54.155,24
2022-10-07,Consumer,50.93404761904762,21
2022-10-10,Consumer,52.420344827586206,29
2022-10-11,Consumer,58.517222222222216,9
2022-10-12,Consumer,51.98350000000001,20
2022-10-13,Consumer,52.16416666666667,18
2022-10-14,Consumer,52.991052631578945,19
2022-10-17,Consumer,54.344166666666666,24
2022-10-18,Consumer,50.481578947368426,19
2022-10-19,Consumer,58.8871052631579,19
2022-10-20,Consumer,57.188250000000004,20
2022-10-21,Consumer,53.20033333333333,15
2022-10-24,Consumer,53.70553571428571,28
2022-10-25,Consumer,54.681363636363635,33
2022-10-26,Consumer,54.174166666666665,18
2022-10-27,Consumer,49.402750000000005,20
2022-10-28,Consumer,47.0275,18
2022-10-31,Consumer,54.675,30
2022-11-01,Consumer,58.046176470588236,17
2022-11-02,Consumer,59.905789473684216,19
2022-11-03,Consumer,56.353947368421046,19
2022-11-04,Consumer,53.28048387096774,31
2022-11-07,Consumer,54.641714285714286,35
2022-11-08,Consumer,54.02693548387097,31
2022-11-09,Consumer,48.800909090909094,33
2022-11-10,Consumer,49.19804347826087,23
2022-11-11,Consumer,55.50052631578947,19
2022-11-14,Consumer,50.94202702702703,37
2022-11-15,Consumer,55.06928571428571,49
2022-11-16,Consumer,52.98319444444444,36
2022-11-17,Consumer,58.421086956521734,23
2022-11-18,Consumer,47.506764705882354,17
2022-11-21,Consumer,55.384687500000005,48
2022-11-22,Consumer,52.29208333333333,24
2022-11-23,Consumer,53.28403846153846,26
2022-11-25,Consumer,55.394459459459455,37
2022-11-28,Consumer,52.82888888888889,27
2022-11-29,Consumer,53.28804347826087,23
2022-11-30,Consumer,58.84425,20
2022-12-01,Consumer,56.42194444444445,18
2022-12-02,Consumer,56.619375,24
2022-12-05,Consumer,54.4225641025641,39
2022-12-06,Consumer,50.81736842105263,19
2022-12-07,Consumer,55.31857142857143,14
2022-12-08,Consumer,54.23375,28
2022-12-09,Consumer,58.24666666666667,24
2022-12-12,Consumer,52.338249999999995,20
2022-12-13,Consumer,52.217083333333335,24
2022-12-14,Consumer,52.39,17
2022-12-15,Consumer,51.15868421052632,19
2022-12-16,Consumer,53.904047619047624,21
2022-12-19,Consumer,55.10655172413793,29
2022-12-20,Consumer,56.5859090909091,22
2022-12-21,Consumer,53.28271739130435,46
2022-12-22,Consumer,55.228043478260865,23
2022-12-23,Consumer,55.059230769230766,13
2022-12-27,Consumer,57.248000000000005,35
2022-12-28,Consumer,52.07875,8
2022-12-29,Consumer,55.32295454545454,22
2022-12-30,Consumer,56.8762,25
2023-01-03,Consumer,51.768235294117645,34
2023-01-04,Consumer,53.29416666666666,24
2023-01-05,Consumer,53.04,21
2023-01-06,Consumer,56.705499999999994,10
2023-01-09,Consumer,52.83519999999999,25
2023-01-10,Consumer,51.198076923076925,13
2023-01-11,Consumer,50.958333333333336,21
2023-01-12,Consumer,55.197678571428575,28
2023-01-13,Consumer,58.00058823529412,17
2023-01-17,Consumer,54.733333333333334,51
2023-01-18,Consumer,57.40222222222222,27
2023-01-19,Consumer,52.14895833333333,24
2023-01-20,Consumer,49.490833333333335,18
2023-01-23,Consumer,56.71741935483871,31
2023-01-24,Consumer,53.03166666666666,33
2023-01-25,Consumer,53.92666666666667,21
2023-01-26,Consumer,51.268157894736845,19
2023-01-27,Consumer,52.8871052631579,19
2023-01-30,Consumer,50.5795,30
2023-01-31,Consumer,53.51880952380952,21
2023-02-01,Consumer,54.71045454545455,22
2023-02-02,Consumer,54.99300000000001,20
2023-02-03,Consumer,52.71657894736842,19
2023-02-06,Consumer,49.20723684210526,38
2023-02-07,Consumer,62.24892857142857,14
2023-02-08,Consumer,57.8276923076923,39
2023-02-09,Consumer,58.50860465116279,43
2023-02-10,Consumer,54.44083333333333,18
2023-02-13,Consumer,53.46829268292682,41
2023-02-14,Consumer,54.30148648648649,37
2023-02-15,Consumer,53.161874999999995,16
2023-02-16,Consumer,50.63375,24
2023-02-17,Consumer,53.824642857142855,14
2023-02-21,Consumer,51.043186813186814,91
2023-02-22,Consumer,51.91068965517242,29
2023-02-23,Consumer,52.087380952380954,21
2023-02-24,Consumer,51.93357142857143,14
2023-02-27,Consumer,50.62482142857142,28
2023-02-28,Consumer,54.70461538461538,13
2023-03-01,Consumer,53.63392857142857,28
2023-03-02,Consumer,54.60788461538462,26
2023-03-03,Consumer,53.72777777777778,9
2023-03-06,Consumer,49.66285714285714,28
2023-03-07,Consumer,56.22071428571429,21
2023-03-08,Consumer,52.78818181818181,11
2023-03-09,Consumer,56.70904761904761,21
2023-03-10,Consumer,51.70238095238095,21
2023-03-13,Consumer,54.22646341463414,41
2023-03-14,Consumer,54.03736842105263,19
2023-03-15,Consumer,53.788,20
2023-03-16,Consumer,47.32233333333333,15
2023-03-17,Consumer,52.019999999999996,17
2023-03-20,Consumer,53.54596153846153,26
2023-03-21,Consumer,59.26285714285714,21
2023-03-22,Consumer,48.8555,30
2023-03-23,Consumer,54.024249999999995,20
2023-03-24,Consumer,52.99066666666667,15
2023-03-27,Consumer,57.167931034482756,29
2023-03-28,Consumer,57.85113636363636,22
2023-03-29,Consumer,54.91583333333333,24
2023-03-30,Consumer,53.11038461538462,26
2023-03-31,Consumer,53.24770833333333,24
2023-04-03,Consumer,55.80159574468085,47
2023-04-04,Consumer,52.982692307692304,13
2023-04-05,Consumer,51.93175,20
2023-04-06,Consumer,52.76538461538462,26
2023-04-10,Consumer,52.849428571428575,35
2023-04-11,Consumer,54.252500000000005,18
2023-04-12,Consumer,51.691250000000004,20
2023-04-13,Consumer,49.82065217391305,23
2023-04-14,Consumer,51.3384375,16
2023-04-17,Consumer,49.40512820512821,39
2023-04-18,Consumer,53.8297619047619,21
2023-04-19,Consumer,54.0,28
2023-04-20,Consumer,53.03568181818182,22
2023-04-21,Consumer,56.033181818181816,22
2023-04-24,Consumer,55.94945652173914,46
2023-04-25,Consumer,54.906166666666664,30
2023-04-26,Consumer,52.322105263157894,38
2023-04-27,Consumer,49.268,25
2023-04-28,Consumer,51.799107142857146,28
2023-05-01,Consumer,51.700294117647054,34
2023-05-02,Consumer,50.65423076923077,26
2023-05-03,Consumer,53.235,25
2023-05-04,Consumer,48.68687500000001,24
2023-05-05,Consumer,50.18714285714286,14
2023-05-08,Consumer,53.1208064516129,31
2023-05-09,Consumer,50.76307692307692,26
2023-05-10,Consumer,51.517799999999994,25
2023-05-11,Consumer,51.41263157894737,38
2023-05-12,Consumer,51.925666666666665,30
2023-05-15,Consumer,50.729375,40
2023-05-16,Consumer,50.130961538461534,26
2023-05-17,Consumer,53.732741935483865,31
2023-05-18,Consumer,53.33155555555556,45
2023-05-19,Consumer,51.295930232558135,43
2023-05-22,Consumer,52.91532608695652,46
2023-05-23,Consumer,48.95605263157895,19
2023-05-24,Consumer,49.270681818181814,22
2023-05-25,Consumer,52.603571428571435,14
2023-05-26,Consumer,53.700937499999995,16
2023-05-30,Consumer,50.50560975609756,41
2023-05-31,Consumer,53.81166666666667,24
2023-06-01,Consumer,52.4476,25
2023-06-02,Consumer,50.55705882352941,17
2023-06-05,Consumer,53.030270270270265,37
2023-06-06,Consumer,53.713235294117645,17
2023-06-07,Consumer,52.552678571428565,28
2023-06-08,Consumer,53.42717391304348,23
2023-06-09,Consumer,52.933749999999996,20
2023-06-12,Consumer,53.3078125,32
2023-06-13,Consumer,51.464000000000006,15
2023-06-14,Consumer,53.15383333333333,30
2023-06-15,Consumer,51.9262,25
2023-06-16,Consumer,51.26642857142857,14
2023-06-20,Consumer,48.49369047619048,42
2023-06-21,Consumer,54.53076923076923,26
2023-06-22,Consumer,55.572272727272725,33
2023-06-23,Consumer,49.865,33
2023-06-26,Consumer,50.439142857142855,35
2023-06-27,Consumer,55.510000000000005,19
2023-06-28,Consumer,54.87305555555556,18
2023-06-29,Consumer,55.37015625,32
2023-06-30,Consumer,54.39540816326531,49
2023-07-03,Consumer,50.323166666666665,30
2023-07-05,Consumer,54.389310344827585,29
2023-07-06,Consumer,54.95275,20
2023-07-07,Consumer,51.6435294117647,17
2023-07-10,Consumer,52.67074074074074,27
2023-07-11,Consumer,51.82655172413793,29
2023-07-12,Consumer,53.24551724137932,29
2023-07-13,Consumer,55.02225806451613,31
2023-07-14,Consumer,55.59739130434782,23
2023-07-17,Consumer,51.43890625,32
2023-07-18,Consumer,51.61933333333333,30
2023-07-19,Consumer,56.184749999999994,20
2023-07-20,Consumer,55.782954545454544,22
2023-07-21,Consumer,54.258947368421055,19
2023-07-24,Consumer,54.58308823529412,34
2023-07-25,Consumer,55.08730769230769,26
2023-07-26,Consumer,53.08430555555556,36
2023-07-27,Consumer,55.123409090909085,22
2023-07-28,Consumer,53.59970588235294,17
2023-07-31,Consumer,54.6884,50
2023-08-01,Consumer,54.93944444444445,27
2023-08-02,Consumer,50.48887096774193,31
2023-08-03,Consumer,52.92952380952381,21
2023-08-04,Consumer,51.28818181818181,22
2023-08-07,Consumer,53.205000000000005,30
2023-08-08,Consumer,53.51413793103448,29
2023-08-09,Consumer,52.00555555555556,54
2023-08-10,Consumer,56.318552631578946,38
2023-08-11,Consumer,53.50132352941176,34
2023-08-14,Consumer,55.38259615384615,52
2023-08-15,Consumer,50.94265625,32
2023-08-16,Consumer,55.11642857142857,35
2023-08-17,Consumer,53.19656862745098,51
2023-08-18,Consumer,51.728625,40
2023-08-21,Consumer,51.533125,40
2023-08-22,Consumer,55.047291666666666,24
2023-08-23,Consumer,54.754999999999995,35
2023-08-24,Consumer,51.50738095238095,42
2023-08-25,Consumer,53.331896551724135,29
2023-08-28,Consumer,52.08462962962963,27
2023-08-29,Consumer,58.94442307692308,26
2023-08-30,Consumer,49.911,25
2023-08-31,Consumer,51.94583333333333,24
2023-09-01,Consumer,53.70173913043479,23
2023-09-05,Consumer,51.8603947368421,38
2023-09-06,Consumer,54.41777777777778,27
2023-09-07,Consumer,51.88307692307693,26
2023-09-08,Consumer,53.715769230769226,26
2023-09-11,Consumer,54.181973684210526,38
2023-09-12,Consumer,50.843,25
2023-09-13,Consumer,55.92431818181819,22
2023-09-14,Consumer,51.71416666666667,24
2023-09-15,Consumer,57.87316666666666,30
2023-09-18,Consumer,54.54,31
2023-09-19,Consumer,51.17138888888889,36
2023-09-20,Consumer,46.09983870967742,31
2023-09-21,Consumer,51.06758064516129,31
2023-09-22,Consumer,56.49956521739131,23
2023-09-25,Consumer,50.85066666666667,60
2023-09-26,Consumer,55.428970588235295,34
2023-09-27,Consumer,52.20249999999999,22
2023-09-28,Consumer,53.38306451612903,31
2023-09-29,Consumer,57.07622807017543,57
2023-10-02,Consumer,52.3118085106383,47
2023-10-03,Consumer,56.49875,16
2023-10-04,Consumer,53.50413043478261,23
2023-10-05,Consumer,52.79227272727273,22
2023-10-06,Consumer,51.692352941176466,34
2023-10-09,Consumer,54.14602040816327,49
2023-10-10,Consumer,52.73467741935484,31
2023-10-11,Consumer,52.18465517241379,29
2023-10-12,Consumer,53.91288461538461,26
2023-10-13,Consumer,54.11558823529412,17
2023-10-16,Consumer,56.41708333333334,36
2023-10-17,Consumer,54.81041666666667,24
2023-10-18,Consumer,54.674615384615386,26
2023-10-19,Consumer,50.11925925925926,27
2023-10-20,Consumer,52.27136363636364,11
2023-10-23,Consumer,54.217441860465115,43
2023-10-24,Consumer,58.6654,50
2023-10-25,Consumer,51.16842857142857,35
2023-10-26,Consumer,54.91660714285714,28
2023-10-27,Consumer,53.25722222222222,27
2023-10-30,Consumer,55.10446808510638,47
2023-10-31,Consumer,57.532631578947374,19
2023-11-01,Consumer,60.27015151515151,33
2023-11-02,Consumer,59.385,41
2023-11-03,Consumer,55.01583333333334,24
2023-11-06,Consumer,53.68,47
2023-11-07,Consumer,54.170833333333334,36
2023-11-08,Consumer,54.51397058823529,34
2023-11-09,Consumer,53.899342105263166,38
2023-11-10,Consumer,54.70379310344828,29
2023-11-13,Consumer,54.068703703703704,54
2023-11-14,Consumer,53.082121212121216,33
2023-11-15,Consumer,57.24704545454545,44
2023-11-16,Consumer,52.051700000000004,50
2023-11-17,Consumer,51.63238095238095,21
2023-11-20,Consumer,50.14612903225807,31
2023-11-21,Consumer,56.153,25
2023-11-22,Consumer,52.06673913043478,23
2023-11-24,Consumer,54.377941176470586,34
2023-11-27,Consumer,51.479351851851845,54
2023-11-28,Consumer,53.3228947368421,19
2023-11-29,Consumer,53.295,28
2023-11-30,Consumer,54.76796296296296,27
2023-12-01,Consumer,54.80222222222223,18
2023-12-04,Consumer,54.37911764705882,34
2023-12-05,Consumer,55.7365625,16
2023-12-06,Consumer,49.933846153846154,26
2023-12-07,Consumer,59.17289473684211,19
2023-12-08,Consumer,50.67652173913043,23
2023-12-11,Consumer,53.60987804878049,41
2023-12-12,Consumer,52.378,20
2023-12-13,Consumer,51.348958333333336,24
2023-12-14,Consumer,49.55409090909091,22
2023-12-15,Consumer,52.926944444444445,18
2023-12-18,Consumer,49.70636363636363,22
2020-01-02,Energy,51.441428571428574,21
2020-01-03,Energy,46.200714285714284,28
2020-01-06,Energy,49.73,34
2020-01-07,Energy,49.004583333333336,12
2020-01-08,Energy,44.85617647058823,17
2020-01-09,Energy,49.4685,10
2020-01-10,Energy,42.56333333333334,15
2020-01-13,Energy,54.26736842105263,19
2020-01-14,Energy,51.64826086956521,23
2020-01-15,Energy,49.673846153846156,13
2020-01-16,Energy,56.41230769230769,13
2020-01-17,Energy,52.774354838709684,31
2020-01-21,Energy,51.67160714285715,28
2020-01-22,Energy,53.16727272727273,11
2020-01-23,Energy,52.78941176470589,17
2020-01-24,Energy,52.7425,14
2020-01-27,Energy,51.541818181818186,22
2020-01-28,Energy,50.87083333333334,6
2020-01-29,Energy,45.73307692307692,13
2020-01-30,Energy,49.571333333333335,15
2020-01-31,Energy,48.064032258064515,31
2020-02-03,Energy,48.3024,25
2020-02-04,Energy,47.3735,20
2020-02-05,Energy,57.43416666666667,18
2020-02-06,Energy,57.07454545454546,11
2020-02-07,Energy,52.5575,14
2020-02-10,Energy,48.425,11
2020-02-11,Energy,50.16833333333334,21
2020-02-12,Energy,50.053529411764714,17
2020-02-13,Energy,49.28999999999999,22
2020-02-14,Energy,51.415416666666665,12
2020-02-18,Energy,48.82340909090909,22
2020-02-19,Energy,54.57555555555555,9
2020-02-20,Energy,52.97125,8
2020-02-21,Energy,49.05833333333333,15
2020-02-24,Energy,44.743125,24
2020-02-25,Energy,45.15088235294118,17
2020-02-26,Energy,50.7864705882353,17
2020-02-27,Energy,51.41953125,32
2020-02-28,Energy,53.457499999999996,26
2020-03-02,Energy,48.0603125,16
2020-03-03,Energy,45.72204545454545,22
2020-03-04,Energy,55.89631578947368,19
2020-03-05,Energy,43.9005,20
2020-03-06,Energy,41.87724137931035,29
2020-03-09,Energy,44.57009259259259,54
2020-03-10,Energy,50.511875,48
2020-03-11,Energy,48.58954545454545,33
2020-03-12,Energy,50.38396551724138,29
2020-03-13,Energy,53.517833333333336,30
2020-03-16,Energy,40.39952380952381,42
2020-03-17,Energy,41.062777777777775,18
2020-03-18,Energy,47.19189655172414,29
2020-03-19,Energy,46.914,15
2020-03-20,Energy,46.31775862068965,29
2020-03-23,Energy,44.59961538461538,26
2020-03-24,Energy,54.79016129032258,31
2020-03-25,Energy,49.442727272727275,22
2020-03-26,Energy,46.49294117647059,17
2020-03-27,Energy,51.76239130434782,23
2020-03-30,Energy,47.1355,20
2020-03-31,Energy,55.01105263157895,19
2020-04-01,Energy,48.48423076923076,26
2020-04-02,Energy,56.24923076923078,39
2020-04-03,Energy,48.83380952380952,42
2020-04-06,Energy,53.00592592592592,27
2020-04-07,Energy,54.86058139534884,43
2020-04-08,Energy,51.653999999999996,35
2020-04-09,Energy,53.48231481481481,54
2020-04-13,Energy,49.58511363636364,44
2020-04-14,Energy,41.65386363636364,22
2020-04-15,Energy,45.5375641025641,39
2020-04-16,Energy,48.223285714285716,35
2020-04-17,Energy,51.17892156862745,51
2020-04-20,Energy,40.25212121212121,66
2020-04-21,Energy,37.08802325581396,43
2020-04-22,Energy,52.47878378378378,37
2020-04-23,Energy,54.398,35
2020-04-24,Energy,48.4375,20
2020-04-27,Energy,48.314431818181816,44
2020-04-28,Energy,46.22565217391305,23
2020-04-29,Energy,52.88355263157895,38
2020-04-30,Energy,53.71575471698113,53
2020-05-01,Energy,43.949866666666665,75
2020-05-04,Energy,50.383125,40
2020-05-05,Energy,53.59708333333334,36
2020-05-06,Energy,54.80597222222222,36
2020-05-07,Energy,58.3038,25
2020-05-08,Energy,55.940909090909095,22
2020-05-11,Energy,45.3604,25
2020-05-12,Energy,49.347307692307695,26
2020-05-13,Energy,45.0798,25
2020-05-14,Energy,46.59375,12
2020-05-15,Energy,54.952058823529406,17
2020-05-18,Energy,54.84914893617021,47
2020-05-19,Energy,58.568000000000005,10
2020-05-20,Energy,50.75421052631579,19
2020-05-21,Energy,50.46366666666666,15
2020-05-22,Energy,47.307105263157894,19
2020-05-26,Energy,52.5728,25
2020-05-27,Energy,57.475,17
2020-05-28,Energy,49.841499999999996,10
2020-05-29,Energy,57.53578947368421,19
2020-06-01,Energy,49.8355,20
2020-06-02,Energy,58.391875,16
2020-06-03,Energy,64.98409090909091,11
2020-06-04,Energy,51.022083333333335,12
2020-06-05,Energy,49.23015625,32
2020-06-08,Energy,56.121764705882356,17
2020-06-09,Energy,53.615,13
2020-06-10,Energy,56.36642857142857,28
2020-06-11,Energy,45.65589285714286,28
2020-06-12,Energy,45.1953125,16
2020-06-15,Energy,42.963,20
2020-06-16,Energy,54.419,15
2020-06-17,Energy,48.714,10
2020-06-18,Energy,51.67958333333333,12
2020-06-19,Energy,50.49764705882353,17
2020-06-22,Energy,55.689285714285724,7
2020-06-23,Energy,51.145625,8
2020-06-24,Energy,50.076875,16
2020-06-25,Energy,51.63,17
2020-06-26,Energy,52.656666666666666,9
2020-06-29,Energy,45.64125,8
2020-06-30,Energy,51.434333333333335,15
2020-07-01,Energy,52.75214285714286,7
2020-07-02,Energy,47.520681818181814,22
2020-07-06,Energy,54.8615625,16
2020-07-07,Energy,47.49961538461538,13
2020-07-08,Energy,51.035,2
2020-07-09,Energy,52.07363636363636,11
2020-07-10,Energy,54.45555555555555,9
2020-07-13,Energy,49.8575,4
2020-07-14,Energy,50.3225,2
2020-07-15,Energy,41.84875,8
2020-07-16,Energy,48.152,10
2020-07-17,Energy,44.06875,8
2020-07-20,Energy,60.01942307692308,26
2020-07-21,Energy,54.18953125,32
2020-07-22,Energy,56.11653846153846,13
2020-07-23,Energy,47.75142857142857,7
2020-07-24,Energy,51.37833333333333,18
2020-07-27,Energy,47.51642857142857,14
2020-07-28,Energy,51.035,2
2020-07-29,Energy,51.096,5
2020-07-30,Energy,50.28034482758621,29
2020-07-31,Energy,43.768055555555556,36
2020-08-03,Energy,52.2109375,16
2020-08-04,Energy,49.935500000000005,10
2020-08-05,Energy,52.025,15
2020-08-06,Energy,57.436,5
2020-08-07,Energy,50.18666666666667,9
2020-08-10,Energy,51.35166666666667,18
2020-08-11,Energy,54.044285714285714,14
2020-08-12,Energy,57.45681818181818,11
2020-08-13,Energy,44.365,3
2020-08-14,Energy,61.653749999999995,8
2020-08-17,Energy,46.25941176470588,17
2020-08-18,Energy,53.29,12
2020-08-19,Energy,53.2475,8
2020-08-20,Energy,51.36821428571428,14
2020-08-21,Energy,50.57214285714286,7
2020-08-24,Energy,52.71727272727273,22
2020-08-25,Energy,53.745625,16
2020-08-26,Energy,56.166666666666664,12
2020-08-27,Energy,41.9878125,16
2020-08-28,Energy,48.68285714285714,7
2020-08-31,Energy,51.58021739130435,23
2020-09-01,Energy,56.13653846153846,13
2020-09-02,Energy,46.574285714285715,7
2020-09-03,Energy,53.74714285714286,7
2020-09-04,Energy,58.09357142857143,7
2020-09-08,Energy,46.26285714285714,21
2020-09-09,Energy,60.025,2
2020-09-10,Energy,50.84,2
2020-09-11,Energy,52.142857142857146,7
2020-09-14,Energy,46.24363636363636,11
2020-09-15,Energy,42.79875,4
2020-09-16,Energy,55.96642857142857,7
2020-09-17,Energy,53.25142857142857,7
2020-09-18,Energy,45.295,8
2020-09-21,Energy,48.1495,10
2020-09-22,Energy,65.41875,4
2020-09-23,Energy,47.60111111111111,9
2020-09-24,Energy,55.43285714285714,7
2020-09-25,Energy,51.06071428571429,7
2020-09-28,Energy,49.88230769230769,13
2020-09-29,Energy,60.94562499999999,8
2020-09-30,Energy,43.69291666666666,12
2020-10-01,Energy,52.482619047619046,21
2020-10-02,Energy,51.7728125,16
2020-10-05,Energy,49.55435483870968,31
2020-10-06,Energy,49.884166666666665,6
2020-10-07,Energy,44.050000000000004,6
2020-10-08,Energy,59.2159375,16
2020-10-12,Energy,53.99076923076923,13
2020-10-13,Energy,49.974000000000004,5
2020-10-14,Energy,48.20111111111111,9
2020-10-15,Energy,58.306875000000005,8
2020-10-16,Energy,60.045789473684216,19
2020-10-19,Energy,49.35886363636364,22
2020-10-20,Energy,57.766875000000006,8
2020-10-21,Energy,51.42541666666667,12
2020-10-22,Energy,55.966875,8
2020-10-23,Energy,55.28916666666667,6
2020-10-26,Energy,50.025294117647064,17
2020-10-27,Energy,47.9,6
2020-10-28,Energy,46.416724137931034,29
2020-10-29,Energy,46.43875,16
2020-10-30,Energy,49.289130434782614,23
2020-11-02,Energy,54.854166666666664,18
2020-11-03,Energy,48.78666666666667,6
2020-11-04,Energy,49.14970588235294,17
2020-11-05,Energy,52.48722222222222,9
2020-11-06,Energy,54.37375,4
2020-11-09,Energy,58.498709677419356,31
2020-11-10,Energy,43.865,15
2020-11-11,Energy,50.56214285714286,7
2020-11-12,Energy,57.205,11
2020-11-13,Energy,60.97416666666667,6
2020-11-16,Energy,60.75111111111111,18
2020-11-17,Energy,38.276666666666664,3
2020-11-18,Energy,54.238749999999996,8
2020-11-19,Energy,49.06875,4
2020-11-20,Energy,50.970000000000006,2
2020-11-23,Energy,48.44147058823529,17
2020-11-24,Energy,52.567727272727275,11
2020-11-25,Energy,53.185769230769225,13
2020-11-27,Energy,56.282500000000006,10
2020-11-30,Energy,52.84166666666667,27
2020-12-01,Energy,57.905,12
2020-12-02,Energy,52.107692307692304,13
2020-12-03,Energy,45.9,8
2020-12-04,Energy,57.506,30
2020-12-07,Energy,56.53363636363636,33
2020-12-08,Energy,54.00928571428572,7
2020-12-09,Energy,51.07874999999999,12
2020-12-10,Energy,56.93857142857143,14
2020-12-11,Energy,39.50857142857143,14
2020-12-14,Energy,54.560769230769225,13
2020-12-15,Energy,54.79,6
2020-12-16,Energy,45.348,5
2020-12-17,Energy,60.355000000000004,8
2020-12-18,Energy,50.773,5
2020-12-21,Energy,52.39214285714286,14
2020-12-22,Energy,45.99547619047619,21
2020-12-23,Energy,56.136250000000004,4
2020-12-24,Energy,53.88333333333333,9
2020-12-28,Energy,59.192692307692305,13
2020-12-29,Energy,56.589166666666664,6
2020-12-30,Energy,58.26500000000001,6
2020-12-31,Energy,51.9775,12
2021-01-04,Energy,50.49357142857143,14
2021-01-05,Energy,52.66133333333333,15
2021-01-06,Energy,49.228750000000005,16
2021-01-07,Energy,41.30583333333333,6
2021-01-08,Energy,51.85178571428572,14
2021-01-11,Energy,48.821999999999996,10
2021-01-12,Energy,48.64305555555555,18
2021-01-13,Energy,54.77666666666667,9
2021-01-14,Energy,50.395625,8
2021-01-15,Energy,46.87638888888889,18
2021-01-19,Energy,57.265416666666674,12
2021-01-20,Energy,45.73125,4
2021-01-21,Energy,52.266875,8
2021-01-22,Energy,45.925,18
2021-01-25,Energy,57.717999999999996,5
2021-01-26,Energy,54.039375,8
2021-01-27,Energy,53.437777777777775,9
2021-01-28,Energy,52.83615384615385,13
2021-01-29,Energy,38.45605263157895,19
2021-02-01,Energy,48.876333333333335,30
2021-02-02,Energy,55.24130434782609,23
2021-02-03,Energy,49.055,11
2021-02-04,Energy,43.693125,8
2021-02-05,Energy,46.37090909090909,11
2021-02-08,Energy,55.6438,25
2021-02-09,Energy,47.46875,4
2021-02-10,Energy,42.22833333333333,3
2021-02-11,Energy,50.04277777777778,9
2021-02-12,Energy,39.958214285714284,14
2021-02-16,Energy,54.76083333333334,18
2021-02-17,Energy,45.661875,16
2021-02-18,Energy,52.77285714285715,7
2021-02-19,Energy,57.35111111111111,9
2021-02-22,Energy,55.86138888888889,18
2021-02-23,Energy,57.27166666666667,12
2021-02-24,Energy,55.51676470588235,17
2021-02-25,Energy,50.4675,6
2021-02-26,Energy,46.024375,8
2021-03-01,Energy,54.13339285714285,28
2021-03-02,Energy,50.449375,8
2021-03-03,Energy,43.86,15
2021-03-04,Energy,55.842083333333335,12
2021-03-05,Energy,56.78352941176471,17
2021-03-08,Energy,54.54928571428571,14
2021-03-09,Energy,46.323181818181816,11
2021-03-10,Energy,50.79600000000001,10
2021-03-11,Energy,53.027857142857144,7
2021-03-12,Energy,65.47,1
2021-03-15,Energy,49.42307692307692,13
2021-03-16,Energy,53.338,5
2021-03-17,Energy,54.535833333333336,6
2021-03-18,Energy,44.37833333333334,9
2021-03-19,Energy,63.94583333333333,6
2021-03-22,Energy,51.58115384615384,13
2021-03-23,Energy,45.10722222222222,27
2021-03-24,Energy,58.89590909090909,11
2021-03-25,Energy,48.31111111111112,9
2021-03-26,Energy,63.26166666666668,12
2021-03-29,Energy,56.140625,8
2021-03-30,Energy,62.702857142857134,7
2021-03-31,Energy,59.12708333333333,12
2021-04-01,Energy,44.72611111111111,9
2021-04-05,Energy,50.63458333333333,12
2021-04-06,Energy,54.053076923076915,13
2021-04-07,Energy,43.312,5
2021-04-08,Energy,50.17166666666666,6
2021-04-09,Energy,46.95,5
2021-04-12,Energy,50.06333333333333,3
2021-04-13,Energy,51.15875,8
2021-04-14,Energy,49.972500000000004,10
2021-04-15,Energy,50.5375,6
2021-04-16,Energy,58.89450000000001,10
2021-04-19,Energy,56.62045454545455,11
2021-04-20,Energy,53.29583333333333,6
2021-04-21,Energy,54.70409090909091,11
2021-04-22,Energy,50.419500000000006,10
2021-04-23,Energy,51.679375,16
2021-04-26,Energy,46.973846153846154,13
2021-04-27,Energy,50.052,5
2021-04-28,Energy,55.408125,8
2021-04-29,Energy,52.739375,8
2021-04-30,Energy,51.8639393939394,33
2021-05-03,Energy,53.11958333333333,12
2021-05-04,Energy,53.874375,16
2021-05-05,Energy,51.88666666666666,12
2021-05-06,Energy,54.275999999999996,10
2021-05-07,Energy,46.435833333333335,6
2021-05-10,Energy,58.815714285714286,28
2021-05-11,Energy,52.19882352941176,17
2021-05-12,Energy,54.50807692307693,13
2021-05-13,Energy,52.94416666666667,6
2021-05-14,Energy,42.3325,6
2021-05-17,Energy,58.43678571428571,14
2021-05-18,Energy,45.993125,8
2021-05-19,Energy,45.24916666666667,6
2021-05-20,Energy,55.735,2
2021-05-21,Energy,50.5215,10
2021-05-24,Energy,58.231153846153845,13
2021-05-25,Energy,44.748333333333335,15
2021-05-26,Energy,54.2371052631579,19
2021-05-27,Energy,52.48607142857143,14
2021-05-28,Energy,50.634166666666665,12
2021-06-01,Energy,56.82071428571428,35
2021-06-02,Energy,55.36761904761905,21
2021-06-03,Energy,58.004583333333336,12
2021-06-04,Energy,53.33833333333333,6
2021-06-07,Energy,39.17769230769231,13
2021-06-08,Energy,51.127500000000005,4
2021-06-09,Energy,50.36363636363637,11
2021-06-10,Energy,52.38722222222222,9
2021-06-11,Energy,48.85928571428571,7
2021-06-14,Energy,66.21062500000001,16
2021-06-15,Energy,48.26384615384615,13
2021-06-16,Energy,52.84321428571429,14
2021-06-17,Energy,45.675909090909094,11
2021-06-18,Energy,55.63857142857143,7
2021-06-21,Energy,58.651199999999996,25
2021-06-22,Energy,61.989,5
2021-06-23,Energy,69.81416666666667,12
2021-06-24,Energy,42.889545454545456,11
2021-06-25,Energy,53.583571428571425,7
2021-06-28,Energy,48.724545454545456,11
2021-06-29,Energy,63.235,9
2021-06-30,Energy,52.51615384615385,13
2021-07-01,Energy,57.340833333333336,18
2021-07-02,Energy,60.17,10
2021-07-06,Energy,36.76857142857143,7
2021-07-07,Energy,48.13727272727272,11
2021-07-08,Energy,49.20642857142857,14
2021-07-09,Energy,61.87307692307692,13
2021-07-12,Energy,46.99375,8
2021-07-13,Energy,54.74125000000001,4
2021-07-14,Energy,51.18333333333334,3
2021-07-15,Energy,47.0175,8
2021-07-16,Energy,61.488125000000004,16
2021-07-19,Energy,42.183571428571426,21
2021-07-20,Energy,69.8625,12
2021-07-21,Energy,56.6171875,16
2021-07-22,Energy,59.05631578947368,19
2021-07-23,Energy,63.2636111111111,18
2021-07-26,Energy,52.625,11
2021-07-27,Energy,51.035,1
2021-07-28,Energy,52.648888888888884,9
2021-07-29,Energy,49.04535714285714,14
2021-07-30,Energy,54.22447368421052,19
2021-08-02,Energy,48.06107142857143,14
2021-08-03,Energy,56.24076923076923,13
2021-08-04,Energy,50.15375,8
2021-08-05,Energy,50.57409090909091,11
2021-08-06,Energy,50.959375,8
2021-08-09,Energy,43.56066666666667,15
2021-08-10,Energy,46.47681818181818,11
2021-08-11,Energy,56.66227272727272,11
2021-08-12,Energy,55.01375,8
2021-08-13,Energy,55.271428571428565,7
2021-08-16,Energy,47.43861111111111,18
2021-08-17,Energy,45.099642857142854,14
2021-08-18,Energy,43.78125,16
2021-08-19,Energy,46.87441176470588,17
2021-08-20,Energy,39.904375,8
2021-08-23,Energy,57.381875,32
2021-08-24,Energy,55.923750000000005,12
2021-08-25,Energy,50.83833333333333,3
2021-08-26,Energy,49.231785714285714,14
2021-08-27,Energy,59.378750000000004,16
2021-08-30,Energy,52.70642857142857,14
2021-08-31,Energy,50.429722222222225,18
2021-09-01,Energy,52.75805555555556,18
2021-09-02,Energy,62.93671428571428,35
2021-09-03,Energy,50.09970588235294,17
2021-09-07,Energy,52.863684210526316,19
2021-09-08,Energy,51.15815789473684,19
2021-09-09,Energy,55.63175,20
2021-09-10,Energy,55.66857142857143,14
2021-09-13,Energy,49.64176470588236,17
2021-09-14,Energy,48.255,9
2021-09-15,Energy,52.403636363636366,11
2021-09-16,Energy,45.94357142857143,7
2021-09-17,Energy,50.73,3
2021-09-20,Energy,51.30535714285714,14
2021-09-21,Energy,50.80611111111111,9
2021-09-22,Energy,53.105000000000004,14
2021-09-23,Energy,54.14454545454546,11
2021-09-24,Energy,44.06909090909091,11
2021-09-27,Energy,48.729523809523805,21
2021-09-28,Energy,50.29769230769231,13
2021-09-29,Energy,47.947916666666664,12
2021-09-30,Energy,54.667,15
2021-10-01,Energy,65.18833333333333,6
2021-10-04,Energy,54.60892857142857,14
2021-10-05,Energy,62.263999999999996,10
2021-10-06,Energy,56.96125,8
2021-10-07,Energy,48.62571428571429,14
2021-10-08,Energy,53.92184210526315,19
2021-10-11,Energy,45.757333333333335,15
2021-10-12,Energy,56.59166666666667,9
2021-10-13,Energy,57.308125000000004,8
2021-10-14,Energy,57.56277777777778,9
2021-10-15,Energy,61.78653846153846,13
2021-10-18,Energy,47.153888888888886,18
2021-10-19,Energy,51.599000000000004,10
2021-10-20,Energy,43.67888888888889,9
2021-10-21,Energy,48.241,10
2021-10-22,Energy,54.925000000000004,19
2021-10-25,Energy,53.71055555555556,18
2021-10-26,Energy,57.30666666666667,12
2021-10-27,Energy,50.213750000000005,16
2021-10-28,Energy,58.44052631578947,19
2021-10-29,Energy,58.740208333333335,24
2021-11-01,Energy,51.21175000000001,20
2021-11-02,Energy,51.289047619047615,21
2021-11-03,Energy,53.0225,8
2021-11-04,Energy,55.064230769230775,13
2021-11-05,Energy,61.2385,10
2021-11-08,Energy,53.230000000000004,17
2021-11-09,Energy,51.61272727272728,11
2021-11-10,Energy,46.315,11
2021-11-11,Energy,49.89875,8
2021-11-15,Energy,42.126666666666665,12
2021-11-16,Energy,51.63333333333333,9
2021-11-17,Energy,44.690769230769234,13
2021-11-18,Energy,49.481875,8
2021-11-19,Energy,63.57892857142857,14
2021-11-22,Energy,63.402142857142856,7
2021-11-23,Energy,61.99423076923077,13
2021-11-24,Energy,50.723,5
2021-11-26,Energy,38.15392857142857,14
2021-11-29,Energy,45.6635,10
2021-11-30,Energy,43.88590909090909,11
2021-12-01,Energy,50.38727272727272,11
2021-12-02,Energy,53.9266,25
2021-12-03,Energy,50.012857142857136,7
2021-12-06,Energy,43.25145833333334,24
2021-12-07,Energy,56.48107142857143,14
2021-12-08,Energy,55.056875,16
2021-12-09,Energy,50.00818181818182,11
2021-12-10,Energy,54.294375,8
2021-12-13,Energy,53.220416666666665,12
2021-12-14,Energy,50.83875,4
2021-12-15,Energy,58.464999999999996,5
2021-12-16,Energy,45.832,5
2021-12-17,Energy,58.03545454545454,11
2021-12-20,Energy,48.574999999999996,7
2021-12-21,Energy,50.0,1
2021-12-22,Energy,54.760000000000005,4
2021-12-23,Energy,51.80318181818182,11
2021-12-27,Energy,55.435909090909085,11
2021-12-28,Energy,49.039375,8
2021-12-29,Energy,53.935833333333335,6
2021-12-30,Energy,54.48428571428571,7
2021-12-31,Energy,57.941875,8
2022-01-03,Energy,56.288,20
2022-01-04,Energy,53.30583333333333,6
2022-01-05,Energy,49.348571428571425,14
2022-01-06,Energy,48.393214285714286,14
2022-01-07,Energy,56.57,12
2022-01-10,Energy,53.81277777777778,18
2022-01-11,Energy,56.18090909090909,11
2022-01-12,Energy,57.682391304347824,23
2022-01-13,Energy,59.6366,25
2022-01-14,Energy,55.508500000000005,20
2022-01-18,Energy,58.73185714285715,35
2022-01-19,Energy,54.99227272727273,11
2022-01-20,Energy,61.14529411764706,17
2022-01-21,Energy,54.314800000000005,25
2022-01-24,Energy,51.67613636363637,22
2022-01-25,Energy,54.7428125,16
2022-01-26,Energy,57.18592592592592,27
2022-01-27,Energy,60.92342857142857,35
2022-01-28,Energy,55.76869047619047,42
2022-01-31,Energy,57.24236842105263,19
2022-02-01,Energy,53.45283333333334,30
2022-02-02,Energy,57.66051724137931,29
2022-02-03,Energy,50.12339285714285,28
2022-02-04,Energy,58.12409090909091,11
2022-02-07,Energy,54.294375,24
2022-02-08,Energy,57.794333333333334,30
2022-02-09,Energy,53.18352941176471,17
2022-02-10,Energy,56.455666666666666,15
2022-02-11,Energy,56.551764705882356,17
2022-02-14,Energy,58.37486842105263,38
2022-02-15,Energy,49.245250000000006,20
2022-02-16,Energy,58.618181818181824,22
2022-02-17,Energy,52.57388888888889,18
2022-02-18,Energy,49.70590909090909,11
2022-02-22,Energy,52.10048387096774,31
2022-02-23,Energy,55.11934782608696,23
2022-02-24,Energy,44.666851851851845,27
2022-02-25,Energy,57.085142857142856,35
2022-02-28,Energy,51.322763157894734,38
2022-03-01,Energy,52.385714285714286,49
2022-03-02,Energy,53.06809523809524,42
2022-03-03,Energy,54.59064516129032,31
2022-03-04,Energy,56.17211538461538,26
2022-03-07,Energy,52.06701923076923,52
2022-03-08,Energy,54.248717948717946,39
2022-03-09,Energy,55.83842857142857,35
2022-03-10,Energy,50.163333333333334,30
2022-03-11,Energy,49.84777777777778,27
2022-03-14,Energy,56.92359375,32
2022-03-15,Energy,56.873939393939395,33
2022-03-16,Energy,55.702586206896555,29
2022-03-17,Energy,56.9921875,32
2022-03-18,Energy,52.03409090909091,11
2022-03-21,Energy,49.97685714285714,35
2022-03-22,Energy,58.27,35
2022-03-23,Energy,48.68541666666667,24
2022-03-24,Energy,56.81848484848485,33
2022-03-25,Energy,52.571612903225805,31
2022-03-28,Energy,55.64913793103448,29
2022-03-29,Energy,53.60053571428572,28
2022-03-30,Energy,53.971923076923076,13
2022-03-31,Energy,48.32326086956522,23
2022-04-01,Energy,51.96785714285714,14
2022-04-04,Energy,50.215192307692305,26
2022-04-05,Energy,49.7109375,16
2022-04-06,Energy,55.14863636363636,11
2022-04-07,Energy,56.44205882352941,17
2022-04-08,Energy,59.446749999999994,20
2022-04-11,Energy,57.85600000000001,20
2022-04-12,Energy,53.92857142857143,21
2022-04-13,Energy,58.94357142857143,28
2022-04-14,Energy,53.7975,8
2022-04-18,Energy,57.15833333333333,15
2022-04-19,Energy,58.86269230769231,13
2022-04-20,Energy,60.763,10
2022-04-21,Energy,55.32130434782609,23
2022-04-22,Energy,54.14625,28
2022-04-25,Energy,56.3775,48
2022-04-26,Energy,54.907799999999995,25
2022-04-27,Energy,60.59482142857143,28
2022-04-28,Energy,63.413636363636364,33
2022-04-29,Energy,51.37232758620689,58
2022-05-02,Energy,54.78771428571429,35
2022-05-03,Energy,60.45112903225806,31
2022-05-04,Energy,55.20225000000001,20
2022-05-05,Energy,61.11625,40
2022-05-06,Energy,55.96333333333333,27
2022-05-09,Energy,56.194264705882354,34
2022-05-10,Energy,54.72552631578948,19
2022-05-11,Energy,59.329130434782606,23
2022-05-12,Energy,53.740806451612904,31
2022-05-13,Energy,51.106617647058826,34
2022-05-16,Energy,54.0190625,48
2022-05-17,Energy,55.948125000000005,24
2022-05-18,Energy,55.06775862068965,29
2022-05-19,Energy,59.88023809523809,21
2022-05-20,Energy,51.51342105263158,19
2022-05-23,Energy,58.09026315789473,19
2022-05-24,Energy,58.30431818181818,22
2022-05-25,Energy,52.200192307692305,26
2022-05-26,Energy,53.85478260869564,23
2022-05-27,Energy,50.7355,20
2022-05-31,Energy,56.670645161290324,31
2022-06-01,Energy,52.54190476190477,21
2022-06-02,Energy,56.55095238095238,21
2022-06-03,Energy,57.76888888888888,18
2022-06-06,Energy,51.48333333333333,24
2022-06-07,Energy,54.800000000000004,23
2022-06-08,Energy,56.14074074074074,27
2022-06-09,Energy,57.499,10
2022-06-10,Energy,54.11657894736842,19
2022-06-13,Energy,54.98107142857143,28
2022-06-14,Energy,58.16605263157894,19
2022-06-15,Energy,61.417812500000004,16
2022-06-16,Energy,50.3975,10
2022-06-17,Energy,55.901875,24
2022-06-21,Energy,53.62538461538461,39
2022-06-22,Energy,48.39223684210526,38
2022-06-23,Energy,54.92274999999999,40
2022-06-24,Energy,49.03583333333333,18
2022-06-27,Energy,52.97442307692308,26
2022-06-28,Energy,54.2771875,32
2022-06-29,Energy,54.88314814814815,27
2022-06-30,Energy,53.654999999999994,20
2022-07-01,Energy,57.27619047619047,21
2022-07-05,Energy,51.74972727272728,55
2022-07-06,Energy,54.98321428571428,28
2022-07-07,Energy,53.99571428571429,21
2022-07-08,Energy,53.1764705882353,17
2022-07-11,Energy,49.25,30
2022-07-12,Energy,56.640750000000004,20
2022-07-13,Energy,55.30826086956522,23
2022-07-14,Energy,52.92725806451613,31
2022-07-15,Energy,56.260263157894734,19
2022-07-18,Energy,60.4488,25
2022-07-19,Energy,58.883529411764705,17
2022-07-20,Energy,52.89326086956522,23
2022-07-21,Energy,57.551428571428566,21
2022-07-22,Energy,55.38613636363636,22
2022-07-25,Energy,58.21228571428571,35
2022-07-26,Energy,53.594375,16
2022-07-27,Energy,55.796851851851855,27
2022-07-28,Energy,56.55632352941176,34
2022-07-29,Energy,62.21868852459016,61
2022-08-01,Energy,56.141,35
2022-08-02,Energy,55.067096774193544,31
2022-08-03,Energy,58.42551282051283,39
2022-08-04,Energy,54.51814814814815,27
2022-08-05,Energy,55.721666666666664,21
2022-08-08,Energy,56.82224137931035,29
2022-08-09,Energy,53.12214285714286,21
2022-08-10,Energy,53.707608695652176,23
2022-08-11,Energy,51.717666666666666,15
2022-08-12,Energy,49.837,15
2022-08-15,Energy,52.409431818181815,44
2022-08-16,Energy,54.72944444444445,18
2022-08-17,Energy,63.49433333333334,15
2022-08-18,Energy,47.07681818181818,22
2022-08-19,Energy,56.146875,16
2022-08-22,Energy,52.09130434782608,23
2022-08-23,Energy,50.5676,25
2022-08-24,Energy,49.08692307692308,26
2022-08-25,Energy,60.041000000000004,25
2022-08-26,Energy,56.5745,10
2022-08-29,Energy,52.832857142857144,21
2022-08-30,Energy,52.814375000000005,24
2022-08-31,Energy,58.79694444444445,18
2022-09-01,Energy,53.015,21
2022-09-02,Energy,55.056724137931035,29
2022-09-06,Energy,50.996956521739136,23
2022-09-07,Energy,52.89477272727272,22
2022-09-08,Energy,52.916875,16
2022-09-09,Energy,50.599333333333334,15
2022-09-12,Energy,58.164047619047615,21
2022-09-13,Energy,58.44175,20
2022-09-14,Energy,52.93519230769231,26
2022-09-15,Energy,54.62520833333334,24
2022-09-16,Energy,60.035333333333334,15
2022-09-19,Energy,53.818636363636365,22
2022-09-20,Energy,55.875,9
2022-09-21,Energy,54.47535714285714,14
2022-09-22,Energy,53.82000000000001,10
2022-09-23,Energy,43.89722222222222,18
2022-09-26,Energy,50.263823529411766,17
2022-09-27,Energy,52.239999999999995,10
2022-09-28,Energy,57.736749999999994,20
2022-09-29,Energy,56.453125,16
2022-09-30,Energy,56.60833333333333,12
2022-10-03,Energy,55.121818181818185,33
2022-10-04,Energy,59.19464285714286,14
2022-10-05,Energy,52.06086206896552,29
2022-10-06,Energy,54.997321428571425,28
2022-10-07,Energy,55.90375,20
2022-10-10,Energy,50.504038461538464,26
2022-10-11,Energy,53.03181818181818,11
2022-10-12,Energy,52.35725,20
2022-10-13,Energy,46.68342105263158,19
2022-10-14,Energy,57.13732142857143,28
2022-10-17,Energy,50.68525,20
2022-10-18,Energy,53.03,17
2022-10-19,Energy,57.265,16
2022-10-20,Energy,55.44842105263158,19
2022-10-21,Energy,58.90772727272727,33
2022-10-24,Energy,59.85609375,32
2022-10-25,Energy,55.08722222222222,9
2022-10-26,Energy,54.67,16
2022-10-27,Energy,55.402692307692305,26
2022-10-28,Energy,60.477872340425535,47
2022-10-31,Energy,53.806124999999994,40
2022-11-01,Energy,59.73238095238096,21
2022-11-02,Energy,57.560833333333335,24
2022-11-03,Energy,57.857499999999995,20
2022-11-04,Energy,53.39928571428572,14
2022-11-07,Energy,51.735147058823536,34
2022-11-08,Energy,55.58047619047619,21
2022-11-09,Energy,49.88178571428572,14
2022-11-10,Energy,53.51866666666667,15
2022-11-11,Energy,49.4075,16
2022-11-14,Energy,56.42541666666667,36
2022-11-15,Energy,56.353437500000005,16
2022-11-16,Energy,54.2125,12
2022-11-17,Energy,50.002105263157894,19
2022-11-18,Energy,45.71625,12
2022-11-21,Energy,56.9872,25
2022-11-22,Energy,48.77041666666667,12
2022-11-23,Energy,54.412826086956514,23
2022-11-25,Energy,55.4673076923077,13
2022-11-28,Energy,48.14921875,32
2022-11-29,Energy,52.39448275862069,29
2022-11-30,Energy,54.67184210526315,19
2022-12-01,Energy,56.32458333333333,12
2022-12-02,Energy,65.25,8
2022-12-05,Energy,50.6545238095238,21
2022-12-06,Energy,57.88607142857143,14
2022-12-07,Energy,54.960263157894744,19
2022-12-08,Energy,52.07392857142857,28
2022-12-09,Energy,49.83041666666667,24
2022-12-12,Energy,49.851052631578945,19
2022-12-13,Energy,53.05416666666667,12
2022-12-14,Energy,51.72235294117647,17
2022-12-15,Energy,50.06225,20
2022-12-16,Energy,52.84777777777778,9
2022-12-19,Energy,55.74833333333333,21
2022-12-20,Energy,56.57382352941176,17
2022-12-21,Energy,53.537,10
2022-12-22,Energy,59.28541666666666,12
2022-12-23,Energy,53.93944444444444,9
2022-12-27,Energy,57.167162162162164,37
2022-12-28,Energy,54.08538461538462,13
2022-12-29,Energy,47.85375,16
2022-12-30,Energy,61.2975,14
2023-01-03,Energy,60.0696875,32
2023-01-04,Energy,58.54796296296296,27
2023-01-05,Energy,54.90909090909091,22
2023-01-06,Energy,54.30159090909091,22
2023-01-09,Energy,56.60454545454545,22
2023-01-10,Energy,53.1578125,16
2023-01-11,Energy,52.22555555555555,9
2023-01-12,Energy,50.6945,20
2023-01-13,Energy,58.04071428571428,14
2023-01-17,Energy,52.48725,40
2023-01-18,Energy,61.08714285714285,21
2023-01-19,Energy,53.44678571428572,14
2023-01-20,Energy,55.905806451612904,31
2023-01-23,Energy,57.45209677419355,31
2023-01-24,Energy,59.273095238095244,21
2023-01-25,Energy,56.90362068965518,29
2023-01-26,Energy,57.902307692307694,39
2023-01-27,Energy,53.780543478260874,46
2023-01-30,Energy,48.12965517241379,29
2023-01-31,Energy,56.85875,36
2023-02-01,Energy,51.38431818181818,22
2023-02-02,Energy,55.833043478260876,23
2023-02-03,Energy,48.223076923076924,13
2023-02-06,Energy,51.87977272727273,22
2023-02-07,Energy,52.67617647058824,17
2023-02-08,Energy,57.65105263157894,19
2023-02-09,Energy,52.41826086956521,23
2023-02-10,Energy,55.35583333333333,24
2023-02-13,Energy,51.42,31
2023-02-14,Energy,45.17625,12
2023-02-15,Energy,50.412,10
2023-02-16,Energy,54.30333333333333,21
2023-02-17,Energy,50.620357142857145,14
2023-02-21,Energy,49.927058823529414,34
2023-02-22,Energy,48.33176470588235,17
2023-02-23,Energy,52.48078947368421,19
2023-02-24,Energy,52.4655,10
2023-02-27,Energy,48.10196428571429,28
2023-02-28,Energy,58.23083333333333,18
2023-03-01,Energy,52.128214285714286,14
2023-03-02,Energy,54.84117647058823,17
2023-03-03,Energy,53.13727272727272,11
2023-03-06,Energy,54.87825,40
2023-03-07,Energy,54.381800000000005,25
2023-03-08,Energy,55.04,31
2023-03-09,Energy,54.05595238095238,21
2023-03-10,Energy,51.257222222222225,18
2023-03-13,Energy,52.729,30
2023-03-14,Energy,53.804375,24
2023-03-15,Energy,52.23732142857143,28
2023-03-16,Energy,49.063,15
2023-03-17,Energy,50.90272727272727,11
2023-03-20,Energy,52.71551724137931,29
2023-03-21,Energy,47.7740625,16
2023-03-22,Energy,56.05386363636364,22
2023-03-23,Energy,51.32264705882353,17
2023-03-24,Energy,54.25363636363636,11
2023-03-27,Energy,50.6058,25
2023-03-28,Energy,53.93533333333333,15
2023-03-29,Energy,50.98586206896552,29
2023-03-30,Energy,52.3690625,16
2023-03-31,Energy,52.54571428571428,14
2023-04-03,Energy,44.713125,64
2023-04-04,Energy,63.48863636363637,33
2023-04-05,Energy,49.458035714285714,28
2023-04-06,Energy,54.616499999999995,20
2023-04-10,Energy,54.9011224489796,49
2023-04-11,Energy,55.609722222222224,18
2023-04-12,Energy,53.934999999999995,19
2023-04-13,Energy,53.54925000000001,20
2023-04-14,Energy,55.151666666666664,24
2023-04-17,Energy,54.61946428571429,28
2023-04-18,Energy,53.121428571428574,28
2023-04-19,Energy,54.953599999999994,25
2023-04-20,Energy,52.21475,20
2023-04-21,Energy,55.738166666666665,30
2023-04-24,Energy,55.56016129032258,31
2023-04-25,Energy,55.8115625,16
2023-04-26,Energy,57.5384375,16
2023-04-27,Energy,53.425,27
2023-04-28,Energy,56.327543859649126,57
2023-05-01,Energy,53.87681818181818,44
2023-05-02,Energy,52.178999999999995,25
2023-05-03,Energy,54.68694444444444,18
2023-05-04,Energy,57.67690476190476,21
2023-05-05,Energy,52.198684210526324,19
2023-05-08,Energy,53.217439024390245,41
2023-05-09,Energy,50.773250000000004,20
2023-05-10,Energy,51.18365384615385,26
2023-05-11,Energy,58.70710526315789,19
2023-05-12,Energy,50.826052631578946,19
2023-05-15,Energy,54.507,35
2023-05-16,Energy,51.95541666666667,12
2023-05-17,Energy,52.81526315789474,19
2023-05-18,Energy,54.75970588235294,17
2023-05-19,Energy,54.77166666666667,18
2023-05-22,Energy,54.42,38
2023-05-23,Energy,48.72323529411765,17
2023-05-24,Energy,50.050625,16
2023-05-25,Energy,50.603833333333334,30
2023-05-26,Energy,52.791875,24
2023-05-30,Energy,53.66274193548387,31
2023-05-31,Energy,55.12,12
2023-06-01,Energy,56.13886363636364,22
2023-06-02,Energy,48.57729166666667,24
2023-06-05,Energy,53.82290322580645,31
2023-06-06,Energy,46.12,25
2023-06-07,Energy,54.591499999999996,10
2023-06-08,Energy,56.50558823529412,17
2023-06-09,Energy,51.589444444444446,18
2023-06-12,Energy,55.19543478260869,23
2023-06-13,Energy,56.5971875,16
2023-06-14,Energy,50.34464285714286,14
2023-06-15,Energy,51.675,16
2023-06-16,Energy,50.52708333333334,12
2023-06-20,Energy,52.724666666666664,30
2023-06-21,Energy,52.421749999999996,20
2023-06-22,Energy,52.127758620689654,29
2023-06-23,Energy,53.654062499999995,16
2023-06-26,Energy,51.903055555555554,18
2023-06-27,Energy,52.461176470588235,17
2023-06-28,Energy,58.714642857142856,14
2023-06-29,Energy,53.78047619047619,21
2023-06-30,Energy,51.308749999999996,16
2023-07-03,Energy,55.11578125,32
2023-07-05,Energy,52.01068965517241,29
2023-07-06,Energy,49.721296296296295,27
2023-07-07,Energy,54.215,22
2023-07-10,Energy,48.40833333333334,21
2023-07-11,Energy,43.617000000000004,20
2023-07-12,Energy,51.680740740740745,27
2023-07-13,Energy,53.08599999999999,25
2023-07-14,Energy,50.04962962962963,27
2023-07-17,Energy,55.1452,25
2023-07-18,Energy,51.1765,20
2023-07-19,Energy,51.07692307692308,13
2023-07-20,Energy,54.00625,20
2023-07-21,Energy,53.37263157894736,38
2023-07-24,Energy,59.501400000000004,50
2023-07-25,Energy,53.10634615384615,26
2023-07-26,Energy,51.95769230769231,13
2023-07-27,Energy,55.99318181818182,22
2023-07-28,Energy,53.66214285714286,63
2023-07-31,Energy,56.66733333333334,45
2023-08-01,Energy,51.628750000000004,20
2023-08-02,Energy,50.20366666666666,15
2023-08-03,Energy,52.946363636363635,33
2023-08-04,Energy,48.50384615384615,13
2023-08-07,Energy,58.87153846153846,26
2023-08-08,Energy,60.18111111111111,9
2023-08-09,Energy,51.8202380952381,21
2023-08-10,Energy,56.24638888888889,18
2023-08-11,Energy,52.67166666666667,36
2023-08-14,Energy,53.05344827586207,29
2023-08-15,Energy,53.3895,20
2023-08-16,Energy,50.81678571428572,28
2023-08-17,Energy,50.70319444444445,36
2023-08-18,Energy,49.722321428571426,28
2023-08-21,Energy,53.49296296296296,27
2023-08-22,Energy,48.016304347826086,23
2023-08-23,Energy,48.33173913043478,23
2023-08-24,Energy,52.12142857142857,14
2023-08-25,Energy,41.99916666666667,12
2023-08-28,Energy,53.793,25
2023-08-29,Energy,48.194736842105264,19
2023-08-30,Energy,50.989411764705885,17
2023-08-31,Energy,56.065000000000005,13
2023-09-01,Energy,56.828125,8
2023-09-05,Energy,47.125277777777775,36
2023-09-06,Energy,52.11833333333333,15
2023-09-07,Energy,51.2625,16
2023-09-08,Energy,54.11425925925926,27
2023-09-11,Energy,50.02862068965517,29
2023-09-12,Energy,50.89628571428571,35
2023-09-13,Energy,49.588913043478264,23
2023-09-14,Energy,52.941875,16
2023-09-15,Energy,48.685,16
2023-09-18,Energy,45.79921052631579,38
2023-09-19,Energy,48.57827586206896,29
2023-09-20,Energy,50.78928571428572,21
2023-09-21,Energy,54.174,25
2023-09-22,Energy,58.29541666666666,24
2023-09-25,Energy,51.8984375,32
2023-09-26,Energy,53.16236842105263,19
2023-09-27,Energy,57.45657894736842,19
2023-09-28,Energy,52.959523809523816,21
2023-09-29,Energy,56.66956521739131,23
2023-10-02,Energy,59.01462962962963,27
2023-10-03,Energy,60.14153846153847,13
2023-10-04,Energy,54.34878787878788,33
2023-10-05,Energy,48.84153846153846,39
2023-10-06,Energy,52.98452380952381,42
2023-10-09,Energy,48.32991935483871,62
2023-10-10,Energy,51.985,32
2023-10-11,Energy,57.31758064516129,31
2023-10-12,Energy,57.45476190476192,21
2023-10-13,Energy,52.667692307692306,26
2023-10-16,Energy,54.21333333333334,12
2023-10-17,Energy,52.428636363636365,22
2023-10-18,Energy,42.93730769230769,39
2023-10-19,Energy,55.352777777777774,27
2023-10-20,Energy,50.03013888888889,36
2023-10-23,Energy,50.750447761194025,67
2023-10-24,Energy,53.71716216216216,37
2023-10-25,Energy,57.4654,25
2023-10-26,Energy,50.899268292682926,41
2023-10-27,Energy,52.37427419354839,62
2023-10-30,Energy,52.499545454545455,33
2023-10-31,Energy,59.37227272727273,22
2023-11-01,Energy,60.35277777777778,27
2023-11-02,Energy,51.713499999999996,40
2023-11-03,Energy,54.278,10
2023-11-06,Energy,52.477407407407405,27
2023-11-07,Energy,50.491206896551724,29
2023-11-08,Energy,51.19431818181818,22
2023-11-09,Energy,52.3732,25
2023-11-10,Energy,51.328947368421055,19
2023-11-13,Energy,52.378166666666665,30
2023-11-14,Energy,52.63148148148148,27
2023-11-15,Energy,54.646153846153844,13
2023-11-16,Energy,51.60333333333333,15
2023-11-17,Energy,53.75142857142857,14
2023-11-20,Energy,48.93727272727272,11
2023-11-21,Energy,56.37325,20
2023-11-22,Energy,53.50958333333333,12
2023-11-24,Energy,52.201388888888886,18
2023-11-27,Energy,50.576,15
2023-11-28,Energy,46.24666666666666,18
2023-11-29,Energy,50.87416666666667,24
2023-11-30,Energy,52.14138888888888,18
2023-12-01,Energy,49.21611111111111,9
2023-12-04,Energy,57.72588235294117,17
2023-12-05,Energy,50.603235294117646,17
2023-12-06,Energy,55.80116666666667,30
2023-12-07,Energy,47.91904761904762,21
2023-12-08,Energy,48.54109375,32
2023-12-11,Energy,52.23515384615384,65
2023-12-12,Energy,54.859875,40
2023-12-13,Energy,58.84384615384616,26
2023-12-14,Energy,57.14416666666667,12
2023-12-15,Energy,53.715,18
2023-12-18,Energy,55.00735294117647,34
2020-01-02,Financials,54.328333333333326,12
2020-01-03,Financials,52.553125,8
2020-01-06,Financials,54.336666666666666,12
2020-01-07,Financials,53.416818181818186,11
2020-01-08,Financials,66.30375,4
2020-01-09,Financials,54.57272727272727,11
2020-01-10,Financials,59.855,7
2020-01-13,Financials,55.22318181818182,33
2020-01-14,Financials,53.52644736842105,38
2020-01-15,Financials,51.80513888888889,36
2020-01-16,Financials,58.1366304347826,46
2020-01-17,Financials,59.485,17
2020-01-21,Financials,56.146034482758616,29
2020-01-22,Financials,45.9125,4
2020-01-23,Financials,55.20464285714286,14
2020-01-24,Financials,47.73333333333333,6
2020-01-27,Financials,45.980000000000004,5
2020-01-28,Financials,56.025,10
2020-01-29,Financials,50.690714285714286,7
2020-01-30,Financials,51.79222222222222,9
2020-01-31,Financials,57.63291666666667,12
2020-02-03,Financials,55.92666666666667,6
2020-02-04,Financials,60.51,6
2020-02-05,Financials,50.21,4
2020-02-06,Financials,55.92909090909091,11
2020-02-07,Financials,48.961666666666666,9
2020-02-10,Financials,63.5,6
2020-02-11,Financials,60.91,11
2020-02-12,Financials,61.40083333333333,6
2020-02-13,Financials,55.52916666666667,12
2020-02-14,Financials,57.04642857142857,7
2020-02-18,Financials,52.0355,20
2020-02-19,Financials,58.730624999999996,8
2020-02-20,Financials,54.56581395348837,43
2020-02-21,Financials,56.771842105263154,19
2020-02-24,Financials,47.514,15
2020-02-25,Financials,55.147333333333336,15
2020-02-26,Financials,53.595333333333336,15
2020-02-27,Financials,48.445,16
2020-02-28,Financials,48.01125,16
2020-03-02,Financials,55.033181818181816,11
2020-03-03,Financials,46.8365625,16
2020-03-04,Financials,53.205714285714286,14
2020-03-05,Financials,51.72941176470588,17
2020-03-06,Financials,49.676764705882356,17
2020-03-09,Financials,56.1246,25
2020-03-10,Financials,56.94738095238095,21
2020-03-11,Financials,56.4785,10
2020-03-12,Financials,53.02522727272728,22
2020-03-13,Financials,51.489000000000004,15
2020-03-16,Financials,46.4554,25
2020-03-17,Financials,50.889,15
2020-03-18,Financials,48.62423076923077,13
2020-03-19,Financials,41.2505,10
2020-03-20,Financials,49.70708333333334,12
2020-03-23,Financials,48.46861111111111,18
2020-03-24,Financials,68.12285714285714,7
2020-03-25,Financials,52.598076923076924,13
2020-03-26,Financials,51.211470588235294,17
2020-03-27,Financials,58.87555555555556,18
2020-03-30,Financials,44.958928571428565,14
2020-03-31,Financials,50.64357142857143,7
2020-04-01,Financials,47.272000000000006,20
2020-04-02,Financials,53.98375,16
2020-04-03,Financials,47.16294117647059,17
2020-04-06,Financials,54.94306451612903,62
2020-04-07,Financials,55.184074074074076,27
2020-04-08,Financials,55.21,24
2020-04-09,Financials,58.15634615384616,26
2020-04-13,Financials,49.912875,40
2020-04-14,Financials,57.64222222222222,63
2020-04-15,Financials,49.13870967741936,62
2020-04-16,Financials,51.91134328358209,67
2020-04-17,Financials,55.855,35
2020-04-20,Financials,53.73710526315789,19
2020-04-21,Financials,47.28611111111111,18
2020-04-22,Financials,55.309,15
2020-04-23,Financials,55.907500000000006,10
2020-04-24,Financials,47.69277777777778,9
2020-04-27,Financials,56.877399999999994,25
2020-04-28,Financials,62.02666666666667,12
2020-04-29,Financials,57.08022727272728,22
2020-04-30,Financials,50.80195652173913,23
2020-05-01,Financials,49.607777777777784,18
2020-05-04,Financials,50.11152173913044,23
2020-05-05,Financials,53.61931818181818,22
2020-05-06,Financials,54.35131578947368,19
2020-05-07,Financials,51.05321428571428,14
2020-05-08,Financials,54.568666666666665,15
2020-05-11,Financials,50.79333333333333,18
2020-05-12,Financials,41.3005,20
2020-05-13,Financials,49.862941176470585,34
2020-05-14,Financials,53.97633333333333,30
2020-05-15,Financials,49.85328571428571,35
2020-05-18,Financials,54.883428571428574,35
2020-05-19,Financials,52.21325,20
2020-05-20,Financials,59.140294117647066,17
2020-05-21,Financials,52.40068181818182,22
2020-05-22,Financials,55.52444444444444,9
2020-05-26,Financials,61.61981481481481,27
2020-05-27,Financials,60.08923076923077,26
2020-05-28,Financials,52.70395833333333,24
2020-05-29,Financials,51.908199999999994,25
2020-06-01,Financials,56.936136363636365,22
2020-06-02,Financials,54.99277777777778,27
2020-06-03,Financials,58.0964,25
2020-06-04,Financials,57.25472222222223,18
2020-06-05,Financials,58.2734375,16
2020-06-08,Financials,62.06368421052632,19
2020-06-09,Financials,53.60142857142857,14
2020-06-10,Financials,54.440625000000004,24
2020-06-11,Financials,52.516666666666666,18
2020-06-12,Financials,54.04789473684211,19
2020-06-15,Financials,49.92178571428571,14
2020-06-16,Financials,49.5335,10
2020-06-17,Financials,51.775999999999996,10
2020-06-18,Financials,49.96055555555555,9
2020-06-19,Financials,47.48875,8
2020-06-22,Financials,46.361666666666665,9
2020-06-23,Financials,52.56333333333333,12
2020-06-24,Financials,45.078500000000005,10
2020-06-25,Financials,51.45068181818181,22
2020-06-26,Financials,48.062333333333335,15
2020-06-29,Financials,53.82694444444444,18
2020-06-30,Financials,51.84977272727272,22
2020-07-01,Financials,45.652857142857144,7
2020-07-02,Financials,56.39479166666666,24
2020-07-06,Financials,57.74666666666667,15
2020-07-07,Financials,47.724999999999994,3
2020-07-08,Financials,55.111875,8
2020-07-09,Financials,55.874722222222225,18
2020-07-10,Financials,59.961052631578944,19
2020-07-13,Financials,51.57805555555555,18
2020-07-14,Financials,52.17755319148936,47
2020-07-15,Financials,58.39488636363637,44
2020-07-16,Financials,44.97894736842105,19
2020-07-17,Financials,48.92916666666667,18
2020-07-20,Financials,59.12192307692308,13
2020-07-21,Financials,57.59625,12
2020-07-22,Financials,49.21566666666667,15
2020-07-23,Financials,51.8965,10
2020-07-24,Financials,50.914375,16
2020-07-27,Financials,53.165,14
2020-07-28,Financials,50.21,17
2020-07-29,Financials,47.48615384615385,13
2020-07-30,Financials,55.160555555555554,9
2020-07-31,Financials,54.56666666666666,6
2020-08-03,Financials,47.88461538461539,13
2020-08-04,Financials,50.816818181818185,11
2020-08-05,Financials,54.72538461538462,13
2020-08-06,Financials,54.691874999999996,8
2020-08-07,Financials,44.675000000000004,7
2020-08-10,Financials,55.8325,10
2020-08-11,Financials,51.794999999999995,21
2020-08-12,Financials,50.124545454545455,22
2020-08-13,Financials,47.469166666666666,12
2020-08-14,Financials,52.324999999999996,12
2020-08-17,Financials,50.64124999999999,12
2020-08-18,Financials,55.62291666666667,12
2020-08-19,Financials,51.5875,8
2020-08-20,Financials,56.039375,16
2020-08-21,Financials,62.907000000000004,15
2020-08-24,Financials,59.952222222222225,9
2020-08-25,Financials,53.4725,6
2020-08-26,Financials,50.35090909090909,11
2020-08-27,Financials,46.20375,4
2020-08-28,Financials,52.870416666666664,12
2020-08-31,Financials,53.718125,8
2020-09-01,Financials,50.031666666666666,9
2020-09-02,Financials,53.64200000000001,10
2020-09-03,Financials,49.6625,12
2020-09-04,Financials,46.831250000000004,16
2020-09-08,Financials,51.668125,16
2020-09-09,Financials,44.973333333333336,6
2020-09-10,Financials,58.850625,8
2020-09-11,Financials,47.774166666666666,6
2020-09-14,Financials,51.467,10
2020-09-15,Financials,54.391999999999996,5
2020-09-16,Financials,47.868,10
2020-09-17,Financials,55.459500000000006,10
2020-09-18,Financials,48.725625,8
2020-09-21,Financials,53.992000000000004,15
2020-09-22,Financials,56.29583333333334,6
2020-09-23,Financials,62.73722222222222,9
2020-09-24,Financials,54.91142857142857,14
2020-09-25,Financials,50.89,5
2020-09-28,Financials,61.196470588235286,17
2020-09-29,Financials,46.822916666666664,12
2020-09-30,Financials,51.05476190476191,21
2020-10-01,Financials,52.84323529411765,17
2020-10-02,Financials,52.81944444444444,18
2020-10-05,Financials,50.842499999999994,14
2020-10-06,Financials,58.99875,8
2020-10-07,Financials,48.552083333333336,12
2020-10-08,Financials,63.23431818181818,22
2020-10-09,Financials,54.3523076923077,13
2020-10-12,Financials,63.069531250000004,32
2020-10-13,Financials,54.8065625,32
2020-10-14,Financials,50.42317307692308,52
2020-10-15,Financials,53.371,25
2020-10-16,Financials,62.86,7
2020-10-19,Financials,55.12576923076923,13
2020-10-20,Financials,55.01428571428572,14
2020-10-21,Financials,50.73107142857143,14
2020-10-22,Financials,54.621785714285714,14
2020-10-23,Financials,59.39000000000001,3
2020-10-26,Financials,49.77117647058824,17
2020-10-27,Financials,51.62928571428571,7
2020-10-28,Financials,47.799827586206895,29
2020-10-29,Financials,51.718333333333334,9
2020-10-30,Financials,55.253125,16
2020-11-02,Financials,50.06038461538462,13
2020-11-03,Financials,53.33526315789474,19
2020-11-04,Financials,54.54395833333333,24
2020-11-05,Financials,52.871,10
2020-11-06,Financials,50.529444444444444,9
2020-11-09,Financials,52.018541666666664,24
2020-11-10,Financials,55.27055555555555,9
2020-11-11,Financials,58.066875,16
2020-11-12,Financials,49.78884615384615,26
2020-11-13,Financials,46.97,11
2020-11-16,Financials,55.51105263157895,19
2020-11-17,Financials,39.231818181818184,11
2020-11-18,Financials,53.277272727272724,11
2020-11-19,Financials,53.58692307692308,13
2020-11-20,Financials,52.37833333333333,15
2020-11-23,Financials,51.01456521739131,23
2020-11-24,Financials,55.7471875,16
2020-11-25,Financials,53.95269230769231,13
2020-11-27,Financials,63.62714285714286,7
2020-11-30,Financials,44.66833333333333,12
2020-12-01,Financials,57.17625,4
2020-12-02,Financials,49.233333333333334,9
2020-12-03,Financials,56.208181818181814,11
2020-12-04,Financials,49.083999999999996,10
2020-12-07,Financials,53.08770833333333,24
2020-12-08,Financials,53.871764705882356,17
2020-12-09,Financials,57.36727272727273,11
2020-12-10,Financials,51.473333333333336,15
2020-12-11,Financials,51.115,16
2020-12-14,Financials,53.973571428571425,7
2020-12-15,Financials,53.80916666666666,12
2020-12-16,Financials,59.28888888888889,9
2020-12-17,Financials,58.91775,20
2020-12-18,Financials,59.163333333333334,3
2020-12-21,Financials,51.3137,50
2020-12-22,Financials,58.92999999999999,5
2020-12-23,Financials,54.862,10
2020-12-24,Financials,60.82250000000001,6
2020-12-28,Financials,56.320952380952384,21
2020-12-29,Financials,37.43300000000001,5
2020-12-30,Financials,63.8225,4
2020-12-31,Financials,55.706250000000004,12
2021-01-04,Financials,65.41153846153847,13
2021-01-05,Financials,63.68961538461539,13
2021-01-06,Financials,56.64555555555555,18
2021-01-07,Financials,57.122352941176466,17
2021-01-08,Financials,54.76950000000001,10
2021-01-11,Financials,51.01983333333333,30
2021-01-12,Financials,54.607200000000006,25
2021-01-13,Financials,55.711666666666666,15
2021-01-14,Financials,60.5175,20
2021-01-15,Financials,51.606142857142856,35
2021-01-19,Financials,55.80693548387097,31
2021-01-20,Financials,56.69614285714286,35
2021-01-21,Financials,57.849642857142854,14
2021-01-22,Financials,58.01950000000001,10
2021-01-25,Financials,56.688529411764705,17
2021-01-26,Financials,50.6203125,16
2021-01-27,Financials,49.19777777777777,9
2021-01-28,Financials,47.8815625,16
2021-01-29,Financials,54.911875,16
2021-02-01,Financials,52.98027777777778,18
2021-02-02,Financials,56.9384375,16
2021-02-03,Financials,58.21269230769231,13
2021-02-04,Financials,44.63545454545454,11
2021-02-05,Financials,56.916111111111114,9
2021-02-08,Financials,53.0184375,16
2021-02-09,Financials,47.62214285714286,7
2021-02-10,Financials,53.21545454545455,11
2021-02-11,Financials,56.764166666666675,6
2021-02-12,Financials,50.575,5
2021-02-16,Financials,53.92083333333333,24
2021-02-17,Financials,56.904117647058825,17
2021-02-18,Financials,50.58045454545454,11
2021-02-19,Financials,61.84357142857142,7
2021-02-22,Financials,50.25333333333333,12
2021-02-23,Financials,54.1640625,16
2021-02-24,Financials,55.24821428571429,14
2021-02-25,Financials,56.557187500000005,16
2021-02-26,Financials,50.333125,8
2021-03-01,Financials,52.700294117647054,17
2021-03-02,Financials,56.45708333333334,12
2021-03-03,Financials,47.619473684210526,19
2021-03-04,Financials,53.00384615384615,13
2021-03-05,Financials,57.52541666666667,12
2021-03-08,Financials,57.335,10
2021-03-09,Financials,52.95318181818182,11
2021-03-10,Financials,56.48500000000001,6
2021-03-11,Financials,51.84136363636364,11
2021-03-12,Financials,56.185,9
2021-03-15,Financials,55.87291666666667,12
2021-03-16,Financials,56.23500000000001,12
2021-03-17,Financials,59.698,10
2021-03-18,Financials,44.99846153846154,13
2021-03-19,Financials,48.57388888888889,18
2021-03-22,Financials,55.71875,12
2021-03-23,Financials,56.285714285714285,14
2021-03-24,Financials,53.58136363636363,11
2021-03-25,Financials,50.37342105263158,19
2021-03-26,Financials,60.63035714285714,14
2021-03-29,Financials,45.2555,30
2021-03-30,Financials,48.74566666666667,30
2021-03-31,Financials,54.10928571428571,14
2021-04-01,Financials,58.663333333333334,12
2021-04-05,Financials,58.03934782608695,23
2021-04-06,Financials,51.323571428571434,21
2021-04-07,Financials,58.51666666666668,9
2021-04-08,Financials,50.991,15
2021-04-09,Financials,58.37547619047619,21
2021-04-12,Financials,57.988625,40
2021-04-13,Financials,59.98129032258065,31
2021-04-14,Financials,60.180166666666665,60
2021-04-15,Financials,66.54724137931035,29
2021-04-16,Financials,61.89152777777778,36
2021-04-19,Financials,55.251590909090915,22
2021-04-20,Financials,57.1821875,16
2021-04-21,Financials,55.24730769230769,13
2021-04-22,Financials,54.0414705882353,17
2021-04-23,Financials,50.3945,10
2021-04-26,Financials,55.261428571428574,21
2021-04-27,Financials,53.2053125,16
2021-04-28,Financials,53.317,15
2021-04-29,Financials,62.32772727272727,11
2021-04-30,Financials,54.96458333333334,12
2021-05-03,Financials,51.32214285714286,14
2021-05-04,Financials,54.476,20
2021-05-05,Financials,63.6645,10
2021-05-06,Financials,56.2309090909091,11
2021-05-07,Financials,49.1785,10
2021-05-10,Financials,50.385,9
2021-05-11,Financials,47.095,5
2021-05-12,Financials,47.25033333333333,15
2021-05-13,Financials,45.41888888888889,9
2021-05-14,Financials,51.63533333333333,15
2021-05-17,Financials,54.466388888888886,18
2021-05-18,Financials,61.160625,8
2021-05-19,Financials,55.518499999999996,10
2021-05-20,Financials,58.28954545454546,11
2021-05-21,Financials,47.127272727272725,11
2021-05-24,Financials,52.2196875,16
2021-05-25,Financials,52.910000000000004,14
2021-05-26,Financials,46.689499999999995,10
2021-05-27,Financials,48.364285714285714,14
2021-05-28,Financials,53.56545454545455,11
2021-06-01,Financials,55.787499999999994,18
2021-06-02,Financials,59.47176470588235,17
2021-06-03,Financials,52.362500000000004,12
2021-06-04,Financials,55.093125,8
2021-06-07,Financials,51.2290625,16
2021-06-08,Financials,54.92375,8
2021-06-09,Financials,64.02999999999999,11
2021-06-10,Financials,51.08692307692308,13
2021-06-11,Financials,60.025,5
2021-06-14,Financials,50.23409090909092,11
2021-06-15,Financials,57.544000000000004,10
2021-06-16,Financials,52.90291666666667,12
2021-06-17,Financials,46.162894736842105,19
2021-06-18,Financials,55.67178571428571,14
2021-06-21,Financials,56.97666666666667,12
2021-06-22,Financials,48.66708333333333,12
2021-06-23,Financials,58.15038461538461,13
2021-06-24,Financials,54.5035,30
2021-06-25,Financials,52.46647058823529,17
2021-06-28,Financials,53.67970588235294,17
2021-06-29,Financials,58.46625,28
2021-06-30,Financials,56.53521739130434,23
2021-07-01,Financials,56.78272727272727,22
2021-07-02,Financials,61.14142857142857,14
2021-07-06,Financials,49.775263157894734,19
2021-07-07,Financials,55.41538461538461,13
2021-07-08,Financials,53.077962962962964,27
2021-07-09,Financials,58.009166666666665,24
2021-07-12,Financials,52.537083333333335,24
2021-07-13,Financials,54.29151162790697,43
2021-07-14,Financials,60.270147058823525,34
2021-07-15,Financials,49.953714285714284,35
2021-07-16,Financials,60.85375,16
2021-07-19,Financials,49.51846153846154,26
2021-07-20,Financials,60.19,24
2021-07-21,Financials,58.218823529411765,17
2021-07-22,Financials,51.25611111111111,9
2021-07-23,Financials,57.48892857142857,14
2021-07-26,Financials,51.784375,16
2021-07-27,Financials,54.10676470588235,17
2021-07-28,Financials,53.285714285714285,21
2021-07-29,Financials,60.4175,6
2021-07-30,Financials,42.28666666666666,3
2021-08-02,Financials,57.33083333333333,18
2021-08-03,Financials,55.398,10
2021-08-04,Financials,55.09807692307693,13
2021-08-05,Financials,53.17075,20
2021-08-06,Financials,53.1875,6
2021-08-09,Financials,59.46666666666667,15
2021-08-10,Financials,52.066923076923075,13
2021-08-11,Financials,56.80291666666667,12
2021-08-12,Financials,54.273611111111116,18
2021-08-13,Financials,52.95416666666667,12
2021-08-16,Financials,46.36625,16
2021-08-17,Financials,46.85611111111111,18
2021-08-18,Financials,50.66076923076923,13
2021-08-19,Financials,54.833076923076916,13
2021-08-20,Financials,51.548333333333325,6
2021-08-23,Financials,51.7475,14
2021-08-24,Financials,54.795,13
2021-08-25,Financials,53.41416666666667,6
2021-08-26,Financials,46.7785,10
2021-08-27,Financials,53.011153846153846,13
2021-08-30,Financials,59.5775,2
2021-08-31,Financials,56.02590909090909,11
2021-09-01,Financials,60.34909090909091,11
2021-09-02,Financials,56.113249999999994,20
2021-09-03,Financials,57.84649999999999,10
2021-09-07,Financials,51.09315789473684,19
2021-09-08,Financials,51.99730769230769,13
2021-09-09,Financials,40.312045454545455,22
2021-09-10,Financials,53.96136363636364,11
2021-09-13,Financials,52.280833333333334,18
2021-09-14,Financials,56.17545454545454,11
2021-09-15,Financials,49.68473684210526,19
2021-09-16,Financials,52.196875,8
2021-09-17,Financials,56.29750000000001,12
2021-09-20,Financials,46.1185,20
2021-09-21,Financials,49.088055555555556,18
2021-09-22,Financials,49.803333333333335,12
2021-09-23,Financials,55.01444444444444,9
2021-09-24,Financials,52.99166666666667,6
2021-09-27,Financials,57.60596153846154,26
2021-09-28,Financials,58.07029411764705,17
2021-09-29,Financials,47.25333333333333,6
2021-09-30,Financials,53.784000000000006,20
2021-10-01,Financials,55.754,10
2021-10-04,Financials,55.50875,12
2021-10-05,Financials,58.46805555555555,18
2021-10-06,Financials,48.5696875,16
2021-10-07,Financials,52.19625,16
2021-10-08,Financials,56.08857142857143,7
2021-10-11,Financials,52.76560606060605,33
2021-10-12,Financials,55.407272727272726,11
2021-10-13,Financials,62.866551724137935,29
2021-10-14,Financials,60.25609090909091,55
2021-10-15,Financials,61.05902777777778,36
2021-10-18,Financials,46.955862068965516,29
2021-10-19,Financials,50.480000000000004,4
2021-10-20,Financials,49.86388888888889,9
2021-10-21,Financials,49.08125,16
2021-10-22,Financials,52.7395,10
2021-10-25,Financials,56.488055555555555,18
2021-10-26,Financials,60.156666666666666,15
2021-10-27,Financials,52.38695652173914,23
2021-10-28,Financials,53.652499999999996,6
2021-10-29,Financials,57.72428571428571,14
2021-11-01,Financials,58.30785714285714,14
2021-11-02,Financials,53.05,15
2021-11-03,Financials,57.970555555555556,9
2021-11-04,Financials,56.66346153846154,13
2021-11-05,Financials,54.19571428571429,7
2021-11-08,Financials,48.28021739130435,23
2021-11-09,Financials,50.34115384615385,13
2021-11-10,Financials,48.86794117647059,17
2021-11-11,Financials,55.544285714285714,14
2021-11-12,Financials,56.83833333333333,3
2021-11-15,Financials,61.39433333333333,15
2021-11-16,Financials,60.2176923076923,13
2021-11-17,Financials,47.63066666666667,30
2021-11-18,Financials,60.784285714285716,14
2021-11-19,Financials,55.831428571428575,21
2021-11-22,Financials,61.17472222222222,18
2021-11-23,Financials,52.145,17
2021-11-24,Financials,50.39692307692308,13
2021-11-26,Financials,39.870666666666665,15
2021-11-29,Financials,50.1175,16
2021-11-30,Financials,54.11692307692307,13
2021-12-01,Financials,43.819375,8
2021-12-02,Financials,52.91970588235294,17
2021-12-03,Financials,50.275999999999996,10
2021-12-06,Financials,51.535952380952374,21
2021-12-07,Financials,53.78142857142858,21
2021-12-08,Financials,50.74923076923077,13
2021-12-09,Financials,53.27052631578948,19
2021-12-10,Financials,50.1805,10
2021-12-13,Financials,60.22736842105263,19
2021-12-14,Financials,51.70681818181818,11
2021-12-15,Financials,52.68821428571429,14
2021-12-16,Financials,52.86729166666667,24
2021-12-17,Financials,53.302307692307686,13
2021-12-20,Financials,45.91026315789474,19
2021-12-21,Financials,53.6,12
2021-12-22,Financials,52.222857142857144,7
2021-12-23,Financials,52.8134375,16
2021-12-27,Financials,52.55766666666667,15
2021-12-28,Financials,62.29833333333334,3
2021-12-29,Financials,51.544999999999995,9
2021-12-30,Financials,55.62863636363636,11
2021-12-31,Financials,55.867,15
2022-01-03,Financials,58.481875,16
2022-01-04,Financials,57.58704545454545,22
2022-01-05,Financials,55.403333333333336,12
2022-01-06,Financials,53.05766666666667,15
2022-01-07,Financials,55.07,15
2022-01-10,Financials,55.280540540540535,37
2022-01-11,Financials,63.73,12
2022-01-12,Financials,60.250151515151515,33
2022-01-13,Financials,51.895,44
2022-01-14,Financials,51.27134615384615,52
2022-01-18,Financials,52.63787234042553,94
2022-01-19,Financials,58.02193548387097,62
2022-01-20,Financials,55.87568181818181,22
2022-01-21,Financials,61.096296296296295,27
2022-01-24,Financials,54.24763157894736,19
2022-01-25,Financials,56.928000000000004,25
2022-01-26,Financials,52.113125,16
2022-01-27,Financials,58.99115384615384,26
2022-01-28,Financials,54.61523255813953,43
2022-01-31,Financials,53.428,15
2022-02-01,Financials,50.78619047619048,21
2022-02-02,Financials,58.338461538461544,13
2022-02-03,Financials,56.481249999999996,12
2022-02-04,Financials,59.86705882352941,17
2022-02-07,Financials,53.05125,16
2022-02-08,Financials,61.02588235294118,17
2022-02-09,Financials,55.60142857142857,14
2022-02-10,Financials,49.8253125,16
2022-02-11,Financials,48.03458333333333,12
2022-02-14,Financials,47.7196,25
2022-02-15,Financials,55.675333333333334,15
2022-02-16,Financials,51.00380952380952,21
2022-02-17,Financials,42.78232142857143,28
2022-02-18,Financials,50.52666666666667,18
2022-02-22,Financials,46.76916666666667,18
2022-02-23,Financials,53.84411764705882,17
2022-02-24,Financials,51.84131578947368,19
2022-02-25,Financials,51.3534375,16
2022-02-28,Financials,50.500142857142855,35
2022-03-01,Financials,48.746206896551726,29
2022-03-02,Financials,57.611538461538466,13
2022-03-03,Financials,53.95863636363636,11
2022-03-04,Financials,48.8375,14
2022-03-07,Financials,51.08533333333333,30
2022-03-08,Financials,58.04038461538461,13
2022-03-09,Financials,54.7625,16
2022-03-10,Financials,51.640952380952385,21
2022-03-11,Financials,51.75181818181818,11
2022-03-14,Financials,56.608695652173914,23
2022-03-15,Financials,45.1445,20
2022-03-16,Financials,52.89107142857143,14
2022-03-17,Financials,51.45625,16
2022-03-18,Financials,55.868125000000006,8
2022-03-21,Financials,51.92823529411765,17
2022-03-22,Financials,54.5275,8
2022-03-23,Financials,59.635555555555555,9
2022-03-24,Financials,53.480526315789476,19
2022-03-25,Financials,53.6625,16
2022-03-28,Financials,54.040600000000005,25
2022-03-29,Financials,56.718666666666664,15
2022-03-30,Financials,53.254583333333336,12
2022-03-31,Financials,52.751333333333335,15
2022-04-01,Financials,59.30586206896551,29
2022-04-04,Financials,50.696666666666665,24
2022-04-05,Financials,51.16972222222223,18
2022-04-06,Financials,55.83230769230769,13
2022-04-07,Financials,51.83522727272727,22
2022-04-08,Financials,56.49306451612903,31
2022-04-11,Financials,52.743125,40
2022-04-12,Financials,53.80153846153847,26
2022-04-13,Financials,59.58847222222222,36
2022-04-14,Financials,56.41957831325301,83
2022-04-18,Financials,60.12259259259259,27
2022-04-19,Financials,62.20913043478261,23
2022-04-20,Financials,53.056363636363635,11
2022-04-21,Financials,52.65642857142858,14
2022-04-22,Financials,59.54473684210526,19
2022-04-25,Financials,51.97116666666667,30
2022-04-26,Financials,56.245535714285715,28
2022-04-27,Financials,55.88730769230769,26
2022-04-28,Financials,58.975277777777784,18
2022-04-29,Financials,54.54,5
2022-05-02,Financials,46.971428571428575,14
2022-05-03,Financials,51.21423076923077,13
2022-05-04,Financials,52.672142857142866,7
2022-05-05,Financials,52.99346153846154,13
2022-05-06,Financials,43.677,20
2022-05-09,Financials,54.76615384615385,13
2022-05-10,Financials,50.03923076923077,13
2022-05-11,Financials,54.22107142857143,14
2022-05-12,Financials,49.06136363636363,11
2022-05-13,Financials,53.44428571428571,21
2022-05-16,Financials,45.41681818181818,22
2022-05-17,Financials,52.566315789473684,19
2022-05-18,Financials,48.49208333333333,12
2022-05-19,Financials,54.63472222222222,18
2022-05-20,Financials,48.942,10
2022-05-23,Financials,55.49547619047619,21
2022-05-24,Financials,53.32423076923077,13
2022-05-25,Financials,51.455,5
2022-05-26,Financials,54.28764705882353,17
2022-05-27,Financials,54.77357142857142,7
2022-05-31,Financials,48.99411764705882,17
2022-06-01,Financials,58.775999999999996,15
2022-06-02,Financials,48.10227272727273,11
2022-06-03,Financials,50.18666666666667,9
2022-06-06,Financials,62.41392857142857,14
2022-06-07,Financials,51.25115384615385,13
2022-06-08,Financials,53.545,10
2022-06-09,Financials,53.025454545454544,11
2022-06-10,Financials,55.3075,14
2022-06-13,Financials,55.76607142857143,14
2022-06-14,Financials,46.50152173913043,23
2022-06-15,Financials,54.462999999999994,15
2022-06-16,Financials,50.85527777777778,18
2022-06-17,Financials,48.32961538461538,13
2022-06-21,Financials,52.223461538461535,26
2022-06-22,Financials,56.010000000000005,8
2022-06-23,Financials,52.0176,25
2022-06-24,Financials,60.48204545454546,22
2022-06-27,Financials,51.34037037037037,27
2022-06-28,Financials,51.50576923076923,26
2022-06-29,Financials,53.765,15
2022-06-30,Financials,52.87888888888889,18
2022-07-01,Financials,51.964999999999996,10
2022-07-05,Financials,53.61875,16
2022-07-06,Financials,47.99090909090909,11
2022-07-07,Financials,52.28764705882353,17
2022-07-08,Financials,47.941153846153846,13
2022-07-11,Financials,50.60638888888889,36
2022-07-12,Financials,39.47931818181818,22
2022-07-13,Financials,44.23,23
2022-07-14,Financials,42.975500000000004,50
2022-07-15,Financials,52.78672727272727,55
2022-07-18,Financials,54.28363636363636,55
2022-07-19,Financials,53.3603125,16
2022-07-20,Financials,53.57000000000001,10
2022-07-21,Financials,51.125625,8
2022-07-22,Financials,54.8171875,16
2022-07-25,Financials,49.13666666666667,18
2022-07-26,Financials,55.325,10
2022-07-27,Financials,53.217499999999994,10
2022-07-28,Financials,49.54545454545455,22
2022-07-29,Financials,51.47045454545455,11
2022-08-01,Financials,52.945,9
2022-08-02,Financials,49.24791666666667,12
2022-08-03,Financials,56.705,8
2022-08-04,Financials,53.532222222222224,9
2022-08-05,Financials,60.00333333333333,6
2022-08-08,Financials,52.738125,16
2022-08-09,Financials,50.56999999999999,6
2022-08-10,Financials,54.04875,16
2022-08-11,Financials,48.606875,8
2022-08-12,Financials,60.55799999999999,10
2022-08-15,Financials,51.99181818181818,11
2022-08-16,Financials,50.08583333333333,6
2022-08-17,Financials,53.39,9
2022-08-18,Financials,56.5875,14
2022-08-19,Financials,56.624,10
2022-08-22,Financials,55.5009375,16
2022-08-23,Financials,56.69428571428572,7
2022-08-24,Financials,54.408,10
2022-08-25,Financials,58.201071428571424,14
2022-08-26,Financials,53.33111111111111,9
2022-08-29,Financials,50.933076923076925,13
2022-08-30,Financials,48.2705,10
2022-08-31,Financials,54.48346153846153,13
2022-09-01,Financials,56.45692307692308,13
2022-09-02,Financials,54.93566666666666,15
2022-09-06,Financials,51.360263157894735,19
2022-09-07,Financials,51.04944444444445,9
2022-09-08,Financials,55.123125,8
2022-09-09,Financials,53.2395,10
2022-09-12,Financials,51.190000000000005,16
2022-09-13,Financials,52.039090909090916,11
2022-09-14,Financials,52.074285714285715,21
2022-09-15,Financials,52.28392857142857,14
2022-09-16,Financials,48.52384615384615,13
2022-09-19,Financials,49.423571428571435,14
2022-09-20,Financials,43.45642857142857,14
2022-09-21,Financials,51.220000000000006,10
2022-09-22,Financials,48.342,15
2022-09-23,Financials,49.83041666666667,12
2022-09-26,Financials,56.550312500000004,16
2022-09-27,Financials,47.72775,20
2022-09-28,Financials,48.978235294117646,17
2022-09-29,Financials,50.59847826086956,23
2022-09-30,Financials,57.292142857142856,7
2022-10-03,Financials,56.0825,12
2022-10-04,Financials,61.547380952380955,21
2022-10-05,Financials,49.653181818181814,11
2022-10-06,Financials,51.72684210526316,19
2022-10-07,Financials,48.059,15
2022-10-10,Financials,49.653076923076924,26
2022-10-11,Financials,48.16404761904762,21
2022-10-12,Financials,51.08291666666667,12
2022-10-13,Financials,50.2535294117647,17
2022-10-14,Financials,52.09318181818182,66
2022-10-17,Financials,57.58257575757575,33
2022-10-18,Financials,58.114125,40
2022-10-19,Financials,54.74370370370371,27
2022-10-20,Financials,53.777272727272724,11
2022-10-21,Financials,55.305,14
2022-10-24,Financials,52.99821428571429,14
2022-10-25,Financials,59.275555555555556,18
2022-10-26,Financials,49.15588235294118,17
2022-10-27,Financials,54.328529411764706,17
2022-10-28,Financials,52.22666666666667,9
2022-10-31,Financials,56.817,15
2022-11-01,Financials,46.26500000000001,9
2022-11-02,Financials,54.13181818181818,11
2022-11-03,Financials,50.69277777777778,9
2022-11-04,Financials,58.885,7
2022-11-07,Financials,55.78099999999999,10
2022-11-08,Financials,50.83142857142857,7
2022-11-09,Financials,55.094166666666666,6
2022-11-10,Financials,52.515,9
2022-11-11,Financials,54.75625,8
2022-11-14,Financials,53.4978125,16
2022-11-15,Financials,60.81142857142857,7
2022-11-16,Financials,57.899,15
2022-11-17,Financials,56.21653846153846,13
2022-11-18,Financials,54.6,8
2022-11-21,Financials,56.27368421052632,19
2022-11-22,Financials,51.939499999999995,10
2022-11-23,Financials,50.18857142857143,7
2022-11-25,Financials,55.69307692307692,13
2022-11-28,Financials,51.07,12
2022-11-29,Financials,58.178125,8
2022-11-30,Financials,53.08200000000001,10
2022-12-01,Financials,46.41625,16
2022-12-02,Financials,58.86375,16
2022-12-05,Financials,58.87136363636364,11
2022-12-06,Financials,43.00638888888889,18
2022-12-07,Financials,45.16339285714286,28
2022-12-08,Financials,50.518846153846155,13
2022-12-09,Financials,46.44772727272727,11
2022-12-12,Financials,56.22630434782609,23
2022-12-13,Financials,56.30375,8
2022-12-14,Financials,50.88090909090909,11
2022-12-15,Financials,61.52464285714286,14
2022-12-16,Financials,46.910625,8
2022-12-19,Financials,52.95525,20
2022-12-20,Financials,59.125882352941176,17
2022-12-21,Financials,53.785000000000004,14
2022-12-22,Financials,62.52291666666667,12
2022-12-23,Financials,53.140499999999996,10
2022-12-27,Financials,53.020833333333336,12
2022-12-28,Financials,53.11136363636364,11
2022-12-29,Financials,50.28,12
2022-12-30,Financials,56.93666666666667,3
2023-01-03,Financials,52.29027777777778,18
2023-01-04,Financials,56.135,14
2023-01-05,Financials,51.846333333333334,15
2023-01-06,Financials,48.6976923076923,13
2023-01-09,Financials,53.8442,25
2023-01-10,Financials,49.379799999999996,25
2023-01-11,Financials,51.04020833333333,24
2023-01-12,Financials,53.65130434782609,23
2023-01-13,Financials,53.462812500000005,48
2023-01-17,Financials,49.81165,100
2023-01-18,Financials,54.69711538461539,26
2023-01-19,Financials,53.92272727272727,22
2023-01-20,Financials,53.539791666666666,24
2023-01-23,Financials,52.70595238095238,21
2023-01-24,Financials,54.94449999999999,10
2023-01-25,Financials,55.57636363636364,22
2023-01-26,Financials,56.648714285714284,35
2023-01-27,Financials,53.53534482758621,29
2023-01-30,Financials,50.923,20
2023-01-31,Financials,52.39541666666667,12
2023-02-01,Financials,53.38583333333333,6
2023-02-02,Financials,54.74952380952381,21
2023-02-03,Financials,57.476,15
2023-02-06,Financials,50.35026315789474,19
2023-02-07,Financials,56.2678947368421,19
2023-02-08,Financials,50.568125,16
2023-02-09,Financials,50.78066666666666,15
2023-02-10,Financials,56.71666666666667,6
2023-02-13,Financials,54.257777777777775,9
2023-02-14,Financials,56.12925,20
2023-02-15,Financials,40.413333333333334,15
2023-02-16,Financials,50.182,15
2023-02-17,Financials,54.69785714285714,14
2023-02-21,Financials,49.23083333333333,18
2023-02-22,Financials,51.2625,16
2023-02-23,Financials,55.940714285714286,14
2023-02-24,Financials,56.605000000000004,15
2023-02-27,Financials,54.707142857142856,21
2023-02-28,Financials,50.5259375,16
2023-03-01,Financials,51.89657894736842,19
2023-03-02,Financials,56.88928571428571,14
2023-03-03,Financials,48.92999999999999,15
2023-03-06,Financials,48.103529411764704,17
2023-03-07,Financials,52.575,15
2023-03-08,Financials,54.42369565217391,23
2023-03-09,Financials,53.35033333333333,15
2023-03-10,Financials,48.121521739130436,23
2023-03-13,Financials,48.112222222222215,45
2023-03-14,Financials,57.88111111111111,27
2023-03-15,Financials,48.498269230769225,26
2023-03-16,Financials,45.19576923076923,26
2023-03-17,Financials,46.29803571428572,28
2023-03-20,Financials,45.769999999999996,40
2023-03-21,Financials,52.91578947368421,19
2023-03-22,Financials,55.64333333333333,21
2023-03-23,Financials,53.18190476190476,21
2023-03-24,Financials,46.048125,24
2023-03-27,Financials,52.87810344827586,29
2023-03-28,Financials,53.993125,16
2023-03-29,Financials,55.30425,20
2023-03-30,Financials,53.69323529411764,17
2023-03-31,Financials,52.966538461538455,13
2023-04-03,Financials,51.85214285714285,28
2023-04-04,Financials,51.235862068965524,29
2023-04-05,Financials,51.67236842105263,19
2023-04-06,Financials,49.753,15
2023-04-10,Financials,51.21976744186046,43
2023-04-11,Financials,54.565,28
2023-04-12,Financials,55.34379310344828,29
2023-04-13,Financials,51.31458333333333,36
2023-04-14,Financials,53.815363636363635,55
2023-04-17,Financials,54.527323943661976,71
2023-04-18,Financials,55.85260869565217,46
2023-04-19,Financials,58.009516129032264,62
2023-04-20,Financials,54.08790697674419,43
2023-04-21,Financials,56.261875,8
2023-04-24,Financials,53.911764705882355,34
2023-04-25,Financials,51.98351851851852,27
2023-04-26,Financials,58.12651515151515,33
2023-04-27,Financials,57.170833333333334,18
2023-04-28,Financials,48.093529411764706,17
2023-05-01,Financials,49.412,25
2023-05-02,Financials,50.0525,22
2023-05-03,Financials,54.910714285714285,14
2023-05-04,Financials,54.45022727272727,22
2023-05-05,Financials,55.82636363636364,11
2023-05-08,Financials,52.125277777777775,18
2023-05-09,Financials,45.911944444444444,18
2023-05-10,Financials,48.88766666666666,15
2023-05-11,Financials,48.20727272727272,11
2023-05-12,Financials,51.51533333333334,15
2023-05-15,Financials,48.5175,28
2023-05-16,Financials,45.28,24
2023-05-17,Financials,54.13857142857143,21
2023-05-18,Financials,55.7075,12
2023-05-19,Financials,49.89041666666666,24
2023-05-22,Financials,53.802608695652175,23
2023-05-23,Financials,55.61964285714286,14
2023-05-24,Financials,45.7090625,16
2023-05-25,Financials,48.50366666666667,15
2023-05-26,Financials,54.99923076923077,13
2023-05-30,Financials,51.36390625,32
2023-05-31,Financials,51.96104166666667,24
2023-06-01,Financials,53.98636363636364,22
2023-06-02,Financials,46.242954545454545,22
2023-06-05,Financials,48.78793103448275,29
2023-06-06,Financials,60.57694444444444,18
2023-06-07,Financials,51.66925,20
2023-06-08,Financials,54.48166666666667,21
2023-06-09,Financials,52.81904761904762,21
2023-06-12,Financials,52.28333333333333,36
2023-06-13,Financials,61.885555555555555,27
2023-06-14,Financials,49.5894,25
2023-06-15,Financials,55.649,15
2023-06-16,Financials,52.912749999999996,20
2023-06-20,Financials,52.45882352941176,34
2023-06-21,Financials,49.0326,25
2023-06-22,Financials,51.72233333333334,15
2023-06-23,Financials,50.50846153846154,13
2023-06-26,Financials,52.40081081081081,37
2023-06-27,Financials,57.447500000000005,18
2023-06-28,Financials,53.9868,25
2023-06-29,Financials,58.927608695652175,46
2023-06-30,Financials,54.042857142857144,21
2023-07-03,Financials,53.4625,34
2023-07-05,Financials,53.65708333333333,36
2023-07-06,Financials,47.26942307692308,26
2023-07-07,Financials,55.269137931034486,29
2023-07-10,Financials,51.74360465116279,43
2023-07-11,Financials,58.04677419354839,31
2023-07-12,Financials,51.292068965517245,29
2023-07-13,Financials,50.81666666666667,33
2023-07-14,Financials,57.15175,60
2023-07-17,Financials,51.80045454545454,66
2023-07-18,Financials,54.908125000000005,72
2023-07-19,Financials,54.95471830985915,71
2023-07-20,Financials,58.98405405405405,37
2023-07-21,Financials,50.31333333333333,24
2023-07-24,Financials,54.11366666666667,30
2023-07-25,Financials,58.079354838709676,31
2023-07-26,Financials,53.107000000000006,40
2023-07-27,Financials,58.52307692307692,26
2023-07-28,Financials,52.87805555555556,18
2023-07-31,Financials,57.53483333333333,30
2023-08-01,Financials,55.3225,22
2023-08-02,Financials,45.8253125,16
2023-08-03,Financials,53.43961538461539,13
2023-08-04,Financials,55.10999999999999,12
2023-08-07,Financials,49.2584,25
2023-08-08,Financials,39.91815789473684,38
2023-08-09,Financials,48.60763157894737,19
2023-08-10,Financials,48.962857142857146,14
2023-08-11,Financials,55.235,10
2023-08-14,Financials,54.672592592592586,27
2023-08-15,Financials,43.342962962962964,27
2023-08-16,Financials,50.4940625,16
2023-08-17,Financials,51.01277777777778,18
2023-08-18,Financials,53.76875,20
2023-08-21,Financials,55.71484375,32
2023-08-22,Financials,51.693333333333335,18
2023-08-23,Financials,55.84096774193548,31
2023-08-24,Financials,53.723,15
2023-08-25,Financials,49.462500000000006,18
2023-08-28,Financials,52.63073529411764,34
2023-08-29,Financials,45.39769230769231,13
2023-08-30,Financials,53.8714705882353,17
2023-08-31,Financials,52.34425,20
2023-09-01,Financials,50.21192307692308,13
2023-09-05,Financials,53.06108108108108,37
2023-09-06,Financials,58.895625,16
2023-09-07,Financials,53.506400000000006,25
2023-09-08,Financials,51.13772727272727,22
2023-09-11,Financials,53.926875,32
2023-09-12,Financials,60.11375,20
2023-09-13,Financials,53.24095238095238,21
2023-09-14,Financials,56.99731707317073,41
2023-09-15,Financials,56.095238095238095,21
2023-09-18,Financials,56.9202380952381,21
2023-09-19,Financials,50.3515625,16
2023-09-20,Financials,54.36083333333333,18
2023-09-21,Financials,49.717619047619046,21
2023-09-22,Financials,49.99321428571428,14
2023-09-25,Financials,51.90857142857143,21
2023-09-26,Financials,51.71222222222222,27
2023-09-27,Financials,52.188947368421054,19
2023-09-28,Financials,54.458333333333336,21
2023-09-29,Financials,47.90208333333334,12
2023-10-02,Financials,52.22822580645161,31
2023-10-03,Financials,54.5224,25
2023-10-04,Financials,53.3685,10
2023-10-05,Financials,52.46875,20
2023-10-06,Financials,56.71275000000001,20
2023-10-09,Financials,54.28196428571429,28
2023-10-10,Financials,59.131904761904764,21
2023-10-11,Financials,52.29428571428572,21
2023-10-12,Financials,54.57934210526315,38
2023-10-13,Financials,53.700980392156865,51
2023-10-16,Financials,57.39694444444444,54
2023-10-17,Financials,54.255333333333326,45
2023-10-18,Financials,47.315703125,64
2023-10-19,Financials,56.34969696969697,33
2023-10-20,Financials,54.47625000000001,20
2023-10-23,Financials,49.25952380952381,21
2023-10-24,Financials,55.644375000000004,16
2023-10-25,Financials,53.666999999999994,20
2023-10-26,Financials,57.303124999999994,16
2023-10-27,Financials,52.85576923076923,13
2023-10-30,Financials,53.852666666666664,15
2023-10-31,Financials,55.53433333333333,15
2023-11-01,Financials,52.445454545454545,11
2023-11-02,Financials,53.995000000000005,17
2023-11-03,Financials,53.379444444444445,9
2023-11-06,Financials,52.76478260869565,23
2023-11-07,Financials,52.204375,8
2023-11-08,Financials,50.45636363636363,11
2023-11-09,Financials,53.642500000000005,24
2023-11-10,Financials,49.086818181818174,11
2023-11-13,Financials,51.221296296296295,27
2023-11-14,Financials,56.40729166666667,24
2023-11-15,Financials,58.14,9
2023-11-16,Financials,51.300357142857145,14
2023-11-17,Financials,54.70653846153846,13
2023-11-20,Financials,50.150238095238095,21
2023-11-21,Financials,52.94916666666666,12
2023-11-22,Financials,52.53236842105263,19
2023-11-24,Financials,55.0258,25
2023-11-27,Financials,54.14520833333333,24
2023-11-28,Financials,53.027272727272724,11
2023-11-29,Financials,56.41027777777778,18
2023-11-30,Financials,55.299375,16
2023-12-01,Financials,52.25944444444444,18
2023-12-04,Financials,58.37928571428571,28
2023-12-05,Financials,59.54575,20
2023-12-06,Financials,50.1178125,16
2023-12-07,Financials,56.291,10
2023-12-08,Financials,55.126666666666665,12
2023-12-11,Financials,52.585,42
2023-12-12,Financials,57.792857142857144,28
2023-12-13,Financials,54.08340909090909,22
2023-12-14,Financials,50.367222222222225,9
2023-12-15,Financials,59.27,17
2023-12-18,Financials,54.3196,25
2020-01-02,Healthcare,58.01586956521739,23
2020-01-03,Healthcare,53.13249999999999,6
2020-01-06,Healthcare,57.30708333333333,12
2020-01-07,Healthcare,55.019999999999996,15
2020-01-08,Healthcare,57.35269230769231,13
2020-01-09,Healthcare,52.785624999999996,8
2020-01-10,Healthcare,51.317499999999995,12
2020-01-13,Healthcare,53.32916666666667,24
2020-01-14,Healthcare,52.29055555555556,9
2020-01-15,Healthcare,61.61708333333333,12
2020-01-16,Healthcare,60.317499999999995,8
2020-01-17,Healthcare,54.04590909090909,11
2020-01-21,Healthcare,50.730952380952374,21
2020-01-22,Healthcare,57.16307692307692,13
2020-01-23,Healthcare,52.012249999999995,20
2020-01-24,Healthcare,51.339642857142856,14
2020-01-27,Healthcare,55.43260869565218,23
2020-01-28,Healthcare,49.08291666666667,12
2020-01-29,Healthcare,52.94541666666667,12
2020-01-30,Healthcare,54.3165625,16
2020-01-31,Healthcare,51.376400000000004,25
2020-02-03,Healthcare,54.981764705882355,51
2020-02-04,Healthcare,52.13673076923077,26
2020-02-05,Healthcare,53.5554,50
2020-02-06,Healthcare,54.723,25
2020-02-07,Healthcare,58.6492,25
2020-02-10,Healthcare,53.325,25
2020-02-11,Healthcare,49.279117647058825,17
2020-02-12,Healthcare,57.449666666666666,15
2020-02-13,Healthcare,54.1325,14
2020-02-14,Healthcare,59.76571428571429,7
2020-02-18,Healthcare,51.278,30
2020-02-19,Healthcare,50.085,19
2020-02-20,Healthcare,58.13863636363636,11
2020-02-21,Healthcare,55.73428571428571,14
2020-02-24,Healthcare,52.91392857142857,28
2020-02-25,Healthcare,53.44833333333333,24
2020-02-26,Healthcare,53.990625,32
2020-02-27,Healthcare,54.758108108108104,37
2020-02-28,Healthcare,45.464629629629634,27
2020-03-02,Healthcare,54.10054347826087,46
2020-03-03,Healthcare,51.601052631578945,19
2020-03-04,Healthcare,56.85,23
2020-03-05,Healthcare,50.50477272727273,22
2020-03-06,Healthcare,52.84263157894737,19
2020-03-09,Healthcare,54.82794117647059,34
2020-03-10,Healthcare,53.35921052631579,19
2020-03-11,Healthcare,54.994772727272725,22
2020-03-12,Healthcare,48.56119047619048,21
2020-03-13,Healthcare,57.134,15
2020-03-16,Healthcare,52.51238095238095,21
2020-03-17,Healthcare,55.74675,20
2020-03-18,Healthcare,54.6634,25
2020-03-19,Healthcare,53.952708333333334,24
2020-03-20,Healthcare,51.17763157894737,19
2020-03-23,Healthcare,55.26733333333333,30
2020-03-24,Healthcare,53.13433333333333,15
2020-03-25,Healthcare,49.87395833333333,24
2020-03-26,Healthcare,53.046578947368424,19
2020-03-27,Healthcare,57.406363636363636,11
2020-03-30,Healthcare,56.22529411764706,34
2020-03-31,Healthcare,53.94027777777777,18
2020-04-01,Healthcare,49.801923076923075,13
2020-04-02,Healthcare,59.41814814814815,27
2020-04-03,Healthcare,56.580357142857146,14
2020-04-06,Healthcare,55.58608695652174,46
2020-04-07,Healthcare,54.5378125,32
2020-04-08,Healthcare,57.66236842105263,19
2020-04-09,Healthcare,51.623125,16
2020-04-13,Healthcare,51.1633,50
2020-04-14,Healthcare,58.901785714285715,14
2020-04-15,Healthcare,48.02961538461538,26
2020-04-16,Healthcare,57.21991379310345,58
2020-04-17,Healthcare,58.74932989690722,97
2020-04-20,Healthcare,53.05149253731343,67
2020-04-21,Healthcare,53.82833333333333,21
2020-04-22,Healthcare,56.33616666666667,30
2020-04-23,Healthcare,52.501271186440675,59
2020-04-24,Healthcare,46.7803,50
2020-04-27,Healthcare,52.65568965517241,58
2020-04-28,Healthcare,51.79340909090909,44
2020-04-29,Healthcare,57.300865384615385,104
2020-04-30,Healthcare,57.28180722891567,83
2020-05-01,Healthcare,54.11488095238095,84
2020-05-04,Healthcare,52.0993137254902,51
2020-05-05,Healthcare,55.498000000000005,35
2020-05-06,Healthcare,53.11515625,32
2020-05-07,Healthcare,55.62833333333333,24
2020-05-08,Healthcare,52.868125,32
2020-05-11,Healthcare,53.65651785714285,56
2020-05-12,Healthcare,50.431739130434785,23
2020-05-13,Healthcare,51.822884615384616,52
2020-05-14,Healthcare,51.146428571428565,28
2020-05-15,Healthcare,47.915749999999996,40
2020-05-18,Healthcare,54.43241935483871,31
2020-05-19,Healthcare,57.5415625,16
2020-05-20,Healthcare,58.11451612903225,31
2020-05-21,Healthcare,56.0071052631579,19
2020-05-22,Healthcare,53.86354166666666,24
2020-05-26,Healthcare,54.37803278688524,61
2020-05-27,Healthcare,48.06909090909091,22
2020-05-28,Healthcare,52.183181818181815,22
2020-05-29,Healthcare,57.97295454545454,22
2020-06-01,Healthcare,54.019999999999996,61
2020-06-02,Healthcare,52.600833333333334,24
2020-06-03,Healthcare,52.84285714285714,21
2020-06-04,Healthcare,53.69861111111111,18
2020-06-05,Healthcare,52.56699999999999,10
2020-06-08,Healthcare,52.56758620689655,29
2020-06-09,Healthcare,51.75533333333333,15
2020-06-10,Healthcare,54.455999999999996,20
2020-06-11,Healthcare,60.43857142857143,14
2020-06-12,Healthcare,56.565909090909095,11
2020-06-15,Healthcare,52.266578947368416,19
2020-06-16,Healthcare,49.65,11
2020-06-17,Healthcare,47.20055555555555,9
2020-06-18,Healthcare,57.499375,8
2020-06-19,Healthcare,55.06611111111111,9
2020-06-22,Healthcare,55.08958333333334,12
2020-06-23,Healthcare,51.44642857142857,14
2020-06-24,Healthcare,51.7325,8
2020-06-25,Healthcare,52.24041666666667,12
2020-06-26,Healthcare,48.702,10
2020-06-29,Healthcare,55.38384615384616,26
2020-06-30,Healthcare,50.59,8
2020-07-01,Healthcare,59.58375,16
2020-07-02,Healthcare,52.7475,8
2020-07-06,Healthcare,52.324464285714285,28
2020-07-07,Healthcare,53.65,11
2020-07-08,Healthcare,53.59647058823529,17
2020-07-09,Healthcare,55.401428571428575,7
2020-07-10,Healthcare,53.18660714285714,28
2020-07-13,Healthcare,57.333928571428565,14
2020-07-14,Healthcare,57.86,8
2020-07-15,Healthcare,61.976,5
2020-07-16,Healthcare,56.62346153846154,13
2020-07-17,Healthcare,54.938181818181825,11
2020-07-20,Healthcare,53.37928571428571,7
2020-07-21,Healthcare,55.456,15
2020-07-22,Healthcare,55.184000000000005,5
2020-07-23,Healthcare,49.15571428571428,7
2020-07-24,Healthcare,51.821000000000005,10
2020-07-27,Healthcare,50.544642857142854,14
2020-07-28,Healthcare,54.57607142857143,14
2020-07-29,Healthcare,49.42727272727273,11
2020-07-30,Healthcare,50.01727272727273,11
2020-07-31,Healthcare,49.97957142857143,35
2020-08-03,Healthcare,53.504375,24
2020-08-04,Healthcare,50.33863636363637,11
2020-08-05,Healthcare,56.47166666666667,3
2020-08-06,Healthcare,60.266818181818174,11
2020-08-07,Healthcare,54.058461538461536,13
2020-08-10,Healthcare,50.5725,8
2020-08-11,Healthcare,58.254999999999995,6
2020-08-12,Healthcare,50.96875,4
2020-08-13,Healthcare,42.505,5
2020-08-14,Healthcare,50.343333333333334,3
2020-08-17,Healthcare,50.765,8
2020-08-18,Healthcare,48.402499999999996,6
2020-08-19,Healthcare,58.84617647058823,17
2020-08-20,Healthcare,51.487857142857145,7
2020-08-21,Healthcare,50.594,5
2020-08-24,Healthcare,58.689166666666665,6
2020-08-25,Healthcare,55.24875000000001,20
2020-08-26,Healthcare,53.967999999999996,10
2020-08-27,Healthcare,53.11694444444444,36
2020-08-28,Healthcare,54.56321428571429,14
2020-08-31,Healthcare,54.069375,16
2020-09-01,Healthcare,51.729285714285716,21
2020-09-02,Healthcare,48.898125,8
2020-09-03,Healthcare,50.019,10
2020-09-04,Healthcare,51.82909090909091,11
2020-09-08,Healthcare,54.537000000000006,15
2020-09-09,Healthcare,58.263888888888886,9
2020-09-10,Healthcare,69.19500000000001,1
2020-09-11,Healthcare,48.284642857142856,14
2020-09-14,Healthcare,59.89589743589744,39
2020-09-15,Healthcare,53.324999999999996,14
2020-09-16,Healthcare,50.086666666666666,3
2020-09-17,Healthcare,52.22153846153846,13
2020-09-18,Healthcare,51.60730769230769,13
2020-09-21,Healthcare,48.19777777777777,9
2020-09-22,Healthcare,68.63900000000001,5
2020-09-23,Healthcare,54.038,5
2020-09-24,Healthcare,41.69625,4
2020-09-25,Healthcare,64.135,5
2020-09-28,Healthcare,47.652499999999996,14
2020-09-29,Healthcare,51.56909090909091,11
2020-09-30,Healthcare,56.265625,8
2020-10-01,Healthcare,52.66076923076923,13
2020-10-02,Healthcare,44.42083333333333,6
2020-10-05,Healthcare,53.522749999999995,20
2020-10-06,Healthcare,49.550625,8
2020-10-07,Healthcare,54.495999999999995,15
2020-10-08,Healthcare,47.53611111111111,18
2020-10-09,Healthcare,52.660000000000004,7
2020-10-12,Healthcare,53.80529411764706,17
2020-10-13,Healthcare,50.829375,8
2020-10-14,Healthcare,53.88454545454545,11
2020-10-15,Healthcare,55.44349999999999,10
2020-10-16,Healthcare,52.9378125,16
2020-10-19,Healthcare,53.18175,20
2020-10-20,Healthcare,59.17277777777778,9
2020-10-21,Healthcare,56.09166666666667,9
2020-10-22,Healthcare,48.22071428571429,7
2020-10-23,Healthcare,56.95608695652174,23
2020-10-26,Healthcare,52.6678125,16
2020-10-27,Healthcare,56.005833333333335,12
2020-10-28,Healthcare,54.70869565217391,23
2020-10-29,Healthcare,56.82631578947369,19
2020-10-30,Healthcare,53.666666666666664,15
2020-11-02,Healthcare,56.41295454545455,22
2020-11-03,Healthcare,53.221000000000004,10
2020-11-04,Healthcare,55.808076923076925,13
2020-11-05,Healthcare,49.95045454545455,11
2020-11-06,Healthcare,50.40833333333333,3
2020-11-09,Healthcare,61.444545454545455,11
2020-11-10,Healthcare,54.2385,10
2020-11-11,Healthcare,54.6275,4
2020-11-12,Healthcare,54.01,3
2020-11-13,Healthcare,59.11625,4
2020-11-16,Healthcare,51.06333333333333,21
2020-11-17,Healthcare,45.338,10
2020-11-18,Healthcare,60.24611111111111,9
2020-11-19,Healthcare,52.415625,8
2020-11-20,Healthcare,52.130384615384614,13
2020-11-23,Healthcare,56.251250000000006,20
2020-11-24,Healthcare,53.28166666666667,3
2020-11-25,Healthcare,48.86333333333334,6
2020-11-27,Healthcare,45.441428571428574,7
2020-11-30,Healthcare,51.591818181818184,11
2020-12-01,Healthcare,61.57000000000001,5
2020-12-02,Healthcare,50.903333333333336,12
2020-12-03,Healthcare,62.80166666666667,3
2020-12-04,Healthcare,56.32625,8
2020-12-07,Healthcare,50.598571428571425,7
2020-12-08,Healthcare,53.544999999999995,6
2020-12-09,Healthcare,49.71,3
2020-12-10,Healthcare,53.469166666666666,12
2020-12-11,Healthcare,57.075,13
2020-12-14,Healthcare,54.54,12
2020-12-15,Healthcare,53.472857142857144,7
2020-12-16,Healthcare,59.00333333333333,9
2020-12-17,Healthcare,59.74769230769231,13
2020-12-18,Healthcare,50.455,4
2020-12-21,Healthcare,58.4975,6
2020-12-22,Healthcare,46.507777777777775,18
2020-12-23,Healthcare,56.72366666666667,15
2020-12-24,Healthcare,70.76166666666667,3
2020-12-28,Healthcare,56.758,10
2020-12-29,Healthcare,50.81142857142857,7
2020-12-30,Healthcare,61.262499999999996,2
2020-12-31,Healthcare,56.480000000000004,8
2021-01-04,Healthcare,55.14541666666667,12
2021-01-05,Healthcare,53.5225,6
2021-01-06,Healthcare,52.050000000000004,6
2021-01-07,Healthcare,47.215,12
2021-01-08,Healthcare,51.42,2
2021-01-11,Healthcare,53.291000000000004,15
2021-01-12,Healthcare,59.01083333333333,12
2021-01-13,Healthcare,52.111000000000004,10
2021-01-14,Healthcare,54.019285714285715,7
2021-01-15,Healthcare,57.46900000000001,5
2021-01-19,Healthcare,53.07333333333333,12
2021-01-20,Healthcare,64.62875,4
2021-01-21,Healthcare,50.095,4
2021-01-22,Healthcare,50.0,2
2021-01-25,Healthcare,53.4446,25
2021-01-26,Healthcare,52.44625,16
2021-01-27,Healthcare,56.22416666666666,12
2021-01-28,Healthcare,57.035000000000004,8
2021-01-29,Healthcare,50.413333333333334,6
2021-02-01,Healthcare,58.725,11
2021-02-02,Healthcare,51.63,16
2021-02-03,Healthcare,56.662083333333335,24
2021-02-04,Healthcare,48.37868421052631,19
2021-02-05,Healthcare,58.8405,10
2021-02-08,Healthcare,50.4025,4
2021-02-09,Healthcare,62.40428571428571,7
2021-02-10,Healthcare,53.972857142857144,14
2021-02-11,Healthcare,51.405625,8
2021-02-12,Healthcare,54.162142857142854,7
2021-02-16,Healthcare,45.952000000000005,5
2021-02-17,Healthcare,57.083214285714284,14
2021-02-18,Healthcare,54.565555555555555,9
2021-02-19,Healthcare,66.575,4
2021-02-22,Healthcare,53.563,10
2021-02-23,Healthcare,52.42888888888889,9
2021-02-24,Healthcare,54.327999999999996,5
2021-02-25,Healthcare,55.82555555555555,9
2021-02-26,Healthcare,50.57666666666666,6
2021-03-01,Healthcare,57.21714285714286,7
2021-03-02,Healthcare,53.3825,8
2021-03-03,Healthcare,53.38166666666667,6
2021-03-04,Healthcare,52.65083333333333,12
2021-03-05,Healthcare,48.92333333333334,6
2021-03-08,Healthcare,54.398888888888884,9
2021-03-09,Healthcare,53.59583333333333,6
2021-03-10,Healthcare,53.914,5
2021-03-11,Healthcare,47.06638888888889,18
2021-03-12,Healthcare,43.85,3
2021-03-15,Healthcare,55.30921052631579,19
2021-03-16,Healthcare,52.84083333333333,6
2021-03-17,Healthcare,52.66888888888889,9
2021-03-18,Healthcare,55.292142857142856,7
2021-03-19,Healthcare,57.33416666666667,6
2021-03-22,Healthcare,45.528888888888886,9
2021-03-23,Healthcare,55.2925,4
2021-03-24,Healthcare,53.0425,6
2021-03-25,Healthcare,58.199999999999996,4
2021-03-26,Healthcare,52.705625,8
2021-03-29,Healthcare,61.030833333333334,12
2021-03-30,Healthcare,53.63,7
2021-03-31,Healthcare,56.87888888888889,9
2021-04-01,Healthcare,54.07928571428572,7
2021-04-05,Healthcare,57.58230769230769,13
2021-04-06,Healthcare,55.958333333333336,6
2021-04-07,Healthcare,59.77125,4
2021-04-08,Healthcare,48.9855,10
2021-04-09,Healthcare,45.82125,4
2021-04-12,Healthcare,54.95318181818182,11
2021-04-13,Healthcare,51.434583333333336,12
2021-04-14,Healthcare,49.05708333333333,12
2021-04-15,Healthcare,52.09777777777778,9
2021-04-16,Healthcare,43.2975,2
2021-04-19,Healthcare,51.26866666666667,15
2021-04-20,Healthcare,52.77384615384615,13
2021-04-21,Healthcare,53.62625,8
2021-04-22,Healthcare,49.535,9
2021-04-23,Healthcare,59.1225,2
2021-04-26,Healthcare,54.662666666666674,15
2021-04-27,Healthcare,52.771428571428565,14
2021-04-28,Healthcare,50.2590625,32
2021-04-29,Healthcare,59.380571428571436,35
2021-04-30,Healthcare,52.582608695652176,23
2021-05-03,Healthcare,53.718823529411765,17
2021-05-04,Healthcare,58.63727272727272,11
2021-05-05,Healthcare,60.56125,8
2021-05-06,Healthcare,50.387,5
2021-05-07,Healthcare,50.644999999999996,2
2021-05-10,Healthcare,50.269615384615385,13
2021-05-11,Healthcare,50.495,3
2021-05-12,Healthcare,57.955,5
2021-05-13,Healthcare,50.28666666666666,9
2021-05-14,Healthcare,56.762499999999996,6
2021-05-17,Healthcare,48.659615384615385,13
2021-05-18,Healthcare,54.67083333333333,6
2021-05-19,Healthcare,50.4525,2
2021-05-20,Healthcare,53.794999999999995,6
2021-05-21,Healthcare,51.292857142857144,7
2021-05-24,Healthcare,54.40346153846154,13
2021-05-25,Healthcare,52.17083333333333,6
2021-05-26,Healthcare,50.33083333333334,6
2021-05-27,Healthcare,51.297000000000004,10
2021-05-28,Healthcare,55.29875,4
2021-06-01,Healthcare,54.35607142857143,28
2021-06-02,Healthcare,55.413333333333334,6
2021-06-03,Healthcare,50.09535714285715,14
2021-06-04,Healthcare,55.53,2
2021-06-07,Healthcare,48.43928571428571,7
2021-06-08,Healthcare,50.3075,4
2021-06-09,Healthcare,52.506249999999994,16
2021-06-10,Healthcare,60.253499999999995,10
2021-06-11,Healthcare,52.27444444444444,9
2021-06-14,Healthcare,54.87071428571429,14
2021-06-15,Healthcare,59.227999999999994,5
2021-06-16,Healthcare,50.0,3
2021-06-17,Healthcare,57.99916666666667,6
2021-06-18,Healthcare,56.63333333333333,6
2021-06-21,Healthcare,57.434583333333336,12
2021-06-22,Healthcare,50.0,2
2021-06-23,Healthcare,61.901666666666664,3
2021-06-24,Healthcare,58.5425,6
2021-06-25,Healthcare,51.751,10
2021-06-28,Healthcare,52.1,5
2021-06-29,Healthcare,53.924375,8
2021-06-30,Healthcare,61.55571428571428,7
2021-07-01,Healthcare,50.355000000000004,2
2021-07-02,Healthcare,62.23,5
2021-07-06,Healthcare,53.43666666666667,6
2021-07-07,Healthcare,53.80583333333333,6
2021-07-08,Healthcare,51.17321428571429,14
2021-07-09,Healthcare,54.980714285714285,7
2021-07-12,Healthcare,54.59722222222222,9
2021-07-13,Healthcare,49.305,5
2021-07-14,Healthcare,53.22571428571428,7
2021-07-15,Healthcare,40.6475,2
2021-07-16,Healthcare,68.63,1
2021-07-19,Healthcare,54.040499999999994,10
2021-07-20,Healthcare,53.33142857142857,7
2021-07-21,Healthcare,50.065,4
2021-07-22,Healthcare,53.04636363636364,11
2021-07-23,Healthcare,55.7275,6
2021-07-26,Healthcare,60.639166666666675,6
2021-07-27,Healthcare,50.027499999999996,8
2021-07-28,Healthcare,48.54571428571428,7
2021-07-29,Healthcare,55.554833333333335,30
2021-07-30,Healthcare,52.4,10
2021-08-02,Healthcare,53.92357142857143,14
2021-08-03,Healthcare,55.07950000000001,10
2021-08-04,Healthcare,50.517999999999994,10
2021-08-05,Healthcare,56.7825,8
2021-08-06,Healthcare,56.39416666666667,6
2021-08-09,Healthcare,55.47625,8
2021-08-10,Healthcare,51.85928571428571,7
2021-08-11,Healthcare,59.22,4
2021-08-12,Healthcare,57.452,5
2021-08-13,Healthcare,59.29875,4
2021-08-16,Healthcare,52.425,13
2021-08-17,Healthcare,46.2925,6
2021-08-18,Healthcare,53.232142857142854,7
2021-08-19,Healthcare,48.635,2
2021-08-20,Healthcare,65.11500000000001,2
2021-08-23,Healthcare,53.574,5
2021-08-24,Healthcare,52.248000000000005,5
2021-08-25,Healthcare,51.386250000000004,8
2021-08-26,Healthcare,58.885000000000005,5
2021-08-27,Healthcare,61.26166666666667,9
2021-08-30,Healthcare,58.681666666666665,9
2021-08-31,Healthcare,47.986111111111114,9
2021-09-01,Healthcare,50.6334375,16
2021-09-02,Healthcare,54.938636363636355,11
2021-09-07,Healthcare,50.51,14
2021-09-08,Healthcare,45.70083333333333,12
2021-09-09,Healthcare,55.57617647058823,17
2021-09-10,Healthcare,45.99875,4
2021-09-13,Healthcare,53.98,23
2021-09-14,Healthcare,50.85999999999999,3
2021-09-15,Healthcare,52.26666666666667,12
2021-09-16,Healthcare,52.295500000000004,10
2021-09-17,Healthcare,48.07277777777777,9
2021-09-20,Healthcare,48.01761904761905,21
2021-09-21,Healthcare,51.13999999999999,3
2021-09-22,Healthcare,40.665,6
2021-09-23,Healthcare,51.096875,8
2021-09-24,Healthcare,47.8225,6
2021-09-27,Healthcare,57.062727272727265,11
2021-09-28,Healthcare,54.10470588235294,17
2021-09-29,Healthcare,53.29045454545454,11
2021-09-30,Healthcare,50.42458333333334,12
2021-10-01,Healthcare,52.01,29
2021-10-04,Healthcare,54.6684375,32
2021-10-05,Healthcare,55.495,16
2021-10-06,Healthcare,56.78923076923077,13
2021-10-07,Healthcare,55.441923076923075,13
2021-10-08,Healthcare,47.793,10
2021-10-11,Healthcare,51.918055555555554,18
2021-10-12,Healthcare,50.75166666666667,15
2021-10-13,Healthcare,48.27111111111111,9
2021-10-14,Healthcare,50.2475,6
2021-10-15,Healthcare,52.905,9
2021-10-18,Healthcare,52.972727272727276,22
2021-10-19,Healthcare,58.424285714285716,14
2021-10-20,Healthcare,54.646190476190476,21
2021-10-21,Healthcare,53.70909090909092,11
2021-10-22,Healthcare,55.90875,8
2021-10-25,Healthcare,51.5465625,16
2021-10-26,Healthcare,49.42666666666667,6
2021-10-27,Healthcare,50.01333333333333,12
2021-10-28,Healthcare,58.15923076923077,26
2021-10-29,Healthcare,56.45166666666667,30
2021-11-01,Healthcare,60.56636363636364,11
2021-11-02,Healthcare,53.503571428571426,14
2021-11-03,Healthcare,59.08,10
2021-11-04,Healthcare,55.77875,16
2021-11-05,Healthcare,60.87238095238095,21
2021-11-08,Healthcare,52.954130434782606,23
2021-11-09,Healthcare,51.22818181818182,11
2021-11-10,Healthcare,52.315625,8
2021-11-11,Healthcare,51.213499999999996,10
2021-11-12,Healthcare,58.67999999999999,8
2021-11-15,Healthcare,49.6175,14
2021-11-16,Healthcare,54.214375,8
2021-11-17,Healthcare,53.1245,10
2021-11-18,Healthcare,49.146,10
2021-11-19,Healthcare,52.00642857142857,7
2021-11-22,Healthcare,54.39392857142857,14
2021-11-23,Healthcare,53.673500000000004,10
2021-11-24,Healthcare,52.9375,4
2021-11-26,Healthcare,42.524,5
2021-11-29,Healthcare,52.337105263157895,19
2021-11-30,Healthcare,56.362,10
2021-12-01,Healthcare,45.72029411764706,17
2021-12-02,Healthcare,48.55291666666667,12
2021-12-03,Healthcare,59.266875,8
2021-12-06,Healthcare,56.97526315789474,19
2021-12-07,Healthcare,55.39576923076923,13
2021-12-08,Healthcare,52.05799999999999,5
2021-12-09,Healthcare,50.21083333333333,6
2021-12-10,Healthcare,51.47769230769231,13
2021-12-13,Healthcare,56.571666666666665,18
2021-12-14,Healthcare,53.41375,12
2021-12-15,Healthcare,49.14277777777777,9
2021-12-16,Healthcare,53.605000000000004,14
2021-12-17,Healthcare,58.100625,8
2021-12-20,Healthcare,54.2575,14
2021-12-21,Healthcare,55.72875,16
2021-12-22,Healthcare,50.111071428571435,14
2021-12-23,Healthcare,58.04347826086956,23
2021-12-27,Healthcare,60.409166666666664,18
2021-12-28,Healthcare,59.85875,8
2021-12-29,Healthcare,58.900000000000006,2
2021-12-30,Healthcare,57.96033333333333,15
2021-12-31,Healthcare,56.289,5
2022-01-03,Healthcare,55.64874999999999,20
2022-01-04,Healthcare,51.755500000000005,10
2022-01-05,Healthcare,50.30666666666667,6
2022-01-06,Healthcare,56.35125,8
2022-01-07,Healthcare,52.523888888888884,9
2022-01-10,Healthcare,53.4715625,16
2022-01-11,Healthcare,52.835,7
2022-01-12,Healthcare,53.815312500000005,16
2022-01-13,Healthcare,53.35857142857143,14
2022-01-14,Healthcare,59.55576923076923,13
2022-01-18,Healthcare,56.07637931034483,29
2022-01-19,Healthcare,53.67375,16
2022-01-20,Healthcare,48.94233333333333,15
2022-01-21,Healthcare,52.933846153846154,13
2022-01-24,Healthcare,49.027499999999996,28
2022-01-25,Healthcare,50.937222222222225,18
2022-01-26,Healthcare,56.440250000000006,20
2022-01-27,Healthcare,56.46815789473684,19
2022-01-28,Healthcare,57.13470588235294,17
2022-01-31,Healthcare,52.80980769230769,26
2022-02-01,Healthcare,51.61326923076923,26
2022-02-02,Healthcare,57.08709677419355,31
2022-02-03,Healthcare,58.72676470588235,17
2022-02-04,Healthcare,52.74400000000001,10
2022-02-07,Healthcare,59.33833333333333,21
2022-02-08,Healthcare,55.48295454545455,22
2022-02-09,Healthcare,62.076388888888886,18
2022-02-10,Healthcare,50.1028125,16
2022-02-11,Healthcare,57.382000000000005,10
2022-02-14,Healthcare,50.854375,16
2022-02-15,Healthcare,55.298,10
2022-02-16,Healthcare,54.996785714285714,14
2022-02-17,Healthcare,53.59928571428571,14
2022-02-18,Healthcare,59.7040625,16
2022-02-22,Healthcare,52.86714285714286,21
2022-02-23,Healthcare,50.3975,6
2022-02-24,Healthcare,53.20666666666667,6
2022-02-25,Healthcare,49.838499999999996,10
2022-02-28,Healthcare,54.652499999999996,14
2022-03-01,Healthcare,51.58181818181818,11
2022-03-02,Healthcare,49.783,10
2022-03-03,Healthcare,44.536,10
2022-03-04,Healthcare,57.956875000000004,8
2022-03-07,Healthcare,56.31678571428572,14
2022-03-08,Healthcare,52.67909090909091,11
2022-03-09,Healthcare,49.71653846153846,13
2022-03-10,Healthcare,53.85466666666667,15
2022-03-11,Healthcare,53.1075,16
2022-03-14,Healthcare,51.462500000000006,8
2022-03-15,Healthcare,47.096500000000006,10
2022-03-16,Healthcare,53.264375,16
2022-03-17,Healthcare,49.22923076923077,13
2022-03-18,Healthcare,51.009166666666665,6
2022-03-21,Healthcare,59.72125,16
2022-03-22,Healthcare,51.63727272727272,11
2022-03-23,Healthcare,52.942142857142855,7
2022-03-24,Healthcare,50.283500000000004,10
2022-03-25,Healthcare,51.256428571428565,7
2022-03-28,Healthcare,52.01624999999999,12
2022-03-29,Healthcare,57.78099999999999,10
2022-03-30,Healthcare,52.88125,8
2022-03-31,Healthcare,59.01944444444444,9
2022-04-01,Healthcare,61.245000000000005,6
2022-04-04,Healthcare,51.77175,20
2022-04-05,Healthcare,58.79576923076923,13
2022-04-06,Healthcare,50.534285714285716,7
2022-04-07,Healthcare,46.834,5
2022-04-08,Healthcare,55.09250000000001,14
2022-04-11,Healthcare,58.044285714285714,14
2022-04-12,Healthcare,50.3421875,16
2022-04-13,Healthcare,54.24583333333334,12
2022-04-14,Healthcare,52.405,15
2022-04-18,Healthcare,50.38,9
2022-04-19,Healthcare,54.55447368421053,19
2022-04-20,Healthcare,60.59375,16
2022-04-21,Healthcare,56.349411764705884,17
2022-04-22,Healthcare,60.712222222222216,9
2022-04-25,Healthcare,57.143846153846155,26
2022-04-26,Healthcare,52.9216,25
2022-04-27,Healthcare,53.583000000000006,20
2022-04-28,Healthcare,56.12322580645161,31
2022-04-29,Healthcare,55.84108695652174,23
2022-05-02,Healthcare,54.77230769230769,13
2022-05-03,Healthcare,43.95666666666667,3
2022-05-04,Healthcare,47.35333333333333,6
2022-05-05,Healthcare,59.62857142857143,14
2022-05-06,Healthcare,49.926875,8
2022-05-09,Healthcare,61.205,4
2022-05-10,Healthcare,52.20846153846154,13
2022-05-11,Healthcare,52.562333333333335,15
2022-05-12,Healthcare,49.45392857142857,14
2022-05-13,Healthcare,51.89958333333333,12
2022-05-16,Healthcare,53.814750000000004,20
2022-05-17,Healthcare,50.43464285714286,14
2022-05-18,Healthcare,57.718636363636364,11
2022-05-19,Healthcare,52.31272727272728,11
2022-05-20,Healthcare,51.36269230769231,13
2022-05-23,Healthcare,58.01264705882353,17
2022-05-24,Healthcare,57.38458333333333,12
2022-05-25,Healthcare,50.725625,16
2022-05-26,Healthcare,50.86604166666667,24
2022-05-27,Healthcare,45.94464285714286,14
2022-05-31,Healthcare,58.75888888888889,18
2022-06-01,Healthcare,52.48444444444445,9
2022-06-02,Healthcare,48.592727272727274,11
2022-06-03,Healthcare,54.045500000000004,10
2022-06-06,Healthcare,56.32749999999999,22
2022-06-07,Healthcare,54.121,5
2022-06-08,Healthcare,55.54416666666666,6
2022-06-09,Healthcare,50.00928571428572,7
2022-06-10,Healthcare,52.296666666666674,12
2022-06-13,Healthcare,58.993,15
2022-06-14,Healthcare,51.52318181818182,11
2022-06-15,Healthcare,51.11333333333333,15
2022-06-16,Healthcare,60.67625,4
2022-06-17,Healthcare,54.17409090909091,11
2022-06-21,Healthcare,56.7775,18
2022-06-22,Healthcare,54.859,20
2022-06-23,Healthcare,46.14233333333333,15
2022-06-24,Healthcare,59.96818181818182,11
2022-06-27,Healthcare,57.80045454545454,22
2022-06-28,Healthcare,52.615,7
2022-06-29,Healthcare,59.442187499999996,16
2022-06-30,Healthcare,53.673125,8
2022-07-01,Healthcare,54.731249999999996,12
2022-07-05,Healthcare,53.72416666666667,24
2022-07-06,Healthcare,52.57923076923077,13
2022-07-07,Healthcare,49.14423076923077,13
2022-07-08,Healthcare,65.90333333333334,9
2022-07-11,Healthcare,53.6958,25
2022-07-12,Healthcare,54.28941176470588,17
2022-07-13,Healthcare,55.6532,25
2022-07-14,Healthcare,50.426538461538456,13
2022-07-15,Healthcare,55.165294117647065,17
2022-07-18,Healthcare,59.101904761904756,21
2022-07-19,Healthcare,51.848749999999995,20
2022-07-20,Healthcare,58.42578125,32
2022-07-21,Healthcare,51.78357142857143,14
2022-07-22,Healthcare,54.651923076923076,13
2022-07-25,Healthcare,56.714333333333336,15
2022-07-26,Healthcare,56.541999999999994,10
2022-07-27,Healthcare,56.34613636363636,22
2022-07-28,Healthcare,56.410869565217396,23
2022-07-29,Healthcare,57.60666666666667,15
2022-08-01,Healthcare,52.789722222222224,18
2022-08-02,Healthcare,52.957499999999996,16
2022-08-03,Healthcare,55.013888888888886,18
2022-08-04,Healthcare,52.25588235294118,17
2022-08-05,Healthcare,56.0495,10
2022-08-08,Healthcare,52.461666666666666,9
2022-08-09,Healthcare,51.154,10
2022-08-10,Healthcare,55.595,6
2022-08-11,Healthcare,54.65821428571429,14
2022-08-12,Healthcare,53.694,10
2022-08-15,Healthcare,55.08291666666667,12
2022-08-16,Healthcare,56.528000000000006,10
2022-08-17,Healthcare,56.62583333333333,6
2022-08-18,Healthcare,49.1675,12
2022-08-19,Healthcare,43.845,9
2022-08-22,Healthcare,58.682500000000005,12
2022-08-23,Healthcare,62.31625,12
2022-08-24,Healthcare,55.0525,8
2022-08-25,Healthcare,49.00466666666667,15
2022-08-26,Healthcare,53.8725,10
2022-08-29,Healthcare,56.092727272727274,11
2022-08-30,Healthcare,49.9675,6
2022-08-31,Healthcare,42.77727272727273,11
2022-09-01,Healthcare,53.92607142857143,14
2022-09-02,Healthcare,52.467,5
2022-09-06,Healthcare,58.91346153846154,13
2022-09-07,Healthcare,51.723461538461535,13
2022-09-08,Healthcare,56.08477272727273,22
2022-09-09,Healthcare,51.37681818181818,11
2022-09-12,Healthcare,55.55348484848485,33
2022-09-13,Healthcare,54.864615384615384,13
2022-09-14,Healthcare,52.64875,8
2022-09-15,Healthcare,56.17366666666667,15
2022-09-16,Healthcare,53.73346153846153,13
2022-09-19,Healthcare,51.64309523809524,21
2022-09-20,Healthcare,48.836666666666666,12
2022-09-21,Healthcare,46.723571428571425,7
2022-09-22,Healthcare,52.37433333333333,15
2022-09-23,Healthcare,53.23636363636364,11
2022-09-26,Healthcare,51.86692307692307,13
2022-09-27,Healthcare,58.70454545454545,11
2022-09-28,Healthcare,58.154545454545456,11
2022-09-29,Healthcare,53.996,5
2022-09-30,Healthcare,50.41916666666666,6
2022-10-03,Healthcare,52.4271875,16
2022-10-04,Healthcare,47.01083333333333,6
2022-10-05,Healthcare,55.18142857142857,7
2022-10-06,Healthcare,43.9125,4
2022-10-07,Healthcare,52.53916666666667,6
2022-10-10,Healthcare,58.087500000000006,18
2022-10-11,Healthcare,51.754423076923075,26
2022-10-12,Healthcare,56.83833333333333,21
2022-10-13,Healthcare,50.165,9
2022-10-14,Healthcare,62.222727272727276,11
2022-10-17,Healthcare,54.88576923076923,13
2022-10-18,Healthcare,54.525000000000006,13
2022-10-19,Healthcare,49.23613636363636,22
2022-10-20,Healthcare,47.7365625,16
2022-10-21,Healthcare,52.75818181818182,11
2022-10-24,Healthcare,54.321363636363635,11
2022-10-25,Healthcare,56.07035714285714,14
2022-10-26,Healthcare,57.6,12
2022-10-27,Healthcare,55.32739130434783,23
2022-10-28,Healthcare,54.00895833333333,24
2022-10-31,Healthcare,53.690999999999995,5
2022-11-01,Healthcare,60.74192307692307,13
2022-11-02,Healthcare,58.19230769230769,13
2022-11-03,Healthcare,49.16909090909091,11
2022-11-04,Healthcare,58.782333333333334,15
2022-11-07,Healthcare,48.3478125,16
2022-11-08,Healthcare,57.69375,20
2022-11-09,Healthcare,52.80617647058824,17
2022-11-10,Healthcare,59.705625,8
2022-11-11,Healthcare,65.607,5
2022-11-14,Healthcare,55.926944444444445,18
2022-11-15,Healthcare,60.745000000000005,15
2022-11-16,Healthcare,54.03625,8
2022-11-17,Healthcare,48.517,10
2022-11-18,Healthcare,48.762692307692305,13
2022-11-21,Healthcare,56.75029411764706,17
2022-11-22,Healthcare,53.85923076923078,26
2022-11-23,Healthcare,53.06625,16
2022-11-25,Healthcare,49.874,15
2022-11-28,Healthcare,58.10145833333333,24
2022-11-29,Healthcare,55.158461538461545,13
2022-11-30,Healthcare,56.38823529411765,17
2022-12-01,Healthcare,57.633,15
2022-12-02,Healthcare,51.176,10
2022-12-05,Healthcare,51.940625000000004,16
2022-12-06,Healthcare,51.88966666666667,15
2022-12-07,Healthcare,51.4415625,16
2022-12-08,Healthcare,52.05916666666667,12
2022-12-09,Healthcare,56.972941176470584,17
2022-12-12,Healthcare,55.19424242424242,33
2022-12-13,Healthcare,54.03732142857143,28
2022-12-14,Healthcare,56.486000000000004,10
2022-12-15,Healthcare,59.57684210526316,19
2022-12-16,Healthcare,51.41133333333333,15
2022-12-19,Healthcare,51.07225,20
2022-12-20,Healthcare,55.86888888888889,18
2022-12-21,Healthcare,56.928125,16
2022-12-22,Healthcare,57.26615384615385,13
2022-12-23,Healthcare,59.88,7
2022-12-27,Healthcare,54.61475,20
2022-12-28,Healthcare,50.89333333333334,12
2022-12-29,Healthcare,52.42458333333334,12
2022-12-30,Healthcare,57.354285714285716,7
2023-01-03,Healthcare,62.38214285714285,14
2023-01-04,Healthcare,53.99923076923077,13
2023-01-05,Healthcare,56.38458333333333,12
2023-01-06,Healthcare,50.44111111111111,9
2023-01-09,Healthcare,56.65714285714285,14
2023-01-10,Healthcare,51.91769230769231,13
2023-01-11,Healthcare,54.27346153846153,13
2023-01-12,Healthcare,55.56785714285714,7
2023-01-13,Healthcare,54.825625,8
2023-01-17,Healthcare,56.56515151515152,33
2023-01-18,Healthcare,49.485,10
2023-01-19,Healthcare,53.2885,10
2023-01-20,Healthcare,58.46821428571429,14
2023-01-23,Healthcare,59.38527777777777,18
2023-01-24,Healthcare,61.463125,8
2023-01-25,Healthcare,46.2251724137931,29
2023-01-26,Healthcare,54.32222222222222,18
2023-01-27,Healthcare,53.96875,8
2023-01-30,Healthcare,50.001315789473686,19
2023-01-31,Healthcare,49.94108695652174,23
2023-02-01,Healthcare,53.316538461538464,26
2023-02-02,Healthcare,58.152068965517245,29
2023-02-03,Healthcare,52.97764705882353,17
2023-02-06,Healthcare,52.09409090909091,22
2023-02-07,Healthcare,56.38307692307693,13
2023-02-08,Healthcare,58.52333333333333,15
2023-02-09,Healthcare,62.31862068965517,29
2023-02-10,Healthcare,52.02,5
2023-02-13,Healthcare,55.05583333333334,12
2023-02-14,Healthcare,57.38166666666667,12
2023-02-15,Healthcare,58.95214285714285,7
2023-02-16,Healthcare,55.746818181818185,22
2023-02-17,Healthcare,55.61107142857143,14
2023-02-21,Healthcare,50.60884615384615,26
2023-02-22,Healthcare,54.286,20
2023-02-23,Healthcare,57.160000000000004,5
2023-02-24,Healthcare,54.06166666666667,9
2023-02-27,Healthcare,54.70239130434783,23
2023-02-28,Healthcare,52.29636363636364,11
2023-03-01,Healthcare,51.303999999999995,15
2023-03-02,Healthcare,57.36884615384616,13
2023-03-03,Healthcare,53.61000000000001,6
2023-03-06,Healthcare,50.81695652173913,23
2023-03-07,Healthcare,57.616875,8
2023-03-08,Healthcare,52.769411764705886,17
2023-03-09,Healthcare,54.98235294117647,17
2023-03-10,Healthcare,54.64611111111111,9
2023-03-13,Healthcare,55.71083333333333,18
2023-03-14,Healthcare,50.93633333333334,15
2023-03-15,Healthcare,57.94714285714286,14
2023-03-16,Healthcare,55.05111111111111,9
2023-03-17,Healthcare,46.968125,8
2023-03-20,Healthcare,54.547000000000004,20
2023-03-21,Healthcare,55.80692307692308,13
2023-03-22,Healthcare,50.8535,20
2023-03-23,Healthcare,53.8109090909091,11
2023-03-24,Healthcare,57.75545454545454,11
2023-03-27,Healthcare,54.29477272727272,22
2023-03-28,Healthcare,55.07846153846154,13
2023-03-29,Healthcare,54.5225,12
2023-03-30,Healthcare,51.957307692307694,13
2023-03-31,Healthcare,52.04818181818182,11
2023-04-03,Healthcare,49.9096875,16
2023-04-04,Healthcare,59.921,15
2023-04-05,Healthcare,54.80533333333333,15
2023-04-06,Healthcare,53.278888888888886,18
2023-04-10,Healthcare,53.301249999999996,28
2023-04-11,Healthcare,50.70923076923077,13
2023-04-12,Healthcare,52.684000000000005,20
2023-04-13,Healthcare,50.50818181818182,11
2023-04-14,Healthcare,49.98,17
2023-04-17,Healthcare,55.099000000000004,30
2023-04-18,Healthcare,55.2,13
2023-04-19,Healthcare,56.983333333333334,33
2023-04-20,Healthcare,55.877500000000005,14
2023-04-21,Healthcare,57.42625,12
2023-04-24,Healthcare,57.1368,25
2023-04-25,Healthcare,57.945625,24
2023-04-26,Healthcare,55.57558823529411,17
2023-04-27,Healthcare,54.525217391304345,46
2023-04-28,Healthcare,52.914047619047615,21
2023-05-01,Healthcare,53.660952380952374,21
2023-05-02,Healthcare,51.75392857142857,14
2023-05-03,Healthcare,50.08611111111111,9
2023-05-04,Healthcare,51.731153846153845,13
2023-05-05,Healthcare,50.55357142857143,7
2023-05-08,Healthcare,53.99785714285714,14
2023-05-09,Healthcare,53.44857142857143,7
2023-05-10,Healthcare,54.02722222222222,18
2023-05-11,Healthcare,55.945833333333326,6
2023-05-12,Healthcare,52.23888888888889,9
2023-05-15,Healthcare,53.758823529411764,17
2023-05-16,Healthcare,46.282399999999996,25
2023-05-17,Healthcare,43.3525,18
2023-05-18,Healthcare,54.905789473684216,19
2023-05-19,Healthcare,52.541000000000004,15
2023-05-22,Healthcare,56.8292105263158,19
2023-05-23,Healthcare,55.38636363636363,11
2023-05-24,Healthcare,47.76464285714286,14
2023-05-25,Healthcare,53.508,10
2023-05-26,Healthcare,58.285000000000004,14
2023-05-30,Healthcare,58.454166666666666,18
2023-05-31,Healthcare,52.7803125,16
2023-06-01,Healthcare,50.75888888888889,18
2023-06-02,Healthcare,58.972500000000004,10
2023-06-05,Healthcare,51.275625,16
2023-06-06,Healthcare,51.43928571428571,14
2023-06-07,Healthcare,59.54892857142857,14
2023-06-08,Healthcare,56.24333333333333,15
2023-06-09,Healthcare,51.64346153846154,13
2023-06-12,Healthcare,56.210249999999995,20
2023-06-13,Healthcare,62.318124999999995,8
2023-06-14,Healthcare,59.015,5
2023-06-15,Healthcare,52.598571428571425,7
2023-06-16,Healthcare,53.13269230769231,13
2023-06-20,Healthcare,49.97404761904762,21
2023-06-21,Healthcare,52.36794117647059,17
2023-06-22,Healthcare,53.32346153846153,13
2023-06-23,Healthcare,56.622727272727275,11
2023-06-26,Healthcare,54.423269230769236,26
2023-06-27,Healthcare,56.00857142857143,14
2023-06-28,Healthcare,50.27375,8
2023-06-29,Healthcare,53.74970588235294,17
2023-06-30,Healthcare,51.71111111111111,18
2023-07-03,Healthcare,58.307199999999995,25
2023-07-05,Healthcare,55.5065625,16
2023-07-06,Healthcare,56.04730769230769,13
2023-07-07,Healthcare,57.0525,12
2023-07-10,Healthcare,52.935249999999996,20
2023-07-11,Healthcare,54.1,15
2023-07-12,Healthcare,49.934285714285714,14
2023-07-13,Healthcare,57.94035714285714,14
2023-07-14,Healthcare,55.64357142857143,14
2023-07-17,Healthcare,55.23266666666667,15
2023-07-18,Healthcare,51.58615384615385,13
2023-07-19,Healthcare,50.472500000000004,12
2023-07-20,Healthcare,54.453103448275854,29
2023-07-21,Healthcare,48.48575,20
2023-07-24,Healthcare,55.3175,28
2023-07-25,Healthcare,50.16285714285715,21
2023-07-26,Healthcare,54.419999999999995,24
2023-07-27,Healthcare,61.524,30
2023-07-28,Healthcare,58.749,20
2023-07-31,Healthcare,54.505192307692305,26
2023-08-01,Healthcare,53.138333333333335,30
2023-08-02,Healthcare,59.4328125,16
2023-08-03,Healthcare,56.88932432432433,37
2023-08-04,Healthcare,50.85048387096774,31
2023-08-07,Healthcare,58.651923076923076,13
2023-08-08,Healthcare,54.04538461538462,13
2023-08-09,Healthcare,62.075833333333335,18
2023-08-10,Healthcare,56.4775,10
2023-08-11,Healthcare,52.58,13
2023-08-14,Healthcare,57.27875,20
2023-08-15,Healthcare,52.728,15
2023-08-16,Healthcare,50.184285714285714,7
2023-08-17,Healthcare,51.51277777777778,9
2023-08-18,Healthcare,57.46642857142857,7
2023-08-21,Healthcare,53.013999999999996,25
2023-08-22,Healthcare,52.18625,8
2023-08-23,Healthcare,61.31145833333333,24
2023-08-24,Healthcare,57.77777777777778,9
2023-08-25,Healthcare,53.83266666666667,15
2023-08-28,Healthcare,54.83369565217391,23
2023-08-29,Healthcare,55.014399999999995,25
2023-08-30,Healthcare,51.373000000000005,10
2023-08-31,Healthcare,53.65346153846154,13
2023-09-01,Healthcare,52.108421052631584,19
2023-09-05,Healthcare,51.362307692307695,26
2023-09-06,Healthcare,55.61749999999999,10
2023-09-07,Healthcare,48.03642857142857,7
2023-09-08,Healthcare,58.082499999999996,18
2023-09-11,Healthcare,58.22315789473684,19
2023-09-12,Healthcare,54.49846153846154,13
2023-09-13,Healthcare,58.165,8
2023-09-14,Healthcare,51.31166666666667,12
2023-09-15,Healthcare,52.8446875,16
2023-09-18,Healthcare,58.87285714285714,14
2023-09-19,Healthcare,50.91,8
2023-09-20,Healthcare,51.776428571428575,14
2023-09-21,Healthcare,52.146,10
2023-09-22,Healthcare,47.4,12
2023-09-25,Healthcare,53.96333333333334,15
2023-09-26,Healthcare,52.44285714285714,14
2023-09-27,Healthcare,57.46999999999999,7
2023-09-28,Healthcare,52.401363636363634,11
2023-09-29,Healthcare,52.7321875,16
2023-10-02,Healthcare,50.32089285714285,28
2023-10-03,Healthcare,57.96714285714285,7
2023-10-04,Healthcare,56.10777777777778,9
2023-10-05,Healthcare,48.154375,8
2023-10-06,Healthcare,57.28458333333333,12
2023-10-09,Healthcare,57.682307692307695,13
2023-10-10,Healthcare,55.51433333333333,15
2023-10-11,Healthcare,51.153684210526315,19
2023-10-12,Healthcare,52.50653846153846,13
2023-10-13,Healthcare,55.27214285714285,14
2023-10-16,Healthcare,61.2084375,16
2023-10-17,Healthcare,54.04947368421053,19
2023-10-18,Healthcare,47.93651515151515,33
2023-10-19,Healthcare,54.7086,25
2023-10-20,Healthcare,50.45444444444444,18
2023-10-23,Healthcare,50.21041666666667,24
2023-10-24,Healthcare,56.77,17
2023-10-25,Healthcare,53.447272727272725,22
2023-10-26,Healthcare,57.15560000000001,25
2023-10-27,Healthcare,54.921521739130434,23
2023-10-30,Healthcare,50.787142857142854,21
2023-10-31,Healthcare,59.48565789473684,38
2023-11-01,Healthcare,57.1835,10
2023-11-02,Healthcare,58.6166,25
2023-11-03,Healthcare,62.295500000000004,10
2023-11-06,Healthcare,52.40119047619047,21
2023-11-07,Healthcare,59.53075,20
2023-11-08,Healthcare,51.9964705882353,17
2023-11-09,Healthcare,59.024565217391306,23
2023-11-10,Healthcare,56.9376923076923,13
2023-11-13,Healthcare,51.8821052631579,19
2023-11-14,Healthcare,53.75,15
2023-11-15,Healthcare,58.462,10
2023-11-16,Healthcare,49.46,9
2023-11-17,Healthcare,60.22692307692308,13
2023-11-20,Healthcare,54.177307692307686,13
2023-11-21,Healthcare,55.0225,12
2023-11-22,Healthcare,54.54625,8
2023-11-24,Healthcare,54.64807692307692,13
2023-11-27,Healthcare,53.994090909090914,11
2023-11-28,Healthcare,52.596666666666664,9
2023-11-29,Healthcare,50.968333333333334,15
2023-11-30,Healthcare,55.74704545454545,22
2023-12-01,Healthcare,52.725,8
2023-12-04,Healthcare,49.17066666666666,15
2023-12-05,Healthcare,56.42285714285714,7
2023-12-06,Healthcare,54.916333333333334,15
2023-12-07,Healthcare,50.739814814814814,27
2023-12-08,Healthcare,50.356562499999995,16
2023-12-11,Healthcare,54.28028571428571,35
2023-12-12,Healthcare,53.15340909090909,22
2023-12-13,Healthcare,58.869705882352946,17
2023-12-14,Healthcare,59.896249999999995,4
2023-12-15,Healthcare,50.449999999999996,1
2023-12-18,Healthcare,54.72867647058824,34
2020-01-02,Industrials,52.38730769230769,13
2020-01-03,Industrials,39.909285714285716,7
2020-01-06,Industrials,51.30642857142857,14
2020-01-07,Industrials,50.2826923076923,13
2020-01-08,Industrials,50.92291666666667,12
2020-01-09,Industrials,50.73166666666667,9
2020-01-10,Industrials,52.0975,8
2020-01-13,Industrials,53.484500000000004,10
2020-01-14,Industrials,57.455999999999996,10
2020-01-15,Industrials,47.6455,10
2020-01-16,Industrials,48.32,4
2020-01-17,Industrials,53.11375,12
2020-01-21,Industrials,49.853125,16
2020-01-22,Industrials,48.62583333333333,12
2020-01-23,Industrials,53.485,14
2020-01-24,Industrials,51.33181818181818,11
2020-01-27,Industrials,53.84111111111111,18
2020-01-28,Industrials,50.4485294117647,34
2020-01-29,Industrials,52.154999999999994,28
2020-01-30,Industrials,54.321923076923085,13
2020-01-31,Industrials,47.588269230769235,26
2020-02-03,Industrials,53.47607142857142,14
2020-02-04,Industrials,55.39545454545455,11
2020-02-05,Industrials,54.38999999999999,12
2020-02-06,Industrials,53.27916666666667,6
2020-02-07,Industrials,48.19499999999999,6
2020-02-10,Industrials,49.47552631578947,19
2020-02-11,Industrials,44.503571428571426,7
2020-02-12,Industrials,59.61071428571428,7
2020-02-13,Industrials,47.51107142857143,14
2020-02-14,Industrials,59.31461538461539,13
2020-02-18,Industrials,52.858000000000004,5
2020-02-19,Industrials,61.04583333333334,6
2020-02-20,Industrials,53.5375,10
2020-02-21,Industrials,55.79142857142857,7
2020-02-24,Industrials,53.43190476190476,21
2020-02-25,Industrials,45.376666666666665,9
2020-02-26,Industrials,51.99766666666667,15
2020-02-27,Industrials,52.13833333333333,12
2020-02-28,Industrials,49.4475,16
2020-03-02,Industrials,57.961875,8
2020-03-03,Industrials,54.572,5
2020-03-04,Industrials,54.265499999999996,20
2020-03-05,Industrials,51.70166666666666,12
2020-03-06,Industrials,47.815000000000005,9
2020-03-09,Industrials,43.49230769230769,13
2020-03-10,Industrials,51.51166666666666,12
2020-03-11,Industrials,49.44357142857143,14
2020-03-12,Industrials,43.272777777777776,18
2020-03-13,Industrials,50.58444444444444,9
2020-03-16,Industrials,51.241956521739134,23
2020-03-17,Industrials,49.14035714285715,14
2020-03-18,Industrials,50.165,17
2020-03-19,Industrials,52.1859375,16
2020-03-20,Industrials,55.196052631578944,19
2020-03-23,Industrials,49.92891304347826,23
2020-03-24,Industrials,55.32555555555555,27
2020-03-25,Industrials,54.56642857142857,14
2020-03-26,Industrials,50.035,19
2020-03-27,Industrials,52.457619047619055,21
2020-03-30,Industrials,51.97772727272727,22
2020-03-31,Industrials,53.04863636363636,22
2020-04-01,Industrials,52.446000000000005,15
2020-04-02,Industrials,51.42315789473684,19
2020-04-03,Industrials,50.73465909090908,44
2020-04-06,Industrials,53.32032608695653,46
2020-04-07,Industrials,59.33367647058824,34
2020-04-08,Industrials,58.36628205128205,39
2020-04-09,Industrials,52.839821428571426,28
2020-04-13,Industrials,50.35958333333333,36
2020-04-14,Industrials,56.69758064516129,31
2020-04-15,Industrials,47.19166666666667,18
2020-04-16,Industrials,52.66152173913044,23
2020-04-17,Industrials,58.39774193548387,31
2020-04-20,Industrials,51.39277777777778,27
2020-04-21,Industrials,51.4265,20
2020-04-22,Industrials,48.495666666666665,15
2020-04-23,Industrials,52.61375,12
2020-04-24,Industrials,50.6675,22
2020-04-27,Industrials,51.7834,75
2020-04-28,Industrials,53.633716216216214,74
2020-04-29,Industrials,55.303970588235295,68
2020-04-30,Industrials,50.5852380952381,21
2020-05-01,Industrials,48.28588888888889,45
2020-05-04,Industrials,47.75871428571429,35
2020-05-05,Industrials,54.250806451612895,31
2020-05-06,Industrials,49.221666666666664,12
2020-05-07,Industrials,53.838928571428575,14
2020-05-08,Industrials,51.49791666666667,12
2020-05-11,Industrials,56.956315789473685,19
2020-05-12,Industrials,47.12642857142857,14
2020-05-13,Industrials,48.165,18
2020-05-14,Industrials,48.97160714285714,28
2020-05-15,Industrials,44.630526315789474,19
2020-05-18,Industrials,58.2875,24
2020-05-19,Industrials,52.15535714285715,14
2020-05-20,Industrials,58.92714285714286,7
2020-05-21,Industrials,56.7875,10
2020-05-22,Industrials,48.488749999999996,4
2020-05-26,Industrials,53.60607142857143,14
2020-05-27,Industrials,56.837500000000006,26
2020-05-28,Industrials,54.889021739130435,46
2020-05-29,Industrials,46.965714285714284,14
2020-06-01,Industrials,54.173500000000004,20
2020-06-02,Industrials,58.55678571428571,14
2020-06-03,Industrials,54.90161764705882,34
2020-06-04,Industrials,56.034523809523805,21
2020-06-05,Industrials,58.985,23
2020-06-08,Industrials,59.824629629629634,27
2020-06-09,Industrials,55.18694444444444,18
2020-06-10,Industrials,55.404736842105265,19
2020-06-11,Industrials,46.847500000000004,28
2020-06-12,Industrials,55.08676470588235,17
2020-06-15,Industrials,49.67045454545455,22
2020-06-16,Industrials,59.34354166666666,24
2020-06-17,Industrials,50.221666666666664,6
2020-06-18,Industrials,49.3365,10
2020-06-19,Industrials,54.278999999999996,5
2020-06-22,Industrials,54.479166666666664,6
2020-06-23,Industrials,67.99333333333333,15
2020-06-24,Industrials,47.81730769230769,13
2020-06-25,Industrials,50.2615,20
2020-06-26,Industrials,54.2875,12
2020-06-29,Industrials,60.58766666666667,30
2020-06-30,Industrials,51.61,20
2020-07-01,Industrials,58.46,12
2020-07-02,Industrials,53.59066666666667,15
2020-07-06,Industrials,48.8296875,16
2020-07-07,Industrials,54.634375,8
2020-07-08,Industrials,51.126,10
2020-07-09,Industrials,43.452,5
2020-07-10,Industrials,46.12277777777778,9
2020-07-13,Industrials,58.019999999999996,7
2020-07-14,Industrials,54.57823529411765,17
2020-07-15,Industrials,56.444375,8
2020-07-16,Industrials,50.919999999999995,9
2020-07-17,Industrials,48.542,5
2020-07-20,Industrials,54.66285714285714,14
2020-07-21,Industrials,46.785,9
2020-07-22,Industrials,47.651428571428575,14
2020-07-23,Industrials,52.14666666666667,12
2020-07-24,Industrials,44.227500000000006,14
2020-07-27,Industrials,51.902692307692305,13
2020-07-28,Industrials,44.57879310344828,29
2020-07-29,Industrials,52.180375000000005,40
2020-07-30,Industrials,53.47369565217391,46
2020-07-31,Industrials,43.428125,24
2020-08-03,Industrials,50.85962962962963,27
2020-08-04,Industrials,46.5875,16
2020-08-05,Industrials,49.7725,12
2020-08-06,Industrials,57.001,5
2020-08-07,Industrials,54.79375,8
2020-08-10,Industrials,56.907,10
2020-08-11,Industrials,47.57083333333333,12
2020-08-12,Industrials,50.09090909090909,11
2020-08-13,Industrials,49.70875,8
2020-08-14,Industrials,53.04708333333334,12
2020-08-17,Industrials,58.10227272727273,11
2020-08-18,Industrials,57.0,8
2020-08-19,Industrials,56.93625,12
2020-08-20,Industrials,55.09892857142857,14
2020-08-21,Industrials,45.271071428571425,14
2020-08-24,Industrials,55.073750000000004,16
2020-08-25,Industrials,50.281875,8
2020-08-26,Industrials,43.606875,8
2020-08-27,Industrials,55.815250000000006,20
2020-08-28,Industrials,50.846875,8
2020-08-31,Industrials,50.808437500000004,16
2020-09-01,Industrials,58.9775,4
2020-09-02,Industrials,59.67125,8
2020-09-03,Industrials,55.06,10
2020-09-04,Industrials,50.504000000000005,5
2020-09-08,Industrials,46.2103125,16
2020-09-09,Industrials,47.6665,10
2020-09-10,Industrials,51.38125,8
2020-09-11,Industrials,48.095,8
2020-09-14,Industrials,50.497,10
2020-09-15,Industrials,48.94,12
2020-09-16,Industrials,54.58645833333333,24
2020-09-17,Industrials,53.09685185185185,27
2020-09-18,Industrials,56.817499999999995,6
2020-09-21,Industrials,53.5825,16
2020-09-22,Industrials,51.98791666666667,12
2020-09-23,Industrials,51.33,8
2020-09-24,Industrials,50.50363636363636,11
2020-09-25,Industrials,51.376590909090915,22
2020-09-28,Industrials,56.37928571428571,28
2020-09-29,Industrials,55.26125,8
2020-09-30,Industrials,52.16315789473684,19
2020-10-01,Industrials,55.99952380952381,21
2020-10-02,Industrials,50.321666666666665,3
2020-10-05,Industrials,54.40117647058823,17
2020-10-06,Industrials,47.24421052631579,19
2020-10-07,Industrials,49.60916666666666,12
2020-10-08,Industrials,50.44444444444444,9
2020-10-09,Industrials,61.55291666666667,12
2020-10-12,Industrials,50.32823529411765,17
2020-10-13,Industrials,55.1496875,16
2020-10-14,Industrials,55.96375,8
2020-10-15,Industrials,48.85409090909091,11
2020-10-16,Industrials,57.62925,20
2020-10-19,Industrials,55.78184210526316,19
2020-10-20,Industrials,54.495000000000005,6
2020-10-21,Industrials,54.717499999999994,6
2020-10-22,Industrials,48.321,10
2020-10-23,Industrials,56.970000000000006,7
2020-10-26,Industrials,52.91309523809524,21
2020-10-27,Industrials,48.4752380952381,42
2020-10-28,Industrials,49.14604651162791,43
2020-10-29,Industrials,52.027857142857144,14
2020-10-30,Industrials,50.06525,20
2020-11-02,Industrials,52.669736842105266,19
2020-11-03,Industrials,58.226875,16
2020-11-04,Industrials,57.780499999999996,10
2020-11-05,Industrials,53.444583333333334,12
2020-11-06,Industrials,51.40090909090909,11
2020-11-09,Industrials,56.84387096774193,31
2020-11-10,Industrials,51.64327586206896,29
2020-11-11,Industrials,51.36272727272728,11
2020-11-12,Industrials,46.464999999999996,14
2020-11-13,Industrials,56.900454545454544,11
2020-11-16,Industrials,54.501599999999996,25
2020-11-17,Industrials,52.19777777777777,9
2020-11-18,Industrials,54.86634615384616,26
2020-11-19,Industrials,51.564499999999995,10
2020-11-20,Industrials,56.04277777777778,9
2020-11-23,Industrials,53.98909090909091,22
2020-11-24,Industrials,54.698392857142856,28
2020-11-25,Industrials,60.80583333333334,12
2020-11-27,Industrials,55.88777777777778,9
2020-11-30,Industrials,48.17875,16
2020-12-01,Industrials,55.3525,10
2020-12-02,Industrials,53.925,11
2020-12-03,Industrials,59.98016666666667,30
2020-12-04,Industrials,53.23285714285714,14
2020-12-07,Industrials,52.419500000000006,20
2020-12-08,Industrials,47.34236842105263,19
2020-12-09,Industrials,48.2604347826087,23
2020-12-10,Industrials,49.39653846153846,13
2020-12-11,Industrials,48.42166666666667,18
2020-12-14,Industrials,56.873333333333335,24
2020-12-15,Industrials,48.48428571428571,7
2020-12-16,Industrials,49.13928571428572,14
2020-12-17,Industrials,59.02392857142856,14
2020-12-18,Industrials,55.024166666666666,18
2020-12-21,Industrials,51.751315789473686,38
2020-12-22,Industrials,54.093636363636364,11
2020-12-23,Industrials,55.01649999999999,10
2020-12-24,Industrials,61.372499999999995,4
2020-12-28,Industrials,53.60958333333334,12
2020-12-29,Industrials,55.531578947368416,19
2020-12-30,Industrials,53.83818181818182,11
2020-12-31,Industrials,50.3975,10
2021-01-04,Industrials,55.29692307692308,13
2021-01-05,Industrials,59.771428571428565,14
2021-01-06,Industrials,53.06575,20
2021-01-07,Industrials,52.78857142857142,14
2021-01-08,Industrials,48.96566666666667,15
2021-01-11,Industrials,45.969,20
2021-01-12,Industrials,55.09166666666667,15
2021-01-13,Industrials,49.46566666666667,15
2021-01-14,Industrials,47.57875,8
2021-01-15,Industrials,46.16045454545455,11
2021-01-19,Industrials,53.463,25
2021-01-20,Industrials,54.49,12
2021-01-21,Industrials,57.30375,4
2021-01-22,Industrials,50.40833333333334,3
2021-01-25,Industrials,53.48442307692308,26
2021-01-26,Industrials,60.500394736842104,38
2021-01-27,Industrials,46.08390625,32
2021-01-28,Industrials,51.649750000000004,20
2021-01-29,Industrials,49.09342105263158,19
2021-02-01,Industrials,51.902631578947364,19
2021-02-02,Industrials,57.713499999999996,20
2021-02-03,Industrials,53.70611111111111,9
2021-02-04,Industrials,58.525,5
2021-02-05,Industrials,49.243,5
2021-02-08,Industrials,53.99578947368421,19
2021-02-09,Industrials,50.46875,12
2021-02-10,Industrials,51.715,15
2021-02-11,Industrials,48.2,9
2021-02-12,Industrials,56.54772727272727,11
2021-02-16,Industrials,44.95333333333334,12
2021-02-17,Industrials,46.54944444444445,9
2021-02-18,Industrials,51.519285714285715,14
2021-02-19,Industrials,52.26307692307692,13
2021-02-22,Industrials,56.16659090909091,22
2021-02-23,Industrials,55.556666666666665,9
2021-02-24,Industrials,50.12619047619048,21
2021-02-25,Industrials,51.59392857142857,14
2021-02-26,Industrials,55.91375,12
2021-03-01,Industrials,59.148199999999996,25
2021-03-02,Industrials,50.12888888888889,9
2021-03-03,Industrials,50.4928125,16
2021-03-04,Industrials,51.785,9
2021-03-05,Industrials,47.5385,10
2021-03-08,Industrials,57.450869565217396,23
2021-03-09,Industrials,55.09066666666667,15
2021-03-10,Industrials,50.24944444444445,27
2021-03-11,Industrials,58.48571428571429,21
2021-03-12,Industrials,52.184090909090905,11
2021-03-15,Industrials,51.95214285714286,14
2021-03-16,Industrials,48.48875,8
2021-03-17,Industrials,47.53214285714286,7
2021-03-18,Industrials,47.96821428571429,14
2021-03-19,Industrials,49.97833333333333,3
2021-03-22,Industrials,54.464999999999996,8
2021-03-23,Industrials,50.82916666666667,6
2021-03-24,Industrials,46.39125,8
2021-03-25,Industrials,53.89200000000001,5
2021-03-26,Industrials,55.150454545454544,11
2021-03-29,Industrials,51.76659090909091,22
2021-03-30,Industrials,45.795,10
2021-03-31,Industrials,60.875,11
2021-04-01,Industrials,53.480625,8
2021-04-05,Industrials,60.885,14
2021-04-06,Industrials,53.39653846153846,13
2021-04-07,Industrials,57.888333333333335,9
2021-04-08,Industrials,48.39416666666667,6
2021-04-09,Industrials,56.425625000000004,16
2021-04-12,Industrials,51.12916666666666,6
2021-04-13,Industrials,60.061428571428564,7
2021-04-14,Industrials,57.95538461538461,13
2021-04-15,Industrials,59.530833333333334,6
2021-04-16,Industrials,47.534375,8
2021-04-19,Industrials,52.85423076923077,13
2021-04-20,Industrials,49.719375,16
2021-04-21,Industrials,47.886250000000004,8
2021-04-22,Industrials,52.1645,10
2021-04-23,Industrials,55.0235,10
2021-04-26,Industrials,54.91178571428571,14
2021-04-27,Industrials,53.073750000000004,52
2021-04-28,Industrials,47.612741935483875,31
2021-04-29,Industrials,55.94452380952381,21
2021-04-30,Industrials,48.832499999999996,10
2021-05-03,Industrials,47.74366666666666,15
2021-05-04,Industrials,50.0290625,16
2021-05-05,Industrials,60.611999999999995,25
2021-05-06,Industrials,56.199375,8
2021-05-07,Industrials,48.702222222222225,9
2021-05-10,Industrials,57.11785714285714,7
2021-05-11,Industrials,47.46115384615385,13
2021-05-12,Industrials,60.43538461538462,13
2021-05-13,Industrials,53.37307692307692,13
2021-05-14,Industrials,50.28071428571428,7
2021-05-17,Industrials,47.058181818181815,11
2021-05-18,Industrials,55.347727272727276,11
2021-05-19,Industrials,55.4725,6
2021-05-20,Industrials,63.17833333333334,3
2021-05-21,Industrials,54.58125,4
2021-05-24,Industrials,57.402857142857144,7
2021-05-25,Industrials,50.80500000000001,2
2021-05-26,Industrials,52.521428571428565,7
2021-05-27,Industrials,52.451,15
2021-05-28,Industrials,54.611250000000005,4
2021-06-01,Industrials,54.898888888888884,9
2021-06-02,Industrials,42.89,2
2021-06-03,Industrials,55.63444444444444,9
2021-06-04,Industrials,60.14777777777778,9
2021-06-07,Industrials,60.19,7
2021-06-08,Industrials,51.94199999999999,5
2021-06-09,Industrials,52.7675,10
2021-06-10,Industrials,54.380625,8
2021-06-11,Industrials,54.819,5
2021-06-14,Industrials,43.007999999999996,5
2021-06-15,Industrials,45.04785714285714,7
2021-06-16,Industrials,57.51500000000001,6
2021-06-17,Industrials,50.462500000000006,6
2021-06-18,Industrials,46.04875,4
2021-06-21,Industrials,50.02607142857143,14
2021-06-22,Industrials,42.7075,6
2021-06-23,Industrials,50.774,5
2021-06-24,Industrials,55.245000000000005,7
2021-06-25,Industrials,58.19833333333333,6
2021-06-28,Industrials,58.035714285714285,7
2021-06-29,Industrials,60.475833333333334,6
2021-06-30,Industrials,50.089999999999996,5
2021-07-01,Industrials,56.137142857142855,7
2021-07-02,Industrials,50.92666666666667,3
2021-07-06,Industrials,50.54875,4
2021-07-07,Industrials,54.78125,4
2021-07-08,Industrials,50.307500000000005,4
2021-07-09,Industrials,51.685,7
2021-07-12,Industrials,61.19200000000001,5
2021-07-13,Industrials,47.958333333333336,3
2021-07-14,Industrials,54.033,5
2021-07-15,Industrials,47.7875,4
2021-07-16,Industrials,57.88,3
2021-07-19,Industrials,50.65863636363636,11
2021-07-20,Industrials,50.0,1
2021-07-21,Industrials,45.769999999999996,7
2021-07-22,Industrials,53.501666666666665,6
2021-07-23,Industrials,69.904375,8
2021-07-26,Industrials,53.409642857142856,14
2021-07-27,Industrials,54.92177419354839,31
2021-07-28,Industrials,52.13,4
2021-07-29,Industrials,59.436875,8
2021-07-30,Industrials,53.407000000000004,15
2021-08-02,Industrials,53.732352941176465,17
2021-08-03,Industrials,41.235,2
2021-08-04,Industrials,61.17166666666666,3
2021-08-05,Industrials,52.7155,10
2021-08-06,Industrials,42.54875,4
2021-08-09,Industrials,53.404999999999994,5
2021-08-10,Industrials,56.73357142857143,7
2021-08-11,Industrials,54.48769230769231,13
2021-08-12,Industrials,64.885,2
2021-08-13,Industrials,42.17666666666667,3
2021-08-16,Industrials,53.4455,10
2021-08-17,Industrials,56.278333333333336,3
2021-08-18,Industrials,42.104375000000005,8
2021-08-19,Industrials,57.28666666666667,3
2021-08-20,Industrials,33.67999999999999,5
2021-08-23,Industrials,53.655,6
2021-08-24,Industrials,53.79583333333333,6
2021-08-25,Industrials,62.160833333333336,6
2021-08-26,Industrials,50.529,5
2021-08-27,Industrials,53.591499999999996,10
2021-08-30,Industrials,53.30916666666666,6
2021-08-31,Industrials,56.812,5
2021-09-01,Industrials,50.485,2
2021-09-02,Industrials,51.315,4
2021-09-03,Industrials,49.345555555555556,9
2021-09-07,Industrials,53.00599999999999,10
2021-09-08,Industrials,58.2825,6
2021-09-09,Industrials,50.224999999999994,2
2021-09-10,Industrials,50.255714285714284,7
2021-09-13,Industrials,49.15714285714286,7
2021-09-14,Industrials,50.516999999999996,5
2021-09-15,Industrials,45.7275,4
2021-09-16,Industrials,50.597500000000004,4
2021-09-17,Industrials,50.0,2
2021-09-20,Industrials,44.35181818181818,11
2021-09-21,Industrials,47.20375,4
2021-09-22,Industrials,49.765,7
2021-09-23,Industrials,55.40599999999999,10
2021-09-24,Industrials,51.167857142857144,7
2021-09-27,Industrials,53.14791666666667,12
2021-09-28,Industrials,65.30833333333334,3
2021-09-29,Industrials,56.19166666666666,3
2021-09-30,Industrials,51.661874999999995,8
2021-10-01,Industrials,60.769999999999996,2
2021-10-04,Industrials,58.213888888888896,9
2021-10-05,Industrials,59.91642857142857,7
2021-10-06,Industrials,39.97272727272727,11
2021-10-07,Industrials,50.449999999999996,1
2021-10-08,Industrials,45.25333333333333,3
2021-10-11,Industrials,68.61375000000001,4
2021-10-12,Industrials,67.795,1
2021-10-13,Industrials,60.43214285714286,7
2021-10-14,Industrials,65.476,5
2021-10-15,Industrials,56.077999999999996,5
2021-10-18,Industrials,52.90500000000001,7
2021-10-19,Industrials,51.3275,8
2021-10-20,Industrials,50.258,5
2021-10-21,Industrials,45.95681818181818,11
2021-10-22,Industrials,50.41875,4
2021-10-25,Industrials,52.129090909090905,11
2021-10-26,Industrials,61.3718918918919,37
2021-10-27,Industrials,51.37833333333333,12
2021-10-28,Industrials,57.04909090909091,22
2021-10-29,Industrials,59.44954545454546,11
2021-11-01,Industrials,56.42166666666666,3
2021-11-02,Industrials,58.98875,4
2021-11-03,Industrials,50.484166666666674,6
2021-11-04,Industrials,59.968333333333334,3
2021-11-05,Industrials,58.178749999999994,4
2021-11-08,Industrials,51.973846153846154,13
2021-11-09,Industrials,53.75863636363636,22
2021-11-10,Industrials,44.509375,16
2021-11-11,Industrials,60.290000000000006,8
2021-11-12,Industrials,55.173,5
2021-11-15,Industrials,52.52222222222222,9
2021-11-16,Industrials,58.40590909090909,11
2021-11-17,Industrials,50.528999999999996,10
2021-11-18,Industrials,50.943333333333335,3
2021-11-19,Industrials,49.97666666666667,3
2021-11-22,Industrials,52.05357142857143,7
2021-11-23,Industrials,56.083333333333336,3
2021-11-24,Industrials,50.09625,4
2021-11-26,Industrials,46.381,5
2021-11-29,Industrials,54.017999999999994,5
2021-11-30,Industrials,50.233,5
2021-12-01,Industrials,46.325,4
2021-12-02,Industrials,48.910000000000004,5
2021-12-03,Industrials,54.807500000000005,4
2021-12-06,Industrials,51.03375,8
2021-12-07,Industrials,58.23916666666667,6
2021-12-08,Industrials,58.20083333333333,6
2021-12-09,Industrials,55.58625,4
2021-12-10,Industrials,50.80625,4
2021-12-13,Industrials,48.122,10
2021-12-14,Industrials,55.80222222222223,9
2021-12-15,Industrials,54.81428571428571,14
2021-12-16,Industrials,52.29447368421053,19
2021-12-17,Industrials,44.59928571428571,14
2021-12-20,Industrials,49.85,17
2021-12-21,Industrials,56.33733333333334,15
2021-12-22,Industrials,59.1175,6
2021-12-23,Industrials,54.53642857142857,7
2021-12-27,Industrials,58.17136363636364,11
2021-12-28,Industrials,63.36749999999999,10
2021-12-29,Industrials,53.15,8
2021-12-30,Industrials,55.61875,4
2021-12-31,Industrials,65.485,2
2022-01-03,Industrials,57.4825,10
2022-01-04,Industrials,57.60699999999999,10
2022-01-05,Industrials,57.784375000000004,8
2022-01-06,Industrials,52.302499999999995,10
2022-01-07,Industrials,54.59423076923077,13
2022-01-10,Industrials,60.956875,16
2022-01-11,Industrials,54.67964285714286,14
2022-01-12,Industrials,62.9575,10
2022-01-13,Industrials,56.15708333333333,12
2022-01-14,Industrials,54.501875,16
2022-01-18,Industrials,53.55136363636364,22
2022-01-19,Industrials,56.46566666666667,15
2022-01-20,Industrials,57.406875,16
2022-01-21,Industrials,53.894000000000005,15
2022-01-24,Industrials,53.5496,25
2022-01-25,Industrials,52.02476744186047,43
2022-01-26,Industrials,50.751935483870966,31
2022-01-27,Industrials,55.905499999999996,20
2022-01-28,Industrials,57.12651515151515,33
2022-01-31,Industrials,51.762708333333336,24
2022-02-01,Industrials,55.174285714285716,28
2022-02-02,Industrials,53.06916666666667,12
2022-02-03,Industrials,57.26277777777778,9
2022-02-04,Industrials,60.220000000000006,5
2022-02-07,Industrials,50.66833333333333,12
2022-02-08,Industrials,51.292631578947365,19
2022-02-09,Industrials,50.38666666666666,3
2022-02-10,Industrials,50.287142857142854,14
2022-02-11,Industrials,55.86611111111111,9
2022-02-14,Industrials,43.950294117647054,17
2022-02-15,Industrials,49.72,12
2022-02-16,Industrials,47.81153846153847,13
2022-02-17,Industrials,51.845625,16
2022-02-18,Industrials,46.2875,12
2022-02-22,Industrials,48.81066666666666,15
2022-02-23,Industrials,45.583333333333336,9
2022-02-24,Industrials,51.813636363636355,11
2022-02-25,Industrials,51.923928571428576,14
2022-02-28,Industrials,49.681,10
2022-03-01,Industrials,54.209375,16
2022-03-02,Industrials,53.86,21
2022-03-03,Industrials,52.589,20
2022-03-04,Industrials,57.068636363636365,11
2022-03-07,Industrials,56.01466666666667,15
2022-03-08,Industrials,47.40346153846154,13
2022-03-09,Industrials,54.47805555555556,18
2022-03-10,Industrials,54.385000000000005,19
2022-03-11,Industrials,52.7255,10
2022-03-14,Industrials,58.1875,12
2022-03-15,Industrials,53.40541666666667,12
2022-03-16,Industrials,47.48166666666666,18
2022-03-17,Industrials,51.140277777777776,18
2022-03-18,Industrials,53.261944444444445,18
2022-03-21,Industrials,44.35035714285714,42
2022-03-22,Industrials,45.09166666666667,9
2022-03-23,Industrials,52.62050000000001,10
2022-03-24,Industrials,51.037222222222226,9
2022-03-25,Industrials,54.298235294117646,17
2022-03-28,Industrials,51.8984375,16
2022-03-29,Industrials,54.112857142857145,14
2022-03-30,Industrials,54.22625,16
2022-03-31,Industrials,60.51833333333333,9
2022-04-01,Industrials,48.11409090909091,11
2022-04-04,Industrials,54.56933333333333,15
2022-04-05,Industrials,50.012058823529415,17
2022-04-06,Industrials,53.26763157894737,19
2022-04-07,Industrials,52.10909090909092,11
2022-04-08,Industrials,57.62625,8
2022-04-11,Industrials,55.027352941176474,17
2022-04-12,Industrials,47.519,10
2022-04-13,Industrials,52.032,5
2022-04-14,Industrials,56.35,4
2022-04-18,Industrials,57.571875000000006,8
2022-04-19,Industrials,55.378,10
2022-04-20,Industrials,53.24714285714286,14
2022-04-21,Industrials,54.54,12
2022-04-22,Industrials,49.09,11
2022-04-25,Industrials,52.093333333333334,24
2022-04-26,Industrials,46.84308333333333,60
2022-04-27,Industrials,52.64290322580646,31
2022-04-28,Industrials,61.28847826086957,23
2022-04-29,Industrials,56.11138888888889,18
2022-05-02,Industrials,54.596428571428575,14
2022-05-03,Industrials,54.394999999999996,7
2022-05-04,Industrials,52.781875,8
2022-05-05,Industrials,49.24805555555556,18
2022-05-06,Industrials,56.298333333333325,3
2022-05-09,Industrials,48.51676470588235,17
2022-05-10,Industrials,55.42958333333333,12
2022-05-11,Industrials,53.9225,16
2022-05-12,Industrials,47.040000000000006,11
2022-05-13,Industrials,53.02363636363636,11
2022-05-16,Industrials,51.92111111111112,9
2022-05-17,Industrials,50.595000000000006,14
2022-05-18,Industrials,44.9278125,16
2022-05-19,Industrials,53.547222222222224,9
2022-05-20,Industrials,53.1928125,16
2022-05-23,Industrials,53.88199999999999,10
2022-05-24,Industrials,51.29071428571429,7
2022-05-25,Industrials,54.12409090909091,11
2022-05-26,Industrials,51.520357142857144,14
2022-05-27,Industrials,53.14611111111111,9
2022-05-31,Industrials,55.04227272727273,11
2022-06-01,Industrials,52.72538461538461,13
2022-06-02,Industrials,57.12214285714286,14
2022-06-03,Industrials,48.900625,8
2022-06-06,Industrials,52.154583333333335,12
2022-06-07,Industrials,56.31875,8
2022-06-08,Industrials,50.18142857142857,7
2022-06-09,Industrials,60.07368421052631,19
2022-06-10,Industrials,49.999,10
2022-06-13,Industrials,49.27425,20
2022-06-14,Industrials,57.760714285714286,14
2022-06-15,Industrials,58.604444444444454,18
2022-06-16,Industrials,50.438529411764705,17
2022-06-17,Industrials,56.99333333333334,9
2022-06-21,Industrials,55.42861111111111,18
2022-06-22,Industrials,47.67894736842105,19
2022-06-23,Industrials,55.724411764705884,17
2022-06-24,Industrials,61.89416666666667,6
2022-06-27,Industrials,57.39395833333333,24
2022-06-28,Industrials,54.32730769230769,13
2022-06-29,Industrials,57.54423076923077,13
2022-06-30,Industrials,55.6155,10
2022-07-01,Industrials,52.789375,8
2022-07-05,Industrials,53.205,17
2022-07-06,Industrials,54.29272727272728,11
2022-07-07,Industrials,52.694722222222225,18
2022-07-08,Industrials,55.6355,10
2022-07-11,Industrials,59.983000000000004,10
2022-07-12,Industrials,49.59535714285715,14
2022-07-13,Industrials,55.58607142857143,14
2022-07-14,Industrials,55.43,9
2022-07-15,Industrials,49.21038461538462,13
2022-07-18,Industrials,57.52660714285714,28
2022-07-19,Industrials,49.96111111111111,9
2022-07-20,Industrials,54.32916666666667,12
2022-07-21,Industrials,46.51714285714286,7
2022-07-22,Industrials,52.53928571428572,7
2022-07-25,Industrials,55.14,16
2022-07-26,Industrials,47.309090909090905,44
2022-07-27,Industrials,50.224999999999994,2
2022-07-28,Industrials,54.525454545454544,11
2022-07-29,Industrials,50.75333333333333,3
2022-08-01,Industrials,53.216,15
2022-08-02,Industrials,46.28131578947369,19
2022-08-03,Industrials,57.1175,4
2022-08-04,Industrials,50.275,4
2022-08-05,Industrials,53.62166666666667,6
2022-08-08,Industrials,52.31875,8
2022-08-09,Industrials,58.14071428571429,7
2022-08-10,Industrials,59.22625,8
2022-08-11,Industrials,49.15416666666667,6
2022-08-12,Industrials,53.20642857142857,7
2022-08-15,Industrials,57.163333333333334,6
2022-08-16,Industrials,42.75,4
2022-08-17,Industrials,53.013,5
2022-08-18,Industrials,47.50333333333333,6
2022-08-19,Industrials,48.723571428571425,7
2022-08-22,Industrials,62.76307692307693,13
2022-08-23,Industrials,50.56,3
2022-08-24,Industrials,49.975,7
2022-08-25,Industrials,56.911,5
2022-08-26,Industrials,43.71214285714286,7
2022-08-29,Industrials,51.904545454545456,11
2022-08-30,Industrials,59.38181818181818,11
2022-08-31,Industrials,52.39083333333334,6
2022-09-01,Industrials,56.833181818181814,11
2022-09-02,Industrials,52.33,8
2022-09-06,Industrials,52.2475,16
2022-09-07,Industrials,53.57111111111111,9
2022-09-08,Industrials,55.28875,12
2022-09-09,Industrials,49.33714285714286,7
2022-09-12,Industrials,51.062222222222225,9
2022-09-13,Industrials,53.533,10
2022-09-14,Industrials,51.534642857142856,14
2022-09-15,Industrials,49.13875,8
2022-09-16,Industrials,40.31944444444444,18
2022-09-19,Industrials,57.592499999999994,14
2022-09-20,Industrials,54.567499999999995,10
2022-09-21,Industrials,51.402857142857144,7
2022-09-22,Industrials,47.77875,12
2022-09-23,Industrials,60.21357142857143,7
2022-09-26,Industrials,50.947,10
2022-09-27,Industrials,49.13999999999999,6
2022-09-28,Industrials,52.189,5
2022-09-29,Industrials,50.10666666666666,6
2022-09-30,Industrials,56.13833333333333,3
2022-10-03,Industrials,53.16,8
2022-10-04,Industrials,50.79600000000001,5
2022-10-05,Industrials,61.72285714285714,7
2022-10-06,Industrials,50.735,5
2022-10-07,Industrials,49.632222222222225,9
2022-10-10,Industrials,58.22,6
2022-10-11,Industrials,64.606,5
2022-10-12,Industrials,56.675000000000004,3
2022-10-13,Industrials,57.8525,6
2022-10-14,Industrials,52.483125,8
2022-10-17,Industrials,47.28,6
2022-10-18,Industrials,57.39625,12
2022-10-19,Industrials,50.16375,4
2022-10-20,Industrials,60.00666666666666,9
2022-10-21,Industrials,56.751666666666665,6
2022-10-24,Industrials,61.108000000000004,20
2022-10-25,Industrials,53.343648648648646,37
2022-10-26,Industrials,54.65923076923077,13
2022-10-27,Industrials,59.83727272727273,22
2022-10-28,Industrials,57.374,5
2022-10-31,Industrials,58.94375,8
2022-11-01,Industrials,72.10666666666667,3
2022-11-02,Industrials,59.544999999999995,2
2022-11-03,Industrials,44.02,12
2022-11-04,Industrials,60.15125,4
2022-11-07,Industrials,55.417857142857144,7
2022-11-08,Industrials,54.826,5
2022-11-09,Industrials,63.2975,4
2022-11-10,Industrials,61.345,6
2022-11-11,Industrials,58.225,5
2022-11-14,Industrials,53.50772727272727,11
2022-11-15,Industrials,49.455,4
2022-11-16,Industrials,49.99875,8
2022-11-17,Industrials,57.48428571428571,7
2022-11-18,Industrials,54.49,3
2022-11-21,Industrials,48.30357142857143,7
2022-11-22,Industrials,55.60636363636363,11
2022-11-23,Industrials,51.292500000000004,2
2022-11-25,Industrials,68.06,3
2022-11-28,Industrials,51.47863636363636,11
2022-11-29,Industrials,54.864999999999995,5
2022-11-30,Industrials,53.54857142857143,14
2022-12-01,Industrials,62.434285714285714,7
2022-12-02,Industrials,50.48857142857143,7
2022-12-05,Industrials,45.339999999999996,10
2022-12-06,Industrials,45.303,5
2022-12-07,Industrials,51.615,2
2022-12-08,Industrials,62.1,10
2022-12-09,Industrials,53.685,5
2022-12-12,Industrials,46.628,5
2022-12-13,Industrials,60.04928571428571,14
2022-12-14,Industrials,62.772000000000006,5
2022-12-15,Industrials,53.07392857142857,14
2022-12-16,Industrials,49.60375,8
2022-12-19,Industrials,59.694545454545455,11
2022-12-20,Industrials,59.79076923076923,13
2022-12-21,Industrials,70.58357142857143,14
2022-12-22,Industrials,52.5940625,16
2022-12-23,Industrials,53.98428571428571,7
2022-12-27,Industrials,57.14475,20
2022-12-28,Industrials,52.05277777777778,9
2022-12-29,Industrials,55.263,10
2022-12-30,Industrials,58.565,5
2023-01-03,Industrials,51.84384615384616,13
2023-01-04,Industrials,54.979615384615386,13
2023-01-05,Industrials,56.70666666666667,6
2023-01-06,Industrials,50.18416666666667,6
2023-01-09,Industrials,55.998636363636365,11
2023-01-10,Industrials,60.402272727272724,11
2023-01-11,Industrials,45.8875,4
2023-01-12,Industrials,57.847857142857144,14
2023-01-13,Industrials,55.43181818181818,11
2023-01-17,Industrials,66.24846153846154,13
2023-01-18,Industrials,47.15,8
2023-01-19,Industrials,53.892857142857146,7
2023-01-20,Industrials,50.294000000000004,5
2023-01-23,Industrials,60.190000000000005,23
2023-01-24,Industrials,48.769807692307694,52
2023-01-25,Industrials,54.895,6
2023-01-26,Industrials,52.158684210526324,19
2023-01-27,Industrials,56.243125,8
2023-01-30,Industrials,48.993529411764705,17
2023-01-31,Industrials,58.64692307692308,39
2023-02-01,Industrials,52.670625,8
2023-02-02,Industrials,58.86900000000001,5
2023-02-03,Industrials,56.29625,8
2023-02-06,Industrials,60.5025,12
2023-02-07,Industrials,48.94,6
2023-02-08,Industrials,59.765,4
2023-02-09,Industrials,60.89888888888889,9
2023-02-10,Industrials,57.71300000000001,5
2023-02-13,Industrials,56.534375,8
2023-02-14,Industrials,53.68444444444444,9
2023-02-15,Industrials,50.83083333333334,6
2023-02-16,Industrials,54.04541666666666,12
2023-02-17,Industrials,50.4388888888889,9
2023-02-21,Industrials,55.537,15
2023-02-22,Industrials,50.269999999999996,5
2023-02-23,Industrials,50.506428571428565,7
2023-02-24,Industrials,48.91416666666667,6
2023-02-27,Industrials,53.234,10
2023-02-28,Industrials,61.66799999999999,10
2023-03-01,Industrials,47.97657894736842,19
2023-03-02,Industrials,58.38125,4
2023-03-03,Industrials,50.53125,8
2023-03-06,Industrials,60.98875,12
2023-03-07,Industrials,65.564,5
2023-03-08,Industrials,56.689,10
2023-03-09,Industrials,48.8053125,16
2023-03-10,Industrials,50.64071428571429,14
2023-03-13,Industrials,58.69527777777778,18
2023-03-14,Industrials,60.07357142857143,7
2023-03-15,Industrials,47.25833333333334,9
2023-03-16,Industrials,52.54083333333333,6
2023-03-17,Industrials,60.903333333333336,6
2023-03-20,Industrials,51.20454545454545,11
2023-03-21,Industrials,69.301,5
2023-03-22,Industrials,59.815999999999995,5
2023-03-23,Industrials,54.7975,4
2023-03-24,Industrials,52.605625,8
2023-03-27,Industrials,58.499117647058824,17
2023-03-28,Industrials,59.75,6
2023-03-29,Industrials,52.08791666666667,12
2023-03-30,Industrials,68.27833333333334,6
2023-03-31,Industrials,53.64166666666666,6
2023-04-03,Industrials,59.3515,10
2023-04-04,Industrials,51.760625000000005,16
2023-04-05,Industrials,45.87318181818182,11
2023-04-06,Industrials,57.16866666666667,15
2023-04-10,Industrials,56.29738095238095,21
2023-04-11,Industrials,52.64111111111111,9
2023-04-12,Industrials,52.12625,16
2023-04-13,Industrials,54.762499999999996,6
2023-04-14,Industrials,49.474000000000004,10
2023-04-17,Industrials,56.51352941176471,17
2023-04-18,Industrials,58.907272727272726,11
2023-04-19,Industrials,55.281,15
2023-04-20,Industrials,58.40428571428571,14
2023-04-21,Industrials,57.370625000000004,8
2023-04-24,Industrials,58.5178125,16
2023-04-25,Industrials,48.20574468085106,47
2023-04-26,Industrials,57.822321428571435,28
2023-04-27,Industrials,51.49785714285714,21
2023-04-28,Industrials,50.177307692307686,13
2023-05-01,Industrials,54.07404761904762,21
2023-05-02,Industrials,52.361071428571435,14
2023-05-03,Industrials,54.91166666666666,9
2023-05-04,Industrials,64.25777777777778,9
2023-05-05,Industrials,38.365,4
2023-05-08,Industrials,56.903,10
2023-05-09,Industrials,59.683125,8
2023-05-10,Industrials,52.123571428571424,7
2023-05-11,Industrials,53.057857142857145,7
2023-05-12,Industrials,57.858000000000004,5
2023-05-15,Industrials,52.3815625,16
2023-05-16,Industrials,48.368,5
2023-05-17,Industrials,52.57071428571429,7
2023-05-18,Industrials,53.128499999999995,10
2023-05-19,Industrials,55.29749999999999,6
2023-05-22,Industrials,54.91374999999999,16
2023-05-23,Industrials,57.20000000000001,3
2023-05-24,Industrials,47.755833333333335,12
2023-05-25,Industrials,51.213750000000005,12
2023-05-26,Industrials,49.506,5
2023-05-30,Industrials,52.49777777777778,18
2023-05-31,Industrials,54.08346153846154,13
2023-06-01,Industrials,52.555,12
2023-06-02,Industrials,52.1746875,16
2023-06-05,Industrials,58.85184210526315,19
2023-06-06,Industrials,62.144999999999996,5
2023-06-07,Industrials,57.041999999999994,10
2023-06-08,Industrials,55.606875,8
2023-06-09,Industrials,50.89363636363637,11
2023-06-12,Industrials,54.71545454545455,11
2023-06-13,Industrials,52.10863636363636,11
2023-06-14,Industrials,58.81115384615384,13
2023-06-15,Industrials,51.533500000000004,10
2023-06-16,Industrials,57.653333333333336,12
2023-06-20,Industrials,55.225,32
2023-06-21,Industrials,43.646764705882354,17
2023-06-22,Industrials,54.6555,10
2023-06-23,Industrials,48.76575,20
2023-06-26,Industrials,59.79045454545455,11
2023-06-27,Industrials,51.19444444444444,9
2023-06-28,Industrials,57.162,5
2023-06-29,Industrials,53.640625,8
2023-06-30,Industrials,55.395714285714284,7
2023-07-03,Industrials,58.54933333333334,15
2023-07-05,Industrials,53.96125,24
2023-07-06,Industrials,54.444,10
2023-07-07,Industrials,49.94388888888889,9
2023-07-10,Industrials,53.30352941176471,17
2023-07-11,Industrials,56.10055555555555,9
2023-07-12,Industrials,46.192499999999995,4
2023-07-13,Industrials,54.42444444444445,9
2023-07-14,Industrials,50.70928571428572,7
2023-07-17,Industrials,51.3059375,16
2023-07-18,Industrials,57.70611111111111,9
2023-07-19,Industrials,54.93157894736842,19
2023-07-20,Industrials,50.7075,4
2023-07-21,Industrials,51.628,10
2023-07-24,Industrials,56.715526315789475,19
2023-07-25,Industrials,55.003660714285715,56
2023-07-26,Industrials,49.149791666666665,24
2023-07-27,Industrials,57.739333333333335,15
2023-07-28,Industrials,52.73166666666667,15
2023-07-31,Industrials,55.484375,32
2023-08-01,Industrials,50.92557142857143,35
2023-08-02,Industrials,55.87730769230769,26
2023-08-03,Industrials,63.5825,8
2023-08-04,Industrials,56.98769230769231,13
2023-08-07,Industrials,50.24733333333334,15
2023-08-08,Industrials,47.46970588235294,17
2023-08-09,Industrials,58.897000000000006,15
2023-08-10,Industrials,61.239285714285714,7
2023-08-11,Industrials,56.25863636363636,11
2023-08-14,Industrials,50.744,5
2023-08-15,Industrials,54.74625,8
2023-08-16,Industrials,63.129999999999995,9
2023-08-17,Industrials,52.9215,10
2023-08-18,Industrials,47.358125,8
2023-08-21,Industrials,56.29333333333333,9
2023-08-22,Industrials,54.98538461538461,13
2023-08-23,Industrials,51.99541666666667,12
2023-08-24,Industrials,57.55777777777777,9
2023-08-25,Industrials,53.00772727272727,11
2023-08-28,Industrials,54.2306,25
2023-08-29,Industrials,56.24575,20
2023-08-30,Industrials,55.83681818181819,11
2023-08-31,Industrials,52.602,20
2023-09-01,Industrials,56.3875,16
2023-09-05,Industrials,53.67352941176471,17
2023-09-06,Industrials,54.81678571428571,14
2023-09-07,Industrials,55.26090909090909,11
2023-09-08,Industrials,54.17944444444444,9
2023-09-11,Industrials,55.0771875,16
2023-09-12,Industrials,56.94349999999999,20
2023-09-13,Industrials,54.45166666666667,15
2023-09-14,Industrials,55.932307692307695,13
2023-09-15,Industrials,55.31269230769231,13
2023-09-18,Industrials,54.03285714285715,21
2023-09-19,Industrials,54.00076923076923,13
2023-09-20,Industrials,56.93961538461539,13
2023-09-21,Industrials,56.95681818181818,22
2023-09-22,Industrials,60.49214285714286,7
2023-09-25,Industrials,56.74382352941176,17
2023-09-26,Industrials,57.319545454545455,11
2023-09-27,Industrials,56.59178571428571,14
2023-09-28,Industrials,54.71321428571429,14
2023-09-29,Industrials,58.93222222222222,9
2023-10-02,Industrials,56.302727272727275,22
2023-10-03,Industrials,54.9775,26
2023-10-04,Industrials,53.41041666666666,12
2023-10-05,Industrials,53.8215625,16
2023-10-06,Industrials,53.932857142857145,7
2023-10-09,Industrials,56.63107142857143,14
2023-10-10,Industrials,57.967173913043474,23
2023-10-11,Industrials,56.33925000000001,20
2023-10-12,Industrials,55.585,19
2023-10-13,Industrials,50.184444444444445,18
2023-10-16,Industrials,52.51166666666667,18
2023-10-17,Industrials,54.07388888888889,9
2023-10-18,Industrials,55.45022727272727,22
2023-10-19,Industrials,54.81230769230769,26
2023-10-20,Industrials,51.4602380952381,21
2023-10-23,Industrials,55.98185185185185,27
2023-10-24,Industrials,63.643235294117645,51
2023-10-25,Industrials,50.260487804878046,41
2023-10-26,Industrials,52.07654761904762,42
2023-10-27,Industrials,50.31,14
2023-10-30,Industrials,52.05595238095238,21
2023-10-31,Industrials,58.68196428571429,28
2023-11-01,Industrials,51.84357142857143,14
2023-11-02,Industrials,57.41184210526316,19
2023-11-03,Industrials,49.185833333333335,6
2023-11-06,Industrials,53.48732142857143,28
2023-11-07,Industrials,51.40590909090909,11
2023-11-08,Industrials,52.29384615384616,13
2023-11-09,Industrials,57.78875,8
2023-11-10,Industrials,46.74,14
2023-11-13,Industrials,51.74675675675675,37
2023-11-14,Industrials,59.579736842105255,19
2023-11-15,Industrials,53.89416666666667,12
2023-11-16,Industrials,55.135714285714286,14
2023-11-17,Industrials,56.56695652173913,23
2023-11-20,Industrials,58.86684210526316,19
2023-11-21,Industrials,55.84735294117647,17
2023-11-22,Industrials,60.15833333333333,24
2023-11-24,Industrials,58.595263157894735,19
2023-11-27,Industrials,53.046052631578945,19
2023-11-28,Industrials,50.233999999999995,20
2023-11-29,Industrials,52.34285714285714,21
2023-11-30,Industrials,60.1,14
2023-12-01,Industrials,52.256875,16
2023-12-04,Industrials,55.105,18
2023-12-05,Industrials,50.908181818181816,11
2023-12-06,Industrials,54.989374999999995,24
2023-12-07,Industrials,53.64861111111111,18
2023-12-08,Industrials,52.91291666666667,12
2023-12-11,Industrials,51.85060606060606,33
2023-12-12,Industrials,59.413333333333334,27
2023-12-13,Industrials,54.69416666666667,24
2023-12-14,Industrials,51.88142857142857,7
2023-12-15,Industrials,59.62166666666667,3
2023-12-18,Industrials,58.59844827586207,29
2020-01-02,Materials,50.589999999999996,7
2020-01-03,Materials,39.98666666666667,3
2020-01-06,Materials,49.49666666666667,9
2020-01-07,Materials,56.123333333333335,3
2020-01-08,Materials,41.373333333333335,6
2020-01-09,Materials,47.22666666666667,6
2020-01-10,Materials,41.192499999999995,4
2020-01-13,Materials,60.16625,4
2020-01-14,Materials,55.93,4
2020-01-15,Materials,61.74875,4
2020-01-16,Materials,50.66125,4
2020-01-17,Materials,58.146,5
2020-01-21,Materials,51.16818181818182,11
2020-01-22,Materials,49.9875,4
2020-01-23,Materials,49.70111111111111,9
2020-01-24,Materials,55.50909090909091,11
2020-01-27,Materials,51.665,14
2020-01-28,Materials,53.63699999999999,15
2020-01-29,Materials,54.16775,20
2020-01-30,Materials,48.316250000000004,32
2020-01-31,Materials,46.44133333333333,15
2020-02-03,Materials,47.199999999999996,12
2020-02-04,Materials,59.72571428571428,7
2020-02-05,Materials,53.895,9
2020-02-06,Materials,53.82892857142857,14
2020-02-07,Materials,50.142222222222216,9
2020-02-10,Materials,54.80285714285714,7
2020-02-11,Materials,54.17964285714286,14
2020-02-12,Materials,53.765,4
2020-02-13,Materials,52.66538461538461,13
2020-02-14,Materials,48.4085,10
2020-02-18,Materials,50.12583333333333,24
2020-02-19,Materials,49.96,8
2020-02-20,Materials,58.388888888888886,18
2020-02-21,Materials,54.31944444444444,9
2020-02-24,Materials,50.93272727272727,22
2020-02-25,Materials,44.78583333333333,6
2020-02-26,Materials,46.6325,4
2020-02-27,Materials,44.78208333333333,12
2020-02-28,Materials,39.380625,8
2020-03-02,Materials,49.85041666666666,12
2020-03-03,Materials,57.455,8
2020-03-04,Materials,59.15375,4
2020-03-05,Materials,49.544375,8
2020-03-06,Materials,46.93428571428571,7
2020-03-09,Materials,49.082941176470584,17
2020-03-10,Materials,55.6515,10
2020-03-11,Materials,50.67833333333333,21
2020-03-12,Materials,46.18818181818182,11
2020-03-13,Materials,45.365833333333335,6
2020-03-16,Materials,50.45346153846154,13
2020-03-17,Materials,61.21227272727273,11
2020-03-18,Materials,52.287142857142854,7
2020-03-19,Materials,55.03423076923077,13
2020-03-20,Materials,54.089999999999996,5
2020-03-23,Materials,56.67733333333333,15
2020-03-24,Materials,68.44571428571429,7
2020-03-25,Materials,53.875,5
2020-03-26,Materials,53.158928571428575,14
2020-03-27,Materials,60.55666666666667,3
2020-03-30,Materials,53.14,10
2020-03-31,Materials,60.082307692307694,13
2020-04-01,Materials,50.10071428571428,14
2020-04-02,Materials,57.06166666666667,12
2020-04-03,Materials,57.978750000000005,4
2020-04-06,Materials,51.955999999999996,10
2020-04-07,Materials,66.77071428571429,7
2020-04-08,Materials,57.00535714285714,14
2020-04-09,Materials,57.05586956521739,23
2020-04-13,Materials,51.574999999999996,24
2020-04-14,Materials,49.362500000000004,12
2020-04-15,Materials,45.758529411764705,17
2020-04-16,Materials,53.34346153846154,13
2020-04-17,Materials,61.609,5
2020-04-20,Materials,53.005714285714284,21
2020-04-21,Materials,48.1685,10
2020-04-22,Materials,56.3155,10
2020-04-23,Materials,52.14941176470588,17
2020-04-24,Materials,53.107142857142854,7
2020-04-27,Materials,56.06045454545454,11
2020-04-28,Materials,55.224117647058826,17
2020-04-29,Materials,57.708,15
2020-04-30,Materials,54.52614285714286,35
2020-05-01,Materials,50.61000000000001,22
2020-05-04,Materials,53.06115384615384,13
2020-05-05,Materials,57.429189189189195,37
2020-05-06,Materials,52.235263157894735,19
2020-05-07,Materials,52.92666666666667,12
2020-05-08,Materials,57.49166666666666,18
2020-05-11,Materials,53.66791666666666,12
2020-05-12,Materials,50.17269230769231,13
2020-05-13,Materials,56.997894736842106,19
2020-05-14,Materials,51.658125,16
2020-05-15,Materials,52.361176470588234,17
2020-05-18,Materials,56.3115,10
2020-05-19,Materials,56.49375,8
2020-05-20,Materials,54.202,15
2020-05-21,Materials,57.851,10
2020-05-22,Materials,55.596666666666664,9
2020-05-26,Materials,50.63428571428572,7
2020-05-27,Materials,60.93071428571428,7
2020-05-28,Materials,54.45357142857143,7
2020-05-29,Materials,54.5925,8
2020-06-01,Materials,53.11928571428571,7
2020-06-02,Materials,58.44857142857143,7
2020-06-03,Materials,56.62388888888889,9
2020-06-04,Materials,58.70357142857143,7
2020-06-05,Materials,53.496,5
2020-06-08,Materials,67.32,4
2020-06-09,Materials,70.72,2
2020-06-10,Materials,76.705,1
2020-06-11,Materials,50.495000000000005,3
2020-06-12,Materials,58.714999999999996,5
2020-06-15,Materials,64.06,1
2020-06-16,Materials,50.0,1
2020-06-17,Materials,49.55,1
2020-06-18,Materials,51.01166666666666,3
2020-06-19,Materials,50.0325,2
2020-06-22,Materials,55.99583333333334,6
2020-06-23,Materials,50.181,5
2020-06-24,Materials,50.0,1
2020-06-25,Materials,50.71,1
2020-06-26,Materials,67.21000000000001,1
2020-06-29,Materials,59.515,2
2020-06-30,Materials,51.22666666666667,3
2020-07-01,Materials,50.935,2
2020-07-02,Materials,50.385000000000005,1
2020-07-06,Materials,41.81699999999999,5
2020-07-07,Materials,31.94,1
2020-07-08,Materials,50.775000000000006,1
2020-07-09,Materials,50.385000000000005,2
2020-07-10,Materials,49.29,1
2020-07-13,Materials,50.0,2
2020-07-16,Materials,51.29,3
2020-07-17,Materials,59.837500000000006,2
2020-07-20,Materials,50.515,1
2020-07-22,Materials,63.934999999999995,2
2020-07-23,Materials,49.708181818181814,11
2020-07-24,Materials,46.917,5
2020-07-27,Materials,48.495,9
2020-07-28,Materials,57.00500000000001,9
2020-07-29,Materials,54.7825,4
2020-07-30,Materials,52.780833333333334,12
2020-07-31,Materials,67.69000000000001,1
2020-08-03,Materials,76.945,2
2020-08-04,Materials,53.6575,4
2020-08-05,Materials,50.985,4
2020-08-06,Materials,56.37833333333333,3
2020-08-10,Materials,60.14,5
2020-08-11,Materials,49.98375,4
2020-08-13,Materials,68.525,1
2020-08-14,Materials,50.495000000000005,3
2020-08-17,Materials,59.82583333333333,6
2020-08-18,Materials,50.0,3
2020-08-19,Materials,50.807500000000005,2
2020-08-20,Materials,50.219,5
2020-08-21,Materials,33.379999999999995,1
2020-08-24,Materials,50.98833333333334,3
2020-08-25,Materials,42.78,1
2020-08-26,Materials,50.0,1
2020-08-27,Materials,50.75333333333333,3
2020-08-28,Materials,47.1225,4
2020-08-31,Materials,50.192499999999995,2
2020-09-02,Materials,48.63833333333334,3
2020-09-03,Materials,50.232000000000006,5
2020-09-04,Materials,54.489,5
2020-09-08,Materials,58.8175,2
2020-09-10,Materials,38.1125,2
2020-09-11,Materials,48.065000000000005,1
2020-09-14,Materials,54.31166666666667,6
2020-09-16,Materials,50.58,2
2020-09-17,Materials,50.415,7
2020-09-21,Materials,59.656000000000006,5
2020-09-23,Materials,50.905,1
2020-09-24,Materials,68.06,1
2020-09-25,Materials,68.99,1
2020-09-28,Materials,50.086666666666666,6
2020-09-30,Materials,41.0675,2
2020-10-05,Materials,52.604,5
2020-10-07,Materials,50.71,1
2020-10-08,Materials,68.06,1
2020-10-09,Materials,50.0,2
2020-10-12,Materials,49.88,4
2020-10-13,Materials,50.839999999999996,1
2020-10-14,Materials,52.065000000000005,1
2020-10-15,Materials,51.224999999999994,2
2020-10-16,Materials,63.55999999999999,2
2020-10-19,Materials,59.76,2
2020-10-21,Materials,54.55625,4
2020-10-22,Materials,56.529,15
2020-10-23,Materials,50.970000000000006,2
2020-10-26,Materials,50.677499999999995,2
2020-10-27,Materials,53.85699999999999,5
2020-10-29,Materials,57.802499999999995,10
2020-11-02,Materials,58.535,2
2020-11-03,Materials,50.449999999999996,1
2020-11-04,Materials,50.0,2
2020-11-06,Materials,57.00833333333333,3
2020-11-10,Materials,41.99,2
2020-11-11,Materials,50.0,5
2020-11-12,Materials,50.922000000000004,5
2020-11-13,Materials,57.760000000000005,5
2020-11-16,Materials,50.807500000000005,4
2020-11-17,Materials,59.665,2
2020-11-19,Materials,58.22666666666667,3
2020-11-23,Materials,50.215555555555554,9
2020-11-24,Materials,50.839999999999996,1
2020-11-25,Materials,50.597500000000004,4
2020-11-27,Materials,50.970000000000006,1
2020-11-30,Materials,51.129999999999995,2
2020-12-01,Materials,65.55250000000001,2
2020-12-02,Materials,57.106249999999996,4
2020-12-03,Materials,50.385000000000005,1
2020-12-07,Materials,50.0,2
2020-12-08,Materials,62.410000000000004,3
2020-12-09,Materials,52.666250000000005,4
2020-12-10,Materials,50.0,1
2020-12-11,Materials,51.615,1
2020-12-15,Materials,50.12833333333333,3
2020-12-16,Materials,50.417500000000004,2
2020-12-17,Materials,62.59666666666667,3
2020-12-18,Materials,53.534285714285716,7
2020-12-21,Materials,50.574,5
2020-12-22,Materials,50.9375,2
2020-12-28,Materials,50.0,2
2020-12-29,Materials,50.66833333333333,3
2020-12-30,Materials,50.970000000000006,1
2020-12-31,Materials,50.71,1
2021-01-04,Materials,50.892500000000005,6
2021-01-05,Materials,55.93666666666667,3
2021-01-06,Materials,71.075,1
2021-01-07,Materials,43.5875,2
2021-01-08,Materials,50.096666666666664,6
2021-01-11,Materials,52.78666666666667,6
2021-01-12,Materials,50.0,2
2021-01-13,Materials,50.807500000000005,2
2021-01-14,Materials,50.970000000000006,1
2021-01-15,Materials,47.379999999999995,6
2021-01-19,Materials,52.375,2
2021-01-20,Materials,50.970000000000006,1
2021-01-21,Materials,47.065000000000005,4
2021-01-22,Materials,40.739999999999995,1
2021-01-25,Materials,47.471666666666664,3
2021-01-26,Materials,50.17166666666666,3
2021-01-27,Materials,50.0,3
2021-01-28,Materials,58.94178571428572,14
2021-01-29,Materials,46.4075,2
2021-02-01,Materials,53.371500000000005,10
2021-02-02,Materials,50.0,1
2021-02-03,Materials,52.043333333333344,3
2021-02-05,Materials,50.23666666666667,3
2021-02-08,Materials,39.223333333333336,3
2021-02-09,Materials,67.02625,8
2021-02-10,Materials,44.28,3
2021-02-16,Materials,44.64666666666667,3
2021-02-17,Materials,47.743750000000006,4
2021-02-18,Materials,55.3605,10
2021-02-19,Materials,41.28,4
2021-02-22,Materials,52.373125,8
2021-02-23,Materials,56.449,5
2021-02-24,Materials,50.538333333333334,3
2021-02-25,Materials,50.316250000000004,4
2021-02-26,Materials,56.2525,4
2021-03-01,Materials,43.926,5
2021-03-02,Materials,50.275,4
2021-03-04,Materials,50.324999999999996,1
2021-03-05,Materials,34.885,2
2021-03-08,Materials,55.535000000000004,7
2021-03-09,Materials,50.0,1
2021-03-10,Materials,61.472500000000004,2
2021-03-11,Materials,56.615,3
2021-03-12,Materials,50.2575,2
2021-03-15,Materials,50.129999999999995,3
2021-03-16,Materials,68.37,1
2021-03-17,Materials,50.1925,2
2021-03-19,Materials,58.605000000000004,2
2021-03-22,Materials,50.90333333333333,3
2021-03-23,Materials,50.623333333333335,3
2021-03-24,Materials,50.580000000000005,2
2021-03-25,Materials,62.96875,4
2021-03-26,Materials,51.737,5
2021-03-31,Materials,59.03,2
2021-04-01,Materials,43.278000000000006,5
2021-04-05,Materials,61.00333333333334,3
2021-04-06,Materials,62.265,1
2021-04-07,Materials,41.1275,2
2021-04-08,Materials,54.036,5
2021-04-12,Materials,50.91875,4
2021-04-14,Materials,58.9825,4
2021-04-16,Materials,41.155,2
2021-04-19,Materials,59.86333333333334,3
2021-04-20,Materials,29.315,1
2021-04-21,Materials,57.474000000000004,5
2021-04-22,Materials,57.63409090909091,11
2021-04-23,Materials,65.05833333333334,3
2021-04-26,Materials,50.0,1
2021-04-27,Materials,53.30799999999999,5
2021-04-28,Materials,78.875,1
2021-04-29,Materials,53.55,4
2021-04-30,Materials,57.655,1
2021-05-03,Materials,50.219,5
2021-05-04,Materials,51.175909090909094,11
2021-05-05,Materials,77.305,1
2021-05-06,Materials,58.213,5
2021-05-10,Materials,62.214,5
2021-05-11,Materials,51.19500000000001,2
2021-05-12,Materials,51.615,1
2021-05-13,Materials,50.224999999999994,2
2021-05-14,Materials,57.6275,2
2021-05-17,Materials,55.83916666666667,6
2021-05-18,Materials,58.830999999999996,5
2021-05-19,Materials,49.870000000000005,2
2021-05-20,Materials,50.32333333333333,3
2021-05-21,Materials,58.535000000000004,2
2021-05-24,Materials,59.343999999999994,5
2021-05-25,Materials,50.129999999999995,3
2021-05-26,Materials,50.0,2
2021-05-27,Materials,62.48499999999999,3
2021-05-28,Materials,50.607000000000006,5
2021-06-01,Materials,50.54875,4
2021-06-02,Materials,50.0,2
2021-06-03,Materials,50.529,5
2021-06-04,Materials,50.224999999999994,2
2021-06-07,Materials,53.248333333333335,9
2021-06-08,Materials,53.746,5
2021-06-09,Materials,50.775000000000006,1
2021-06-10,Materials,50.0,1
2021-06-11,Materials,50.0,2
2021-06-14,Materials,64.03125,4
2021-06-15,Materials,51.42,1
2021-06-16,Materials,50.3875,2
2021-06-17,Materials,50.172222222222224,9
2021-06-18,Materials,45.647499999999994,4
2021-06-21,Materials,46.801,5
2021-06-22,Materials,44.23833333333334,3
2021-06-24,Materials,50.4025,4
2021-06-25,Materials,55.3675,4
2021-06-28,Materials,59.03,2
2021-06-29,Materials,34.42,1
2021-07-01,Materials,50.55833333333334,3
2021-07-02,Materials,50.324999999999996,1
2021-07-06,Materials,55.711,5
2021-07-07,Materials,50.0,1
2021-07-08,Materials,46.904,5
2021-07-12,Materials,68.06,1
2021-07-13,Materials,49.9675,2
2021-07-14,Materials,50.385000000000005,1
2021-07-15,Materials,50.935,2
2021-07-16,Materials,54.463750000000005,4
2021-07-19,Materials,47.55416666666667,6
2021-07-20,Materials,46.403333333333336,3
2021-07-21,Materials,52.635000000000005,8
2021-07-22,Materials,62.362,10
2021-07-23,Materials,50.8725,2
2021-07-26,Materials,55.79,5
2021-07-27,Materials,57.995000000000005,5
2021-07-29,Materials,49.507,5
2021-07-30,Materials,64.8,1
2021-08-02,Materials,50.0,2
2021-08-03,Materials,53.7709375,16
2021-08-04,Materials,41.55125,4
2021-08-05,Materials,50.1925,2
2021-08-06,Materials,50.449999999999996,1
2021-08-09,Materials,50.25833333333333,3
2021-08-10,Materials,54.61125,4
2021-08-11,Materials,54.207499999999996,10
2021-08-12,Materials,60.418333333333344,3
2021-08-13,Materials,50.485,2
2021-08-16,Materials,52.392500000000005,6
2021-08-17,Materials,58.6075,2
2021-08-18,Materials,65.58666666666666,3
2021-08-19,Materials,45.053,5
2021-08-20,Materials,41.457499999999996,2
2021-08-23,Materials,56.54083333333333,6
2021-08-24,Materials,50.0,1
2021-08-25,Materials,50.485,2
2021-08-26,Materials,50.385000000000005,1
2021-08-27,Materials,56.02,3
2021-08-30,Materials,59.643750000000004,4
2021-08-31,Materials,54.89875,4
2021-09-01,Materials,50.0,1
2021-09-02,Materials,50.1925,2
2021-09-07,Materials,56.69833333333333,3
2021-09-08,Materials,44.38166666666667,6
2021-09-09,Materials,67.345,2
2021-09-10,Materials,50.0,2
2021-09-13,Materials,53.975625,8
2021-09-14,Materials,56.18833333333333,3
2021-09-16,Materials,61.26333333333333,3
2021-09-17,Materials,49.54916666666667,6
2021-09-20,Materials,57.95681818181818,11
2021-09-21,Materials,50.449999999999996,1
2021-09-22,Materials,44.88875,8
2021-09-23,Materials,50.449999999999996,1
2021-09-24,Materials,51.205000000000005,3
2021-09-27,Materials,57.23833333333334,3
2021-09-28,Materials,40.97,2
2021-09-29,Materials,50.0,2
2021-09-30,Materials,50.593,5
2021-10-01,Materials,49.225,1
2021-10-05,Materials,45.64,4
2021-10-06,Materials,47.605000000000004,14
2021-10-07,Materials,56.21,3
2021-10-08,Materials,49.979,5
2021-10-11,Materials,58.56916666666667,6
2021-10-12,Materials,40.9375,2
2021-10-13,Materials,54.030833333333334,6
2021-10-14,Materials,41.40166666666667,3
2021-10-15,Materials,45.8125,2
2021-10-18,Materials,50.666666666666664,3
2021-10-19,Materials,50.0,1
2021-10-20,Materials,50.413,5
2021-10-21,Materials,50.933076923076925,13
2021-10-22,Materials,50.84,3
2021-10-25,Materials,50.17625,4
2021-10-26,Materials,49.89166666666667,3
2021-10-27,Materials,63.752500000000005,2
2021-10-28,Materials,41.165,5
2021-10-29,Materials,51.42,1
2021-11-01,Materials,54.907500000000006,4
2021-11-02,Materials,53.976,15
2021-11-04,Materials,50.1925,2
2021-11-05,Materials,59.81875,4
2021-11-08,Materials,54.598333333333336,6
2021-11-09,Materials,64.8,1
2021-11-10,Materials,71.41166666666668,3
2021-11-11,Materials,50.1925,2
2021-11-12,Materials,56.086,5
2021-11-15,Materials,59.597500000000004,2
2021-11-16,Materials,54.20416666666666,6
2021-11-17,Materials,51.11833333333334,3
2021-11-18,Materials,50.385000000000005,1
2021-11-19,Materials,49.709999999999994,2
2021-11-22,Materials,56.044999999999995,9
2021-11-23,Materials,56.86,2
2021-11-24,Materials,50.17166666666666,3
2021-11-26,Materials,50.0,2
2021-11-29,Materials,56.02,3
2021-11-30,Materials,50.60166666666667,3
2021-12-01,Materials,37.56666666666667,3
2021-12-02,Materials,49.706,5
2021-12-03,Materials,51.24214285714286,7
2021-12-06,Materials,56.846666666666664,3
2021-12-07,Materials,50.3875,2
2021-12-08,Materials,61.1275,2
2021-12-09,Materials,54.77428571428572,7
2021-12-10,Materials,67.21000000000001,1
2021-12-13,Materials,50.1925,2
2021-12-14,Materials,53.01166666666666,6
2021-12-15,Materials,56.348333333333336,6
2021-12-16,Materials,46.023,5
2021-12-17,Materials,31.94,1
2021-12-20,Materials,50.51500000000001,3
2021-12-23,Materials,53.25928571428572,7
2021-12-27,Materials,50.0,1
2021-12-28,Materials,60.342000000000006,10
2021-12-29,Materials,68.63,1
2021-12-30,Materials,56.221666666666664,3
2022-01-03,Materials,50.5475,2
2022-01-04,Materials,50.15,3
2022-01-05,Materials,50.10666666666666,3
2022-01-06,Materials,53.90599999999999,5
2022-01-07,Materials,69.0775,2
2022-01-10,Materials,64.2975,2
2022-01-11,Materials,50.0,1
2022-01-12,Materials,50.3875,2
2022-01-13,Materials,54.70125,4
2022-01-14,Materials,61.5475,4
2022-01-18,Materials,57.742777777777775,9
2022-01-19,Materials,55.6,7
2022-01-20,Materials,51.84,8
2022-01-21,Materials,50.470000000000006,7
2022-01-24,Materials,56.14533333333333,15
2022-01-25,Materials,53.815999999999995,5
2022-01-26,Materials,50.27375,4
2022-01-27,Materials,59.205789473684206,19
2022-01-28,Materials,50.0,1
2022-01-31,Materials,44.28,3
2022-02-01,Materials,58.023,5
2022-02-02,Materials,58.974000000000004,5
2022-02-03,Materials,48.821666666666665,3
2022-02-04,Materials,50.145,4
2022-02-07,Materials,59.74166666666667,3
2022-02-08,Materials,55.987,15
2022-02-09,Materials,50.6775,2
2022-02-10,Materials,50.30375,4
2022-02-11,Materials,50.73499999999999,3
2022-02-14,Materials,67.53,2
2022-02-15,Materials,50.0,3
2022-02-16,Materials,50.04333333333333,3
2022-02-17,Materials,53.791666666666664,6
2022-02-18,Materials,46.2295,10
2022-02-22,Materials,57.072,10
2022-02-23,Materials,55.21625,4
2022-02-24,Materials,46.457499999999996,4
2022-02-25,Materials,50.258750000000006,4
2022-02-28,Materials,44.38833333333333,3
2022-03-01,Materials,56.54666666666666,3
2022-03-02,Materials,73.5775,2
2022-03-03,Materials,50.385000000000005,1
2022-03-04,Materials,49.89083333333334,6
2022-03-07,Materials,50.27375,4
2022-03-08,Materials,55.93416666666667,6
2022-03-09,Materials,50.215,3
2022-03-10,Materials,50.566875,8
2022-03-11,Materials,56.928999999999995,5
2022-03-14,Materials,54.36166666666667,3
2022-03-15,Materials,63.00666666666666,3
2022-03-16,Materials,60.376666666666665,3
2022-03-17,Materials,56.24166666666667,6
2022-03-18,Materials,58.21083333333333,6
2022-03-21,Materials,55.73049999999999,10
2022-03-22,Materials,60.376666666666665,3
2022-03-23,Materials,31.474999999999998,1
2022-03-24,Materials,59.45,4
2022-03-25,Materials,62.44625,4
2022-03-28,Materials,55.88166666666666,3
2022-03-29,Materials,45.6775,4
2022-03-30,Materials,54.46,4
2022-03-31,Materials,62.165000000000006,4
2022-04-01,Materials,66.63666666666667,3
2022-04-04,Materials,55.09625,4
2022-04-05,Materials,48.3825,8
2022-04-06,Materials,59.56785714285714,7
2022-04-07,Materials,64.20750000000001,2
2022-04-08,Materials,51.934000000000005,5
2022-04-11,Materials,55.37875,4
2022-04-12,Materials,57.18678571428571,14
2022-04-13,Materials,56.91833333333333,9
2022-04-14,Materials,58.43090909090909,11
2022-04-18,Materials,62.23,8
2022-04-19,Materials,55.470416666666665,12
2022-04-20,Materials,51.51266666666667,15
2022-04-21,Materials,56.00825,20
2022-04-22,Materials,49.85875,20
2022-04-25,Materials,58.172333333333334,15
2022-04-26,Materials,57.73923076923077,13
2022-04-27,Materials,56.06,3
2022-04-28,Materials,52.34583333333334,6
2022-04-29,Materials,68.11,1
2022-05-02,Materials,47.223333333333336,3
2022-05-03,Materials,43.63055555555556,9
2022-05-04,Materials,46.07333333333333,3
2022-05-05,Materials,55.406666666666666,3
2022-05-06,Materials,54.383,5
2022-05-09,Materials,51.292500000000004,2
2022-05-10,Materials,63.188125,8
2022-05-11,Materials,50.839999999999996,1
2022-05-12,Materials,52.795625,8
2022-05-13,Materials,56.278333333333336,3
2022-05-16,Materials,55.1575,4
2022-05-17,Materials,50.806,10
2022-05-18,Materials,50.0,1
2022-05-19,Materials,52.845000000000006,5
2022-05-20,Materials,55.011250000000004,4
2022-05-23,Materials,56.678333333333335,6
2022-05-24,Materials,40.97,2
2022-05-25,Materials,46.814,5
2022-05-26,Materials,50.35,7
2022-05-27,Materials,40.71,2
2022-05-31,Materials,50.31,4
2022-06-01,Materials,55.409375,8
2022-06-02,Materials,39.45333333333333,3
2022-06-03,Materials,50.065,2
2022-06-06,Materials,54.06699999999999,5
2022-06-07,Materials,42.801,5
2022-06-08,Materials,54.86166666666667,3
2022-06-09,Materials,57.44500000000001,5
2022-06-10,Materials,50.44,5
2022-06-13,Materials,53.7325,10
2022-06-14,Materials,52.46071428571429,7
2022-06-15,Materials,62.349000000000004,10
2022-06-16,Materials,60.565,6
2022-06-17,Materials,52.419999999999995,6
2022-06-21,Materials,50.149,5
2022-06-22,Materials,52.74388888888889,9
2022-06-23,Materials,53.107499999999995,12
2022-06-24,Materials,50.0,2
2022-06-27,Materials,58.6725,10
2022-06-28,Materials,61.806250000000006,4
2022-06-29,Materials,55.925000000000004,3
2022-06-30,Materials,63.18,3
2022-07-01,Materials,60.0475,2
2022-07-05,Materials,62.843636363636364,11
2022-07-06,Materials,55.121249999999996,4
2022-07-07,Materials,50.06583333333333,6
2022-07-08,Materials,56.48666666666667,3
2022-07-11,Materials,49.845,6
2022-07-12,Materials,50.0,1
2022-07-13,Materials,53.3975,4
2022-07-14,Materials,50.371428571428574,7
2022-07-15,Materials,49.74,1
2022-07-18,Materials,57.64200000000001,5
2022-07-19,Materials,55.865833333333335,6
2022-07-20,Materials,58.97818181818182,11
2022-07-21,Materials,55.437333333333335,15
2022-07-22,Materials,46.843,5
2022-07-25,Materials,50.7104,25
2022-07-26,Materials,47.46214285714286,7
2022-07-27,Materials,46.745625000000004,8
2022-07-28,Materials,59.788,5
2022-07-29,Materials,51.2275,2
2022-08-01,Materials,50.0,1
2022-08-02,Materials,52.91346153846154,13
2022-08-03,Materials,55.406666666666666,3
2022-08-04,Materials,50.32750000000001,6
2022-08-05,Materials,62.790000000000006,2
2022-08-08,Materials,67.7775,2
2022-08-09,Materials,50.970000000000006,1
2022-08-10,Materials,51.1625,2
2022-08-15,Materials,54.676249999999996,4
2022-08-16,Materials,50.633,5
2022-08-17,Materials,54.4,3
2022-08-18,Materials,50.20333333333334,6
2022-08-22,Materials,50.163,5
2022-08-23,Materials,50.09214285714285,7
2022-08-24,Materials,41.1625,2
2022-08-25,Materials,49.422000000000004,5
2022-08-26,Materials,50.290000000000006,4
2022-08-29,Materials,37.17142857142857,7
2022-08-30,Materials,49.0375,4
2022-08-31,Materials,42.29625,4
2022-09-01,Materials,50.38666666666666,3
2022-09-02,Materials,55.135000000000005,2
2022-09-06,Materials,50.12833333333333,3
2022-09-07,Materials,50.542500000000004,4
2022-09-08,Materials,54.58083333333334,6
2022-09-09,Materials,59.775000000000006,2
2022-09-12,Materials,46.94583333333333,6
2022-09-13,Materials,50.0,1
2022-09-14,Materials,49.15708333333333,12
2022-09-15,Materials,44.83416666666667,6
2022-09-16,Materials,50.485,2
2022-09-19,Materials,44.585,6
2022-09-21,Materials,51.66166666666667,6
2022-09-22,Materials,55.52928571428571,7
2022-09-23,Materials,55.0,8
2022-09-26,Materials,52.516,5
2022-09-27,Materials,49.80499999999999,2
2022-09-28,Materials,43.43083333333334,6
2022-09-29,Materials,50.0,1
2022-09-30,Materials,56.44416666666667,6
2022-10-03,Materials,50.18300000000001,5
2022-10-04,Materials,60.485,2
2022-10-05,Materials,47.1425,4
2022-10-06,Materials,42.493,5
2022-10-07,Materials,67.15,2
2022-10-10,Materials,53.22083333333333,6
2022-10-11,Materials,50.04875,4
2022-10-12,Materials,67.0,1
2022-10-13,Materials,43.092,5
2022-10-14,Materials,50.3875,2
2022-10-17,Materials,49.055,5
2022-10-18,Materials,54.9775,6
2022-10-19,Materials,49.98375,4
2022-10-20,Materials,52.17178571428571,14
2022-10-21,Materials,62.24000000000001,3
2022-10-24,Materials,54.574375,8
2022-10-25,Materials,46.835,5
2022-10-26,Materials,50.105000000000004,2
2022-10-27,Materials,50.464000000000006,5
2022-10-28,Materials,50.485,2
2022-10-31,Materials,50.644999999999996,1
2022-11-01,Materials,40.35916666666667,6
2022-11-02,Materials,44.650000000000006,4
2022-11-03,Materials,42.6875,4
2022-11-07,Materials,53.648,5
2022-11-08,Materials,57.77166666666667,12
2022-11-09,Materials,50.04333333333333,3
2022-11-10,Materials,49.95666666666667,3
2022-11-11,Materials,54.496,5
2022-11-14,Materials,58.1275,4
2022-11-15,Materials,60.409000000000006,5
2022-11-17,Materials,69.695,1
2022-11-18,Materials,59.11,5
2022-11-21,Materials,53.88666666666666,6
2022-11-22,Materials,50.0,1
2022-11-23,Materials,59.185,2
2022-11-25,Materials,68.06,2
2022-11-28,Materials,51.095,1
2022-11-29,Materials,50.44285714285714,7
2022-11-30,Materials,50.723,5
2022-12-01,Materials,52.67785714285714,7
2022-12-02,Materials,49.8075,2
2022-12-05,Materials,50.224999999999994,2
2022-12-06,Materials,59.073750000000004,4
2022-12-08,Materials,67.53,2
2022-12-09,Materials,56.53333333333333,3
2022-12-12,Materials,40.71,2
2022-12-13,Materials,56.449999999999996,3
2022-12-14,Materials,54.58,4
2022-12-15,Materials,56.55833333333334,3
2022-12-16,Materials,17.015,1
2022-12-19,Materials,51.04875,4
2022-12-20,Materials,55.441428571428574,7
2022-12-21,Materials,47.903333333333336,3
2022-12-22,Materials,50.4525,2
2022-12-23,Materials,50.0,1
2022-12-27,Materials,58.985,2
2022-12-28,Materials,50.338750000000005,4
2022-12-29,Materials,45.85625,4
2022-12-30,Materials,42.045,2
2023-01-03,Materials,54.70875,4
2023-01-04,Materials,50.435,4
2023-01-05,Materials,54.45357142857143,7
2023-01-06,Materials,55.909000000000006,5
2023-01-09,Materials,54.19500000000001,10
2023-01-10,Materials,50.55833333333334,3
2023-01-11,Materials,63.714999999999996,10
2023-01-12,Materials,57.003,5
2023-01-13,Materials,63.364999999999995,10
2023-01-17,Materials,58.76357142857143,7
2023-01-18,Materials,56.78785714285714,7
2023-01-19,Materials,59.38545454545454,11
2023-01-20,Materials,58.00599999999999,5
2023-01-23,Materials,53.47555555555555,9
2023-01-24,Materials,61.07142857142857,7
2023-01-25,Materials,51.42818181818182,11
2023-01-26,Materials,55.10923076923076,26
2023-01-27,Materials,50.775000000000006,3
2023-01-30,Materials,50.612500000000004,6
2023-01-31,Materials,48.42625,4
2023-02-01,Materials,50.0,1
2023-02-02,Materials,51.5025,6
2023-02-03,Materials,55.218333333333334,9
2023-02-06,Materials,43.684705882352944,17
2023-02-07,Materials,49.54578947368421,19
2023-02-08,Materials,50.365,3
2023-02-09,Materials,49.05,8
2023-02-10,Materials,47.08166666666667,3
2023-02-13,Materials,48.074375,8
2023-02-14,Materials,50.17166666666666,3
2023-02-15,Materials,53.875,10
2023-02-16,Materials,56.98357142857143,7
2023-02-17,Materials,56.0975,6
2023-02-21,Materials,53.005500000000005,10
2023-02-22,Materials,53.543125,8
2023-02-23,Materials,53.51846153846154,13
2023-02-24,Materials,59.526428571428575,7
2023-02-27,Materials,56.218333333333334,6
2023-02-28,Materials,50.970000000000006,1
2023-03-01,Materials,58.46875,8
2023-03-02,Materials,45.734375,8
2023-03-03,Materials,54.81125,8
2023-03-06,Materials,53.285,6
2023-03-07,Materials,54.650000000000006,6
2023-03-08,Materials,53.13357142857143,7
2023-03-09,Materials,47.69571428571429,7
2023-03-10,Materials,46.976,5
2023-03-13,Materials,53.93,8
2023-03-14,Materials,55.17615384615385,13
2023-03-15,Materials,53.76066666666667,15
2023-03-16,Materials,55.25285714285714,7
2023-03-17,Materials,55.56791666666667,12
2023-03-20,Materials,53.9475,8
2023-03-21,Materials,56.240833333333335,12
2023-03-22,Materials,56.41166666666667,6
2023-03-23,Materials,52.56777777777778,9
2023-03-24,Materials,50.449999999999996,1
2023-03-27,Materials,53.488,5
2023-03-28,Materials,69.33125,4
2023-03-29,Materials,60.203125,8
2023-03-30,Materials,57.77166666666667,6
2023-03-31,Materials,47.385000000000005,5
2023-04-03,Materials,46.562,5
2023-04-04,Materials,50.505,6
2023-04-05,Materials,60.98375,4
2023-04-06,Materials,57.675000000000004,6
2023-04-10,Materials,61.71545454545455,11
2023-04-11,Materials,53.80625,12
2023-04-12,Materials,50.0,2
2023-04-13,Materials,46.425,5
2023-04-14,Materials,54.1275,4
2023-04-17,Materials,60.3025,2
2023-04-18,Materials,52.58875,8
2023-04-19,Materials,48.70375,8
2023-04-20,Materials,54.747749999999996,20
2023-04-21,Materials,58.1625,8
2023-04-24,Materials,50.50583333333333,6
2023-04-25,Materials,54.905625,16
2023-04-26,Materials,49.41038461538461,13
2023-04-27,Materials,55.661249999999995,12
2023-04-28,Materials,53.030625,8
2023-05-01,Materials,51.79583333333333,6
2023-05-02,Materials,47.87571428571429,7
2023-05-03,Materials,47.1175,6
2023-05-04,Materials,50.41545454545455,11
2023-05-05,Materials,44.730000000000004,2
2023-05-08,Materials,59.150999999999996,5
2023-05-09,Materials,49.805,1
2023-05-10,Materials,50.644999999999996,1
2023-05-11,Materials,55.23818181818182,11
2023-05-12,Materials,50.0,4
2023-05-15,Materials,57.774166666666666,12
2023-05-16,Materials,55.63100000000001,5
2023-05-17,Materials,50.355000000000004,2
2023-05-18,Materials,53.25,11
2023-05-19,Materials,56.25666666666667,3
2023-05-22,Materials,55.450625,8
2023-05-23,Materials,55.61285714285714,7
2023-05-24,Materials,50.337500000000006,4
2023-05-25,Materials,49.88884615384615,13
2023-05-26,Materials,49.526875000000004,8
2023-05-30,Materials,52.22944444444445,9
2023-05-31,Materials,57.696000000000005,5
2023-06-01,Materials,50.301785714285714,14
2023-06-02,Materials,55.013333333333335,9
2023-06-05,Materials,61.97666666666667,6
2023-06-06,Materials,50.17125,4
2023-06-07,Materials,47.980000000000004,2
2023-06-08,Materials,51.9055,10
2023-06-09,Materials,58.5975,2
2023-06-12,Materials,49.8275,4
2023-06-13,Materials,63.969375,8
2023-06-14,Materials,61.098333333333336,3
2023-06-15,Materials,53.64909090909091,11
2023-06-16,Materials,59.442499999999995,4
2023-06-20,Materials,51.52916666666666,6
2023-06-21,Materials,53.37083333333334,6
2023-06-22,Materials,51.16,4
2023-06-23,Materials,50.184285714285714,7
2023-06-26,Materials,50.731666666666676,3
2023-06-27,Materials,52.48357142857143,7
2023-06-28,Materials,59.46416666666667,6
2023-06-29,Materials,49.4725,10
2023-06-30,Materials,41.19500000000001,2
2023-07-03,Materials,57.865,7
2023-07-05,Materials,59.55,5
2023-07-06,Materials,51.373333333333335,9
2023-07-07,Materials,52.926428571428566,7
2023-07-10,Materials,59.57333333333332,3
2023-07-11,Materials,48.544444444444444,9
2023-07-12,Materials,57.159375,8
2023-07-13,Materials,50.52583333333333,6
2023-07-14,Materials,50.0,1
2023-07-17,Materials,53.45,5
2023-07-18,Materials,52.0,7
2023-07-19,Materials,47.29833333333334,6
2023-07-20,Materials,45.83818181818182,11
2023-07-21,Materials,47.81142857142857,7
2023-07-24,Materials,54.154666666666664,15
2023-07-25,Materials,54.58413043478261,23
2023-07-26,Materials,53.929375,16
2023-07-27,Materials,50.361000000000004,10
2023-07-28,Materials,63.660000000000004,1
2023-08-01,Materials,62.313,5
2023-08-02,Materials,49.018,15
2023-08-03,Materials,46.10642857142857,7
2023-08-07,Materials,67.795,1
2023-08-08,Materials,50.86000000000001,3
2023-08-09,Materials,60.125,4
2023-08-10,Materials,51.98833333333334,6
2023-08-11,Materials,50.94833333333333,3
2023-08-14,Materials,59.99583333333333,6
2023-08-15,Materials,48.219,10
2023-08-17,Materials,53.81388888888889,9
2023-08-18,Materials,45.932500000000005,4
2023-08-21,Materials,48.75115384615385,13
2023-08-22,Materials,49.373125,8
2023-08-23,Materials,40.807500000000005,2
2023-08-24,Materials,50.613,5
2023-08-25,Materials,59.82000000000001,5
2023-08-28,Materials,67.46375,4
2023-08-29,Materials,50.0,1
2023-08-30,Materials,65.41916666666667,6
2023-08-31,Materials,56.4925,8
2023-09-01,Materials,54.26899999999999,5
2023-09-05,Materials,52.253750000000004,8
2023-09-06,Materials,56.979166666666664,6
2023-09-07,Materials,52.869375,8
2023-09-08,Materials,51.77428571428572,7
2023-09-11,Materials,50.49416666666667,6
2023-09-12,Materials,50.284000000000006,5
2023-09-13,Materials,53.87166666666667,3
2023-09-14,Materials,38.03375,4
2023-09-15,Materials,47.6725,10
2023-09-18,Materials,50.72115384615385,13
2023-09-19,Materials,50.2575,4
2023-09-20,Materials,54.35375,4
2023-09-21,Materials,50.823125000000005,8
2023-09-22,Materials,56.281666666666666,3
2023-09-25,Materials,46.5895,10
2023-09-26,Materials,50.1925,2
2023-09-27,Materials,53.305,7
2023-09-28,Materials,56.97666666666667,6
2023-09-29,Materials,50.0,1
2023-10-02,Materials,56.312777777777775,9
2023-10-03,Materials,51.98818181818182,11
2023-10-04,Materials,53.23499999999999,6
2023-10-05,Materials,53.66375,8
2023-10-06,Materials,71.01,3
2023-10-09,Materials,47.714999999999996,3
2023-10-10,Materials,56.08833333333334,3
2023-10-11,Materials,54.95357142857143,7
2023-10-12,Materials,56.41777777777778,9
2023-10-13,Materials,58.20333333333334,6
2023-10-16,Materials,54.971666666666664,6
2023-10-17,Materials,62.835625,8
2023-10-18,Materials,46.60545454545454,11
2023-10-19,Materials,55.81611111111111,9
2023-10-20,Materials,43.76583333333334,6
2023-10-23,Materials,48.272000000000006,20
2023-10-24,Materials,60.05117647058824,17
2023-10-25,Materials,52.7175,8
2023-10-26,Materials,50.258823529411764,17
2023-10-27,Materials,49.689,5
2023-10-30,Materials,54.076,5
2023-10-31,Materials,50.04333333333333,3
2023-11-01,Materials,58.92607142857143,14
2023-11-02,Materials,55.392500000000005,6
2023-11-03,Materials,62.4725,4
2023-11-06,Materials,62.2275,4
2023-11-07,Materials,44.569,10
2023-11-08,Materials,33.785000000000004,2
2023-11-09,Materials,49.794,10
2023-11-10,Materials,45.4,4
2023-11-13,Materials,52.5025,6
2023-11-14,Materials,60.95571428571428,7
2023-11-15,Materials,49.80833333333333,6
2023-11-16,Materials,50.40833333333333,6
2023-11-17,Materials,60.14875,4
2023-11-20,Materials,54.06,5
2023-11-21,Materials,50.57083333333333,6
2023-11-22,Materials,60.778,5
2023-11-24,Materials,57.054375,8
2023-11-27,Materials,56.42928571428571,7
2023-11-28,Materials,55.39333333333334,6
2023-11-29,Materials,54.635,7
2023-11-30,Materials,50.628750000000004,4
2023-12-01,Materials,56.24583333333334,6
2023-12-04,Materials,50.385000000000005,1
2023-12-05,Materials,50.0,1
2023-12-06,Materials,50.21,4
2023-12-07,Materials,52.278571428571425,14
2023-12-08,Materials,57.332499999999996,4
2023-12-11,Materials,55.183888888888895,9
2023-12-12,Materials,46.13999999999999,3
2023-12-13,Materials,57.2925,10
2023-12-14,Materials,46.672000000000004,5
2023-12-15,Materials,31.679999999999996,1
2023-12-18,Materials,43.79,5
2020-01-02,RealEstate,50.839999999999996,3
2020-01-03,RealEstate,53.55999999999999,5
2020-01-06,RealEstate,50.3875,4
2020-01-07,RealEstate,50.8725,2
2020-01-08,RealEstate,49.775,3
2020-01-09,RealEstate,50.385000000000005,1
2020-01-10,RealEstate,50.472500000000004,6
2020-01-13,RealEstate,54.336666666666666,3
2020-01-14,RealEstate,50.0,2
2020-01-15,RealEstate,50.37785714285714,7
2020-01-16,RealEstate,60.660000000000004,3
2020-01-17,RealEstate,50.96666666666667,3
2020-01-21,RealEstate,57.38214285714287,7
2020-01-22,RealEstate,56.13785714285715,7
2020-01-23,RealEstate,64.34875,4
2020-01-24,RealEstate,50.594,5
2020-01-27,RealEstate,50.57,6
2020-01-28,RealEstate,51.76375,4
2020-01-29,RealEstate,50.542,5
2020-01-30,RealEstate,53.47642857142858,7
2020-01-31,RealEstate,59.59875,4
2020-02-03,RealEstate,55.43,3
2020-02-04,RealEstate,52.224375,8
2020-02-05,RealEstate,50.17333333333334,3
2020-02-06,RealEstate,56.64357142857143,7
2020-02-07,RealEstate,50.32333333333333,3
2020-02-10,RealEstate,53.51423076923077,13
2020-02-11,RealEstate,60.55035714285714,14
2020-02-12,RealEstate,51.379,5
2020-02-13,RealEstate,50.63458333333333,12
2020-02-14,RealEstate,55.937222222222225,9
2020-02-18,RealEstate,54.745357142857145,14
2020-02-19,RealEstate,58.26136363636363,11
2020-02-20,RealEstate,61.05769230769231,13
2020-02-21,RealEstate,62.297000000000004,5
2020-02-24,RealEstate,50.792857142857144,7
2020-02-25,RealEstate,53.713055555555556,18
2020-02-26,RealEstate,52.85045454545455,22
2020-02-27,RealEstate,53.520526315789475,19
2020-02-28,RealEstate,50.18526315789474,19
2020-03-02,RealEstate,55.00285714285714,14
2020-03-03,RealEstate,62.63833333333333,6
2020-03-04,RealEstate,63.81142857142857,7
2020-03-05,RealEstate,66.32833333333333,3
2020-03-06,RealEstate,50.365,3
2020-03-09,RealEstate,49.87214285714286,7
2020-03-10,RealEstate,68.97500000000001,3
2020-03-11,RealEstate,61.728571428571435,7
2020-03-12,RealEstate,52.8375,6
2020-03-13,RealEstate,53.4725,6
2020-03-16,RealEstate,48.74769230769231,13
2020-03-17,RealEstate,57.46900000000001,5
2020-03-18,RealEstate,54.735,4
2020-03-19,RealEstate,58.336,5
2020-03-20,RealEstate,51.99214285714286,7
2020-03-23,RealEstate,52.0,7
2020-03-24,RealEstate,53.23888888888889,9
2020-03-25,RealEstate,59.89166666666667,6
2020-03-26,RealEstate,58.5505,10
2020-03-27,RealEstate,58.448750000000004,4
2020-03-30,RealEstate,59.073,10
2020-03-31,RealEstate,64.666,10
2020-04-01,RealEstate,57.53916666666667,6
2020-04-02,RealEstate,53.31142857142857,7
2020-04-03,RealEstate,66.19666666666667,3
2020-04-06,RealEstate,60.31833333333333,6
2020-04-07,RealEstate,54.364999999999995,10
2020-04-08,RealEstate,75.2242857142857,7
2020-04-09,RealEstate,60.17176470588236,17
2020-04-13,RealEstate,46.059999999999995,13
2020-04-14,RealEstate,68.285,7
2020-04-15,RealEstate,45.07888888888889,9
2020-04-16,RealEstate,45.96625,4
2020-04-17,RealEstate,60.465999999999994,10
2020-04-20,RealEstate,50.753,5
2020-04-21,RealEstate,47.155,10
2020-04-22,RealEstate,51.49363636363637,11
2020-04-23,RealEstate,54.405,6
2020-04-24,RealEstate,53.945,8
2020-04-27,RealEstate,51.74045454545455,11
2020-04-28,RealEstate,50.95933333333333,15
2020-04-29,RealEstate,55.429722222222225,18
2020-04-30,RealEstate,54.800625,8
2020-05-01,RealEstate,56.24045454545455,11
2020-05-04,RealEstate,51.68375,8
2020-05-05,RealEstate,53.8505,10
2020-05-06,RealEstate,55.0325,8
2020-05-07,RealEstate,56.093125,8
2020-05-08,RealEstate,49.78928571428572,7
2020-05-11,RealEstate,56.99300000000001,5
2020-05-12,RealEstate,50.84166666666667,6
2020-05-13,RealEstate,39.61833333333333,9
2020-05-14,RealEstate,51.284642857142856,14
2020-05-15,RealEstate,50.31357142857143,7
2020-05-18,RealEstate,49.245,5
2020-05-19,RealEstate,66.22833333333334,9
2020-05-20,RealEstate,53.00071428571429,7
2020-05-21,RealEstate,50.807500000000005,2
2020-05-22,RealEstate,50.24,7
2020-05-26,RealEstate,58.38454545454545,11
2020-05-27,RealEstate,94.15,1
2020-05-28,RealEstate,57.428999999999995,5
2020-05-29,RealEstate,54.19199999999999,5
2020-06-01,RealEstate,62.04875,4
2020-06-02,RealEstate,57.5,8
2020-06-03,RealEstate,62.29833333333334,3
2020-06-04,RealEstate,60.318,5
2020-06-05,RealEstate,51.615,2
2020-06-08,RealEstate,50.923333333333325,3
2020-06-09,RealEstate,51.91166666666667,3
2020-06-10,RealEstate,50.343333333333334,3
2020-06-11,RealEstate,54.60999999999999,3
2020-06-12,RealEstate,74.12333333333333,3
2020-06-15,RealEstate,50.6125,2
2020-06-16,RealEstate,55.03875,4
2020-06-17,RealEstate,55.199999999999996,3
2020-06-18,RealEstate,56.60166666666667,3
2020-06-23,RealEstate,50.823750000000004,4
2020-06-24,RealEstate,49.775,2
2020-06-26,RealEstate,63.61500000000001,2
2020-06-29,RealEstate,50.449999999999996,1
2020-06-30,RealEstate,68.02000000000001,2
2020-07-01,RealEstate,51.225,2
2020-07-02,RealEstate,56.12833333333333,3
2020-07-06,RealEstate,51.4075,2
2020-07-07,RealEstate,73.98,2
2020-07-08,RealEstate,34.645,1
2020-07-09,RealEstate,50.0,2
2020-07-10,RealEstate,51.739999999999995,1
2020-07-13,RealEstate,51.615,1
2020-07-14,RealEstate,50.0,1
2020-07-15,RealEstate,52.495000000000005,5
2020-07-20,RealEstate,51.444,5
2020-07-21,RealEstate,53.896,5
2020-07-22,RealEstate,50.6775,2
2020-07-23,RealEstate,50.32333333333333,3
2020-07-24,RealEstate,50.0,1
2020-07-27,RealEstate,45.821666666666665,3
2020-07-29,RealEstate,54.33916666666667,6
2020-07-30,RealEstate,56.15083333333333,6
2020-07-31,RealEstate,50.88166666666667,3
2020-08-03,RealEstate,45.9075,2
2020-08-04,RealEstate,42.71000000000001,2
2020-08-05,RealEstate,61.211666666666666,3
2020-08-06,RealEstate,50.15,3
2020-08-07,RealEstate,58.73666666666666,6
2020-08-10,RealEstate,50.385000000000005,1
2020-08-11,RealEstate,50.905,1
2020-08-12,RealEstate,50.775000000000006,1
2020-08-13,RealEstate,49.712500000000006,2
2020-08-14,RealEstate,44.39666666666667,3
2020-08-17,RealEstate,59.6,2
2020-08-18,RealEstate,59.085,2
2020-08-19,RealEstate,50.84,3
2020-08-20,RealEstate,50.5475,2
2020-08-21,RealEstate,61.95375,4
2020-08-24,RealEstate,50.5,4
2020-08-25,RealEstate,51.1625,2
2020-08-26,RealEstate,50.66125,4
2020-08-27,RealEstate,59.135,4
2020-08-28,RealEstate,50.775000000000006,1
2020-08-31,RealEstate,59.82,2
2020-09-01,RealEstate,46.886250000000004,4
2020-09-02,RealEstate,50.0,1
2020-09-03,RealEstate,49.55,1
2020-09-04,RealEstate,51.123000000000005,5
2020-09-08,RealEstate,51.2575,2
2020-09-09,RealEstate,32.574999999999996,1
2020-09-11,RealEstate,50.485,2
2020-09-14,RealEstate,59.74,2
2020-09-15,RealEstate,50.79125,4
2020-09-16,RealEstate,50.129999999999995,1
2020-09-17,RealEstate,32.019999999999996,2
2020-09-18,RealEstate,50.45,2
2020-09-21,RealEstate,50.129999999999995,1
2020-09-22,RealEstate,50.0,1
2020-09-24,RealEstate,50.0,1
2020-09-28,RealEstate,59.515,2
2020-09-29,RealEstate,50.775000000000006,1
2020-09-30,RealEstate,51.355,1
2020-10-05,RealEstate,60.165000000000006,2
2020-10-06,RealEstate,52.129999999999995,1
2020-10-12,RealEstate,50.385000000000005,2
2020-10-14,RealEstate,51.0,2
2020-10-19,RealEstate,50.0,1
2020-10-20,RealEstate,61.265,4
2020-10-21,RealEstate,50.5475,2
2020-10-22,RealEstate,43.1425,2
2020-10-23,RealEstate,50.0,1
2020-10-26,RealEstate,62.22666666666667,3
2020-10-28,RealEstate,50.224999999999994,2
2020-10-29,RealEstate,50.3875,2
2020-10-30,RealEstate,50.0,1
2020-11-02,RealEstate,59.565,2
2020-11-03,RealEstate,50.775000000000006,1
2020-11-04,RealEstate,50.3875,2
2020-11-05,RealEstate,51.14166666666667,3
2020-11-06,RealEstate,50.27375,4
2020-11-09,RealEstate,67.125,3
2020-11-11,RealEstate,65.19749999999999,2
2020-11-13,RealEstate,63.455,2
2020-11-16,RealEstate,51.934999999999995,3
2020-11-18,RealEstate,69.245,1
2020-11-19,RealEstate,50.385000000000005,1
2020-11-23,RealEstate,50.449999999999996,1
2020-11-24,RealEstate,55.6825,4
2020-11-27,RealEstate,54.875,2
2020-11-30,RealEstate,51.16166666666667,3
2020-12-01,RealEstate,67.21000000000001,1
2020-12-02,RealEstate,51.42,2
2020-12-03,RealEstate,62.52,3
2020-12-04,RealEstate,50.0,1
2020-12-07,RealEstate,51.035,1
2020-12-08,RealEstate,31.94,1
2020-12-09,RealEstate,50.903333333333336,3
2020-12-10,RealEstate,52.254999999999995,1
2020-12-11,RealEstate,50.659000000000006,5
2020-12-14,RealEstate,56.10583333333333,6
2020-12-15,RealEstate,53.39000000000001,5
2020-12-16,RealEstate,50.8375,4
2020-12-17,RealEstate,59.03,2
2020-12-18,RealEstate,59.0625,2
2020-12-21,RealEstate,51.226,5
2020-12-23,RealEstate,50.0325,2
2020-12-24,RealEstate,51.0,2
2020-12-28,RealEstate,50.0,1
2020-12-29,RealEstate,50.905,1
2020-12-30,RealEstate,51.124,5
2020-12-31,RealEstate,56.623333333333335,3
2021-01-04,RealEstate,50.449999999999996,2
2021-01-05,RealEstate,50.321000000000005,5
2021-01-06,RealEstate,57.9275,2
2021-01-07,RealEstate,50.775000000000006,3
2021-01-08,RealEstate,50.385000000000005,1
2021-01-11,RealEstate,67.04166666666667,3
2021-01-12,RealEstate,50.396428571428565,7
2021-01-13,RealEstate,64.06875000000001,4
2021-01-14,RealEstate,50.385000000000005,1
2021-01-15,RealEstate,54.370000000000005,5
2021-01-19,RealEstate,59.3525,2
2021-01-20,RealEstate,56.572,5
2021-01-25,RealEstate,55.01857142857143,7
2021-01-26,RealEstate,53.819,5
2021-01-27,RealEstate,62.7025,4
2021-01-28,RealEstate,55.441250000000004,4
2021-01-29,RealEstate,52.593333333333334,3
2021-02-01,RealEstate,51.18,3
2021-02-02,RealEstate,50.36416666666667,6
2021-02-03,RealEstate,55.09625,4
2021-02-04,RealEstate,50.0,2
2021-02-05,RealEstate,59.885,2
2021-02-08,RealEstate,53.89,4
2021-02-09,RealEstate,49.935,1
2021-02-11,RealEstate,53.186,5
2021-02-12,RealEstate,60.0775,4
2021-02-16,RealEstate,51.355000000000004,2
2021-02-17,RealEstate,50.58,2
2021-02-19,RealEstate,53.82749999999999,6
2021-02-22,RealEstate,56.22666666666667,3
2021-02-23,RealEstate,56.449999999999996,3
2021-02-24,RealEstate,57.8825,6
2021-02-25,RealEstate,50.44285714285714,7
2021-02-26,RealEstate,50.71,2
2021-03-01,RealEstate,57.759,5
2021-03-02,RealEstate,50.775000000000006,1
2021-03-03,RealEstate,50.58,5
2021-03-04,RealEstate,77.685,1
2021-03-05,RealEstate,50.56,3
2021-03-08,RealEstate,51.58666666666667,3
2021-03-10,RealEstate,59.809999999999995,1
2021-03-11,RealEstate,50.970000000000006,2
2021-03-12,RealEstate,56.02,3
2021-03-15,RealEstate,59.10833333333333,6
2021-03-16,RealEstate,54.49583333333334,6
2021-03-17,RealEstate,50.184285714285714,7
2021-03-18,RealEstate,50.9025,4
2021-03-23,RealEstate,50.3875,2
2021-03-25,RealEstate,51.031666666666666,3
2021-03-29,RealEstate,51.419000000000004,5
2021-03-30,RealEstate,56.278333333333336,3
2021-03-31,RealEstate,50.385000000000005,1
2021-04-01,RealEstate,46.175,1
2021-04-05,RealEstate,50.04333333333333,3
2021-04-06,RealEstate,74.485,1
2021-04-07,RealEstate,70.785,1
2021-04-08,RealEstate,50.0,1
2021-04-09,RealEstate,50.0,1
2021-04-12,RealEstate,68.30250000000001,2
2021-04-13,RealEstate,50.385000000000005,1
2021-04-14,RealEstate,59.03,2
2021-04-15,RealEstate,51.613,5
2021-04-16,RealEstate,50.0,1
2021-04-19,RealEstate,56.95,5
2021-04-21,RealEstate,56.278333333333336,3
2021-04-22,RealEstate,55.923750000000005,4
2021-04-23,RealEstate,69.19500000000001,1
2021-04-26,RealEstate,53.14714285714286,7
2021-04-28,RealEstate,61.52428571428572,7
2021-04-29,RealEstate,52.10928571428571,14
2021-04-30,RealEstate,54.269999999999996,5
2021-05-03,RealEstate,62.5725,4
2021-05-05,RealEstate,51.36900000000001,5
2021-05-06,RealEstate,50.212500000000006,2
2021-05-11,RealEstate,79.015,1
2021-05-12,RealEstate,58.09,2
2021-05-13,RealEstate,50.64666666666667,3
2021-05-17,RealEstate,50.0,1
2021-05-18,RealEstate,50.905,1
2021-05-19,RealEstate,50.0,1
2021-05-24,RealEstate,60.50625,4
2021-05-25,RealEstate,62.52333333333333,3
2021-05-26,RealEstate,50.40833333333333,3
2021-05-27,RealEstate,50.3875,2
2021-05-28,RealEstate,51.16,2
2021-06-01,RealEstate,53.63100000000001,5
2021-06-02,RealEstate,51.485,1
2021-06-03,RealEstate,52.21333333333333,3
2021-06-04,RealEstate,65.96499999999999,1
2021-06-07,RealEstate,67.195,2
2021-06-09,RealEstate,50.86166666666667,3
2021-06-10,RealEstate,54.513999999999996,5
2021-06-11,RealEstate,50.485,2
2021-06-14,RealEstate,49.837500000000006,2
2021-06-15,RealEstate,42.599999999999994,2
2021-06-16,RealEstate,50.129999999999995,5
2021-06-17,RealEstate,57.01,3
2021-06-18,RealEstate,58.73875,4
2021-06-22,RealEstate,50.580000000000005,1
2021-06-24,RealEstate,52.11750000000001,2
2021-06-25,RealEstate,68.06,2
2021-06-28,RealEstate,55.90833333333333,3
2021-06-29,RealEstate,50.775000000000006,1
2021-06-30,RealEstate,68.4725,2
2021-07-01,RealEstate,63.02428571428571,7
2021-07-02,RealEstate,59.69499999999999,2
2021-07-06,RealEstate,50.0,3
2021-07-07,RealEstate,60.17,4
2021-07-08,RealEstate,51.225,1
2021-07-09,RealEstate,50.0325,2
2021-07-12,RealEstate,68.06,1
2021-07-13,RealEstate,50.449999999999996,1
2021-07-14,RealEstate,50.182500000000005,6
2021-07-15,RealEstate,59.03,2
2021-07-16,RealEstate,50.162499999999994,2
2021-07-19,RealEstate,45.8975,6
2021-07-20,RealEstate,51.42,1
2021-07-21,RealEstate,50.0,1
2021-07-22,RealEstate,50.414,5
2021-07-26,RealEstate,72.86500000000001,2
2021-07-28,RealEstate,55.126666666666665,3
2021-07-29,RealEstate,53.56,5
2021-07-30,RealEstate,50.0,2
2021-08-02,RealEstate,59.93399999999999,5
2021-08-03,RealEstate,50.623333333333335,3
2021-08-04,RealEstate,50.23666666666667,3
2021-08-06,RealEstate,50.146249999999995,4
2021-08-09,RealEstate,50.194,5
2021-08-10,RealEstate,61.721666666666664,3
2021-08-11,RealEstate,54.795,2
2021-08-12,RealEstate,78.415,1
2021-08-16,RealEstate,59.50200000000001,5
2021-08-17,RealEstate,50.324999999999996,1
2021-08-18,RealEstate,54.481249999999996,4
2021-08-19,RealEstate,51.42,1
2021-08-20,RealEstate,78.595,1
2021-08-23,RealEstate,50.0,1
2021-08-24,RealEstate,51.29,1
2021-08-25,RealEstate,49.89333333333334,3
2021-08-27,RealEstate,56.699999999999996,3
2021-08-30,RealEstate,53.34666666666667,3
2021-08-31,RealEstate,59.254999999999995,2
2021-09-01,RealEstate,64.91,1
2021-09-03,RealEstate,52.580000000000005,1
2021-09-07,RealEstate,53.659444444444446,9
2021-09-08,RealEstate,50.538333333333334,3
2021-09-09,RealEstate,68.06,1
2021-09-10,RealEstate,51.66125,4
2021-09-13,RealEstate,49.280625,8
2021-09-14,RealEstate,50.751666666666665,3
2021-09-15,RealEstate,50.485,4
2021-09-16,RealEstate,42.41833333333334,3
2021-09-17,RealEstate,50.224999999999994,4
2021-09-20,RealEstate,51.02,6
2021-09-21,RealEstate,59.067499999999995,2
2021-09-22,RealEstate,50.77333333333333,3
2021-09-23,RealEstate,51.225,1
2021-09-24,RealEstate,50.0,2
2021-09-27,RealEstate,60.35600000000001,5
2021-09-28,RealEstate,51.29,1
2021-09-29,RealEstate,59.417500000000004,2
2021-09-30,RealEstate,50.8725,2
2021-10-01,RealEstate,51.615,2
2021-10-04,RealEstate,40.97,2
2021-10-05,RealEstate,68.06,1
2021-10-06,RealEstate,61.10333333333333,3
2021-10-07,RealEstate,50.0,1
2021-10-08,RealEstate,68.06,2
2021-10-11,RealEstate,58.169000000000004,5
2021-10-12,RealEstate,51.42,1
2021-10-13,RealEstate,58.948333333333345,3
2021-10-14,RealEstate,52.267857142857146,7
2021-10-15,RealEstate,61.28928571428571,7
2021-10-18,RealEstate,50.449999999999996,1
2021-10-19,RealEstate,60.53,2
2021-10-20,RealEstate,56.3675,2
2021-10-21,RealEstate,51.597500000000004,4
2021-10-22,RealEstate,68.67999999999999,1
2021-10-25,RealEstate,59.3525,2
2021-10-26,RealEstate,68.1325,2
2021-10-27,RealEstate,50.086666666666666,3
2021-10-28,RealEstate,55.92333333333334,6
2021-10-29,RealEstate,53.78,6
2021-11-01,RealEstate,53.891,5
2021-11-02,RealEstate,50.71,4
2021-11-03,RealEstate,50.3875,2
2021-11-04,RealEstate,54.122,5
2021-11-08,RealEstate,47.446,5
2021-11-09,RealEstate,68.98166666666667,3
2021-11-11,RealEstate,59.715,4
2021-11-12,RealEstate,50.775,2
2021-11-15,RealEstate,52.89233333333333,15
2021-11-16,RealEstate,50.905,2
2021-11-17,RealEstate,50.838750000000005,4
2021-11-18,RealEstate,65.965,4
2021-11-22,RealEstate,59.22,8
2021-11-24,RealEstate,78.595,1
2021-11-26,RealEstate,60.4225,2
2021-11-29,RealEstate,50.85,6
2021-11-30,RealEstate,49.948,5
2021-12-01,RealEstate,50.3225,2
2021-12-02,RealEstate,55.412499999999994,4
2021-12-03,RealEstate,50.73375,4
2021-12-06,RealEstate,50.5,4
2021-12-07,RealEstate,50.386250000000004,4
2021-12-08,RealEstate,53.376999999999995,5
2021-12-09,RealEstate,59.29,2
2021-12-10,RealEstate,47.1275,4
2021-12-13,RealEstate,50.3485,10
2021-12-14,RealEstate,70.28,4
2021-12-15,RealEstate,50.96625,4
2021-12-16,RealEstate,56.338,5
2021-12-17,RealEstate,56.32333333333333,3
2021-12-20,RealEstate,59.685,3
2021-12-21,RealEstate,50.95125,4
2021-12-22,RealEstate,50.370000000000005,4
2021-12-23,RealEstate,50.449999999999996,1
2021-12-27,RealEstate,59.60583333333333,6
2021-12-28,RealEstate,50.6125,2
2021-12-29,RealEstate,65.146,5
2021-12-30,RealEstate,60.908750000000005,4
2021-12-31,RealEstate,65.04,2
2022-01-03,RealEstate,57.727999999999994,5
2022-01-04,RealEstate,65.94,3
2022-01-05,RealEstate,50.71125,4
2022-01-06,RealEstate,50.297999999999995,5
2022-01-07,RealEstate,50.42,2
2022-01-10,RealEstate,59.2125,2
2022-01-11,RealEstate,49.922000000000004,5
2022-01-12,RealEstate,50.44642857142857,7
2022-01-13,RealEstate,56.41166666666667,3
2022-01-14,RealEstate,53.6725,4
2022-01-18,RealEstate,51.640833333333326,6
2022-01-19,RealEstate,68.78333333333333,6
2022-01-20,RealEstate,59.95388888888889,9
2022-01-21,RealEstate,64.17699999999999,5
2022-01-24,RealEstate,51.00066666666667,15
2022-01-25,RealEstate,59.806250000000006,4
2022-01-26,RealEstate,45.026666666666664,3
2022-01-27,RealEstate,59.63363636363636,11
2022-01-28,RealEstate,42.76166666666666,6
2022-01-31,RealEstate,60.684999999999995,7
2022-02-01,RealEstate,52.097500000000004,2
2022-02-02,RealEstate,55.63357142857143,7
2022-02-03,RealEstate,64.68833333333333,3
2022-02-04,RealEstate,50.0,1
2022-02-07,RealEstate,53.365,6
2022-02-08,RealEstate,57.371,5
2022-02-09,RealEstate,48.5035,10
2022-02-10,RealEstate,60.57928571428572,7
2022-02-11,RealEstate,44.06333333333333,3
2022-02-14,RealEstate,60.269999999999996,7
2022-02-15,RealEstate,59.03625,4
2022-02-16,RealEstate,72.0,4
2022-02-17,RealEstate,52.0725,12
2022-02-18,RealEstate,41.2475,4
2022-02-22,RealEstate,60.673333333333325,12
2022-02-23,RealEstate,56.50909090909091,11
2022-02-24,RealEstate,60.341249999999995,8
2022-02-25,RealEstate,48.00285714285714,7
2022-02-28,RealEstate,51.361000000000004,5
2022-03-01,RealEstate,54.012,5
2022-03-02,RealEstate,57.660714285714285,7
2022-03-03,RealEstate,54.671875,8
2022-03-04,RealEstate,63.754999999999995,5
2022-03-07,RealEstate,55.53333333333334,6
2022-03-08,RealEstate,58.8825,2
2022-03-09,RealEstate,44.431666666666665,3
2022-03-10,RealEstate,52.410000000000004,10
2022-03-11,RealEstate,54.94375,4
2022-03-14,RealEstate,59.2725,8
2022-03-15,RealEstate,58.40777777777779,9
2022-03-16,RealEstate,50.82,4
2022-03-17,RealEstate,50.129999999999995,1
2022-03-18,RealEstate,53.5715,10
2022-03-21,RealEstate,59.85038461538462,13
2022-03-22,RealEstate,52.939166666666665,6
2022-03-23,RealEstate,68.425,1
2022-03-24,RealEstate,54.071000000000005,5
2022-03-25,RealEstate,53.616,5
2022-03-28,RealEstate,52.598124999999996,8
2022-03-29,RealEstate,54.012499999999996,6
2022-03-30,RealEstate,58.76333333333333,6
2022-03-31,RealEstate,53.288333333333334,6
2022-04-01,RealEstate,56.50666666666666,3
2022-04-04,RealEstate,60.378571428571426,7
2022-04-05,RealEstate,56.903,10
2022-04-06,RealEstate,60.75416666666666,6
2022-04-07,RealEstate,56.2525,6
2022-04-08,RealEstate,56.66,3
2022-04-11,RealEstate,53.478888888888896,9
2022-04-12,RealEstate,59.63666666666667,9
2022-04-13,RealEstate,53.864,5
2022-04-14,RealEstate,52.935,8
2022-04-18,RealEstate,52.17583333333334,6
2022-04-19,RealEstate,53.14590909090909,11
2022-04-20,RealEstate,52.69642857142857,7
2022-04-21,RealEstate,51.560454545454554,11
2022-04-22,RealEstate,50.214999999999996,3
2022-04-25,RealEstate,56.730714285714285,7
2022-04-26,RealEstate,50.53,5
2022-04-27,RealEstate,57.919,15
2022-04-28,RealEstate,62.821250000000006,4
2022-04-29,RealEstate,52.315000000000005,9
2022-05-02,RealEstate,54.019000000000005,5
2022-05-03,RealEstate,61.25,4
2022-05-04,RealEstate,52.862857142857145,7
2022-05-05,RealEstate,55.050000000000004,4
2022-05-06,RealEstate,57.22833333333333,6
2022-05-09,RealEstate,53.809999999999995,7
2022-05-10,RealEstate,56.47166666666667,15
2022-05-11,RealEstate,45.787,5
2022-05-12,RealEstate,57.20799999999999,5
2022-05-13,RealEstate,51.122,5
2022-05-16,RealEstate,54.25388888888889,9
2022-05-17,RealEstate,59.31666666666667,9
2022-05-18,RealEstate,45.81,5
2022-05-19,RealEstate,50.551875,8
2022-05-20,RealEstate,57.88181818181818,11
2022-05-23,RealEstate,56.25678571428572,14
2022-05-24,RealEstate,62.29625,4
2022-05-25,RealEstate,55.025,5
2022-05-26,RealEstate,50.23625,4
2022-05-27,RealEstate,49.487,5
2022-05-31,RealEstate,59.160833333333336,6
2022-06-01,RealEstate,50.323333333333345,3
2022-06-02,RealEstate,49.75,6
2022-06-03,RealEstate,52.620625000000004,8
2022-06-06,RealEstate,54.52666666666667,9
2022-06-07,RealEstate,50.46125,8
2022-06-08,RealEstate,57.09357142857142,7
2022-06-09,RealEstate,54.791250000000005,4
2022-06-10,RealEstate,50.952777777777776,9
2022-06-13,RealEstate,58.32416666666666,12
2022-06-14,RealEstate,58.176875,8
2022-06-15,RealEstate,49.81166666666667,9
2022-06-16,RealEstate,54.497,5
2022-06-17,RealEstate,62.89375,8
2022-06-21,RealEstate,57.252272727272725,11
2022-06-22,RealEstate,55.633750000000006,4
2022-06-23,RealEstate,55.06833333333333,6
2022-06-24,RealEstate,45.46625,4
2022-06-27,RealEstate,51.071875,8
2022-06-28,RealEstate,53.209375,8
2022-06-29,RealEstate,51.06928571428572,7
2022-06-30,RealEstate,56.318333333333335,3
2022-07-01,RealEstate,55.29416666666666,6
2022-07-05,RealEstate,56.44277777777778,9
2022-07-06,RealEstate,54.36333333333334,6
2022-07-07,RealEstate,56.998125,8
2022-07-08,RealEstate,62.48625,4
2022-07-11,RealEstate,57.425625,8
2022-07-12,RealEstate,54.60875,4
2022-07-13,RealEstate,59.896,5
2022-07-14,RealEstate,50.581,5
2022-07-15,RealEstate,47.38166666666667,9
2022-07-18,RealEstate,53.75653846153846,13
2022-07-19,RealEstate,46.27125,4
2022-07-20,RealEstate,58.82214285714286,7
2022-07-21,RealEstate,59.465714285714284,7
2022-07-22,RealEstate,68.065,4
2022-07-25,RealEstate,55.147916666666674,12
2022-07-26,RealEstate,57.44200000000001,5
2022-07-27,RealEstate,56.951875,16
2022-07-28,RealEstate,59.98875,16
2022-07-29,RealEstate,53.596428571428575,7
2022-08-01,RealEstate,53.356249999999996,12
2022-08-02,RealEstate,52.84375,8
2022-08-03,RealEstate,50.583749999999995,8
2022-08-04,RealEstate,61.753750000000004,8
2022-08-05,RealEstate,67.773,5
2022-08-08,RealEstate,50.731,10
2022-08-09,RealEstate,56.3525,6
2022-08-10,RealEstate,56.39166666666667,3
2022-08-11,RealEstate,62.305,9
2022-08-12,RealEstate,53.525,8
2022-08-15,RealEstate,53.58833333333333,6
2022-08-16,RealEstate,50.928,5
2022-08-17,RealEstate,56.61681818181818,11
2022-08-18,RealEstate,59.707499999999996,2
2022-08-19,RealEstate,51.327,5
2022-08-22,RealEstate,62.48772727272728,11
2022-08-23,RealEstate,50.806250000000006,4
2022-08-24,RealEstate,58.9361111111111,9
2022-08-25,RealEstate,56.607499999999995,6
2022-08-26,RealEstate,51.545,2
2022-08-29,RealEstate,55.04277777777778,9
2022-08-30,RealEstate,49.69833333333333,3
2022-08-31,RealEstate,53.43714285714286,7
2022-09-01,RealEstate,51.485,1
2022-09-02,RealEstate,50.302499999999995,4
2022-09-06,RealEstate,57.113571428571426,7
2022-09-07,RealEstate,55.023888888888884,9
2022-09-08,RealEstate,58.7925,4
2022-09-09,RealEstate,51.612,5
2022-09-12,RealEstate,60.7085,10
2022-09-13,RealEstate,52.356874999999995,8
2022-09-14,RealEstate,57.58142857142857,7
2022-09-15,RealEstate,60.9725,6
2022-09-16,RealEstate,59.65650000000001,10
2022-09-19,RealEstate,53.57571428571429,7
2022-09-20,RealEstate,52.92714285714286,7
2022-09-21,RealEstate,54.210625,8
2022-09-22,RealEstate,52.5525,6
2022-09-23,RealEstate,54.185,5
2022-09-26,RealEstate,49.986666666666665,15
2022-09-27,RealEstate,47.199999999999996,4
2022-09-28,RealEstate,44.99142857142857,7
2022-09-29,RealEstate,50.0,1
2022-09-30,RealEstate,62.666666666666664,3
2022-10-03,RealEstate,51.4975,4
2022-10-04,RealEstate,60.033125,8
2022-10-05,RealEstate,47.0535,10
2022-10-06,RealEstate,48.3925,4
2022-10-07,RealEstate,51.448,10
2022-10-10,RealEstate,50.619615384615386,13
2022-10-11,RealEstate,43.169999999999995,3
2022-10-12,RealEstate,50.30166666666667,3
2022-10-13,RealEstate,50.775000000000006,1
2022-10-14,RealEstate,43.1425,2
2022-10-17,RealEstate,59.02000000000001,9
2022-10-18,RealEstate,52.277857142857144,7
2022-10-19,RealEstate,58.612500000000004,12
2022-10-20,RealEstate,53.5375,6
2022-10-21,RealEstate,58.3405,10
2022-10-24,RealEstate,52.17416666666667,12
2022-10-25,RealEstate,53.06857142857143,7
2022-10-26,RealEstate,56.753499999999995,10
2022-10-27,RealEstate,52.41076923076923,13
2022-10-28,RealEstate,50.086666666666666,3
2022-10-31,RealEstate,54.440000000000005,13
2022-11-01,RealEstate,61.70285714285715,7
2022-11-02,RealEstate,59.12049999999999,10
2022-11-03,RealEstate,56.135555555555555,9
2022-11-04,RealEstate,50.065000000000005,1
2022-11-07,RealEstate,50.184999999999995,13
2022-11-08,RealEstate,59.8425,2
2022-11-09,RealEstate,50.473333333333336,3
2022-11-10,RealEstate,54.90357142857143,7
2022-11-11,RealEstate,57.64333333333334,3
2022-11-14,RealEstate,54.194,5
2022-11-15,RealEstate,33.11,1
2022-11-16,RealEstate,59.16400000000001,5
2022-11-18,RealEstate,50.343333333333334,3
2022-11-21,RealEstate,58.46666666666667,9
2022-11-22,RealEstate,48.9975,2
2022-11-23,RealEstate,59.8875,4
2022-11-25,RealEstate,60.981249999999996,4
2022-11-28,RealEstate,57.13666666666666,3
2022-11-30,RealEstate,47.9075,4
2022-12-01,RealEstate,60.25833333333334,9
2022-12-02,RealEstate,62.4725,4
2022-12-05,RealEstate,56.76,3
2022-12-06,RealEstate,56.73833333333332,3
2022-12-07,RealEstate,64.47,5
2022-12-08,RealEstate,50.04333333333333,3
2022-12-09,RealEstate,59.35375,4
2022-12-12,RealEstate,50.925000000000004,3
2022-12-13,RealEstate,50.1925,2
2022-12-14,RealEstate,52.90714285714286,7
2022-12-15,RealEstate,59.322500000000005,4
2022-12-16,RealEstate,59.705,2
2022-12-19,RealEstate,56.83714285714286,14
2022-12-20,RealEstate,50.181,5
2022-12-21,RealEstate,48.732,5
2022-12-27,RealEstate,60.157500000000006,10
2022-12-28,RealEstate,59.65,4
2022-12-29,RealEstate,50.6025,6
2022-12-30,RealEstate,47.56666666666666,3
2023-01-03,RealEstate,54.85611111111111,9
2023-01-04,RealEstate,51.0625,2
2023-01-05,RealEstate,59.8675,4
2023-01-06,RealEstate,50.59375,4
2023-01-09,RealEstate,57.62111111111111,9
2023-01-10,RealEstate,61.099000000000004,5
2023-01-11,RealEstate,54.528,5
2023-01-12,RealEstate,66.215,5
2023-01-13,RealEstate,50.708749999999995,4
2023-01-17,RealEstate,55.146249999999995,8
2023-01-18,RealEstate,57.51,8
2023-01-19,RealEstate,54.038,10
2023-01-20,RealEstate,54.930625,8
2023-01-23,RealEstate,54.00115384615385,13
2023-01-24,RealEstate,54.80499999999999,5
2023-01-25,RealEstate,59.152,5
2023-01-26,RealEstate,50.732499999999995,6
2023-01-27,RealEstate,59.21,2
2023-01-30,RealEstate,52.6635,10
2023-01-31,RealEstate,54.713125,8
2023-02-01,RealEstate,51.37083333333333,6
2023-02-02,RealEstate,52.033,5
2023-02-03,RealEstate,53.98,6
2023-02-06,RealEstate,53.46421052631579,19
2023-02-07,RealEstate,55.82833333333334,6
2023-02-08,RealEstate,50.335,5
2023-02-09,RealEstate,61.3775,8
2023-02-10,RealEstate,63.03625,4
2023-02-13,RealEstate,63.734,10
2023-02-14,RealEstate,50.346875,8
2023-02-15,RealEstate,50.412,5
2023-02-16,RealEstate,49.6,6
2023-02-17,RealEstate,55.351,5
2023-02-21,RealEstate,51.198611111111106,18
2023-02-22,RealEstate,53.73045454545454,11
2023-02-23,RealEstate,52.80800000000001,20
2023-02-24,RealEstate,50.596875,8
2023-02-27,RealEstate,51.09708333333333,12
2023-02-28,RealEstate,60.97,3
2023-03-01,RealEstate,50.686,5
2023-03-02,RealEstate,53.11333333333334,6
2023-03-03,RealEstate,53.519999999999996,4
2023-03-06,RealEstate,46.818636363636365,11
2023-03-07,RealEstate,56.835,3
2023-03-08,RealEstate,60.875,5
2023-03-09,RealEstate,52.278888888888886,9
2023-03-10,RealEstate,51.56888888888889,9
2023-03-13,RealEstate,53.58636363636364,11
2023-03-14,RealEstate,52.87428571428571,7
2023-03-15,RealEstate,48.837,10
2023-03-16,RealEstate,60.191250000000004,8
2023-03-17,RealEstate,58.678333333333335,6
2023-03-20,RealEstate,55.9175,8
2023-03-21,RealEstate,67.181875,8
2023-03-22,RealEstate,56.73,3
2023-03-23,RealEstate,49.49,4
2023-03-24,RealEstate,58.572500000000005,2
2023-03-27,RealEstate,57.141875,8
2023-03-28,RealEstate,57.735,2
2023-03-29,RealEstate,56.519000000000005,5
2023-03-30,RealEstate,50.645714285714284,7
2023-03-31,RealEstate,54.84625,4
2023-04-03,RealEstate,56.12166666666667,9
2023-04-04,RealEstate,65.92571428571429,7
2023-04-05,RealEstate,54.595000000000006,7
2023-04-06,RealEstate,52.591875,8
2023-04-10,RealEstate,54.929375,16
2023-04-11,RealEstate,64.698,5
2023-04-12,RealEstate,60.983000000000004,5
2023-04-13,RealEstate,50.25833333333333,3
2023-04-14,RealEstate,46.9025,6
2023-04-17,RealEstate,52.426875,8
2023-04-18,RealEstate,56.857749999999996,20
2023-04-19,RealEstate,49.96727272727273,11
2023-04-20,RealEstate,52.602222222222224,9
2023-04-21,RealEstate,53.53285714285715,7
2023-04-24,RealEstate,54.527499999999996,14
2023-04-25,RealEstate,54.034,15
2023-04-26,RealEstate,53.38454545454545,11
2023-04-27,RealEstate,49.337,5
2023-04-28,RealEstate,76.43333333333334,3
2023-05-01,RealEstate,44.4,5
2023-05-02,RealEstate,55.05041666666667,12
2023-05-03,RealEstate,52.62166666666667,9
2023-05-04,RealEstate,51.69035714285714,14
2023-05-05,RealEstate,51.355,8
2023-05-08,RealEstate,51.78888888888889,9
2023-05-09,RealEstate,51.160000000000004,1
2023-05-10,RealEstate,57.70000000000001,6
2023-05-11,RealEstate,55.216249999999995,8
2023-05-12,RealEstate,70.1975,2
2023-05-15,RealEstate,56.03785714285714,7
2023-05-16,RealEstate,50.96875,4
2023-05-17,RealEstate,62.74166666666667,3
2023-05-18,RealEstate,50.51111111111111,9
2023-05-19,RealEstate,50.336666666666666,3
2023-05-22,RealEstate,48.45166666666667,9
2023-05-23,RealEstate,51.21625,4
2023-05-24,RealEstate,71.12,2
2023-05-25,RealEstate,52.378888888888895,9
2023-05-26,RealEstate,50.5475,2
2023-05-30,RealEstate,56.650000000000006,8
2023-05-31,RealEstate,59.044000000000004,5
2023-06-01,RealEstate,51.115,7
2023-06-02,RealEstate,47.008,5
2023-06-05,RealEstate,50.644285714285715,7
2023-06-06,RealEstate,57.333333333333336,3
2023-06-07,RealEstate,51.355,1
2023-06-08,RealEstate,54.410000000000004,10
2023-06-09,RealEstate,51.033,5
2023-06-12,RealEstate,55.049285714285716,7
2023-06-13,RealEstate,50.74125,4
2023-06-14,RealEstate,60.88875,4
2023-06-15,RealEstate,50.489,5
2023-06-16,RealEstate,52.5025,4
2023-06-20,RealEstate,50.269999999999996,5
2023-06-21,RealEstate,50.0,1
2023-06-22,RealEstate,52.31909090909091,11
2023-06-23,RealEstate,52.98722222222222,9
2023-06-26,RealEstate,55.01777777777777,9
2023-06-27,RealEstate,57.331875,8
2023-06-28,RealEstate,56.778999999999996,10
2023-06-29,RealEstate,49.120999999999995,10
2023-06-30,RealEstate,51.0325,4
2023-07-03,RealEstate,54.59166666666667,9
2023-07-05,RealEstate,59.291666666666664,6
2023-07-06,RealEstate,50.77318181818182,11
2023-07-07,RealEstate,40.398,5
2023-07-10,RealEstate,50.929,5
2023-07-11,RealEstate,51.08500000000001,2
2023-07-12,RealEstate,49.89125,8
2023-07-13,RealEstate,55.54846153846154,13
2023-07-14,RealEstate,55.577999999999996,5
2023-07-17,RealEstate,56.2725,18
2023-07-18,RealEstate,56.3340625,16
2023-07-19,RealEstate,56.719090909090916,11
2023-07-20,RealEstate,52.39826086956522,23
2023-07-21,RealEstate,50.994,5
2023-07-24,RealEstate,56.51766666666666,15
2023-07-25,RealEstate,57.43875,8
2023-07-26,RealEstate,54.916875000000005,8
2023-07-27,RealEstate,53.82346153846153,13
2023-07-28,RealEstate,58.49499999999999,9
2023-07-31,RealEstate,46.66375,8
2023-08-01,RealEstate,59.283888888888896,9
2023-08-02,RealEstate,51.547000000000004,10
2023-08-03,RealEstate,56.623000000000005,15
2023-08-04,RealEstate,48.413,10
2023-08-07,RealEstate,50.52428571428572,7
2023-08-08,RealEstate,50.15,3
2023-08-09,RealEstate,54.928125,8
2023-08-10,RealEstate,52.349999999999994,9
2023-08-11,RealEstate,51.13875,4
2023-08-14,RealEstate,55.146428571428565,7
2023-08-15,RealEstate,59.050000000000004,4
2023-08-16,RealEstate,60.102,5
2023-08-17,RealEstate,55.425714285714285,14
2023-08-18,RealEstate,52.75142857142857,7
2023-08-21,RealEstate,58.7875,6
2023-08-22,RealEstate,51.435,4
2023-08-23,RealEstate,50.387499999999996,2
2023-08-24,RealEstate,55.1,8
2023-08-25,RealEstate,52.88722222222222,9
2023-08-28,RealEstate,54.015499999999996,10
2023-08-29,RealEstate,58.04571428571429,7
2023-08-30,RealEstate,49.5925,6
2023-08-31,RealEstate,58.79,9
2023-09-01,RealEstate,54.66833333333333,9
2023-09-05,RealEstate,58.67038461538462,13
2023-09-06,RealEstate,53.13666666666666,3
2023-09-07,RealEstate,52.495000000000005,8
2023-09-08,RealEstate,56.95399999999999,5
2023-09-11,RealEstate,52.145,11
2023-09-12,RealEstate,59.285,4
2023-09-13,RealEstate,53.282500000000006,6
2023-09-14,RealEstate,50.394375000000004,8
2023-09-15,RealEstate,60.98875,8
2023-09-18,RealEstate,53.63583333333333,6
2023-09-19,RealEstate,61.35699999999999,5
2023-09-20,RealEstate,60.497,5
2023-09-21,RealEstate,51.83192307692308,13
2023-09-22,RealEstate,50.214,5
2023-09-25,RealEstate,53.78999999999999,11
2023-09-26,RealEstate,60.482000000000006,5
2023-09-27,RealEstate,59.372727272727275,11
2023-09-28,RealEstate,60.909285714285716,7
2023-09-29,RealEstate,50.82875,4
2023-10-02,RealEstate,58.410714285714285,7
2023-10-03,RealEstate,55.20166666666667,9
2023-10-04,RealEstate,55.399166666666666,6
2023-10-05,RealEstate,50.875,5
2023-10-06,RealEstate,60.74300000000001,5
2023-10-09,RealEstate,53.77875,8
2023-10-10,RealEstate,55.0675,6
2023-10-11,RealEstate,50.0,4
2023-10-12,RealEstate,59.87111111111111,9
2023-10-13,RealEstate,50.837500000000006,2
2023-10-16,RealEstate,54.55911764705883,17
2023-10-17,RealEstate,58.03,15
2023-10-18,RealEstate,44.07541666666666,12
2023-10-19,RealEstate,53.564090909090915,22
2023-10-20,RealEstate,58.14450000000001,10
2023-10-23,RealEstate,62.248333333333335,9
2023-10-24,RealEstate,61.74785714285714,7
2023-10-25,RealEstate,57.33142857142857,14
2023-10-26,RealEstate,54.91923076923077,13
2023-10-27,RealEstate,53.925625,8
2023-10-30,RealEstate,55.35825,20
2023-10-31,RealEstate,53.766999999999996,10
2023-11-01,RealEstate,56.532000000000004,5
2023-11-02,RealEstate,54.98107142857143,14
2023-11-03,RealEstate,65.27428571428571,7
2023-11-06,RealEstate,61.1253125,16
2023-11-07,RealEstate,62.705000000000005,5
2023-11-08,RealEstate,50.37928571428571,7
2023-11-09,RealEstate,50.484375,8
2023-11-10,RealEstate,52.181999999999995,5
2023-11-13,RealEstate,47.98954545454546,11
2023-11-14,RealEstate,64.2,4
2023-11-15,RealEstate,51.0975,2
2023-11-16,RealEstate,57.5325,6
2023-11-17,RealEstate,54.077,5
2023-11-20,RealEstate,52.8505,10
2023-11-21,RealEstate,57.99100000000001,5
2023-11-22,RealEstate,50.051,5
2023-11-24,RealEstate,53.34142857142857,7
2023-11-27,RealEstate,45.74826086956522,23
2023-11-28,RealEstate,54.056999999999995,5
2023-11-29,RealEstate,53.8225,12
2023-11-30,RealEstate,57.14083333333334,6
2023-12-01,RealEstate,50.81333333333333,9
2023-12-04,RealEstate,59.876,10
2023-12-05,RealEstate,52.916666666666664,6
2023-12-06,RealEstate,50.53125,12
2023-12-07,RealEstate,55.46357142857143,14
2023-12-08,RealEstate,52.65875,8
2023-12-11,RealEstate,55.82818181818182,11
2023-12-12,RealEstate,57.72366666666667,15
2023-12-13,RealEstate,60.208666666666666,15
2023-12-14,RealEstate,55.31375,8
2023-12-15,RealEstate,55.355624999999996,8
2023-12-18,RealEstate,54.0715,10
2020-01-02,Tech,56.1228,25
2020-01-03,Tech,57.12852941176471,17
2020-01-06,Tech,53.70076923076923,13
2020-01-07,Tech,56.14714285714285,21
2020-01-08,Tech,57.25249999999999,22
2020-01-09,Tech,55.086176470588235,17
2020-01-10,Tech,60.6847619047619,21
2020-01-13,Tech,58.60948717948718,39
2020-01-14,Tech,58.35583333333333,12
2020-01-15,Tech,51.12291666666667,24
2020-01-16,Tech,62.03394736842105,19
2020-01-17,Tech,56.018157894736845,38
2020-01-21,Tech,55.50272727272727,44
2020-01-22,Tech,52.22535714285714,14
2020-01-23,Tech,49.17236111111111,36
2020-01-24,Tech,54.0875,46
2020-01-27,Tech,49.38983870967742,31
2020-01-28,Tech,53.882666666666665,30
2020-01-29,Tech,57.19257575757576,33
2020-01-30,Tech,47.714285714285715,21
2020-01-31,Tech,54.166000000000004,15
2020-02-03,Tech,53.29863636363636,11
2020-02-04,Tech,51.8645,20
2020-02-05,Tech,58.546718750000004,32
2020-02-06,Tech,52.717045454545456,22
2020-02-07,Tech,56.928461538461534,13
2020-02-10,Tech,56.01333333333333,24
2020-02-11,Tech,55.73410714285715,28
2020-02-12,Tech,47.32133333333333,15
2020-02-13,Tech,50.97684210526315,19
2020-02-14,Tech,54.837333333333326,45
2020-02-18,Tech,51.637857142857136,28
2020-02-19,Tech,52.39142857142857,28
2020-02-20,Tech,51.759499999999996,30
2020-02-21,Tech,47.886250000000004,16
2020-02-24,Tech,51.654583333333335,24
2020-02-25,Tech,53.87766666666666,15
2020-02-26,Tech,61.515499999999996,20
2020-02-27,Tech,40.89958333333333,24
2020-02-28,Tech,56.27944444444445,9
2020-03-02,Tech,53.75449999999999,20
2020-03-03,Tech,53.32708333333333,24
2020-03-04,Tech,57.37027777777777,18
2020-03-05,Tech,52.794285714285714,14
2020-03-06,Tech,49.4268,25
2020-03-09,Tech,44.50785714285715,21
2020-03-10,Tech,63.583888888888886,9
2020-03-11,Tech,50.05823529411765,17
2020-03-12,Tech,54.40461538461538,26
2020-03-13,Tech,55.626891891891894,37
2020-03-16,Tech,53.16192307692308,26
2020-03-17,Tech,58.69880952380952,21
2020-03-18,Tech,49.19785714285714,21
2020-03-19,Tech,48.525263157894734,19
2020-03-20,Tech,59.799749999999996,20
2020-03-23,Tech,56.263749999999995,12
2020-03-24,Tech,62.387,25
2020-03-25,Tech,51.072500000000005,10
2020-03-26,Tech,55.00875,20
2020-03-27,Tech,63.96153846153846,13
2020-03-30,Tech,55.65222222222222,9
2020-03-31,Tech,48.88472222222222,18
2020-04-01,Tech,53.18,6
2020-04-02,Tech,49.221428571428575,7
2020-04-03,Tech,45.2525,12
2020-04-06,Tech,58.51696428571428,28
2020-04-07,Tech,54.36964285714286,14
2020-04-08,Tech,58.91263157894736,19
2020-04-09,Tech,55.05088235294118,17
2020-04-13,Tech,53.58413043478261,23
2020-04-14,Tech,69.49833333333333,18
2020-04-15,Tech,52.3322,25
2020-04-16,Tech,61.65625,32
2020-04-17,Tech,50.699107142857144,28
2020-04-20,Tech,55.724074074074075,27
2020-04-21,Tech,38.97035714285715,14
2020-04-22,Tech,57.748695652173915,23
2020-04-23,Tech,56.449625000000005,40
2020-04-24,Tech,53.398947368421055,38
2020-04-27,Tech,57.630322580645164,31
2020-04-28,Tech,55.161142857142856,35
2020-04-29,Tech,58.601000000000006,50
2020-04-30,Tech,53.097857142857144,21
2020-05-01,Tech,47.93921052631579,19
2020-05-04,Tech,59.95483870967742,31
2020-05-05,Tech,57.069,20
2020-05-06,Tech,51.360749999999996,20
2020-05-07,Tech,59.20166666666667,15
2020-05-08,Tech,62.07285714285714,14
2020-05-11,Tech,52.9016,25
2020-05-12,Tech,49.96260869565218,23
2020-05-13,Tech,52.90323529411765,17
2020-05-14,Tech,52.32038461538461,26
2020-05-15,Tech,44.30425531914894,47
2020-05-18,Tech,54.26711538461538,26
2020-05-19,Tech,52.258529411764705,17
2020-05-20,Tech,50.6725,16
2020-05-21,Tech,52.8425,22
2020-05-22,Tech,50.83946428571428,28
2020-05-26,Tech,54.053518518518516,27
2020-05-27,Tech,52.1595,10
2020-05-28,Tech,57.7975,20
2020-05-29,Tech,54.66892857142857,14
2020-06-01,Tech,53.636250000000004,16
2020-06-02,Tech,54.59,9
2020-06-03,Tech,60.7365,10
2020-06-04,Tech,56.87590909090909,11
2020-06-05,Tech,49.2335,10
2020-06-08,Tech,60.818823529411766,17
2020-06-09,Tech,55.65125,24
2020-06-10,Tech,50.734,15
2020-06-11,Tech,54.5025,18
2020-06-12,Tech,53.53578947368421,19
2020-06-15,Tech,56.17923076923077,13
2020-06-16,Tech,54.48100000000001,10
2020-06-17,Tech,53.1875,6
2020-06-18,Tech,46.532,5
2020-06-19,Tech,50.542,5
2020-06-22,Tech,57.01769230769231,13
2020-06-23,Tech,51.94625,12
2020-06-24,Tech,41.340714285714284,7
2020-06-25,Tech,37.647000000000006,5
2020-06-26,Tech,44.20333333333334,3
2020-06-29,Tech,50.682500000000005,6
2020-06-30,Tech,58.662222222222226,9
2020-07-01,Tech,56.25899999999999,5
2020-07-02,Tech,61.867,5
2020-07-06,Tech,51.35173913043478,23
2020-07-07,Tech,50.55,2
2020-07-08,Tech,50.419444444444444,9
2020-07-09,Tech,56.51090909090909,11
2020-07-10,Tech,58.09400000000001,5
2020-07-13,Tech,58.94,8
2020-07-14,Tech,50.656666666666666,12
2020-07-15,Tech,51.90111111111111,9
2020-07-16,Tech,51.88772727272727,11
2020-07-17,Tech,45.220000000000006,7
2020-07-20,Tech,57.8925,22
2020-07-21,Tech,57.627916666666664,12
2020-07-22,Tech,59.65555555555555,9
2020-07-23,Tech,56.174,15
2020-07-24,Tech,46.21181818181818,44
2020-07-27,Tech,53.419117647058826,34
2020-07-28,Tech,50.59470588235294,17
2020-07-29,Tech,56.98860465116279,43
2020-07-30,Tech,48.185874999999996,40
2020-07-31,Tech,63.042500000000004,4
2020-08-03,Tech,54.132,15
2020-08-04,Tech,56.91826086956521,23
2020-08-05,Tech,54.04552631578947,19
2020-08-06,Tech,48.755,7
2020-08-07,Tech,56.68,3
2020-08-10,Tech,56.020454545454534,11
2020-08-11,Tech,57.07681818181818,11
2020-08-12,Tech,49.9575,18
2020-08-13,Tech,50.01666666666667,12
2020-08-14,Tech,56.073750000000004,8
2020-08-17,Tech,48.815000000000005,13
2020-08-18,Tech,50.07076923076923,13
2020-08-19,Tech,57.36900000000001,5
2020-08-20,Tech,50.906578947368416,19
2020-08-21,Tech,46.04769230769231,13
2020-08-24,Tech,50.585,13
2020-08-25,Tech,57.67333333333334,12
2020-08-26,Tech,56.57888888888889,9
2020-08-27,Tech,54.479615384615386,13
2020-08-28,Tech,64.385,4
2020-08-31,Tech,57.01138888888889,18
2020-09-01,Tech,51.166666666666664,15
2020-09-02,Tech,57.723181818181814,11
2020-09-03,Tech,48.281,10
2020-09-04,Tech,48.683,5
2020-09-08,Tech,55.636923076923075,13
2020-09-09,Tech,52.175357142857145,14
2020-09-10,Tech,51.8590909090909,11
2020-09-11,Tech,47.542857142857144,7
2020-09-14,Tech,53.4497619047619,21
2020-09-15,Tech,49.2634375,16
2020-09-16,Tech,53.62714285714286,7
2020-09-17,Tech,49.376363636363635,11
2020-09-18,Tech,50.465,5
2020-09-21,Tech,59.49666666666667,6
2020-09-22,Tech,50.115833333333335,6
2020-09-23,Tech,57.087500000000006,2
2020-09-24,Tech,49.928999999999995,10
2020-09-25,Tech,49.90785714285715,7
2020-09-28,Tech,52.16235294117647,17
2020-09-29,Tech,56.642500000000005,6
2020-09-30,Tech,54.376666666666665,12
2020-10-01,Tech,49.614999999999995,1
2020-10-02,Tech,52.340625,8
2020-10-05,Tech,50.589999999999996,7
2020-10-06,Tech,50.239285714285714,7
2020-10-07,Tech,58.06187499999999,8
2020-10-08,Tech,54.28107142857143,14
2020-10-09,Tech,57.900238095238095,21
2020-10-12,Tech,57.11,8
2020-10-13,Tech,48.25,8
2020-10-14,Tech,52.81714285714286,7
2020-10-15,Tech,52.644444444444446,9
2020-10-16,Tech,50.756428571428565,7
2020-10-19,Tech,49.13346153846154,13
2020-10-20,Tech,56.06166666666667,6
2020-10-21,Tech,56.953125,8
2020-10-22,Tech,56.697500000000005,10
2020-10-23,Tech,56.52895833333334,24
2020-10-26,Tech,50.507222222222225,18
2020-10-27,Tech,46.44243902439025,41
2020-10-28,Tech,51.08075,20
2020-10-29,Tech,50.54727272727273,11
2020-10-30,Tech,53.847,5
2020-11-02,Tech,48.00526315789474,19
2020-11-03,Tech,50.428333333333335,3
2020-11-04,Tech,54.35,16
2020-11-05,Tech,52.404999999999994,19
2020-11-06,Tech,50.85916666666666,6
2020-11-09,Tech,44.34375,16
2020-11-10,Tech,50.2575,24
2020-11-11,Tech,57.2815625,16
2020-11-12,Tech,55.16181818181818,11
2020-11-13,Tech,49.37055555555556,9
2020-11-16,Tech,55.732142857142854,7
2020-11-17,Tech,61.26625,8
2020-11-18,Tech,60.00444444444444,9
2020-11-19,Tech,43.452,5
2020-11-20,Tech,47.2425,6
2020-11-23,Tech,54.66863636363635,11
2020-11-24,Tech,50.0,1
2020-11-25,Tech,53.49,6
2020-11-27,Tech,50.655,5
2020-11-30,Tech,45.265499999999996,10
2020-12-01,Tech,53.42545454545455,11
2020-12-02,Tech,52.679375,8
2020-12-03,Tech,56.28875,8
2020-12-04,Tech,59.57277777777777,9
2020-12-07,Tech,54.1854,25
2020-12-08,Tech,55.21125,8
2020-12-09,Tech,57.13230769230769,13
2020-12-10,Tech,62.437,10
2020-12-11,Tech,45.9775,24
2020-12-14,Tech,53.71538461538462,13
2020-12-15,Tech,44.201,10
2020-12-16,Tech,50.348,5
2020-12-17,Tech,56.126363636363635,11
2020-12-18,Tech,51.20454545454545,11
2020-12-21,Tech,55.98230769230769,13
2020-12-22,Tech,60.93571428571429,7
2020-12-23,Tech,53.75083333333333,6
2020-12-24,Tech,60.68833333333333,6
2020-12-28,Tech,58.921875,16
2020-12-29,Tech,49.57807692307692,13
2020-12-30,Tech,54.73323529411764,17
2020-12-31,Tech,53.650999999999996,5
2021-01-04,Tech,51.861785714285716,14
2021-01-05,Tech,53.08464285714285,14
2021-01-06,Tech,59.109166666666674,12
2021-01-07,Tech,47.67388888888889,9
2021-01-08,Tech,58.38611111111111,9
2021-01-11,Tech,57.69847826086957,23
2021-01-12,Tech,51.44214285714286,7
2021-01-13,Tech,55.355,36
2021-01-14,Tech,52.2365625,16
2021-01-15,Tech,53.565333333333335,15
2021-01-19,Tech,52.70619047619047,21
2021-01-20,Tech,51.949999999999996,14
2021-01-21,Tech,57.88684210526316,19
2021-01-22,Tech,47.58921052631579,19
2021-01-25,Tech,58.48895833333333,24
2021-01-26,Tech,60.87590909090909,22
2021-01-27,Tech,52.568125,8
2021-01-28,Tech,50.06785714285714,14
2021-01-29,Tech,53.85285714285715,7
2021-02-01,Tech,62.233,15
2021-02-02,Tech,59.39333333333334,6
2021-02-03,Tech,50.35857142857143,14
2021-02-04,Tech,50.075476190476195,21
2021-02-05,Tech,54.8825,8
2021-02-08,Tech,57.973,5
2021-02-09,Tech,53.30666666666667,6
2021-02-10,Tech,49.477500000000006,4
2021-02-11,Tech,53.91111111111111,18
2021-02-12,Tech,62.299375,8
2021-02-16,Tech,50.307857142857145,7
2021-02-17,Tech,51.958888888888886,9
2021-02-18,Tech,57.67444444444444,9
2021-02-19,Tech,57.26222222222222,9
2021-02-22,Tech,58.04611111111111,9
2021-02-23,Tech,57.50230769230769,13
2021-02-24,Tech,63.28071428571429,7
2021-02-25,Tech,51.04333333333333,6
2021-02-26,Tech,52.260625,8
2021-03-01,Tech,54.49722222222223,9
2021-03-02,Tech,42.871428571428574,7
2021-03-03,Tech,59.1075,2
2021-03-04,Tech,51.76916666666667,6
2021-03-05,Tech,54.78333333333333,12
2021-03-08,Tech,57.291666666666664,9
2021-03-09,Tech,50.44375,8
2021-03-10,Tech,50.40833333333333,3
2021-03-11,Tech,53.12607142857143,14
2021-03-12,Tech,50.565000000000005,4
2021-03-15,Tech,51.397000000000006,10
2021-03-16,Tech,48.47125,12
2021-03-17,Tech,55.228571428571435,7
2021-03-18,Tech,61.342,5
2021-03-19,Tech,57.8525,2
2021-03-22,Tech,53.72500000000001,13
2021-03-23,Tech,56.21846153846154,13
2021-03-24,Tech,51.1475,24
2021-03-25,Tech,43.93,13
2021-03-26,Tech,52.655,12
2021-03-29,Tech,50.751666666666665,12
2021-03-30,Tech,53.351,5
2021-03-31,Tech,51.80166666666667,9
2021-04-01,Tech,56.41888888888889,9
2021-04-05,Tech,58.83052631578947,19
2021-04-06,Tech,54.882777777777775,9
2021-04-07,Tech,46.915,4
2021-04-08,Tech,53.24,12
2021-04-09,Tech,58.26277777777778,9
2021-04-12,Tech,50.3025,16
2021-04-13,Tech,56.9475,8
2021-04-14,Tech,51.620625,8
2021-04-15,Tech,52.5625,10
2021-04-16,Tech,53.263125,8
2021-04-19,Tech,55.7604,25
2021-04-20,Tech,53.0975,12
2021-04-21,Tech,51.754999999999995,12
2021-04-22,Tech,57.17928571428571,28
2021-04-23,Tech,53.51386363636364,22
2021-04-26,Tech,58.809999999999995,15
2021-04-27,Tech,51.525,8
2021-04-28,Tech,53.375,26
2021-04-29,Tech,51.91958333333333,12
2021-04-30,Tech,49.52,8
2021-05-03,Tech,52.067352941176466,17
2021-05-04,Tech,57.236875,8
2021-05-05,Tech,48.145624999999995,8
2021-05-06,Tech,52.384166666666665,6
2021-05-07,Tech,52.81875,8
2021-05-10,Tech,49.12642857142857,7
2021-05-11,Tech,52.82923076923077,13
2021-05-12,Tech,54.6575,4
2021-05-13,Tech,48.272999999999996,5
2021-05-14,Tech,46.5,9
2021-05-17,Tech,49.285000000000004,5
2021-05-18,Tech,61.39833333333333,3
2021-05-19,Tech,52.652,15
2021-05-20,Tech,55.49285714285714,14
2021-05-21,Tech,57.576,5
2021-05-24,Tech,50.905,9
2021-05-25,Tech,49.06,12
2021-05-26,Tech,59.435833333333335,6
2021-05-27,Tech,53.13863636363636,11
2021-05-28,Tech,55.92541666666667,12
2021-06-01,Tech,49.82888888888888,9
2021-06-02,Tech,55.63111111111111,9
2021-06-03,Tech,56.190000000000005,8
2021-06-04,Tech,52.86875,8
2021-06-07,Tech,57.225,19
2021-06-08,Tech,72.725,2
2021-06-09,Tech,50.466,5
2021-06-10,Tech,53.85305555555556,18
2021-06-11,Tech,52.87928571428572,7
2021-06-14,Tech,48.2640909090909,11
2021-06-15,Tech,50.309000000000005,5
2021-06-16,Tech,56.11807692307693,13
2021-06-17,Tech,51.18175,20
2021-06-18,Tech,53.82111111111111,18
2021-06-21,Tech,54.345,18
2021-06-22,Tech,54.445625,8
2021-06-23,Tech,52.42722222222222,9
2021-06-24,Tech,60.1175,14
2021-06-25,Tech,67.25999999999999,4
2021-06-28,Tech,56.28433333333333,15
2021-06-29,Tech,59.97,9
2021-06-30,Tech,51.81038461538462,13
2021-07-01,Tech,56.456111111111106,9
2021-07-02,Tech,52.240625,8
2021-07-06,Tech,58.44449999999999,10
2021-07-07,Tech,59.83125,4
2021-07-08,Tech,59.810454545454554,11
2021-07-09,Tech,61.31833333333333,6
2021-07-12,Tech,51.25625,16
2021-07-13,Tech,57.573,5
2021-07-14,Tech,56.758500000000005,10
2021-07-15,Tech,54.501666666666665,12
2021-07-16,Tech,47.31690476190476,21
2021-07-19,Tech,44.74431034482759,29
2021-07-20,Tech,51.9995,10
2021-07-21,Tech,56.460625,16
2021-07-22,Tech,57.749249999999996,20
2021-07-23,Tech,58.39903846153846,26
2021-07-26,Tech,53.5686,25
2021-07-27,Tech,54.0015,30
2021-07-28,Tech,56.41605263157894,19
2021-07-29,Tech,53.050000000000004,12
2021-07-30,Tech,57.20666666666667,3
2021-08-02,Tech,49.94868421052632,19
2021-08-03,Tech,56.12705882352941,17
2021-08-04,Tech,50.33607142857142,14
2021-08-05,Tech,52.79416666666666,18
2021-08-06,Tech,51.66923076923077,13
2021-08-09,Tech,51.821000000000005,10
2021-08-10,Tech,50.24714285714286,7
2021-08-11,Tech,50.0,2
2021-08-12,Tech,59.961,5
2021-08-13,Tech,57.163125,8
2021-08-16,Tech,52.216499999999996,10
2021-08-17,Tech,46.9195,10
2021-08-18,Tech,52.54482142857143,28
2021-08-19,Tech,52.94833333333333,27
2021-08-20,Tech,46.296470588235294,17
2021-08-23,Tech,57.9164705882353,17
2021-08-24,Tech,52.63068181818182,22
2021-08-25,Tech,51.25970588235294,17
2021-08-26,Tech,56.73083333333333,12
2021-08-27,Tech,47.988055555555555,18
2021-08-30,Tech,56.834090909090904,22
2021-08-31,Tech,51.5775,10
2021-09-01,Tech,53.211,5
2021-09-02,Tech,66.27214285714285,7
2021-09-03,Tech,58.05045454545455,11
2021-09-07,Tech,52.24187499999999,24
2021-09-08,Tech,49.291153846153854,13
2021-09-09,Tech,52.89692307692307,13
2021-09-10,Tech,50.7965625,16
2021-09-13,Tech,51.29227272727273,22
2021-09-14,Tech,52.529545454545456,11
2021-09-15,Tech,51.81388888888889,18
2021-09-16,Tech,54.943125,8
2021-09-17,Tech,53.64200000000001,10
2021-09-20,Tech,53.54104166666667,24
2021-09-21,Tech,53.66227272727272,22
2021-09-22,Tech,51.965294117647055,17
2021-09-23,Tech,49.04666666666666,12
2021-09-24,Tech,55.76076923076923,13
2021-09-27,Tech,52.25818181818182,22
2021-09-28,Tech,48.98142857142857,14
2021-09-29,Tech,58.33833333333333,12
2021-09-30,Tech,52.6978125,16
2021-10-01,Tech,50.93714285714286,14
2021-10-04,Tech,52.6686,25
2021-10-05,Tech,54.7,13
2021-10-06,Tech,49.638888888888886,18
2021-10-07,Tech,54.06727272727273,11
2021-10-08,Tech,54.323214285714286,14
2021-10-11,Tech,56.623000000000005,5
2021-10-12,Tech,56.261086956521744,23
2021-10-13,Tech,54.52761904761904,21
2021-10-14,Tech,57.49045454545455,11
2021-10-15,Tech,54.938125,8
2021-10-18,Tech,51.23,37
2021-10-19,Tech,60.755937499999995,16
2021-10-20,Tech,60.94055555555556,9
2021-10-21,Tech,53.11240740740741,27
2021-10-22,Tech,49.60442307692308,26
2021-10-25,Tech,46.283,15
2021-10-26,Tech,56.75758064516129,31
2021-10-27,Tech,51.20363636363636,22
2021-10-28,Tech,52.9725,12
2021-10-29,Tech,50.76076923076923,13
2021-11-01,Tech,54.17999999999999,15
2021-11-02,Tech,53.08,19
2021-11-03,Tech,56.53225,20
2021-11-04,Tech,57.012325581395345,43
2021-11-05,Tech,51.25875,12
2021-11-08,Tech,56.227586206896554,29
2021-11-09,Tech,49.5828125,16
2021-11-10,Tech,52.575714285714284,21
2021-11-11,Tech,58.295625,16
2021-11-12,Tech,50.224999999999994,9
2021-11-15,Tech,54.400263157894734,19
2021-11-16,Tech,58.35956521739131,23
2021-11-17,Tech,49.021956521739135,23
2021-11-18,Tech,55.35527027027027,37
2021-11-19,Tech,57.79173076923077,26
2021-11-22,Tech,56.42225806451613,31
2021-11-23,Tech,64.80818181818182,11
2021-11-24,Tech,52.6997619047619,21
2021-11-26,Tech,52.52875,8
2021-11-29,Tech,56.880806451612905,31
2021-11-30,Tech,53.24891304347827,23
2021-12-01,Tech,52.08375,8
2021-12-02,Tech,59.55125,24
2021-12-03,Tech,50.12214285714286,28
2021-12-06,Tech,49.57022727272727,44
2021-12-07,Tech,55.303953488372095,43
2021-12-08,Tech,50.165,15
2021-12-09,Tech,50.327592592592595,27
2021-12-10,Tech,56.0959375,16
2021-12-13,Tech,53.981,35
2021-12-14,Tech,47.22078947368421,19
2021-12-15,Tech,56.9124,25
2021-12-16,Tech,51.23416666666667,30
2021-12-17,Tech,44.7090625,16
2021-12-20,Tech,53.285576923076924,26
2021-12-21,Tech,55.70388888888889,18
2021-12-22,Tech,61.010555555555555,18
2021-12-23,Tech,52.994473684210526,19
2021-12-27,Tech,55.578809523809525,21
2021-12-28,Tech,59.15566666666667,30
2021-12-29,Tech,51.23541666666667,12
2021-12-30,Tech,54.794,20
2021-12-31,Tech,53.874722222222225,18
2022-01-03,Tech,59.35,23
2022-01-04,Tech,50.303953488372095,43
2022-01-05,Tech,49.472368421052636,38
2022-01-06,Tech,54.06642857142857,14
2022-01-07,Tech,48.04184210526316,19
2022-01-10,Tech,51.50166666666667,27
2022-01-11,Tech,57.790925925925926,27
2022-01-12,Tech,55.833333333333336,27
2022-01-13,Tech,56.308437500000004,32
2022-01-14,Tech,54.29823529411765,17
2022-01-18,Tech,57.24263157894736,38
2022-01-19,Tech,55.149787234042556,47
2022-01-20,Tech,55.77395833333333,48
2022-01-21,Tech,52.21033333333333,30
2022-01-24,Tech,50.84375,40
2022-01-25,Tech,53.07736111111112,36
2022-01-26,Tech,52.33390410958904,73
2022-01-27,Tech,56.055625,56
2022-01-28,Tech,56.1996875,32
2022-01-31,Tech,57.958333333333336,51
2022-02-01,Tech,56.78952830188679,53
2022-02-02,Tech,55.10519607843137,102
2022-02-03,Tech,52.21297297297298,37
2022-02-04,Tech,54.159444444444446,18
2022-02-07,Tech,52.49603448275862,29
2022-02-08,Tech,53.338235294117645,51
2022-02-09,Tech,55.7236,25
2022-02-10,Tech,49.85236842105263,19
2022-02-11,Tech,48.769999999999996,30
2022-02-14,Tech,51.51771186440678,59
2022-02-15,Tech,52.74036363636363,55
2022-02-16,Tech,54.932794117647056,34
2022-02-17,Tech,49.62136363636364,44
2022-02-18,Tech,53.64328571428571,35
2022-02-22,Tech,53.704875,40
2022-02-23,Tech,54.37295454545454,22
2022-02-24,Tech,55.34157894736842,19
2022-02-25,Tech,51.5484375,16
2022-02-28,Tech,52.28875,24
2022-03-01,Tech,48.79153846153846,13
2022-03-02,Tech,58.46999999999999,21
2022-03-03,Tech,50.94481481481481,27
2022-03-04,Tech,50.29865384615385,26
2022-03-07,Tech,48.7577027027027,37
2022-03-08,Tech,55.22551724137931,29
2022-03-09,Tech,53.115,37
2022-03-10,Tech,55.99736111111111,36
2022-03-11,Tech,53.830238095238094,21
2022-03-14,Tech,54.39711538461539,26
2022-03-15,Tech,57.69680555555556,36
2022-03-16,Tech,59.980000000000004,31
2022-03-17,Tech,52.849230769230765,26
2022-03-18,Tech,59.371874999999996,24
2022-03-21,Tech,55.27483870967742,31
2022-03-22,Tech,58.505,25
2022-03-23,Tech,50.99100000000001,50
2022-03-24,Tech,54.63107142857143,56
2022-03-25,Tech,54.0180303030303,33
2022-03-28,Tech,56.99414285714286,35
2022-03-29,Tech,54.191964285714285,28
2022-03-30,Tech,53.70568181818182,22
2022-03-31,Tech,53.13685714285714,35
2022-04-01,Tech,53.61595238095238,42
2022-04-04,Tech,54.22736842105263,57
2022-04-05,Tech,48.51810810810811,37
2022-04-06,Tech,50.81621212121212,33
2022-04-07,Tech,54.56136363636363,22
2022-04-08,Tech,62.407,25
2022-04-11,Tech,53.422636363636364,55
2022-04-12,Tech,48.95133333333333,15
2022-04-13,Tech,55.60173076923077,26
2022-04-14,Tech,53.7442,25
2022-04-18,Tech,49.10145833333333,24
2022-04-19,Tech,55.66041666666666,24
2022-04-20,Tech,54.07588235294117,17
2022-04-21,Tech,49.36326086956522,23
2022-04-22,Tech,54.25611111111111,9
2022-04-25,Tech,52.05871794871795,39
2022-04-26,Tech,51.315909090909095,22
2022-04-27,Tech,54.54953125,32
2022-04-28,Tech,57.048152173913046,46
2022-04-29,Tech,47.89185185185185,27
2022-05-02,Tech,55.25757575757576,33
2022-05-03,Tech,53.580000000000005,41
2022-05-04,Tech,50.827000000000005,45
2022-05-05,Tech,48.13,25
2022-05-06,Tech,53.88347826086956,23
2022-05-09,Tech,50.73166666666667,33
2022-05-10,Tech,54.022600000000004,25
2022-05-11,Tech,52.30642857142857,21
2022-05-12,Tech,46.14058823529412,34
2022-05-13,Tech,53.893125,24
2022-05-16,Tech,52.75590909090909,22
2022-05-17,Tech,56.880714285714284,35
2022-05-18,Tech,50.5345,20
2022-05-19,Tech,50.5982,25
2022-05-20,Tech,55.19642857142857,21
2022-05-23,Tech,54.373513513513515,37
2022-05-24,Tech,52.64392857142857,14
2022-05-25,Tech,50.38777777777778,36
2022-05-26,Tech,53.116290322580646,31
2022-05-27,Tech,52.78911764705882,17
2022-05-31,Tech,60.961481481481485,27
2022-06-01,Tech,57.970263157894735,19
2022-06-02,Tech,57.035,27
2022-06-03,Tech,52.79978260869565,23
2022-06-06,Tech,52.36470588235294,17
2022-06-07,Tech,53.50636363636363,22
2022-06-08,Tech,47.1562962962963,27
2022-06-09,Tech,50.57633333333333,15
2022-06-10,Tech,52.27055555555555,18
2022-06-13,Tech,52.24444444444444,36
2022-06-14,Tech,54.37815789473684,19
2022-06-15,Tech,55.8995,20
2022-06-16,Tech,49.842166666666664,30
2022-06-17,Tech,53.29157894736842,19
2022-06-21,Tech,52.68833333333333,33
2022-06-22,Tech,51.975,20
2022-06-23,Tech,51.83181818181818,22
2022-06-24,Tech,48.93145833333333,24
2022-06-27,Tech,52.87743243243243,37
2022-06-28,Tech,50.94148148148148,27
2022-06-29,Tech,50.596896551724136,29
2022-06-30,Tech,48.259838709677425,31
2022-07-01,Tech,48.0795652173913,23
2022-07-05,Tech,53.46515625,32
2022-07-06,Tech,53.41,18
2022-07-07,Tech,53.814864864864866,37
2022-07-08,Tech,53.77538461538462,13
2022-07-11,Tech,53.93785714285714,21
2022-07-12,Tech,47.33727272727273,22
2022-07-13,Tech,54.186136363636365,22
2022-07-14,Tech,55.02982142857143,28
2022-07-15,Tech,56.33029411764706,17
2022-07-18,Tech,59.42392857142857,28
2022-07-19,Tech,53.37049999999999,20
2022-07-20,Tech,55.313870967741934,31
2022-07-21,Tech,56.3821052631579,19
2022-07-22,Tech,54.76978260869565,23
2022-07-25,Tech,50.24,33
2022-07-26,Tech,51.731249999999996,12
2022-07-27,Tech,53.979642857142856,28
2022-07-28,Tech,50.60675,40
2022-07-29,Tech,57.99878378378378,37
2022-08-01,Tech,57.25145833333334,24
2022-08-02,Tech,44.63068181818182,44
2022-08-03,Tech,57.77875,32
2022-08-04,Tech,48.588541666666664,24
2022-08-05,Tech,51.01458333333333,12
2022-08-08,Tech,51.97863636363636,44
2022-08-09,Tech,45.225795454545455,44
2022-08-10,Tech,52.29788461538461,26
2022-08-11,Tech,53.940555555555555,27
2022-08-12,Tech,61.241904761904756,21
2022-08-15,Tech,55.421521739130434,23
2022-08-16,Tech,54.173125,16
2022-08-17,Tech,53.69357142857143,14
2022-08-18,Tech,51.711666666666666,12
2022-08-19,Tech,55.55083333333334,12
2022-08-22,Tech,53.9827027027027,37
2022-08-23,Tech,52.642857142857146,14
2022-08-24,Tech,51.92550000000001,30
2022-08-25,Tech,52.50351851851852,27
2022-08-26,Tech,50.04865384615385,26
2022-08-29,Tech,46.26984375,32
2022-08-30,Tech,53.579499999999996,20
2022-08-31,Tech,53.72552631578947,19
2022-09-01,Tech,45.052371794871796,78
2022-09-02,Tech,49.66576923076923,26
2022-09-06,Tech,51.13540816326531,49
2022-09-07,Tech,49.73972222222223,18
2022-09-08,Tech,55.116052631578945,19
2022-09-09,Tech,56.64911764705882,17
2022-09-12,Tech,52.98076923076923,26
2022-09-13,Tech,49.86730769230769,26
2022-09-14,Tech,46.34854166666667,24
2022-09-15,Tech,47.79841463414634,41
2022-09-16,Tech,52.9415,20
2022-09-19,Tech,47.23814814814815,27
2022-09-20,Tech,48.783095238095235,21
2022-09-21,Tech,54.916956521739124,23
2022-09-22,Tech,55.595681818181816,22
2022-09-23,Tech,49.51925,20
2022-09-26,Tech,51.386346153846155,26
2022-09-27,Tech,54.6898275862069,29
2022-09-28,Tech,49.49302631578948,38
2022-09-29,Tech,50.32815789473684,38
2022-09-30,Tech,52.276818181818186,11
2022-10-03,Tech,57.39592592592593,27
2022-10-04,Tech,58.028999999999996,25
2022-10-05,Tech,54.12018518518518,27
2022-10-06,Tech,41.740833333333335,24
2022-10-07,Tech,50.098,65
2022-10-10,Tech,48.19907894736842,38
2022-10-11,Tech,50.62375,20
2022-10-12,Tech,50.2760294117647,34
2022-10-13,Tech,51.88879310344827,29
2022-10-14,Tech,51.573235294117644,17
2022-10-17,Tech,52.614583333333336,24
2022-10-18,Tech,51.3659375,32
2022-10-19,Tech,43.7085294117647,17
2022-10-20,Tech,56.341875,16
2022-10-21,Tech,52.55,21
2022-10-24,Tech,47.39886363636364,22
2022-10-25,Tech,45.21,17
2022-10-26,Tech,61.43115384615385,13
2022-10-27,Tech,50.561527777777776,36
2022-10-28,Tech,54.14893939393939,33
2022-10-31,Tech,51.008599999999994,25
2022-11-01,Tech,48.44706896551724,29
2022-11-02,Tech,54.39157894736842,38
2022-11-03,Tech,47.22383333333333,30
2022-11-04,Tech,50.31055555555556,9
2022-11-07,Tech,52.699074074074076,27
2022-11-08,Tech,54.34913043478261,23
2022-11-09,Tech,48.408846153846156,13
2022-11-10,Tech,53.37857142857143,28
2022-11-11,Tech,53.67642857142857,14
2022-11-14,Tech,51.65109375,32
2022-11-15,Tech,51.10666666666667,21
2022-11-16,Tech,48.667375,40
2022-11-17,Tech,51.24351851851852,27
2022-11-18,Tech,58.4105,10
2022-11-21,Tech,52.598684210526315,19
2022-11-22,Tech,51.87083333333334,12
2022-11-23,Tech,55.972142857142856,14
2022-11-25,Tech,48.368,10
2022-11-28,Tech,51.843333333333334,33
2022-11-29,Tech,44.693333333333335,15
2022-11-30,Tech,52.1390625,16
2022-12-01,Tech,56.22227272727273,22
2022-12-02,Tech,54.31574074074074,27
2022-12-05,Tech,52.78861111111111,18
2022-12-06,Tech,52.29600000000001,15
2022-12-07,Tech,59.888000000000005,25
2022-12-08,Tech,57.721333333333334,15
2022-12-09,Tech,56.50230769230769,13
2022-12-12,Tech,55.43666666666667,24
2022-12-13,Tech,53.72925925925926,27
2022-12-14,Tech,54.37090909090909,11
2022-12-15,Tech,48.69766666666667,30
2022-12-16,Tech,49.83481481481481,27
2022-12-19,Tech,51.290416666666665,24
2022-12-20,Tech,58.423,15
2022-12-21,Tech,55.450250000000004,20
2022-12-22,Tech,41.58383333333334,30
2022-12-23,Tech,54.71617647058824,17
2022-12-27,Tech,46.565178571428575,28
2022-12-28,Tech,45.746785714285714,14
2022-12-29,Tech,50.53576923076923,13
2022-12-30,Tech,45.86954545454545,22
2023-01-03,Tech,52.41029411764706,51
2023-01-04,Tech,53.30423076923077,26
2023-01-05,Tech,56.089814814814815,27
2023-01-06,Tech,59.449285714285715,21
2023-01-09,Tech,50.31708333333333,24
2023-01-10,Tech,57.55809523809524,21
2023-01-11,Tech,50.50382352941177,17
2023-01-12,Tech,51.283461538461545,13
2023-01-13,Tech,55.52214285714285,14
2023-01-17,Tech,54.72586956521739,46
2023-01-18,Tech,56.00222222222222,18
2023-01-19,Tech,50.552083333333336,12
2023-01-20,Tech,48.38173076923077,26
2023-01-23,Tech,58.7612962962963,54
2023-01-24,Tech,49.48984375,32
2023-01-25,Tech,53.88775862068966,29
2023-01-26,Tech,52.303378378378376,37
2023-01-27,Tech,50.47607843137255,51
2023-01-30,Tech,51.733870967741936,31
2023-01-31,Tech,47.1664,50
2023-02-01,Tech,51.7926,50
2023-02-02,Tech,53.49596774193548,31
2023-02-03,Tech,51.305,25
2023-02-06,Tech,52.063870967741934,31
2023-02-07,Tech,56.64588235294118,17
2023-02-08,Tech,52.21235294117647,17
2023-02-09,Tech,57.60026315789474,19
2023-02-10,Tech,49.83777777777778,18
2023-02-13,Tech,54.87474358974358,39
2023-02-14,Tech,63.924285714285716,21
2023-02-15,Tech,55.10681818181818,11
2023-02-16,Tech,55.056666666666665,27
2023-02-17,Tech,49.238913043478256,23
2023-02-21,Tech,54.86064102564103,39
2023-02-22,Tech,58.811829268292676,41
2023-02-23,Tech,51.98128048780488,82
2023-02-24,Tech,45.9858064516129,31
2023-02-27,Tech,54.54,42
2023-02-28,Tech,58.4825,20
2023-03-01,Tech,54.67980769230769,26
2023-03-02,Tech,50.05266666666667,30
2023-03-03,Tech,56.82541666666666,24
2023-03-06,Tech,50.46424242424242,33
2023-03-07,Tech,54.008750000000006,28
2023-03-08,Tech,52.9258695652174,23
2023-03-09,Tech,52.959310344827585,29
2023-03-10,Tech,51.5896,25
2023-03-13,Tech,52.08678571428572,28
2023-03-14,Tech,56.24111111111111,18
2023-03-15,Tech,54.33473684210527,19
2023-03-16,Tech,52.171938775510206,49
2023-03-17,Tech,52.58337837837838,37
2023-03-20,Tech,53.55420454545454,44
2023-03-21,Tech,52.800000000000004,29
2023-03-22,Tech,52.98692307692307,39
2023-03-23,Tech,57.54571428571428,35
2023-03-24,Tech,53.45620689655173,29
2023-03-27,Tech,54.610104166666666,48
2023-03-28,Tech,54.49525,20
2023-03-29,Tech,55.54634615384615,26
2023-03-30,Tech,53.192741935483866,31
2023-03-31,Tech,55.74636363636364,22
2023-04-03,Tech,57.394296875,64
2023-04-04,Tech,51.5669696969697,33
2023-04-05,Tech,45.567096774193544,31
2023-04-06,Tech,50.3528947368421,19
2023-04-10,Tech,55.947232142857146,56
2023-04-11,Tech,52.93952380952381,21
2023-04-12,Tech,53.91518518518519,27
2023-04-13,Tech,52.24766666666667,45
2023-04-14,Tech,57.25013888888889,36
2023-04-17,Tech,55.61554054054054,37
2023-04-18,Tech,57.203809523809525,42
2023-04-19,Tech,56.447916666666664,24
2023-04-20,Tech,50.95361111111111,36
2023-04-21,Tech,54.376999999999995,30
2023-04-24,Tech,54.65785714285714,35
2023-04-25,Tech,52.3075,36
2023-04-26,Tech,55.2848,25
2023-04-27,Tech,52.9380612244898,49
2023-04-28,Tech,52.11066666666667,45
2023-05-01,Tech,57.11234693877551,49
2023-05-02,Tech,48.92027777777778,36
2023-05-03,Tech,55.7122602739726,73
2023-05-04,Tech,48.88983606557377,61
2023-05-05,Tech,50.87972222222223,18
2023-05-08,Tech,54.99657894736842,38
2023-05-09,Tech,47.117999999999995,35
2023-05-10,Tech,55.5015,20
2023-05-11,Tech,51.73625,36
2023-05-12,Tech,55.799249999999994,20
2023-05-15,Tech,56.27645161290322,31
2023-05-16,Tech,50.98263157894737,38
2023-05-17,Tech,52.39142857142857,28
2023-05-18,Tech,57.05642857142857,28
2023-05-19,Tech,52.79515625,32
2023-05-22,Tech,51.205803571428575,56
2023-05-23,Tech,53.650600000000004,25
2023-05-24,Tech,51.20777777777777,54
2023-05-25,Tech,52.050075757575755,132
2023-05-26,Tech,52.01563636363637,55
2023-05-30,Tech,54.26103333333333,150
2023-05-31,Tech,50.1935,80
2023-06-01,Tech,55.2825,62
2023-06-02,Tech,53.933644067796614,59
2023-06-05,Tech,51.84526666666667,75
2023-06-06,Tech,53.156451612903226,31
2023-06-07,Tech,53.816805555555554,36
2023-06-08,Tech,53.94879032258064,62
2023-06-09,Tech,54.94971153846154,52
2023-06-12,Tech,55.611,75
2023-06-13,Tech,57.47590277777778,72
2023-06-14,Tech,54.11586538461539,52
2023-06-15,Tech,52.843032786885246,61
2023-06-16,Tech,57.451132075471705,53
2023-06-20,Tech,54.46036697247707,109
2023-06-21,Tech,50.92327586206897,58
2023-06-22,Tech,55.58443181818182,44
2023-06-23,Tech,55.83238636363637,44
2023-06-26,Tech,54.04581632653061,49
2023-06-27,Tech,55.004134615384615,52
2023-06-28,Tech,47.87970930232558,86
2023-06-29,Tech,53.19146551724138,58
2023-06-30,Tech,56.676634615384614,52
2023-07-03,Tech,59.47847826086957,46
2023-07-05,Tech,54.099365079365086,63
2023-07-06,Tech,50.715624999999996,56
2023-07-07,Tech,53.30925,40
2023-07-10,Tech,56.35169811320755,53
2023-07-11,Tech,56.00923076923077,52
2023-07-12,Tech,55.36108695652174,46
2023-07-13,Tech,57.219125,40
2023-07-14,Tech,54.906800000000004,50
2023-07-17,Tech,53.346160714285716,56
2023-07-18,Tech,55.778068181818185,44
2023-07-19,Tech,56.48655172413793,29
2023-07-20,Tech,48.555,53
2023-07-21,Tech,51.97446808510639,47
2023-07-24,Tech,54.149836065573766,61
2023-07-25,Tech,54.70355555555555,45
2023-07-26,Tech,55.56206896551724,58
2023-07-27,Tech,56.18296052631579,76
2023-07-28,Tech,54.94428571428571,98
2023-07-31,Tech,59.15111111111111,117
2023-08-01,Tech,54.186949152542375,59
2023-08-02,Tech,49.29262195121951,82
2023-08-03,Tech,54.32788461538461,78
2023-08-04,Tech,57.720365853658535,41
2023-08-07,Tech,51.035673076923075,52
2023-08-08,Tech,56.30153846153847,39
2023-08-09,Tech,49.05064102564102,39
2023-08-10,Tech,54.78191489361702,47
2023-08-11,Tech,53.490512820512826,39
2023-08-14,Tech,57.03595238095238,63
2023-08-15,Tech,50.519999999999996,60
2023-08-16,Tech,53.91961538461539,52
2023-08-17,Tech,55.58490740740741,54
2023-08-18,Tech,52.01913043478261,46
2023-08-21,Tech,55.469451219512194,82
2023-08-22,Tech,55.1572619047619,84
2023-08-23,Tech,58.075523255813955,86
2023-08-24,Tech,54.07124113475177,141
2023-08-25,Tech,55.651,65
2023-08-28,Tech,55.312534246575346,73
2023-08-29,Tech,57.42383928571429,56
2023-08-30,Tech,53.25836363636364,55
2023-08-31,Tech,56.36481818181818,55
2023-09-01,Tech,55.56804347826087,46
2023-09-05,Tech,56.55674757281554,103
2023-09-06,Tech,52.7928431372549,51
2023-09-07,Tech,53.454692307692305,65
2023-09-08,Tech,49.971226415094335,53
2023-09-11,Tech,57.91825,100
2023-09-12,Tech,52.20866071428571,56
2023-09-13,Tech,57.9505,40
2023-09-14,Tech,58.71537878787879,66
2023-09-15,Tech,51.53059523809524,84
2023-09-18,Tech,55.060234375,64
2023-09-19,Tech,53.967894736842105,57
2023-09-20,Tech,51.133384615384614,65
2023-09-21,Tech,53.373645833333335,48
2023-09-22,Tech,54.491979166666674,48
2023-09-25,Tech,51.80427419354839,62
2023-09-26,Tech,55.082567567567565,37
2023-09-27,Tech,56.200930232558136,43
2023-09-28,Tech,55.319125,40
2023-09-29,Tech,57.214814814814815,54
2023-10-02,Tech,57.23533783783784,74
2023-10-03,Tech,55.39866666666667,45
2023-10-04,Tech,54.9260465116279,43
2023-10-05,Tech,56.18807692307693,52
2023-10-06,Tech,53.88589743589744,39
2023-10-09,Tech,50.06607692307693,65
2023-10-10,Tech,57.41320754716981,53
2023-10-11,Tech,58.99793103448276,58
2023-10-12,Tech,55.415238095238095,42
2023-10-13,Tech,54.51766666666667,45
2023-10-16,Tech,55.250750000000004,60
2023-10-17,Tech,52.81550561797753,89
2023-10-18,Tech,49.20406666666666,75
2023-10-19,Tech,53.17266666666667,30
2023-10-20,Tech,48.87479591836734,49
2023-10-23,Tech,52.7104375,80
2023-10-24,Tech,55.82639344262295,61
2023-10-25,Tech,54.44622222222222,45
2023-10-26,Tech,52.953478260869566,46
2023-10-27,Tech,55.19149253731343,67
2023-10-30,Tech,52.805789473684214,76
2023-10-31,Tech,55.92819672131147,61
2023-11-01,Tech,54.85791044776119,67
2023-11-02,Tech,56.669140625,64
2023-11-03,Tech,56.94744444444445,45
2023-11-06,Tech,57.30441860465117,43
2023-11-07,Tech,58.35372340425532,47
2023-11-08,Tech,53.126447368421054,38
2023-11-09,Tech,56.542307692307695,39
2023-11-10,Tech,58.3303488372093,43
2023-11-13,Tech,56.345600000000005,50
2023-11-14,Tech,58.538688524590164,61
2023-11-15,Tech,53.12255555555555,45
2023-11-16,Tech,54.63576086956522,46
2023-11-17,Tech,56.73,41
2023-11-20,Tech,56.905530303030304,66
2023-11-21,Tech,53.58607142857142,84
2023-11-22,Tech,58.13352564102564,78
2023-11-24,Tech,56.80162790697674,86
2023-11-27,Tech,58.09969230769231,65
2023-11-28,Tech,57.590111111111106,45
2023-11-29,Tech,58.6255,50
2023-11-30,Tech,58.32591836734694,49
2023-12-01,Tech,54.0171875,32
2023-12-04,Tech,56.16933823529411,68
2023-12-05,Tech,55.82019230769231,52
2023-12-06,Tech,56.1095,50
2023-12-07,Tech,55.96262295081967,61
2023-12-08,Tech,58.124328358208956,67
2023-12-11,Tech,55.3702,125
2023-12-12,Tech,56.1279012345679,81
2023-12-13,Tech,56.24,45
2023-12-14,Tech,53.737,35
2023-12-15,Tech,53.044333333333334,30
2023-12-18,Tech,54.25598039215686,102
2023-12-19,Tech,56.330000000000005,6
2023-12-20,Tech,63.52,5
2023-12-21,Tech,59.2725,8
2023-12-22,Tech,57.397000000000006,5
2023-12-26,Tech,56.845000000000006,10
2023-12-27,Tech,60.775,4
2023-12-28,Tech,57.366499999999995,10
2023-12-29,Tech,53.05214285714286,14
2020-01-02,Utilities,68.06,1
2020-01-03,Utilities,50.6275,4
2020-01-06,Utilities,51.6175,6
2020-01-07,Utilities,68.06,1
2020-01-08,Utilities,64.49666666666667,3
2020-01-09,Utilities,50.67100000000001,5
2020-01-10,Utilities,51.39071428571429,7
2020-01-13,Utilities,47.41,6
2020-01-14,Utilities,58.477999999999994,5
2020-01-15,Utilities,55.053,10
2020-01-16,Utilities,51.86045454545455,11
2020-01-17,Utilities,51.91676470588236,17
2020-01-21,Utilities,48.43566666666666,15
2020-01-22,Utilities,53.163611111111116,18
2020-01-23,Utilities,50.256875,8
2020-01-24,Utilities,50.28357142857143,28
2020-01-27,Utilities,51.00523809523809,21
2020-01-28,Utilities,49.53285714285715,14
2020-01-29,Utilities,50.59227272727273,11
2020-01-30,Utilities,54.86000000000001,11
2020-01-31,Utilities,52.028888888888886,9
2020-02-03,Utilities,53.65464285714285,14
2020-02-04,Utilities,53.82928571428572,7
2020-02-05,Utilities,51.67333333333333,18
2020-02-06,Utilities,50.20416666666667,12
2020-02-07,Utilities,56.60136363636364,11
2020-02-10,Utilities,55.554500000000004,10
2020-02-11,Utilities,54.448076923076925,26
2020-02-12,Utilities,56.92823529411765,17
2020-02-13,Utilities,56.32392857142857,28
2020-02-14,Utilities,58.19236842105263,19
2020-02-18,Utilities,55.69030303030303,33
2020-02-19,Utilities,48.90423076923077,13
2020-02-20,Utilities,51.84092592592592,27
2020-02-21,Utilities,58.3095,10
2020-02-24,Utilities,48.989615384615384,13
2020-02-25,Utilities,57.14000000000001,12
2020-02-26,Utilities,57.732000000000006,5
2020-02-27,Utilities,60.614761904761906,21
2020-02-28,Utilities,43.09875,12
2020-03-02,Utilities,55.26538461538462,13
2020-03-03,Utilities,51.07222222222222,9
2020-03-04,Utilities,66.34299999999999,10
2020-03-05,Utilities,51.574285714285715,7
2020-03-06,Utilities,54.48875,12
2020-03-09,Utilities,47.66625,12
2020-03-10,Utilities,53.574999999999996,6
2020-03-11,Utilities,56.824999999999996,7
2020-03-12,Utilities,47.63038461538462,26
2020-03-13,Utilities,52.95642857142857,7
2020-03-16,Utilities,51.17970588235295,17
2020-03-17,Utilities,71.07642857142856,7
2020-03-18,Utilities,63.740833333333335,6
2020-03-19,Utilities,51.83166666666667,6
2020-03-20,Utilities,51.1125,10
2020-03-23,Utilities,49.38880952380952,21
2020-03-24,Utilities,58.34625,4
2020-03-25,Utilities,63.59388888888889,9
2020-03-26,Utilities,58.00961538461539,13
2020-03-27,Utilities,65.22791666666667,12
2020-03-30,Utilities,58.096428571428575,14
2020-03-31,Utilities,52.71458333333334,12
2020-04-01,Utilities,51.68541666666667,12
2020-04-02,Utilities,44.12875,4
2020-04-03,Utilities,53.50416666666666,6
2020-04-06,Utilities,62.371249999999996,12
2020-04-07,Utilities,56.87071428571429,14
2020-04-08,Utilities,48.377,5
2020-04-09,Utilities,72.73777777777778,9
2020-04-13,Utilities,45.303333333333335,21
2020-04-14,Utilities,54.807142857142864,14
2020-04-15,Utilities,41.153333333333336,15
2020-04-16,Utilities,50.116875,16
2020-04-17,Utilities,58.30285714285714,14
2020-04-20,Utilities,52.45666666666667,18
2020-04-21,Utilities,38.44388888888889,9
2020-04-22,Utilities,51.94690476190476,21
2020-04-23,Utilities,56.446176470588235,17
2020-04-24,Utilities,44.385,6
2020-04-27,Utilities,52.59315789473684,19
2020-04-28,Utilities,58.62833333333333,6
2020-04-29,Utilities,51.77666666666667,6
2020-04-30,Utilities,57.38136363636364,11
2020-05-01,Utilities,44.67,16
2020-05-04,Utilities,54.28333333333333,9
2020-05-05,Utilities,53.17083333333333,24
2020-05-06,Utilities,50.765,17
2020-05-07,Utilities,50.43866666666667,15
2020-05-08,Utilities,48.27675000000001,20
2020-05-11,Utilities,52.02363636363636,11
2020-05-12,Utilities,50.413611111111116,18
2020-05-13,Utilities,56.9775,6
2020-05-14,Utilities,55.1125,10
2020-05-15,Utilities,54.50055555555556,9
2020-05-18,Utilities,47.57911764705882,17
2020-05-19,Utilities,82.96875,4
2020-05-20,Utilities,50.517500000000005,2
2020-05-21,Utilities,54.98,10
2020-05-22,Utilities,52.46071428571429,7
2020-05-26,Utilities,60.267999999999994,5
2020-05-27,Utilities,55.84666666666667,6
2020-05-28,Utilities,51.216818181818184,11
2020-05-29,Utilities,53.80954545454545,11
2020-06-01,Utilities,55.809999999999995,9
2020-06-02,Utilities,56.59666666666667,6
2020-06-03,Utilities,50.0,1
2020-06-04,Utilities,49.97428571428572,7
2020-06-05,Utilities,55.676,5
2020-06-08,Utilities,50.839999999999996,1
2020-06-09,Utilities,87.25,2
2020-06-10,Utilities,52.24375,8
2020-06-12,Utilities,69.27833333333334,3
2020-06-15,Utilities,52.9025,4
2020-06-16,Utilities,38.42,3
2020-06-17,Utilities,50.51500000000001,3
2020-06-18,Utilities,59.76,2
2020-06-19,Utilities,51.16,2
2020-06-22,Utilities,50.29083333333333,6
2020-06-23,Utilities,50.168,5
2020-06-24,Utilities,50.905,1
2020-06-25,Utilities,44.5925,2
2020-06-26,Utilities,54.705,4
2020-06-29,Utilities,50.449999999999996,1
2020-06-30,Utilities,59.002500000000005,2
2020-07-01,Utilities,51.181666666666665,6
2020-07-02,Utilities,79.635,2
2020-07-06,Utilities,49.99148648648649,37
2020-07-07,Utilities,38.026666666666664,3
2020-07-08,Utilities,50.411249999999995,8
2020-07-09,Utilities,59.421666666666674,3
2020-07-10,Utilities,51.8025,2
2020-07-13,Utilities,52.6475,6
2020-07-14,Utilities,50.839999999999996,2
2020-07-15,Utilities,60.44250000000001,4
2020-07-16,Utilities,51.175,5
2020-07-17,Utilities,58.326666666666675,3
2020-07-20,Utilities,44.80928571428571,7
2020-07-21,Utilities,51.076666666666675,3
2020-07-23,Utilities,62.69499999999999,4
2020-07-24,Utilities,62.77611111111111,9
2020-07-27,Utilities,49.66375,12
2020-07-28,Utilities,56.25,2
2020-07-29,Utilities,49.408,5
2020-07-30,Utilities,57.376,5
2020-07-31,Utilities,53.12714285714286,7
2020-08-03,Utilities,59.927499999999995,4
2020-08-04,Utilities,63.330999999999996,5
2020-08-05,Utilities,50.40375,4
2020-08-06,Utilities,48.546875,8
2020-08-07,Utilities,50.0,1
2020-08-10,Utilities,49.23500000000001,6
2020-08-11,Utilities,50.9675,2
2020-08-12,Utilities,50.18666666666667,9
2020-08-13,Utilities,50.0,2
2020-08-14,Utilities,69.19500000000001,2
2020-08-17,Utilities,57.95166666666666,3
2020-08-18,Utilities,50.449999999999996,1
2020-08-20,Utilities,50.514375,8
2020-08-21,Utilities,59.38833333333333,3
2020-08-24,Utilities,46.65875,4
2020-08-25,Utilities,59.72,2
2020-08-26,Utilities,59.85625,8
2020-08-27,Utilities,50.485,2
2020-08-31,Utilities,53.655833333333334,12
2020-09-01,Utilities,50.970000000000006,1
2020-09-02,Utilities,51.291666666666664,3
2020-09-03,Utilities,57.05499999999999,2
2020-09-04,Utilities,51.095,1
2020-09-08,Utilities,52.34636363636364,11
2020-09-09,Utilities,52.065000000000005,1
2020-09-10,Utilities,50.485,2
2020-09-11,Utilities,50.970000000000006,1
2020-09-14,Utilities,54.622,5
2020-09-15,Utilities,50.09142857142857,7
2020-09-16,Utilities,56.782000000000004,5
2020-09-18,Utilities,50.0,1
2020-09-21,Utilities,50.385000000000005,1
2020-09-22,Utilities,51.035,1
2020-09-23,Utilities,50.449999999999996,3
2020-09-24,Utilities,49.935,1
2020-09-28,Utilities,55.98642857142857,7
2020-09-29,Utilities,50.0625,2
2020-09-30,Utilities,54.53738095238096,21
2020-10-01,Utilities,68.37,2
2020-10-02,Utilities,66.21333333333334,3
2020-10-05,Utilities,64.402,5
2020-10-06,Utilities,40.039,5
2020-10-07,Utilities,50.62875,4
2020-10-08,Utilities,57.513999999999996,5
2020-10-09,Utilities,66.89,2
2020-10-12,Utilities,68.83500000000001,2
2020-10-13,Utilities,50.644999999999996,2
2020-10-14,Utilities,51.355,3
2020-10-15,Utilities,78.84,1
2020-10-19,Utilities,54.555,4
2020-10-20,Utilities,50.343333333333334,3
2020-10-21,Utilities,55.0325,8
2020-10-22,Utilities,59.84,4
2020-10-23,Utilities,59.46900000000001,5
2020-10-26,Utilities,48.555625,8
2020-10-27,Utilities,42.2225,2
2020-10-28,Utilities,50.13,2
2020-10-29,Utilities,57.012,5
2020-10-30,Utilities,50.5325,4
2020-11-02,Utilities,52.36749999999999,10
2020-11-03,Utilities,68.495,2
2020-11-04,Utilities,46.01714285714286,7
2020-11-05,Utilities,59.669999999999995,6
2020-11-06,Utilities,53.19285714285714,7
2020-11-09,Utilities,52.559375,8
2020-11-10,Utilities,50.385000000000005,1
2020-11-11,Utilities,51.26666666666667,3
2020-11-12,Utilities,54.25125,4
2020-11-16,Utilities,50.355,8
2020-11-18,Utilities,52.887,5
2020-11-19,Utilities,46.736000000000004,5
2020-11-20,Utilities,54.96125,4
2020-11-23,Utilities,55.8825,4
2020-11-24,Utilities,50.644999999999996,1
2020-11-25,Utilities,60.4325,4
2020-11-27,Utilities,50.775000000000006,1
2020-11-30,Utilities,48.31357142857143,7
2020-12-01,Utilities,50.385000000000005,1
2020-12-02,Utilities,53.31857142857143,7
2020-12-04,Utilities,57.35,2
2020-12-07,Utilities,50.839999999999996,1
2020-12-08,Utilities,51.096666666666664,3
2020-12-09,Utilities,58.9375,2
2020-12-10,Utilities,50.56,4
2020-12-11,Utilities,59.77,3
2020-12-14,Utilities,45.72125,4
2020-12-16,Utilities,50.0,1
2020-12-17,Utilities,50.88166666666666,6
2020-12-18,Utilities,51.03,2
2020-12-21,Utilities,58.18299999999999,5
2020-12-22,Utilities,57.9825,2
2020-12-23,Utilities,50.644999999999996,2
2020-12-28,Utilities,58.67375,4
2020-12-30,Utilities,50.0,1
2020-12-31,Utilities,52.254999999999995,1
2021-01-04,Utilities,51.20875,4
2021-01-05,Utilities,58.99666666666667,3
2021-01-07,Utilities,50.349000000000004,5
2021-01-08,Utilities,54.90642857142858,7
2021-01-11,Utilities,59.22666666666666,3
2021-01-12,Utilities,62.82625,4
2021-01-13,Utilities,50.813,5
2021-01-14,Utilities,21.62,1
2021-01-15,Utilities,51.035,1
2021-01-19,Utilities,50.96875,4
2021-01-20,Utilities,50.71,3
2021-01-21,Utilities,50.449999999999996,1
2021-01-22,Utilities,50.365,3
2021-01-25,Utilities,47.28277777777778,9
2021-01-26,Utilities,52.670625,8
2021-01-27,Utilities,55.5375,4
2021-01-28,Utilities,54.21,5
2021-01-29,Utilities,50.75333333333333,3
2021-02-01,Utilities,60.075,2
2021-02-02,Utilities,50.839999999999996,1
2021-02-03,Utilities,49.57333333333333,6
2021-02-04,Utilities,62.88333333333333,3
2021-02-05,Utilities,51.553333333333335,3
2021-02-08,Utilities,60.741666666666674,3
2021-02-09,Utilities,50.385000000000005,1
2021-02-10,Utilities,56.74625,4
2021-02-11,Utilities,50.09583333333333,6
2021-02-12,Utilities,48.20428571428572,7
2021-02-16,Utilities,58.879999999999995,9
2021-02-17,Utilities,67.635,7
2021-02-18,Utilities,53.02166666666667,6
2021-02-19,Utilities,74.155,2
2021-02-22,Utilities,51.161,5
2021-02-23,Utilities,50.697,5
2021-02-24,Utilities,48.17875000000001,4
2021-02-25,Utilities,47.038,5
2021-02-26,Utilities,45.245,3
2021-03-01,Utilities,55.538333333333334,3
2021-03-02,Utilities,45.33833333333333,6
2021-03-03,Utilities,50.644999999999996,1
2021-03-04,Utilities,65.135,1
2021-03-05,Utilities,50.645,3
2021-03-08,Utilities,49.935,3
2021-03-09,Utilities,51.695,2
2021-03-10,Utilities,59.707499999999996,2
2021-03-12,Utilities,59.3525,2
2021-03-15,Utilities,53.145,5
2021-03-16,Utilities,52.739,5
2021-03-18,Utilities,58.724999999999994,2
2021-03-23,Utilities,50.58166666666667,3
2021-03-25,Utilities,55.72125,4
2021-03-26,Utilities,65.245,1
2021-03-29,Utilities,60.056999999999995,5
2021-03-30,Utilities,50.0,1
2021-03-31,Utilities,50.355000000000004,2
2021-04-01,Utilities,52.644999999999996,5
2021-04-05,Utilities,50.580000000000005,6
2021-04-06,Utilities,58.57,3
2021-04-07,Utilities,68.4225,2
2021-04-08,Utilities,62.768333333333324,3
2021-04-09,Utilities,50.839999999999996,1
2021-04-12,Utilities,57.421666666666674,3
2021-04-13,Utilities,56.72833333333333,6
2021-04-14,Utilities,53.753,5
2021-04-15,Utilities,51.8375,2
2021-04-19,Utilities,52.09571428571429,7
2021-04-20,Utilities,51.12875,4
2021-04-21,Utilities,58.490625,8
2021-04-22,Utilities,58.755,7
2021-04-23,Utilities,50.55833333333334,3
2021-04-26,Utilities,60.00599999999999,5
2021-04-27,Utilities,57.56375,4
2021-04-28,Utilities,54.28125,4
2021-04-29,Utilities,59.03,2
2021-04-30,Utilities,46.4155,10
2021-05-03,Utilities,66.71499999999999,3
2021-05-04,Utilities,55.59625,4
2021-05-05,Utilities,50.813,5
2021-05-06,Utilities,50.515,1
2021-05-07,Utilities,54.636250000000004,4
2021-05-10,Utilities,53.7805,10
2021-05-12,Utilities,50.612500000000004,4
2021-05-13,Utilities,59.185,2
2021-05-14,Utilities,65.135,1
2021-05-17,Utilities,50.71166666666667,3
2021-05-18,Utilities,59.0875,2
2021-05-19,Utilities,49.225,1
2021-05-20,Utilities,50.87642857142857,7
2021-05-21,Utilities,56.28666666666667,3
2021-05-24,Utilities,56.273,5
2021-05-25,Utilities,50.385000000000005,1
2021-05-26,Utilities,60.1075,2
2021-05-27,Utilities,60.155,2
2021-05-28,Utilities,51.095,2
2021-06-01,Utilities,56.335,4
2021-06-02,Utilities,51.11833333333334,3
2021-06-03,Utilities,50.866,5
2021-06-04,Utilities,77.7,2
2021-06-08,Utilities,47.237,5
2021-06-09,Utilities,51.0325,2
2021-06-10,Utilities,68.06,1
2021-06-11,Utilities,50.355000000000004,2
2021-06-14,Utilities,55.603571428571435,7
2021-06-15,Utilities,50.905,1
2021-06-16,Utilities,50.970000000000006,2
2021-06-17,Utilities,40.115,1
2021-06-18,Utilities,50.0,1
2021-06-21,Utilities,52.74055555555556,9
2021-06-23,Utilities,33.921666666666674,3
2021-06-24,Utilities,73.78166666666665,3
2021-06-25,Utilities,68.99,1
2021-06-28,Utilities,59.4375,4
2021-06-29,Utilities,44.04333333333333,3
2021-06-30,Utilities,51.0,2
2021-07-01,Utilities,49.9675,2
2021-07-02,Utilities,50.970000000000006,1
2021-07-06,Utilities,56.574999999999996,3
2021-07-07,Utilities,65.47,1
2021-07-08,Utilities,72.535,2
2021-07-09,Utilities,50.42,2
2021-07-12,Utilities,53.41416666666667,6
2021-07-13,Utilities,47.2025,2
2021-07-14,Utilities,68.265,1
2021-07-15,Utilities,34.809999999999995,1
2021-07-16,Utilities,71.53875,8
2021-07-19,Utilities,45.89875,4
2021-07-20,Utilities,50.42,2
2021-07-21,Utilities,44.300000000000004,3
2021-07-22,Utilities,53.748000000000005,5
2021-07-23,Utilities,60.35625,4
2021-07-26,Utilities,66.34277777777778,9
2021-07-27,Utilities,50.0,1
2021-07-28,Utilities,50.0,1
2021-07-29,Utilities,54.6275,4
2021-07-30,Utilities,50.0,2
2021-08-02,Utilities,50.4,5
2021-08-03,Utilities,68.06,1
2021-08-04,Utilities,59.03,2
2021-08-05,Utilities,52.87214285714286,7
2021-08-06,Utilities,50.666666666666664,6
2021-08-09,Utilities,50.48375,4
2021-08-10,Utilities,59.52333333333333,3
2021-08-11,Utilities,50.775000000000006,3
2021-08-12,Utilities,54.68000000000001,3
2021-08-13,Utilities,55.775,5
2021-08-16,Utilities,50.707499999999996,8
2021-08-17,Utilities,64.8,1
2021-08-20,Utilities,63.17833333333334,3
2021-08-23,Utilities,50.417,5
2021-08-24,Utilities,40.32214285714286,7
2021-08-25,Utilities,41.8825,2
2021-08-27,Utilities,50.0,1
2021-08-30,Utilities,54.07000000000001,5
2021-08-31,Utilities,49.870000000000005,4
2021-09-01,Utilities,50.889,5
2021-09-02,Utilities,52.5475,2
2021-09-03,Utilities,50.385000000000005,1
2021-09-07,Utilities,57.939375,8
2021-09-08,Utilities,68.475,2
2021-09-10,Utilities,57.01666666666666,3
2021-09-13,Utilities,55.695,4
2021-09-14,Utilities,50.32333333333333,3
2021-09-15,Utilities,76.74374999999999,4
2021-09-16,Utilities,49.315,3
2021-09-17,Utilities,49.74,1
2021-09-20,Utilities,50.321666666666665,3
2021-09-21,Utilities,51.355000000000004,2
2021-09-22,Utilities,60.230000000000004,2
2021-09-23,Utilities,62.24666666666667,3
2021-09-27,Utilities,57.27,11
2021-09-28,Utilities,50.322500000000005,4
2021-09-29,Utilities,59.675,2
2021-09-30,Utilities,53.21,6
2021-10-01,Utilities,63.5,3
2021-10-04,Utilities,44.0625,4
2021-10-05,Utilities,50.7575,4
2021-10-07,Utilities,50.449999999999996,1
2021-10-11,Utilities,60.39444444444444,9
2021-10-12,Utilities,49.55,1
2021-10-13,Utilities,50.0,2
2021-10-14,Utilities,57.465,2
2021-10-15,Utilities,56.423333333333325,3
2021-10-18,Utilities,59.465,3
2021-10-19,Utilities,54.5325,6
2021-10-20,Utilities,61.598571428571425,7
2021-10-22,Utilities,45.7975,2
2021-10-25,Utilities,59.9175,4
2021-10-26,Utilities,50.80500000000001,2
2021-10-27,Utilities,51.13,4
2021-10-28,Utilities,50.12875,4
2021-10-29,Utilities,50.839999999999996,1
2021-11-01,Utilities,53.34,3
2021-11-02,Utilities,50.45333333333334,3
2021-11-03,Utilities,53.6225,4
2021-11-04,Utilities,54.38375,8
2021-11-05,Utilities,59.61625000000001,4
2021-11-08,Utilities,50.725,4
2021-11-09,Utilities,50.257,5
2021-11-10,Utilities,50.81666666666666,3
2021-11-11,Utilities,54.89875,4
2021-11-12,Utilities,68.06,1
2021-11-15,Utilities,59.191250000000004,4
2021-11-16,Utilities,59.08,2
2021-11-17,Utilities,59.1075,2
2021-11-18,Utilities,50.645,3
2021-11-19,Utilities,60.56,2
2021-11-22,Utilities,57.2175,6
2021-11-23,Utilities,50.970000000000006,1
2021-11-24,Utilities,54.50000000000001,1
2021-11-29,Utilities,57.911249999999995,4
2021-11-30,Utilities,50.515,4
2021-12-01,Utilities,50.09625,4
2021-12-02,Utilities,50.515,1
2021-12-03,Utilities,51.35666666666666,3
2021-12-06,Utilities,56.80833333333333,3
2021-12-07,Utilities,47.18,3
2021-12-08,Utilities,31.94,1
2021-12-10,Utilities,65.245,1
2021-12-13,Utilities,50.63875,4
2021-12-14,Utilities,57.44,3
2021-12-15,Utilities,50.81833333333333,3
2021-12-16,Utilities,49.775,2
2021-12-17,Utilities,50.1125,4
2021-12-20,Utilities,55.71875,4
2021-12-21,Utilities,65.7175,2
2021-12-22,Utilities,50.449999999999996,1
2021-12-23,Utilities,40.765,1
2021-12-27,Utilities,50.290000000000006,2
2021-12-28,Utilities,53.68666666666667,3
2021-12-29,Utilities,60.09375,4
2021-12-30,Utilities,67.23166666666667,3
2021-12-31,Utilities,50.775,3
2022-01-03,Utilities,44.638,5
2022-01-04,Utilities,58.964999999999996,5
2022-01-05,Utilities,64.735,2
2022-01-06,Utilities,78.875,1
2022-01-07,Utilities,60.27,3
2022-01-10,Utilities,70.76375,8
2022-01-11,Utilities,63.3725,2
2022-01-12,Utilities,50.385000000000005,1
2022-01-13,Utilities,61.64,4
2022-01-14,Utilities,57.1525,6
2022-01-18,Utilities,61.87833333333333,9
2022-01-19,Utilities,57.88777777777778,9
2022-01-20,Utilities,57.49400000000001,5
2022-01-21,Utilities,54.06333333333334,9
2022-01-24,Utilities,54.8725,6
2022-01-25,Utilities,58.4771875,16
2022-01-26,Utilities,50.58,4
2022-01-27,Utilities,62.49928571428571,7
2022-01-28,Utilities,61.07071428571429,7
2022-01-31,Utilities,53.38954545454545,11
2022-02-01,Utilities,61.49777777777778,9
2022-02-02,Utilities,63.559000000000005,5
2022-02-03,Utilities,60.91833333333333,6
2022-02-04,Utilities,62.38099999999999,10
2022-02-07,Utilities,52.972727272727276,11
2022-02-08,Utilities,53.06714285714286,7
2022-02-09,Utilities,58.10166666666667,6
2022-02-10,Utilities,55.988846153846154,13
2022-02-11,Utilities,54.64333333333334,9
2022-02-14,Utilities,53.30649999999999,10
2022-02-15,Utilities,57.902857142857144,7
2022-02-16,Utilities,48.9375,6
2022-02-17,Utilities,51.69083333333333,12
2022-02-18,Utilities,50.139375,8
2022-02-22,Utilities,53.250263157894736,19
2022-02-23,Utilities,52.5835,10
2022-02-24,Utilities,60.5525,8
2022-02-25,Utilities,59.339999999999996,2
2022-02-28,Utilities,50.471250000000005,8
2022-03-01,Utilities,59.65714285714286,7
2022-03-02,Utilities,50.0,2
2022-03-03,Utilities,58.74,2
2022-03-04,Utilities,50.77357142857143,7
2022-03-07,Utilities,50.23583333333334,6
2022-03-08,Utilities,43.94,3
2022-03-09,Utilities,50.515,2
2022-03-10,Utilities,47.87428571428571,7
2022-03-11,Utilities,68.67999999999999,1
2022-03-14,Utilities,50.83,7
2022-03-15,Utilities,50.74249999999999,2
2022-03-16,Utilities,47.22,6
2022-03-17,Utilities,53.63100000000001,5
2022-03-18,Utilities,51.225,1
2022-03-21,Utilities,52.312222222222225,9
2022-03-22,Utilities,68.80166666666666,3
2022-03-23,Utilities,50.385000000000005,1
2022-03-24,Utilities,68.67999999999999,2
2022-03-25,Utilities,49.9725,2
2022-03-28,Utilities,52.96214285714286,7
2022-03-29,Utilities,56.12642857142857,7
2022-03-30,Utilities,63.70625,4
2022-03-31,Utilities,47.723333333333336,6
2022-04-01,Utilities,51.07666666666666,3
2022-04-04,Utilities,56.906666666666666,3
2022-04-05,Utilities,58.660000000000004,2
2022-04-06,Utilities,66.46125,4
2022-04-07,Utilities,55.193,5
2022-04-11,Utilities,60.192499999999995,4
2022-04-12,Utilities,70.8875,4
2022-04-13,Utilities,68.06,1
2022-04-14,Utilities,64.30250000000001,2
2022-04-18,Utilities,50.534000000000006,5
2022-04-19,Utilities,50.51666666666667,3
2022-04-20,Utilities,49.42,2
2022-04-21,Utilities,56.98027777777778,18
2022-04-22,Utilities,50.395384615384614,13
2022-04-25,Utilities,54.09538461538462,13
2022-04-26,Utilities,61.24875,4
2022-04-27,Utilities,51.230833333333344,6
2022-04-28,Utilities,59.921086956521734,23
2022-04-29,Utilities,54.98777777777778,9
2022-05-02,Utilities,50.767500000000005,12
2022-05-03,Utilities,61.2105,10
2022-05-04,Utilities,56.14454545454546,11
2022-05-05,Utilities,60.489999999999995,19
2022-05-06,Utilities,58.355000000000004,14
2022-05-09,Utilities,52.651250000000005,12
2022-05-10,Utilities,50.0,1
2022-05-11,Utilities,50.141000000000005,5
2022-05-12,Utilities,44.07500000000001,6
2022-05-13,Utilities,59.78125,4
2022-05-16,Utilities,50.385000000000005,2
2022-05-17,Utilities,54.161,5
2022-05-18,Utilities,50.645,2
2022-05-19,Utilities,60.39833333333333,3
2022-05-20,Utilities,50.60166666666667,9
2022-05-23,Utilities,50.605624999999996,8
2022-05-24,Utilities,54.230999999999995,5
2022-05-25,Utilities,50.9025,4
2022-05-26,Utilities,50.49333333333334,3
2022-05-27,Utilities,68.37,1
2022-05-31,Utilities,51.025,10
2022-06-01,Utilities,65.165,6
2022-06-02,Utilities,66.22833333333334,3
2022-06-03,Utilities,62.0625,6
2022-06-06,Utilities,47.498333333333335,6
2022-06-07,Utilities,51.519000000000005,5
2022-06-08,Utilities,50.580000000000005,3
2022-06-09,Utilities,53.46272727272728,11
2022-06-10,Utilities,52.745625000000004,8
2022-06-13,Utilities,51.67136363636364,11
2022-06-14,Utilities,48.06625,8
2022-06-15,Utilities,45.36125,4
2022-06-16,Utilities,54.635000000000005,9
2022-06-17,Utilities,54.29583333333333,6
2022-06-21,Utilities,55.590714285714284,7
2022-06-22,Utilities,60.47727272727273,11
2022-06-23,Utilities,53.8825,6
2022-06-24,Utilities,50.515,2
2022-06-27,Utilities,54.28611111111112,9
2022-06-28,Utilities,56.08,7
2022-06-29,Utilities,58.349374999999995,8
2022-06-30,Utilities,55.80583333333334,6
2022-07-01,Utilities,69.61125,4
2022-07-05,Utilities,52.84214285714285,7
2022-07-06,Utilities,58.821250000000006,4
2022-07-07,Utilities,68.33625,4
2022-07-08,Utilities,56.11071428571428,7
2022-07-11,Utilities,54.75642857142857,7
2022-07-13,Utilities,41.13666666666666,3
2022-07-14,Utilities,50.34666666666667,6
2022-07-15,Utilities,56.023125,8
2022-07-18,Utilities,51.50461538461538,13
2022-07-19,Utilities,47.667857142857144,7
2022-07-20,Utilities,56.461666666666666,6
2022-07-21,Utilities,46.559999999999995,5
2022-07-22,Utilities,60.91961538461539,13
2022-07-25,Utilities,56.435625,8
2022-07-26,Utilities,52.827916666666674,12
2022-07-27,Utilities,61.86,10
2022-07-28,Utilities,61.67777777777778,18
2022-07-29,Utilities,56.65875,12
2022-08-01,Utilities,55.071875000000006,8
2022-08-02,Utilities,63.81916666666666,6
2022-08-03,Utilities,54.75382352941177,17
2022-08-04,Utilities,58.71736842105264,19
2022-08-05,Utilities,56.5834375,16
2022-08-08,Utilities,61.7475,14
2022-08-09,Utilities,55.76777777777777,9
2022-08-10,Utilities,58.392500000000005,10
2022-08-11,Utilities,66.876,5
2022-08-12,Utilities,50.87,2
2022-08-15,Utilities,52.90571428571429,7
2022-08-16,Utilities,59.93954545454546,11
2022-08-17,Utilities,66.65666666666667,3
2022-08-18,Utilities,58.22666666666667,6
2022-08-19,Utilities,51.074999999999996,6
2022-08-22,Utilities,62.56166666666667,6
2022-08-23,Utilities,44.469,5
2022-08-24,Utilities,57.16166666666667,3
2022-08-25,Utilities,47.67083333333334,6
2022-08-26,Utilities,50.60333333333333,3
2022-08-29,Utilities,54.028999999999996,5
2022-08-30,Utilities,58.01428571428572,7
2022-08-31,Utilities,54.047000000000004,5
2022-09-01,Utilities,50.26625,8
2022-09-02,Utilities,46.516999999999996,5
2022-09-06,Utilities,50.66285714285714,7
2022-09-07,Utilities,52.84833333333333,9
2022-09-08,Utilities,54.59833333333333,9
2022-09-09,Utilities,52.974375,8
2022-09-12,Utilities,55.03954545454546,11
2022-09-13,Utilities,50.903333333333336,3
2022-09-14,Utilities,51.363749999999996,4
2022-09-15,Utilities,46.479642857142856,14
2022-09-16,Utilities,66.178125,8
2022-09-19,Utilities,51.535624999999996,8
2022-09-20,Utilities,56.44,6
2022-09-21,Utilities,67.60750000000002,2
2022-09-22,Utilities,52.68892857142857,14
2022-09-23,Utilities,50.748000000000005,5
2022-09-26,Utilities,64.26681818181818,11
2022-09-27,Utilities,53.75833333333333,6
2022-09-28,Utilities,44.033,10
2022-09-29,Utilities,68.37,1
2022-09-30,Utilities,47.666666666666664,3
2022-10-03,Utilities,50.32214285714286,7
2022-10-04,Utilities,48.681,10
2022-10-05,Utilities,58.940000000000005,7
2022-10-06,Utilities,51.56142857142857,7
2022-10-07,Utilities,59.41375,8
2022-10-10,Utilities,61.650000000000006,3
2022-10-11,Utilities,56.15333333333333,3
2022-10-12,Utilities,50.60333333333333,6
2022-10-13,Utilities,50.1925,2
2022-10-14,Utilities,53.41916666666666,6
2022-10-17,Utilities,46.16833333333334,9
2022-10-18,Utilities,59.195,3
2022-10-19,Utilities,48.46416666666667,6
2022-10-20,Utilities,54.926875,8
2022-10-21,Utilities,50.38708333333333,12
2022-10-24,Utilities,53.526875000000004,8
2022-10-25,Utilities,50.298,10
2022-10-26,Utilities,55.604285714285716,7
2022-10-27,Utilities,58.178666666666665,15
2022-10-28,Utilities,57.28041666666667,12
2022-10-31,Utilities,64.32875,8
2022-11-01,Utilities,79.34,2
2022-11-02,Utilities,58.336666666666666,6
2022-11-03,Utilities,58.23863636363637,11
2022-11-04,Utilities,60.37625,16
2022-11-07,Utilities,50.30625,12
2022-11-08,Utilities,55.23333333333333,3
2022-11-09,Utilities,55.571000000000005,5
2022-11-10,Utilities,59.41125,4
2022-11-11,Utilities,53.590833333333336,6
2022-11-14,Utilities,50.324999999999996,12
2022-11-15,Utilities,51.06,1
2022-11-16,Utilities,53.67666666666667,6
2022-11-18,Utilities,56.450714285714284,7
2022-11-21,Utilities,52.66222222222222,9
2022-11-22,Utilities,50.51700000000001,5
2022-11-23,Utilities,57.553,5
2022-11-25,Utilities,54.075,5
2022-11-28,Utilities,57.825,2
2022-11-29,Utilities,50.025999999999996,5
2022-11-30,Utilities,59.075,4
2022-12-01,Utilities,62.039,5
2022-12-02,Utilities,59.925,2
2022-12-05,Utilities,55.10125,8
2022-12-06,Utilities,47.873333333333335,3
2022-12-07,Utilities,61.708333333333336,3
2022-12-08,Utilities,44.61,2
2022-12-09,Utilities,50.20214285714286,7
2022-12-12,Utilities,48.03416666666667,6
2022-12-13,Utilities,58.64642857142858,7
2022-12-14,Utilities,68.06,1
2022-12-15,Utilities,58.152,5
2022-12-16,Utilities,56.31666666666667,6
2022-12-19,Utilities,53.326666666666675,6
2022-12-20,Utilities,68.055,8
2022-12-21,Utilities,70.38999999999999,2
2022-12-22,Utilities,50.0,2
2022-12-23,Utilities,62.36333333333334,3
2022-12-27,Utilities,52.61222222222223,9
2022-12-28,Utilities,50.58,4
2022-12-29,Utilities,50.93,2
2022-12-30,Utilities,56.313,5
2023-01-03,Utilities,54.33,4
2023-01-04,Utilities,53.6075,8
2023-01-05,Utilities,62.364374999999995,8
2023-01-06,Utilities,41.595,2
2023-01-09,Utilities,55.28875,8
2023-01-10,Utilities,40.787499999999994,2
2023-01-11,Utilities,48.515,4
2023-01-12,Utilities,56.04428571428572,7
2023-01-13,Utilities,59.426249999999996,4
2023-01-17,Utilities,60.375625,8
2023-01-18,Utilities,50.665,3
2023-01-19,Utilities,50.49,5
2023-01-20,Utilities,57.587857142857146,7
2023-01-23,Utilities,53.92625,12
2023-01-24,Utilities,52.08958333333334,12
2023-01-25,Utilities,58.49357142857143,14
2023-01-26,Utilities,56.13392857142857,14
2023-01-27,Utilities,53.4075,6
2023-01-30,Utilities,54.4175,6
2023-01-31,Utilities,46.4125,8
2023-02-01,Utilities,48.93285714285714,7
2023-02-02,Utilities,63.353125,8
2023-02-03,Utilities,63.07222222222222,9
2023-02-06,Utilities,56.18,15
2023-02-07,Utilities,54.216499999999996,10
2023-02-08,Utilities,54.03611111111111,18
2023-02-09,Utilities,55.50233333333333,15
2023-02-10,Utilities,54.985,4
2023-02-13,Utilities,52.55166666666667,9
2023-02-14,Utilities,58.709090909090904,11
2023-02-15,Utilities,55.900999999999996,5
2023-02-16,Utilities,57.8665625,16
2023-02-17,Utilities,59.6385,10
2023-02-21,Utilities,56.32861111111111,18
2023-02-22,Utilities,49.12928571428572,7
2023-02-23,Utilities,60.18166666666667,12
2023-02-24,Utilities,61.915499999999994,10
2023-02-27,Utilities,58.249583333333334,12
2023-02-28,Utilities,56.315,5
2023-03-01,Utilities,58.738749999999996,4
2023-03-02,Utilities,50.51666666666667,3
2023-03-03,Utilities,44.39333333333334,3
2023-03-06,Utilities,54.625,9
2023-03-07,Utilities,56.47038461538462,13
2023-03-08,Utilities,50.352,5
2023-03-09,Utilities,55.23499999999999,3
2023-03-10,Utilities,49.11714285714286,7
2023-03-13,Utilities,54.29,5
2023-03-14,Utilities,49.232,5
2023-03-15,Utilities,54.37833333333333,9
2023-03-16,Utilities,51.91166666666667,9
2023-03-17,Utilities,50.79818181818182,11
2023-03-20,Utilities,58.122,10
2023-03-21,Utilities,47.258,5
2023-03-22,Utilities,50.441875,8
2023-03-23,Utilities,52.94571428571429,7
2023-03-24,Utilities,51.545,2
2023-03-27,Utilities,53.17,7
2023-03-28,Utilities,59.792142857142856,7
2023-03-29,Utilities,54.71937500000001,8
2023-03-30,Utilities,63.82800000000001,5
2023-03-31,Utilities,51.080625,8
2023-04-03,Utilities,58.671875,8
2023-04-04,Utilities,60.160000000000004,7
2023-04-05,Utilities,53.464,5
2023-04-06,Utilities,58.11916666666667,6
2023-04-10,Utilities,58.925,7
2023-04-11,Utilities,53.11142857142857,7
2023-04-12,Utilities,57.444,5
2023-04-13,Utilities,52.593333333333334,9
2023-04-14,Utilities,50.629374999999996,8
2023-04-17,Utilities,56.0065,10
2023-04-18,Utilities,54.83821428571429,14
2023-04-19,Utilities,59.115625,8
2023-04-20,Utilities,51.7125,12
2023-04-21,Utilities,54.706,5
2023-04-24,Utilities,50.38472222222222,18
2023-04-25,Utilities,53.92192307692308,13
2023-04-26,Utilities,56.89269230769231,13
2023-04-27,Utilities,52.697692307692314,13
2023-04-28,Utilities,53.99571428571428,14
2023-05-01,Utilities,52.38961538461539,13
2023-05-02,Utilities,54.73833333333333,9
2023-05-03,Utilities,63.14,10
2023-05-04,Utilities,52.53,13
2023-05-05,Utilities,56.53,11
2023-05-08,Utilities,55.59571428571429,7
2023-05-09,Utilities,51.402307692307694,13
2023-05-10,Utilities,53.53777777777778,9
2023-05-11,Utilities,55.39166666666667,9
2023-05-12,Utilities,53.31,7
2023-05-15,Utilities,54.29666666666666,6
2023-05-16,Utilities,56.41799999999999,5
2023-05-17,Utilities,54.802,5
2023-05-18,Utilities,50.73,3
2023-05-19,Utilities,50.278333333333336,3
2023-05-22,Utilities,55.76909090909091,11
2023-05-23,Utilities,32.68,1
2023-05-24,Utilities,56.593,5
2023-05-25,Utilities,60.44200000000001,5
2023-05-26,Utilities,50.4675,4
2023-05-30,Utilities,53.03541666666666,12
2023-05-31,Utilities,56.84166666666667,3
2023-06-01,Utilities,52.31045454545454,11
2023-06-02,Utilities,50.278333333333336,3
2023-06-05,Utilities,52.45409090909091,11
2023-06-07,Utilities,60.01875,4
2023-06-08,Utilities,52.277727272727276,11
2023-06-09,Utilities,50.594,10
2023-06-12,Utilities,52.957142857142856,7
2023-06-13,Utilities,50.1065,10
2023-06-14,Utilities,62.73642857142857,7
2023-06-15,Utilities,45.61875,4
2023-06-16,Utilities,55.65375,4
2023-06-20,Utilities,53.553999999999995,5
2023-06-21,Utilities,52.75375,8
2023-06-22,Utilities,53.0125,8
2023-06-23,Utilities,51.863,5
2023-06-26,Utilities,55.22277777777778,9
2023-06-27,Utilities,53.782916666666665,12
2023-06-28,Utilities,51.504999999999995,3
2023-06-29,Utilities,55.78857142857142,7
2023-06-30,Utilities,53.452777777777776,9
2023-07-03,Utilities,49.38333333333333,6
2023-07-05,Utilities,61.988749999999996,4
2023-07-06,Utilities,61.386923076923075,13
2023-07-07,Utilities,50.54750000000001,6
2023-07-10,Utilities,53.39785714285715,7
2023-07-11,Utilities,50.641818181818174,11
2023-07-12,Utilities,50.283,5
2023-07-13,Utilities,55.036875,8
2023-07-14,Utilities,46.455,8
2023-07-17,Utilities,55.323,5
2023-07-18,Utilities,55.85142857142857,7
2023-07-19,Utilities,46.534,5
2023-07-20,Utilities,61.184000000000005,5
2023-07-21,Utilities,50.886875,8
2023-07-24,Utilities,56.78454545454545,11
2023-07-25,Utilities,56.41227272727272,22
2023-07-26,Utilities,63.8175,4
2023-07-27,Utilities,50.137,20
2023-07-28,Utilities,47.71642857142857,7
2023-07-31,Utilities,57.097857142857144,7
2023-08-01,Utilities,54.03666666666667,6
2023-08-02,Utilities,50.06214285714286,7
2023-08-03,Utilities,53.83578947368421,19
2023-08-04,Utilities,47.14704545454546,22
2023-08-07,Utilities,57.17875,8
2023-08-08,Utilities,48.13818181818181,11
2023-08-09,Utilities,50.925000000000004,3
2023-08-10,Utilities,53.9605,10
2023-08-11,Utilities,50.67625,4
2023-08-14,Utilities,58.32,4
2023-08-15,Utilities,53.694375,8
2023-08-16,Utilities,56.965,3
2023-08-17,Utilities,58.37714285714286,7
2023-08-18,Utilities,50.48416666666666,6
2023-08-21,Utilities,48.491499999999995,10
2023-08-22,Utilities,50.2575,4
2023-08-23,Utilities,50.57178571428572,14
2023-08-24,Utilities,50.39227272727273,11
2023-08-25,Utilities,50.80142857142857,7
2023-08-28,Utilities,50.68181818181818,11
2023-08-29,Utilities,50.432857142857145,7
2023-08-30,Utilities,55.19583333333333,6
2023-08-31,Utilities,50.73166666666667,9
2023-09-01,Utilities,53.736000000000004,5
2023-09-05,Utilities,55.85875,8
2023-09-06,Utilities,45.897000000000006,15
2023-09-07,Utilities,53.305,11
2023-09-08,Utilities,55.09045454545455,11
2023-09-11,Utilities,45.966153846153844,13
2023-09-12,Utilities,45.70625,4
2023-09-13,Utilities,55.72388888888889,9
2023-09-14,Utilities,50.57,7
2023-09-15,Utilities,53.91600000000001,5
2023-09-18,Utilities,51.039,5
2023-09-19,Utilities,50.72625,4
2023-09-20,Utilities,53.852,5
2023-09-21,Utilities,53.4025,12
2023-09-22,Utilities,50.12833333333333,3
2023-09-25,Utilities,50.846875,8
2023-09-26,Utilities,53.240625,8
2023-09-27,Utilities,54.98777777777778,18
2023-09-28,Utilities,54.91269230769231,13
2023-09-29,Utilities,53.517999999999994,10
2023-10-02,Utilities,50.3398,25
2023-10-03,Utilities,39.3745,10
2023-10-04,Utilities,52.675625,8
2023-10-05,Utilities,49.24066666666667,15
2023-10-06,Utilities,54.604615384615386,13
2023-10-09,Utilities,53.850625,8
2023-10-10,Utilities,47.65785714285715,7
2023-10-11,Utilities,54.448,5
2023-10-12,Utilities,52.791428571428575,7
2023-10-13,Utilities,50.5525,8
2023-10-16,Utilities,50.21666666666667,12
2023-10-17,Utilities,52.94666666666667,9
2023-10-18,Utilities,50.48416666666666,6
2023-10-19,Utilities,56.43833333333333,3
2023-10-20,Utilities,48.51833333333334,3
2023-10-23,Utilities,53.205625,8
2023-10-24,Utilities,54.46846153846154,13
2023-10-25,Utilities,53.59090909090909,11
2023-10-26,Utilities,54.64611111111111,18
2023-10-27,Utilities,53.847727272727276,11
2023-10-30,Utilities,50.5325,4
2023-10-31,Utilities,57.36333333333333,9
2023-11-01,Utilities,51.673750000000005,12
2023-11-02,Utilities,54.09758620689655,29
2023-11-03,Utilities,53.0971875,16
2023-11-06,Utilities,53.77357142857143,14
2023-11-07,Utilities,53.825,5
2023-11-08,Utilities,53.652857142857144,7
2023-11-09,Utilities,54.971666666666664,6
2023-11-10,Utilities,47.777,5
2023-11-13,Utilities,53.686875,8
2023-11-14,Utilities,57.777,5
2023-11-15,Utilities,50.644999999999996,2
2023-11-16,Utilities,57.752272727272725,11
2023-11-17,Utilities,59.46142857142858,7
2023-11-20,Utilities,50.5175,2
2023-11-21,Utilities,54.313,10
2023-11-22,Utilities,55.121428571428574,7
2023-11-24,Utilities,55.39,10
2023-11-27,Utilities,58.84583333333333,6
2023-11-28,Utilities,50.257000000000005,5
2023-11-29,Utilities,53.35285714285715,7
2023-11-30,Utilities,56.08642857142858,7
2023-12-01,Utilities,46.89399999999999,5
2023-12-04,Utilities,56.527499999999996,6
2023-12-05,Utilities,53.979,5
2023-12-06,Utilities,57.474000000000004,5
2023-12-07,Utilities,55.51607142857143,14
2023-12-08,Utilities,57.612,5
2023-12-11,Utilities,53.88428571428572,14
2023-12-12,Utilities,54.158125,8
2023-12-13,Utilities,55.5925,8
2023-12-14,Utilities,51.88444444444445,9
2023-12-15,Utilities,55.685,5
2023-12-18,Utilities,54.064,5
