date,fund,asset,weight
2021-01-04,Combined Max-Sharpe,EQ_ABBV,0.0
2021-01-04,Combined Max-Sharpe,EQ_ABT,0.0
2021-01-04,Combined Max-Sharpe,EQ_ADBE,4.690241776521962e-18
2021-01-04,Combined Max-Sharpe,EQ_AEP,0.0
2021-01-04,Combined Max-Sharpe,EQ_AMD,1.3590169019564652e-17
2021-01-04,Combined Max-Sharpe,EQ_AMGN,0.0
2021-01-04,Combined Max-Sharpe,EQ_AMT,2.4783290800853577e-18
2021-01-04,Combined Max-Sharpe,EQ_BA,4.714891640963643e-19
2021-01-04,Combined Max-Sharpe,EQ_CAT,1.7701920362090253e-18
2021-01-04,Combined Max-Sharpe,EQ_CCI,4.583286971861198e-21
2021-01-04,Combined Max-Sharpe,EQ_CMCSA,4.4969765391894326e-18
2021-01-04,Combined Max-Sharpe,EQ_COP,0.0
2021-01-04,Combined Max-Sharpe,EQ_CVX,4.150942925187036e-18
2021-01-04,Combined Max-Sharpe,EQ_D,0.0
2021-01-04,Combined Max-Sharpe,EQ_DD,9.107411247557134e-19
2021-01-04,Combined Max-Sharpe,EQ_DIS,9.205316138666151e-18
2021-01-04,Combined Max-Sharpe,EQ_DOW,0.0
2021-01-04,Combined Max-Sharpe,EQ_DUK,0.0
2021-01-04,Combined Max-Sharpe,EQ_EA,6.756788330380459e-18
2021-01-04,Combined Max-Sharpe,EQ_GE,0.0
2021-01-04,Combined Max-Sharpe,EQ_GILD,8.94450091710646e-18
2021-01-04,Combined Max-Sharpe,EQ_GS,0.0
2021-01-04,Combined Max-Sharpe,EQ_INTC,2.275291832640456e-18
2021-01-04,Combined Max-Sharpe,EQ_KO,0.0
2021-01-04,Combined Max-Sharpe,EQ_MMM,2.1895881359546954e-18
2021-01-04,Combined Max-Sharpe,EQ_MRK,0.0
2021-01-04,Combined Max-Sharpe,EQ_MS,0.0
2021-01-04,Combined Max-Sharpe,EQ_NEE,8.924359688466511e-18
2021-01-04,Combined Max-Sharpe,EQ_NEM,0.07324697969867712
2021-01-04,Combined Max-Sharpe,EQ_NKE,0.0
2021-01-04,Combined Max-Sharpe,EQ_NUE,0.0
2021-01-04,Combined Max-Sharpe,EQ_NVDA,0.08492696982653986
2021-01-04,Combined Max-Sharpe,EQ_O,0.0
2021-01-04,Combined Max-Sharpe,EQ_OXY,0.0
2021-01-04,Combined Max-Sharpe,EQ_PLD,3.1810787830593166e-18
2021-01-04,Combined Max-Sharpe,EQ_PSA,1.1785556087493124e-17
2021-01-04,Combined Max-Sharpe,EQ_QCOM,0.0
2021-01-04,Combined Max-Sharpe,EQ_SBUX,1.7514737095656506e-17
2021-01-04,Combined Max-Sharpe,EQ_SHW,1.531086026796522e-18
2021-01-04,Combined Max-Sharpe,EQ_SLB,2.344076145120355e-18
2021-01-04,Combined Max-Sharpe,EQ_SO,0.0
2021-01-04,Combined Max-Sharpe,EQ_T,2.6783104756315852e-18
2021-01-04,Combined Max-Sharpe,EQ_TMUS,0.0
2021-01-04,Combined Max-Sharpe,EQ_TTWO,0.08229130658933852
2021-01-04,Combined Max-Sharpe,EQ_UPS,0.12439044707824962
2021-01-04,Combined Max-Sharpe,EQ_USB,5.835449009926628e-19
2021-01-04,Combined Max-Sharpe,EQ_V,2.159846505106518e-18
2021-01-04,Combined Max-Sharpe,EQ_WFC,6.189489032585328e-18
2021-01-04,Combined Max-Sharpe,EQ_WMT,1.2173674937049263e-17
2021-01-04,Combined Max-Sharpe,EQ_XOM,5.394214719480846e-19
2021-01-04,Combined Max-Sharpe,CR_ADA-USD,4.510240362671035e-17
2021-01-04,Combined Max-Sharpe,CR_BCH-USD,0.0
2021-01-04,Combined Max-Sharpe,CR_BTC-USD,0.5758879316680418
2021-01-04,Combined Max-Sharpe,CR_EOS-USD,0.0
2021-01-04,Combined Max-Sharpe,CR_ETC-USD,2.2961749112985216e-17
2021-01-04,Combined Max-Sharpe,CR_ETH-USD,0.0
2021-01-04,Combined Max-Sharpe,CR_LTC-USD,2.9811574011269805e-17
2021-01-04,Combined Max-Sharpe,CR_TRX-USD,1.726832904554621e-17
2021-01-04,Combined Max-Sharpe,CR_XLM-USD,0.059256365139153055
2021-01-04,Combined Max-Sharpe,CR_XRP-USD,4.0495810720540956e-18
2021-02-01,Combined Max-Sharpe,EQ_ABBV,0.0
2021-02-01,Combined Max-Sharpe,EQ_ABT,4.094572566336101e-18
2021-02-01,Combined Max-Sharpe,EQ_ADBE,0.0
2021-02-01,Combined Max-Sharpe,EQ_AEP,5.7370012977177194e-18
2021-02-01,Combined Max-Sharpe,EQ_AMD,0.0
2021-02-01,Combined Max-Sharpe,EQ_AMGN,0.0
2021-02-01,Combined Max-Sharpe,EQ_AMT,3.0018598598971936e-18
2021-02-01,Combined Max-Sharpe,EQ_BA,0.0
2021-02-01,Combined Max-Sharpe,EQ_CAT,8.947915817384945e-18
2021-02-01,Combined Max-Sharpe,EQ_CCI,0.0
2021-02-01,Combined Max-Sharpe,EQ_CMCSA,4.030875176293136e-18
2021-02-01,Combined Max-Sharpe,EQ_COP,1.9052119219421514e-18
2021-02-01,Combined Max-Sharpe,EQ_CVX,2.8079681340322197e-18
2021-02-01,Combined Max-Sharpe,EQ_D,4.502074039154189e-18
2021-02-01,Combined Max-Sharpe,EQ_DD,9.222049594328002e-18
2021-02-01,Combined Max-Sharpe,EQ_DIS,0.0
2021-02-01,Combined Max-Sharpe,EQ_DOW,0.0
2021-02-01,Combined Max-Sharpe,EQ_DUK,0.0
2021-02-01,Combined Max-Sharpe,EQ_EA,0.0
2021-02-01,Combined Max-Sharpe,EQ_GE,0.0
2021-02-01,Combined Max-Sharpe,EQ_GILD,2.8117596631225266e-19
2021-02-01,Combined Max-Sharpe,EQ_GS,1.7271833210655358e-18
2021-02-01,Combined Max-Sharpe,EQ_INTC,2.7836315607204212e-19
2021-02-01,Combined Max-Sharpe,EQ_KO,1.0286846937854667e-18
2021-02-01,Combined Max-Sharpe,EQ_MMM,0.0
2021-02-01,Combined Max-Sharpe,EQ_MRK,1.051113009562533e-18
2021-02-01,Combined Max-Sharpe,EQ_MS,0.0
2021-02-01,Combined Max-Sharpe,EQ_NEE,0.0
2021-02-01,Combined Max-Sharpe,EQ_NEM,0.04050378966639729
2021-02-01,Combined Max-Sharpe,EQ_NKE,4.462806220192605e-18
2021-02-01,Combined Max-Sharpe,EQ_NUE,0.0
2021-02-01,Combined Max-Sharpe,EQ_NVDA,0.2444716083508057
2021-02-01,Combined Max-Sharpe,EQ_O,0.0
2021-02-01,Combined Max-Sharpe,EQ_OXY,0.0
2021-02-01,Combined Max-Sharpe,EQ_PLD,2.8190159524619275e-20
2021-02-01,Combined Max-Sharpe,EQ_PSA,2.793982853115821e-18
2021-02-01,Combined Max-Sharpe,EQ_QCOM,6.665220279302151e-18
2021-02-01,Combined Max-Sharpe,EQ_SBUX,3.008117907579545e-20
2021-02-01,Combined Max-Sharpe,EQ_SHW,0.0
2021-02-01,Combined Max-Sharpe,EQ_SLB,0.0
2021-02-01,Combined Max-Sharpe,EQ_SO,0.0
2021-02-01,Combined Max-Sharpe,EQ_T,1.6291218347012748e-18
2021-02-01,Combined Max-Sharpe,EQ_TMUS,0.0
2021-02-01,Combined Max-Sharpe,EQ_TTWO,0.0
2021-02-01,Combined Max-Sharpe,EQ_UPS,0.1236716765635559
2021-02-01,Combined Max-Sharpe,EQ_USB,1.6662281201165207e-18
2021-02-01,Combined Max-Sharpe,EQ_V,3.011007980109401e-18
2021-02-01,Combined Max-Sharpe,EQ_WFC,0.0
2021-02-01,Combined Max-Sharpe,EQ_WMT,1.1387489983125323e-17
2021-02-01,Combined Max-Sharpe,EQ_XOM,1.0978144840991329e-19
2021-02-01,Combined Max-Sharpe,CR_ADA-USD,2.2767143802173147e-17
2021-02-01,Combined Max-Sharpe,CR_BCH-USD,2.2985868346214885e-18
2021-02-01,Combined Max-Sharpe,CR_BTC-USD,0.4281914078326374
2021-02-01,Combined Max-Sharpe,CR_EOS-USD,0.0
2021-02-01,Combined Max-Sharpe,CR_ETC-USD,0.0
2021-02-01,Combined Max-Sharpe,CR_ETH-USD,1.661868160116571e-17
2021-02-01,Combined Max-Sharpe,CR_LTC-USD,0.0
2021-02-01,Combined Max-Sharpe,CR_TRX-USD,0.0
2021-02-01,Combined Max-Sharpe,CR_XLM-USD,0.16316151758660385
2021-02-01,Combined Max-Sharpe,CR_XRP-USD,0.0
2021-03-01,Combined Max-Sharpe,EQ_ABBV,0.0
2021-03-01,Combined Max-Sharpe,EQ_ABT,0.03662299217128968
2021-03-01,Combined Max-Sharpe,EQ_ADBE,0.0
2021-03-01,Combined Max-Sharpe,EQ_AEP,3.4326609141480173e-18
2021-03-01,Combined Max-Sharpe,EQ_AMD,0.0
2021-03-01,Combined Max-Sharpe,EQ_AMGN,0.0
2021-03-01,Combined Max-Sharpe,EQ_AMT,1.8237892510648772e-18
2021-03-01,Combined Max-Sharpe,EQ_BA,3.1949814221305965e-18
2021-03-01,Combined Max-Sharpe,EQ_CAT,0.020624636926417257
2021-03-01,Combined Max-Sharpe,EQ_CCI,3.71404944208036e-18
2021-03-01,Combined Max-Sharpe,EQ_CMCSA,0.0
2021-03-01,Combined Max-Sharpe,EQ_COP,8.145514607052445e-19
2021-03-01,Combined Max-Sharpe,EQ_CVX,3.0905750979740225e-18
2021-03-01,Combined Max-Sharpe,EQ_D,3.631290161088861e-19
2021-03-01,Combined Max-Sharpe,EQ_DD,2.802699072343801e-17
2021-03-01,Combined Max-Sharpe,EQ_DIS,9.635243905645632e-18
2021-03-01,Combined Max-Sharpe,EQ_DOW,0.0
2021-03-01,Combined Max-Sharpe,EQ_DUK,0.0
2021-03-01,Combined Max-Sharpe,EQ_EA,0.0
2021-03-01,Combined Max-Sharpe,EQ_GE,5.3144027158466745e-18
2021-03-01,Combined Max-Sharpe,EQ_GILD,1.6760628694324887e-18
2021-03-01,Combined Max-Sharpe,EQ_GS,0.0
2021-03-01,Combined Max-Sharpe,EQ_INTC,3.714814227544184e-18
2021-03-01,Combined Max-Sharpe,EQ_KO,9.395446044149896e-19
2021-03-01,Combined Max-Sharpe,EQ_MMM,0.0
2021-03-01,Combined Max-Sharpe,EQ_MRK,6.065212690137082e-18
2021-03-01,Combined Max-Sharpe,EQ_MS,0.0
2021-03-01,Combined Max-Sharpe,EQ_NEE,3.978954059516237e-18
2021-03-01,Combined Max-Sharpe,EQ_NEM,0.0
2021-03-01,Combined Max-Sharpe,EQ_NKE,7.648697522379145e-18
2021-03-01,Combined Max-Sharpe,EQ_NUE,0.0
2021-03-01,Combined Max-Sharpe,EQ_NVDA,0.0
2021-03-01,Combined Max-Sharpe,EQ_O,4.565662930643373e-18
2021-03-01,Combined Max-Sharpe,EQ_OXY,0.0
2021-03-01,Combined Max-Sharpe,EQ_PLD,5.179421315585477e-18
2021-03-01,Combined Max-Sharpe,EQ_PSA,0.0
2021-03-01,Combined Max-Sharpe,EQ_QCOM,0.0
2021-03-01,Combined Max-Sharpe,EQ_SBUX,0.0
2021-03-01,Combined Max-Sharpe,EQ_SHW,0.0
2021-03-01,Combined Max-Sharpe,EQ_SLB,0.0
2021-03-01,Combined Max-Sharpe,EQ_SO,0.0
2021-03-01,Combined Max-Sharpe,EQ_T,1.2166714984098404e-18
2021-03-01,Combined Max-Sharpe,EQ_TMUS,2.6639530830274882e-18
2021-03-01,Combined Max-Sharpe,EQ_TTWO,0.034031548868142865
2021-03-01,Combined Max-Sharpe,EQ_UPS,0.3737856770644764
2021-03-01,Combined Max-Sharpe,EQ_USB,0.0
2021-03-01,Combined Max-Sharpe,EQ_V,3.6746525146978124e-18
2021-03-01,Combined Max-Sharpe,EQ_WFC,9.149357905201758e-19
2021-03-01,Combined Max-Sharpe,EQ_WMT,2.7333912148492236e-18
2021-03-01,Combined Max-Sharpe,EQ_XOM,1.1158360387926079e-18
2021-03-01,Combined Max-Sharpe,CR_ADA-USD,0.11991142619084214
2021-03-01,Combined Max-Sharpe,CR_BCH-USD,3.3046036143264894e-18
2021-03-01,Combined Max-Sharpe,CR_BTC-USD,0.36611366927841427
2021-03-01,Combined Max-Sharpe,CR_EOS-USD,3.488723080989477e-18
2021-03-01,Combined Max-Sharpe,CR_ETC-USD,3.0608935410398628e-18
2021-03-01,Combined Max-Sharpe,CR_ETH-USD,8.995969023606304e-17
2021-03-01,Combined Max-Sharpe,CR_LTC-USD,0.0
2021-03-01,Combined Max-Sharpe,CR_TRX-USD,1.8264042050223546e-17
2021-03-01,Combined Max-Sharpe,CR_XLM-USD,0.04891004950041739
2021-03-01,Combined Max-Sharpe,CR_XRP-USD,0.0
2021-04-01,Combined Max-Sharpe,EQ_ABBV,0.14983782414535568
2021-04-01,Combined Max-Sharpe,EQ_ABT,0.02954749593296166
2021-04-01,Combined Max-Sharpe,EQ_ADBE,0.0
2021-04-01,Combined Max-Sharpe,EQ_AEP,0.0
2021-04-01,Combined Max-Sharpe,EQ_AMD,6.038790899499283e-18
2021-04-01,Combined Max-Sharpe,EQ_AMGN,5.316932547523979e-18
2021-04-01,Combined Max-Sharpe,EQ_AMT,0.0
2021-04-01,Combined Max-Sharpe,EQ_BA,0.0
2021-04-01,Combined Max-Sharpe,EQ_CAT,0.015720018475677746
2021-04-01,Combined Max-Sharpe,EQ_CCI,0.0
2021-04-01,Combined Max-Sharpe,EQ_CMCSA,1.0110516832599558e-18
2021-04-01,Combined Max-Sharpe,EQ_COP,0.0
2021-04-01,Combined Max-Sharpe,EQ_CVX,2.837642272585353e-18
2021-04-01,Combined Max-Sharpe,EQ_D,0.0
2021-04-01,Combined Max-Sharpe,EQ_DD,0.06623487837209606
2021-04-01,Combined Max-Sharpe,EQ_DIS,3.605815292246668e-18
2021-04-01,Combined Max-Sharpe,EQ_DOW,0.0
2021-04-01,Combined Max-Sharpe,EQ_DUK,0.0
2021-04-01,Combined Max-Sharpe,EQ_EA,0.08026503367441361
2021-04-01,Combined Max-Sharpe,EQ_GE,9.5935561261652e-19
2021-04-01,Combined Max-Sharpe,EQ_GILD,1.5846697241177634e-19
2021-04-01,Combined Max-Sharpe,EQ_GS,0.019773276437110198
2021-04-01,Combined Max-Sharpe,EQ_INTC,3.21454367353961e-18
2021-04-01,Combined Max-Sharpe,EQ_KO,0.0
2021-04-01,Combined Max-Sharpe,EQ_MMM,0.0
2021-04-01,Combined Max-Sharpe,EQ_MRK,1.5488857479665103e-18
2021-04-01,Combined Max-Sharpe,EQ_MS,0.1295268760187734
2021-04-01,Combined Max-Sharpe,EQ_NEE,0.0
2021-04-01,Combined Max-Sharpe,EQ_NEM,3.420970485680035e-18
2021-04-01,Combined Max-Sharpe,EQ_NKE,9.988648711380112e-18
2021-04-01,Combined Max-Sharpe,EQ_NUE,0.02696440168700967
2021-04-01,Combined Max-Sharpe,EQ_NVDA,0.0
2021-04-01,Combined Max-Sharpe,EQ_O,0.0
2021-04-01,Combined Max-Sharpe,EQ_OXY,1.1757617211753581e-18
2021-04-01,Combined Max-Sharpe,EQ_PLD,0.0
2021-04-01,Combined Max-Sharpe,EQ_PSA,0.012503849414703786
2021-04-01,Combined Max-Sharpe,EQ_QCOM,6.311817408141587e-18
2021-04-01,Combined Max-Sharpe,EQ_SBUX,0.0
2021-04-01,Combined Max-Sharpe,EQ_SHW,4.807090833390327e-18
2021-04-01,Combined Max-Sharpe,EQ_SLB,0.0
2021-04-01,Combined Max-Sharpe,EQ_SO,6.49346412183819e-18
2021-04-01,Combined Max-Sharpe,EQ_T,4.5422453449707335e-18
2021-04-01,Combined Max-Sharpe,EQ_TMUS,4.872813220985783e-18
2021-04-01,Combined Max-Sharpe,EQ_TTWO,0.029459657252961156
2021-04-01,Combined Max-Sharpe,EQ_UPS,0.10805103721368821
2021-04-01,Combined Max-Sharpe,EQ_USB,0.0
2021-04-01,Combined Max-Sharpe,EQ_V,2.2945323841248275e-18
2021-04-01,Combined Max-Sharpe,EQ_WFC,0.0
2021-04-01,Combined Max-Sharpe,EQ_WMT,1.8841713069515166e-18
2021-04-01,Combined Max-Sharpe,EQ_XOM,0.0
2021-04-01,Combined Max-Sharpe,CR_ADA-USD,0.06151020364459274
2021-04-01,Combined Max-Sharpe,CR_BCH-USD,0.0
2021-04-01,Combined Max-Sharpe,CR_BTC-USD,0.21900528440050462
2021-04-01,Combined Max-Sharpe,CR_EOS-USD,0.0
2021-04-01,Combined Max-Sharpe,CR_ETC-USD,0.0
2021-04-01,Combined Max-Sharpe,CR_ETH-USD,0.0
2021-04-01,Combined Max-Sharpe,CR_LTC-USD,0.0
2021-04-01,Combined Max-Sharpe,CR_TRX-USD,0.051600163330151515
2021-04-01,Combined Max-Sharpe,CR_XLM-USD,1.9876594431698976e-18
2021-04-01,Combined Max-Sharpe,CR_XRP-USD,4.832381728446554e-18
2021-05-03,Combined Max-Sharpe,EQ_ABBV,0.13076008960541385
2021-05-03,Combined Max-Sharpe,EQ_ABT,7.647152068061954e-18
2021-05-03,Combined Max-Sharpe,EQ_ADBE,7.278419572220463e-18
2021-05-03,Combined Max-Sharpe,EQ_AEP,0.0
2021-05-03,Combined Max-Sharpe,EQ_AMD,6.94664501390901e-18
2021-05-03,Combined Max-Sharpe,EQ_AMGN,0.0
2021-05-03,Combined Max-Sharpe,EQ_AMT,3.779802211983785e-20
2021-05-03,Combined Max-Sharpe,EQ_BA,1.4966622938490181e-18
2021-05-03,Combined Max-Sharpe,EQ_CAT,0.0800609886604001
2021-05-03,Combined Max-Sharpe,EQ_CCI,5.080788347983983e-18
2021-05-03,Combined Max-Sharpe,EQ_CMCSA,8.409673168223357e-18
2021-05-03,Combined Max-Sharpe,EQ_COP,9.513192012766341e-18
2021-05-03,Combined Max-Sharpe,EQ_CVX,0.0
2021-05-03,Combined Max-Sharpe,EQ_D,5.24356392755117e-19
2021-05-03,Combined Max-Sharpe,EQ_DD,5.8237036563048465e-18
2021-05-03,Combined Max-Sharpe,EQ_DIS,6.689207597462055e-18
2021-05-03,Combined Max-Sharpe,EQ_DOW,2.525872441441024e-18
2021-05-03,Combined Max-Sharpe,EQ_DUK,0.0
2021-05-03,Combined Max-Sharpe,EQ_EA,0.0
2021-05-03,Combined Max-Sharpe,EQ_GE,4.684456689338068e-18
2021-05-03,Combined Max-Sharpe,EQ_GILD,3.562828441892768e-18
2021-05-03,Combined Max-Sharpe,EQ_GS,1.9823215313050465e-18
2021-05-03,Combined Max-Sharpe,EQ_INTC,8.593881092797235e-18
2021-05-03,Combined Max-Sharpe,EQ_KO,1.805823605372467e-18
2021-05-03,Combined Max-Sharpe,EQ_MMM,0.0
2021-05-03,Combined Max-Sharpe,EQ_MRK,0.0
2021-05-03,Combined Max-Sharpe,EQ_MS,0.12003832962762678
2021-05-03,Combined Max-Sharpe,EQ_NEE,1.241398441641993e-17
2021-05-03,Combined Max-Sharpe,EQ_NEM,0.0
2021-05-03,Combined Max-Sharpe,EQ_NKE,0.0
2021-05-03,Combined Max-Sharpe,EQ_NUE,2.6593277068990215e-18
2021-05-03,Combined Max-Sharpe,EQ_NVDA,0.02649185978824246
2021-05-03,Combined Max-Sharpe,EQ_O,6.290259526182774e-18
2021-05-03,Combined Max-Sharpe,EQ_OXY,4.386956628890869e-18
2021-05-03,Combined Max-Sharpe,EQ_PLD,0.0
2021-05-03,Combined Max-Sharpe,EQ_PSA,0.16137575415204328
2021-05-03,Combined Max-Sharpe,EQ_QCOM,0.0
2021-05-03,Combined Max-Sharpe,EQ_SBUX,7.278855942231793e-18
2021-05-03,Combined Max-Sharpe,EQ_SHW,0.08072588516899334
2021-05-03,Combined Max-Sharpe,EQ_SLB,1.72665879335483e-18
2021-05-03,Combined Max-Sharpe,EQ_SO,2.209782994191764e-18
2021-05-03,Combined Max-Sharpe,EQ_T,3.270526180778746e-20
2021-05-03,Combined Max-Sharpe,EQ_TMUS,7.422011364686263e-18
2021-05-03,Combined Max-Sharpe,EQ_TTWO,0.019409351981871558
2021-05-03,Combined Max-Sharpe,EQ_UPS,0.16497198187852147
2021-05-03,Combined Max-Sharpe,EQ_USB,1.2821843064576997e-18
2021-05-03,Combined Max-Sharpe,EQ_V,0.0
2021-05-03,Combined Max-Sharpe,EQ_WFC,0.0
2021-05-03,Combined Max-Sharpe,EQ_WMT,1.1419034508743663e-17
2021-05-03,Combined Max-Sharpe,EQ_XOM,0.0
2021-05-03,Combined Max-Sharpe,CR_ADA-USD,0.046748801470953866
2021-05-03,Combined Max-Sharpe,CR_BCH-USD,1.55609528163003e-17
2021-05-03,Combined Max-Sharpe,CR_BTC-USD,0.14273187437451948
2021-05-03,Combined Max-Sharpe,CR_EOS-USD,1.1695537584024033e-17
2021-05-03,Combined Max-Sharpe,CR_ETC-USD,0.0
2021-05-03,Combined Max-Sharpe,CR_ETH-USD,1.44797238579194e-17
2021-05-03,Combined Max-Sharpe,CR_LTC-USD,0.0
2021-05-03,Combined Max-Sharpe,CR_TRX-USD,0.026685083291413763
2021-05-03,Combined Max-Sharpe,CR_XLM-USD,0.0
2021-05-03,Combined Max-Sharpe,CR_XRP-USD,0.0
2021-06-01,Combined Max-Sharpe,EQ_ABBV,2.012157285933055e-17
2021-06-01,Combined Max-Sharpe,EQ_ABT,8.295431954997174e-18
2021-06-01,Combined Max-Sharpe,EQ_ADBE,1.6334983194080113e-17
2021-06-01,Combined Max-Sharpe,EQ_AEP,2.793290251265598e-18
2021-06-01,Combined Max-Sharpe,EQ_AMD,1.3051703750573857e-17
2021-06-01,Combined Max-Sharpe,EQ_AMGN,7.513839504976046e-18
2021-06-01,Combined Max-Sharpe,EQ_AMT,3.089894327220685e-18
2021-06-01,Combined Max-Sharpe,EQ_BA,0.0
2021-06-01,Combined Max-Sharpe,EQ_CAT,0.14609118252727965
2021-06-01,Combined Max-Sharpe,EQ_CCI,0.0
2021-06-01,Combined Max-Sharpe,EQ_CMCSA,1.1407374258666916e-17
2021-06-01,Combined Max-Sharpe,EQ_COP,0.0
2021-06-01,Combined Max-Sharpe,EQ_CVX,1.7118406150378516e-18
2021-06-01,Combined Max-Sharpe,EQ_D,0.0
2021-06-01,Combined Max-Sharpe,EQ_DD,1.5610478687416706e-18
2021-06-01,Combined Max-Sharpe,EQ_DIS,4.188661489801987e-18
2021-06-01,Combined Max-Sharpe,EQ_DOW,6.302465315628436e-19
2021-06-01,Combined Max-Sharpe,EQ_DUK,2.469104969318879e-18
2021-06-01,Combined Max-Sharpe,EQ_EA,5.006100437276616e-19
2021-06-01,Combined Max-Sharpe,EQ_GE,0.06855759992807113
2021-06-01,Combined Max-Sharpe,EQ_GILD,0.0
2021-06-01,Combined Max-Sharpe,EQ_GS,1.1356188980790174e-17
2021-06-01,Combined Max-Sharpe,EQ_INTC,1.2219684742393497e-17
2021-06-01,Combined Max-Sharpe,EQ_KO,0.0
2021-06-01,Combined Max-Sharpe,EQ_MMM,0.0
2021-06-01,Combined Max-Sharpe,EQ_MRK,0.0
2021-06-01,Combined Max-Sharpe,EQ_MS,0.13484094595558377
2021-06-01,Combined Max-Sharpe,EQ_NEE,0.0
2021-06-01,Combined Max-Sharpe,EQ_NEM,0.0
2021-06-01,Combined Max-Sharpe,EQ_NKE,4.5499357917680655e-18
2021-06-01,Combined Max-Sharpe,EQ_NUE,0.025367120615367954
2021-06-01,Combined Max-Sharpe,EQ_NVDA,0.01834269089183868
2021-06-01,Combined Max-Sharpe,EQ_O,3.7753843286301794e-20
2021-06-01,Combined Max-Sharpe,EQ_OXY,0.0
2021-06-01,Combined Max-Sharpe,EQ_PLD,2.2570455441591267e-18
2021-06-01,Combined Max-Sharpe,EQ_PSA,0.2057346242311303
2021-06-01,Combined Max-Sharpe,EQ_QCOM,1.3460601454006962e-17
2021-06-01,Combined Max-Sharpe,EQ_SBUX,5.377210905580247e-18
2021-06-01,Combined Max-Sharpe,EQ_SHW,0.0
2021-06-01,Combined Max-Sharpe,EQ_SLB,0.0
2021-06-01,Combined Max-Sharpe,EQ_SO,4.758026919709272e-19
2021-06-01,Combined Max-Sharpe,EQ_T,0.0
2021-06-01,Combined Max-Sharpe,EQ_TMUS,2.99315969533739e-18
2021-06-01,Combined Max-Sharpe,EQ_TTWO,0.1067849826106746
2021-06-01,Combined Max-Sharpe,EQ_UPS,0.1991250659558523
2021-06-01,Combined Max-Sharpe,EQ_USB,1.5315040982493425e-17
2021-06-01,Combined Max-Sharpe,EQ_V,4.980001328346826e-18
2021-06-01,Combined Max-Sharpe,EQ_WFC,0.0
2021-06-01,Combined Max-Sharpe,EQ_WMT,7.553770281664618e-18
2021-06-01,Combined Max-Sharpe,EQ_XOM,4.445717244745282e-18
2021-06-01,Combined Max-Sharpe,CR_ADA-USD,0.025929656883575184
2021-06-01,Combined Max-Sharpe,CR_BCH-USD,0.0
2021-06-01,Combined Max-Sharpe,CR_BTC-USD,0.022210841420794967
2021-06-01,Combined Max-Sharpe,CR_EOS-USD,5.522519614303513e-18
2021-06-01,Combined Max-Sharpe,CR_ETC-USD,0.03197525426908338
2021-06-01,Combined Max-Sharpe,CR_ETH-USD,0.011476606511598604
2021-06-01,Combined Max-Sharpe,CR_LTC-USD,8.304789328329488e-18
2021-06-01,Combined Max-Sharpe,CR_TRX-USD,0.0035634281991492023
2021-06-01,Combined Max-Sharpe,CR_XLM-USD,0.0
2021-06-01,Combined Max-Sharpe,CR_XRP-USD,0.0
2021-07-01,Combined Max-Sharpe,EQ_ABBV,0.0
2021-07-01,Combined Max-Sharpe,EQ_ABT,0.0
2021-07-01,Combined Max-Sharpe,EQ_ADBE,9.150228949466904e-19
2021-07-01,Combined Max-Sharpe,EQ_AEP,0.0
2021-07-01,Combined Max-Sharpe,EQ_AMD,0.03942143008421426
2021-07-01,Combined Max-Sharpe,EQ_AMGN,0.0
2021-07-01,Combined Max-Sharpe,EQ_AMT,2.116801837281994e-18
2021-07-01,Combined Max-Sharpe,EQ_BA,4.530180395613635e-17
2021-07-01,Combined Max-Sharpe,EQ_CAT,0.009482316300551553
2021-07-01,Combined Max-Sharpe,EQ_CCI,0.0
2021-07-01,Combined Max-Sharpe,EQ_CMCSA,0.0
2021-07-01,Combined Max-Sharpe,EQ_COP,1.952173298407284e-17
2021-07-01,Combined Max-Sharpe,EQ_CVX,4.853913246977765e-17
2021-07-01,Combined Max-Sharpe,EQ_D,1.1574685005794787e-17
2021-07-01,Combined Max-Sharpe,EQ_DD,0.0
2021-07-01,Combined Max-Sharpe,EQ_DIS,0.0
2021-07-01,Combined Max-Sharpe,EQ_DOW,0.0
2021-07-01,Combined Max-Sharpe,EQ_DUK,0.0
2021-07-01,Combined Max-Sharpe,EQ_EA,0.0
2021-07-01,Combined Max-Sharpe,EQ_GE,0.09029878904020097
2021-07-01,Combined Max-Sharpe,EQ_GILD,1.9939906327490036e-17
2021-07-01,Combined Max-Sharpe,EQ_GS,0.1512570015338103
2021-07-01,Combined Max-Sharpe,EQ_INTC,4.3029160610050454e-17
2021-07-01,Combined Max-Sharpe,EQ_KO,0.0
2021-07-01,Combined Max-Sharpe,EQ_MMM,0.0
2021-07-01,Combined Max-Sharpe,EQ_MRK,0.0
2021-07-01,Combined Max-Sharpe,EQ_MS,0.018459922609660975
2021-07-01,Combined Max-Sharpe,EQ_NEE,0.0
2021-07-01,Combined Max-Sharpe,EQ_NEM,3.598389118825078e-17
2021-07-01,Combined Max-Sharpe,EQ_NKE,0.06371915734165665
2021-07-01,Combined Max-Sharpe,EQ_NUE,0.06764132186097688
2021-07-01,Combined Max-Sharpe,EQ_NVDA,0.07307791920257427
2021-07-01,Combined Max-Sharpe,EQ_O,0.0
2021-07-01,Combined Max-Sharpe,EQ_OXY,1.5466889838062495e-17
2021-07-01,Combined Max-Sharpe,EQ_PLD,7.014738875506361e-18
2021-07-01,Combined Max-Sharpe,EQ_PSA,0.34424356431676506
2021-07-01,Combined Max-Sharpe,EQ_QCOM,0.0
2021-07-01,Combined Max-Sharpe,EQ_SBUX,0.0
2021-07-01,Combined Max-Sharpe,EQ_SHW,0.0
2021-07-01,Combined Max-Sharpe,EQ_SLB,0.0
2021-07-01,Combined Max-Sharpe,EQ_SO,0.0
2021-07-01,Combined Max-Sharpe,EQ_T,0.0
2021-07-01,Combined Max-Sharpe,EQ_TMUS,6.393861605843075e-18
2021-07-01,Combined Max-Sharpe,EQ_TTWO,0.0
2021-07-01,Combined Max-Sharpe,EQ_UPS,0.09041484897621249
2021-07-01,Combined Max-Sharpe,EQ_USB,0.0
2021-07-01,Combined Max-Sharpe,EQ_V,7.364119123951609e-18
2021-07-01,Combined Max-Sharpe,EQ_WFC,0.0
2021-07-01,Combined Max-Sharpe,EQ_WMT,3.633386269688015e-18
2021-07-01,Combined Max-Sharpe,EQ_XOM,0.0
2021-07-01,Combined Max-Sharpe,CR_ADA-USD,0.006600909409646182
2021-07-01,Combined Max-Sharpe,CR_BCH-USD,4.441411900476058e-17
2021-07-01,Combined Max-Sharpe,CR_BTC-USD,0.014318902857012072
2021-07-01,Combined Max-Sharpe,CR_EOS-USD,3.2426012872798636e-17
2021-07-01,Combined Max-Sharpe,CR_ETC-USD,0.02236452128868227
2021-07-01,Combined Max-Sharpe,CR_ETH-USD,4.893355453916812e-18
2021-07-01,Combined Max-Sharpe,CR_LTC-USD,3.4670813804660985e-17
2021-07-01,Combined Max-Sharpe,CR_TRX-USD,0.008699395178035954
2021-07-01,Combined Max-Sharpe,CR_XLM-USD,1.0177483412337932e-17
2021-07-01,Combined Max-Sharpe,CR_XRP-USD,9.293768674354094e-19
2021-08-02,Combined Max-Sharpe,EQ_ABBV,0.004743273036272628
2021-08-02,Combined Max-Sharpe,EQ_ABT,1.0466837016990677e-17
2021-08-02,Combined Max-Sharpe,EQ_ADBE,2.4113323092970612e-17
2021-08-02,Combined Max-Sharpe,EQ_AEP,0.0
2021-08-02,Combined Max-Sharpe,EQ_AMD,0.0
2021-08-02,Combined Max-Sharpe,EQ_AMGN,5.778990464970884e-18
2021-08-02,Combined Max-Sharpe,EQ_AMT,0.0
2021-08-02,Combined Max-Sharpe,EQ_BA,4.4256249965459185e-18
2021-08-02,Combined Max-Sharpe,EQ_CAT,3.611231438142449e-18
2021-08-02,Combined Max-Sharpe,EQ_CCI,0.0
2021-08-02,Combined Max-Sharpe,EQ_CMCSA,0.0
2021-08-02,Combined Max-Sharpe,EQ_COP,0.0
2021-08-02,Combined Max-Sharpe,EQ_CVX,2.975612680592785e-18
2021-08-02,Combined Max-Sharpe,EQ_D,0.0
2021-08-02,Combined Max-Sharpe,EQ_DD,0.0
2021-08-02,Combined Max-Sharpe,EQ_DIS,1.3692241945274226e-17
2021-08-02,Combined Max-Sharpe,EQ_DOW,0.0
2021-08-02,Combined Max-Sharpe,EQ_DUK,0.0076112719655314015
2021-08-02,Combined Max-Sharpe,EQ_EA,0.0
2021-08-02,Combined Max-Sharpe,EQ_GE,0.07807114699306228
2021-08-02,Combined Max-Sharpe,EQ_GILD,6.4525696421349805e-18
2021-08-02,Combined Max-Sharpe,EQ_GS,0.09701564342801039
2021-08-02,Combined Max-Sharpe,EQ_INTC,7.437583268621355e-18
2021-08-02,Combined Max-Sharpe,EQ_KO,0.0
2021-08-02,Combined Max-Sharpe,EQ_MMM,3.8526122350244344e-18
2021-08-02,Combined Max-Sharpe,EQ_MRK,0.0
2021-08-02,Combined Max-Sharpe,EQ_MS,0.04954012373503536
2021-08-02,Combined Max-Sharpe,EQ_NEE,0.0
2021-08-02,Combined Max-Sharpe,EQ_NEM,3.992263662533085e-18
2021-08-02,Combined Max-Sharpe,EQ_NKE,0.12977237044245962
2021-08-02,Combined Max-Sharpe,EQ_NUE,0.09454204837367862
2021-08-02,Combined Max-Sharpe,EQ_NVDA,0.0736485182191969
2021-08-02,Combined Max-Sharpe,EQ_O,0.0
2021-08-02,Combined Max-Sharpe,EQ_OXY,1.0698841380573775e-17
2021-08-02,Combined Max-Sharpe,EQ_PLD,0.0
2021-08-02,Combined Max-Sharpe,EQ_PSA,0.3883572253269028
2021-08-02,Combined Max-Sharpe,EQ_QCOM,0.0
2021-08-02,Combined Max-Sharpe,EQ_SBUX,0.025893616989681185
2021-08-02,Combined Max-Sharpe,EQ_SHW,1.60575178866845e-17
2021-08-02,Combined Max-Sharpe,EQ_SLB,0.0
2021-08-02,Combined Max-Sharpe,EQ_SO,0.0
2021-08-02,Combined Max-Sharpe,EQ_T,0.0
2021-08-02,Combined Max-Sharpe,EQ_TMUS,3.2703988357871295e-18
2021-08-02,Combined Max-Sharpe,EQ_TTWO,0.0
2021-08-02,Combined Max-Sharpe,EQ_UPS,7.79886926275134e-18
2021-08-02,Combined Max-Sharpe,EQ_USB,0.0
2021-08-02,Combined Max-Sharpe,EQ_V,0.0
2021-08-02,Combined Max-Sharpe,EQ_WFC,0.0
2021-08-02,Combined Max-Sharpe,EQ_WMT,0.0
2021-08-02,Combined Max-Sharpe,EQ_XOM,0.0
2021-08-02,Combined Max-Sharpe,CR_ADA-USD,4.529269137616471e-18
2021-08-02,Combined Max-Sharpe,CR_BCH-USD,1.8650118404514603e-17
2021-08-02,Combined Max-Sharpe,CR_BTC-USD,0.026688634391550593
2021-08-02,Combined Max-Sharpe,CR_EOS-USD,1.7556013791224856e-17
2021-08-02,Combined Max-Sharpe,CR_ETC-USD,0.014559559804686895
2021-08-02,Combined Max-Sharpe,CR_ETH-USD,7.873486928106025e-18
2021-08-02,Combined Max-Sharpe,CR_LTC-USD,5.5775921993658425e-18
2021-08-02,Combined Max-Sharpe,CR_TRX-USD,0.009556567293931216
2021-08-02,Combined Max-Sharpe,CR_XLM-USD,1.774048008962632e-18
2021-08-02,Combined Max-Sharpe,CR_XRP-USD,0.0
2021-09-01,Combined Max-Sharpe,EQ_ABBV,0.02113599835541632
2021-09-01,Combined Max-Sharpe,EQ_ABT,0.0
2021-09-01,Combined Max-Sharpe,EQ_ADBE,1.1169454925661846e-17
2021-09-01,Combined Max-Sharpe,EQ_AEP,0.0
2021-09-01,Combined Max-Sharpe,EQ_AMD,0.0
2021-09-01,Combined Max-Sharpe,EQ_AMGN,4.833471548935298e-18
2021-09-01,Combined Max-Sharpe,EQ_AMT,3.396378678884539e-18
2021-09-01,Combined Max-Sharpe,EQ_BA,1.8217321720377264e-17
2021-09-01,Combined Max-Sharpe,EQ_CAT,1.8609095328944254e-17
2021-09-01,Combined Max-Sharpe,EQ_CCI,0.0
2021-09-01,Combined Max-Sharpe,EQ_CMCSA,6.7936454110374825e-18
2021-09-01,Combined Max-Sharpe,EQ_COP,5.8413703855872745e-18
2021-09-01,Combined Max-Sharpe,EQ_CVX,1.4869675087685346e-17
2021-09-01,Combined Max-Sharpe,EQ_D,0.0
2021-09-01,Combined Max-Sharpe,EQ_DD,5.521575226426546e-18
2021-09-01,Combined Max-Sharpe,EQ_DIS,6.336137158562967e-19
2021-09-01,Combined Max-Sharpe,EQ_DOW,1.0719698281145338e-18
2021-09-01,Combined Max-Sharpe,EQ_DUK,0.045866565218564186
2021-09-01,Combined Max-Sharpe,EQ_EA,0.0
2021-09-01,Combined Max-Sharpe,EQ_GE,0.07052510120723651
2021-09-01,Combined Max-Sharpe,EQ_GILD,1.2056404224081058e-17
2021-09-01,Combined Max-Sharpe,EQ_GS,0.18283204322408436
2021-09-01,Combined Max-Sharpe,EQ_INTC,2.1947662921774837e-17
2021-09-01,Combined Max-Sharpe,EQ_KO,0.0
2021-09-01,Combined Max-Sharpe,EQ_MMM,2.3184012756577538e-18
2021-09-01,Combined Max-Sharpe,EQ_MRK,1.850911763113715e-17
2021-09-01,Combined Max-Sharpe,EQ_MS,2.4487144722312728e-05
2021-09-01,Combined Max-Sharpe,EQ_NEE,2.775784647370634e-17
2021-09-01,Combined Max-Sharpe,EQ_NEM,6.5948621892522975e-18
2021-09-01,Combined Max-Sharpe,EQ_NKE,0.06627432982085865
2021-09-01,Combined Max-Sharpe,EQ_NUE,0.08117163698586187
2021-09-01,Combined Max-Sharpe,EQ_NVDA,0.05913803524637964
2021-09-01,Combined Max-Sharpe,EQ_O,0.0
2021-09-01,Combined Max-Sharpe,EQ_OXY,0.007016799347389357
2021-09-01,Combined Max-Sharpe,EQ_PLD,0.0
2021-09-01,Combined Max-Sharpe,EQ_PSA,0.40735143938421264
2021-09-01,Combined Max-Sharpe,EQ_QCOM,2.1296450487907515e-17
2021-09-01,Combined Max-Sharpe,EQ_SBUX,6.804545221048343e-19
2021-09-01,Combined Max-Sharpe,EQ_SHW,0.0
2021-09-01,Combined Max-Sharpe,EQ_SLB,1.4666185368278397e-17
2021-09-01,Combined Max-Sharpe,EQ_SO,0.0
2021-09-01,Combined Max-Sharpe,EQ_T,3.704158620913397e-18
2021-09-01,Combined Max-Sharpe,EQ_TMUS,0.0
2021-09-01,Combined Max-Sharpe,EQ_TTWO,4.075870335834772e-18
2021-09-01,Combined Max-Sharpe,EQ_UPS,0.0
2021-09-01,Combined Max-Sharpe,EQ_USB,9.01508976179113e-18
2021-09-01,Combined Max-Sharpe,EQ_V,1.1928529860378817e-17
2021-09-01,Combined Max-Sharpe,EQ_WFC,9.597580720983397e-18
2021-09-01,Combined Max-Sharpe,EQ_WMT,0.0
2021-09-01,Combined Max-Sharpe,EQ_XOM,0.0
2021-09-01,Combined Max-Sharpe,CR_ADA-USD,0.02748022698308572
2021-09-01,Combined Max-Sharpe,CR_BCH-USD,2.154610583963019e-17
2021-09-01,Combined Max-Sharpe,CR_BTC-USD,0.014514825126571606
2021-09-01,Combined Max-Sharpe,CR_EOS-USD,1.8595276413604978e-17
2021-09-01,Combined Max-Sharpe,CR_ETC-USD,0.012154169119299603
2021-09-01,Combined Max-Sharpe,CR_ETH-USD,8.944658933901277e-18
2021-09-01,Combined Max-Sharpe,CR_LTC-USD,2.8934812146546673e-17
2021-09-01,Combined Max-Sharpe,CR_TRX-USD,0.0045143428363168285
2021-09-01,Combined Max-Sharpe,CR_XLM-USD,6.98926767251173e-18
2021-09-01,Combined Max-Sharpe,CR_XRP-USD,1.0093258215229185e-17
2021-10-01,Combined Max-Sharpe,EQ_ABBV,0.0036179584953415413
2021-10-01,Combined Max-Sharpe,EQ_ABT,0.0
2021-10-01,Combined Max-Sharpe,EQ_ADBE,0.0
2021-10-01,Combined Max-Sharpe,EQ_AEP,2.609801166216124e-18
2021-10-01,Combined Max-Sharpe,EQ_AMD,1.2200591126671925e-17
2021-10-01,Combined Max-Sharpe,EQ_AMGN,0.0
2021-10-01,Combined Max-Sharpe,EQ_AMT,2.5949883403091574e-17
2021-10-01,Combined Max-Sharpe,EQ_BA,3.1492964304596125e-18
2021-10-01,Combined Max-Sharpe,EQ_CAT,1.5781969760802848e-17
2021-10-01,Combined Max-Sharpe,EQ_CCI,0.0
2021-10-01,Combined Max-Sharpe,EQ_CMCSA,1.6657528825705422e-19
2021-10-01,Combined Max-Sharpe,EQ_COP,2.8089785886901444e-17
2021-10-01,Combined Max-Sharpe,EQ_CVX,1.9478654891243996e-17
2021-10-01,Combined Max-Sharpe,EQ_D,9.642827168555732e-18
2021-10-01,Combined Max-Sharpe,EQ_DD,2.6465382506449446e-18
2021-10-01,Combined Max-Sharpe,EQ_DIS,1.3644290854610332e-17
2021-10-01,Combined Max-Sharpe,EQ_DOW,7.709774504058384e-18
2021-10-01,Combined Max-Sharpe,EQ_DUK,0.0
2021-10-01,Combined Max-Sharpe,EQ_EA,0.0
2021-10-01,Combined Max-Sharpe,EQ_GE,0.11163332278643817
2021-10-01,Combined Max-Sharpe,EQ_GILD,2.9190874433459976e-17
2021-10-01,Combined Max-Sharpe,EQ_GS,1.4139473729826222e-17
2021-10-01,Combined Max-Sharpe,EQ_INTC,5.180429707296185e-18
2021-10-01,Combined Max-Sharpe,EQ_KO,1.4493521178928535e-17
2021-10-01,Combined Max-Sharpe,EQ_MMM,0.0
2021-10-01,Combined Max-Sharpe,EQ_MRK,1.7482735835775615e-18
2021-10-01,Combined Max-Sharpe,EQ_MS,0.17909407852762102
2021-10-01,Combined Max-Sharpe,EQ_NEE,5.531827024674043e-18
2021-10-01,Combined Max-Sharpe,EQ_NEM,0.0
2021-10-01,Combined Max-Sharpe,EQ_NKE,1.736258647791812e-17
2021-10-01,Combined Max-Sharpe,EQ_NUE,0.016136042005706588
2021-10-01,Combined Max-Sharpe,EQ_NVDA,0.08610106202761614
2021-10-01,Combined Max-Sharpe,EQ_O,1.8808519443054325e-18
2021-10-01,Combined Max-Sharpe,EQ_OXY,0.05377094364796229
2021-10-01,Combined Max-Sharpe,EQ_PLD,0.0
2021-10-01,Combined Max-Sharpe,EQ_PSA,0.4617594862065913
2021-10-01,Combined Max-Sharpe,EQ_QCOM,0.0
2021-10-01,Combined Max-Sharpe,EQ_SBUX,6.638654487926332e-18
2021-10-01,Combined Max-Sharpe,EQ_SHW,0.0
2021-10-01,Combined Max-Sharpe,EQ_SLB,2.781135954098761e-17
2021-10-01,Combined Max-Sharpe,EQ_SO,9.221468229842667e-18
2021-10-01,Combined Max-Sharpe,EQ_T,3.52932424883582e-18
2021-10-01,Combined Max-Sharpe,EQ_TMUS,2.5464719396591678e-18
2021-10-01,Combined Max-Sharpe,EQ_TTWO,7.208476254393922e-18
2021-10-01,Combined Max-Sharpe,EQ_UPS,1.534443702629746e-17
2021-10-01,Combined Max-Sharpe,EQ_USB,7.999651198284845e-18
2021-10-01,Combined Max-Sharpe,EQ_V,1.5783953523737705e-17
2021-10-01,Combined Max-Sharpe,EQ_WFC,0.025335086685629973
2021-10-01,Combined Max-Sharpe,EQ_WMT,1.1837664601660486e-17
2021-10-01,Combined Max-Sharpe,EQ_XOM,0.0
2021-10-01,Combined Max-Sharpe,CR_ADA-USD,0.04002207934745548
2021-10-01,Combined Max-Sharpe,CR_BCH-USD,2.19381374439542e-17
2021-10-01,Combined Max-Sharpe,CR_BTC-USD,0.008882774849319102
2021-10-01,Combined Max-Sharpe,CR_EOS-USD,1.3373869328459418e-17
2021-10-01,Combined Max-Sharpe,CR_ETC-USD,0.013647165420318278
2021-10-01,Combined Max-Sharpe,CR_ETH-USD,1.3045728822953933e-18
2021-10-01,Combined Max-Sharpe,CR_LTC-USD,1.043950387685269e-18
2021-10-01,Combined Max-Sharpe,CR_TRX-USD,0.0
2021-10-01,Combined Max-Sharpe,CR_XLM-USD,0.0
2021-10-01,Combined Max-Sharpe,CR_XRP-USD,0.0
2021-11-01,Combined Max-Sharpe,EQ_ABBV,0.05622591847849485
2021-11-01,Combined Max-Sharpe,EQ_ABT,0.06386639705870276
2021-11-01,Combined Max-Sharpe,EQ_ADBE,4.272106444608302e-17
2021-11-01,Combined Max-Sharpe,EQ_AEP,0.0
2021-11-01,Combined Max-Sharpe,EQ_AMD,0.012363306233176835
2021-11-01,Combined Max-Sharpe,EQ_AMGN,0.0
2021-11-01,Combined Max-Sharpe,EQ_AMT,1.2012445794976015e-17
2021-11-01,Combined Max-Sharpe,EQ_BA,0.0
2021-11-01,Combined Max-Sharpe,EQ_CAT,0.0
2021-11-01,Combined Max-Sharpe,EQ_CCI,1.044754039000358e-17
2021-11-01,Combined Max-Sharpe,EQ_CMCSA,0.0
2021-11-01,Combined Max-Sharpe,EQ_COP,3.963875405175382e-17
2021-11-01,Combined Max-Sharpe,EQ_CVX,0.0
2021-11-01,Combined Max-Sharpe,EQ_D,2.3203312074884684e-18
2021-11-01,Combined Max-Sharpe,EQ_DD,0.0
2021-11-01,Combined Max-Sharpe,EQ_DIS,3.2273360984315145e-19
2021-11-01,Combined Max-Sharpe,EQ_DOW,0.0
2021-11-01,Combined Max-Sharpe,EQ_DUK,5.772527874299992e-18
2021-11-01,Combined Max-Sharpe,EQ_EA,0.0016821317180357967
2021-11-01,Combined Max-Sharpe,EQ_GE,0.0
2021-11-01,Combined Max-Sharpe,EQ_GILD,0.0
2021-11-01,Combined Max-Sharpe,EQ_GS,0.14560200049035305
2021-11-01,Combined Max-Sharpe,EQ_INTC,0.0
2021-11-01,Combined Max-Sharpe,EQ_KO,5.828291749809327e-18
2021-11-01,Combined Max-Sharpe,EQ_MMM,2.6013605100237885e-18
2021-11-01,Combined Max-Sharpe,EQ_MRK,0.018025494379383156
2021-11-01,Combined Max-Sharpe,EQ_MS,0.009798575273196164
2021-11-01,Combined Max-Sharpe,EQ_NEE,1.1782863382595968e-18
2021-11-01,Combined Max-Sharpe,EQ_NEM,4.8225869331161364e-18
2021-11-01,Combined Max-Sharpe,EQ_NKE,4.816279483930126e-18
2021-11-01,Combined Max-Sharpe,EQ_NUE,1.6694492319151038e-17
2021-11-01,Combined Max-Sharpe,EQ_NVDA,0.07298178026500299
2021-11-01,Combined Max-Sharpe,EQ_O,0.0
2021-11-01,Combined Max-Sharpe,EQ_OXY,0.06034394750421806
2021-11-01,Combined Max-Sharpe,EQ_PLD,0.04191135444014675
2021-11-01,Combined Max-Sharpe,EQ_PSA,0.36259648929683796
2021-11-01,Combined Max-Sharpe,EQ_QCOM,0.0
2021-11-01,Combined Max-Sharpe,EQ_SBUX,1.003968130453503e-18
2021-11-01,Combined Max-Sharpe,EQ_SHW,0.01676859423596811
2021-11-01,Combined Max-Sharpe,EQ_SLB,0.0
2021-11-01,Combined Max-Sharpe,EQ_SO,0.0
2021-11-01,Combined Max-Sharpe,EQ_T,3.9872792847394745e-18
2021-11-01,Combined Max-Sharpe,EQ_TMUS,0.0
2021-11-01,Combined Max-Sharpe,EQ_TTWO,0.0
2021-11-01,Combined Max-Sharpe,EQ_UPS,0.0
2021-11-01,Combined Max-Sharpe,EQ_USB,4.863532676239524e-19
2021-11-01,Combined Max-Sharpe,EQ_V,0.0
2021-11-01,Combined Max-Sharpe,EQ_WFC,0.1007846798529593
2021-11-01,Combined Max-Sharpe,EQ_WMT,0.0
2021-11-01,Combined Max-Sharpe,EQ_XOM,0.0
2021-11-01,Combined Max-Sharpe,CR_ADA-USD,0.03335285278068747
2021-11-01,Combined Max-Sharpe,CR_BCH-USD,7.083718538733092e-18
2021-11-01,Combined Max-Sharpe,CR_BTC-USD,7.716107352112527e-19
2021-11-01,Combined Max-Sharpe,CR_EOS-USD,0.0
2021-11-01,Combined Max-Sharpe,CR_ETC-USD,0.003696477992836924
2021-11-01,Combined Max-Sharpe,CR_ETH-USD,0.0
2021-11-01,Combined Max-Sharpe,CR_LTC-USD,0.0
2021-11-01,Combined Max-Sharpe,CR_TRX-USD,0.0
2021-11-01,Combined Max-Sharpe,CR_XLM-USD,0.0
2021-11-01,Combined Max-Sharpe,CR_XRP-USD,0.0
2021-12-01,Combined Max-Sharpe,EQ_ABBV,0.0
2021-12-01,Combined Max-Sharpe,EQ_ABT,0.0024735151687053547
2021-12-01,Combined Max-Sharpe,EQ_ADBE,1.1190275978373283e-18
2021-12-01,Combined Max-Sharpe,EQ_AEP,1.1920579094936298e-17
2021-12-01,Combined Max-Sharpe,EQ_AMD,2.9039593858348244e-17
2021-12-01,Combined Max-Sharpe,EQ_AMGN,0.0
2021-12-01,Combined Max-Sharpe,EQ_AMT,0.0
2021-12-01,Combined Max-Sharpe,EQ_BA,0.0
2021-12-01,Combined Max-Sharpe,EQ_CAT,0.0
2021-12-01,Combined Max-Sharpe,EQ_CCI,0.0
2021-12-01,Combined Max-Sharpe,EQ_CMCSA,0.0
2021-12-01,Combined Max-Sharpe,EQ_COP,0.04502225764859715
2021-12-01,Combined Max-Sharpe,EQ_CVX,2.6288228034348507e-18
2021-12-01,Combined Max-Sharpe,EQ_D,4.700687235318952e-18
2021-12-01,Combined Max-Sharpe,EQ_DD,0.0
2021-12-01,Combined Max-Sharpe,EQ_DIS,0.0
2021-12-01,Combined Max-Sharpe,EQ_DOW,0.0
2021-12-01,Combined Max-Sharpe,EQ_DUK,0.0
2021-12-01,Combined Max-Sharpe,EQ_EA,0.0
2021-12-01,Combined Max-Sharpe,EQ_GE,6.037855992730145e-18
2021-12-01,Combined Max-Sharpe,EQ_GILD,0.08534403836997824
2021-12-01,Combined Max-Sharpe,EQ_GS,0.10787587520246959
2021-12-01,Combined Max-Sharpe,EQ_INTC,0.0
2021-12-01,Combined Max-Sharpe,EQ_KO,2.729494523260312e-18
2021-12-01,Combined Max-Sharpe,EQ_MMM,1.114872256651949e-17
2021-12-01,Combined Max-Sharpe,EQ_MRK,9.587457386471786e-18
2021-12-01,Combined Max-Sharpe,EQ_MS,1.1719210004835884e-17
2021-12-01,Combined Max-Sharpe,EQ_NEE,7.199808987335201e-18
2021-12-01,Combined Max-Sharpe,EQ_NEM,0.0
2021-12-01,Combined Max-Sharpe,EQ_NKE,3.0673463016769016e-18
2021-12-01,Combined Max-Sharpe,EQ_NUE,0.03886474208693561
2021-12-01,Combined Max-Sharpe,EQ_NVDA,0.14542590328103375
2021-12-01,Combined Max-Sharpe,EQ_O,0.0
2021-12-01,Combined Max-Sharpe,EQ_OXY,0.0
2021-12-01,Combined Max-Sharpe,EQ_PLD,0.03545220957386686
2021-12-01,Combined Max-Sharpe,EQ_PSA,0.39153355169664644
2021-12-01,Combined Max-Sharpe,EQ_QCOM,8.70622542051884e-18
2021-12-01,Combined Max-Sharpe,EQ_SBUX,1.0977157832978396e-17
2021-12-01,Combined Max-Sharpe,EQ_SHW,0.020134199108732695
2021-12-01,Combined Max-Sharpe,EQ_SLB,6.7005897413884635e-18
2021-12-01,Combined Max-Sharpe,EQ_SO,0.0
2021-12-01,Combined Max-Sharpe,EQ_T,0.0
2021-12-01,Combined Max-Sharpe,EQ_TMUS,0.0
2021-12-01,Combined Max-Sharpe,EQ_TTWO,0.0
2021-12-01,Combined Max-Sharpe,EQ_UPS,0.0
2021-12-01,Combined Max-Sharpe,EQ_USB,0.0
2021-12-01,Combined Max-Sharpe,EQ_V,0.0
2021-12-01,Combined Max-Sharpe,EQ_WFC,0.07680589617069694
2021-12-01,Combined Max-Sharpe,EQ_WMT,0.0
2021-12-01,Combined Max-Sharpe,EQ_XOM,0.024802720633558997
2021-12-01,Combined Max-Sharpe,CR_ADA-USD,0.023430040840520007
2021-12-01,Combined Max-Sharpe,CR_BCH-USD,0.0
2021-12-01,Combined Max-Sharpe,CR_BTC-USD,0.0
2021-12-01,Combined Max-Sharpe,CR_EOS-USD,0.0
2021-12-01,Combined Max-Sharpe,CR_ETC-USD,0.0028350502182584057
2021-12-01,Combined Max-Sharpe,CR_ETH-USD,9.62415334204628e-19
2021-12-01,Combined Max-Sharpe,CR_LTC-USD,1.8220260241090438e-18
2021-12-01,Combined Max-Sharpe,CR_TRX-USD,1.995855618855523e-18
2021-12-01,Combined Max-Sharpe,CR_XLM-USD,0.0
2021-12-01,Combined Max-Sharpe,CR_XRP-USD,0.0
2022-01-03,Combined Max-Sharpe,EQ_ABBV,7.799151234237586e-18
2022-01-03,Combined Max-Sharpe,EQ_ABT,0.0614252470060405
2022-01-03,Combined Max-Sharpe,EQ_ADBE,1.7963059778954638e-18
2022-01-03,Combined Max-Sharpe,EQ_AEP,0.0
2022-01-03,Combined Max-Sharpe,EQ_AMD,1.900192544474105e-18
2022-01-03,Combined Max-Sharpe,EQ_AMGN,1.4566530505177362e-18
2022-01-03,Combined Max-Sharpe,EQ_AMT,2.0312955692920204e-17
2022-01-03,Combined Max-Sharpe,EQ_BA,7.412513756189243e-18
2022-01-03,Combined Max-Sharpe,EQ_CAT,0.0
2022-01-03,Combined Max-Sharpe,EQ_CCI,1.4748969741266513e-17
2022-01-03,Combined Max-Sharpe,EQ_CMCSA,0.0
2022-01-03,Combined Max-Sharpe,EQ_COP,0.08621247221813161
2022-01-03,Combined Max-Sharpe,EQ_CVX,0.0
2022-01-03,Combined Max-Sharpe,EQ_D,0.0
2022-01-03,Combined Max-Sharpe,EQ_DD,0.0
2022-01-03,Combined Max-Sharpe,EQ_DIS,0.0
2022-01-03,Combined Max-Sharpe,EQ_DOW,0.0
2022-01-03,Combined Max-Sharpe,EQ_DUK,5.957788480427238e-18
2022-01-03,Combined Max-Sharpe,EQ_EA,2.2025500540581263e-18
2022-01-03,Combined Max-Sharpe,EQ_GE,1.0974247644581515e-18
2022-01-03,Combined Max-Sharpe,EQ_GILD,0.11145115528195776
2022-01-03,Combined Max-Sharpe,EQ_GS,0.0
2022-01-03,Combined Max-Sharpe,EQ_INTC,4.782626986017421e-18
2022-01-03,Combined Max-Sharpe,EQ_KO,7.08323602931129e-19
2022-01-03,Combined Max-Sharpe,EQ_MMM,0.0
2022-01-03,Combined Max-Sharpe,EQ_MRK,2.3909608673185338e-20
2022-01-03,Combined Max-Sharpe,EQ_MS,0.0
2022-01-03,Combined Max-Sharpe,EQ_NEE,2.666046316473669e-18
2022-01-03,Combined Max-Sharpe,EQ_NEM,2.9164237931476144e-18
2022-01-03,Combined Max-Sharpe,EQ_NKE,0.0
2022-01-03,Combined Max-Sharpe,EQ_NUE,0.09731554617404001
2022-01-03,Combined Max-Sharpe,EQ_NVDA,0.08587746456714179
2022-01-03,Combined Max-Sharpe,EQ_O,0.0
2022-01-03,Combined Max-Sharpe,EQ_OXY,1.2603415648168226e-17
2022-01-03,Combined Max-Sharpe,EQ_PLD,0.09903860387519398
2022-01-03,Combined Max-Sharpe,EQ_PSA,0.3847447572311546
2022-01-03,Combined Max-Sharpe,EQ_QCOM,8.723898492917303e-18
2022-01-03,Combined Max-Sharpe,EQ_SBUX,4.802728071813576e-18
2022-01-03,Combined Max-Sharpe,EQ_SHW,0.025481115862251522
2022-01-03,Combined Max-Sharpe,EQ_SLB,0.0
2022-01-03,Combined Max-Sharpe,EQ_SO,0.0
2022-01-03,Combined Max-Sharpe,EQ_T,1.5700274971590588e-18
2022-01-03,Combined Max-Sharpe,EQ_TMUS,2.5936545017183842e-18
2022-01-03,Combined Max-Sharpe,EQ_TTWO,0.0
2022-01-03,Combined Max-Sharpe,EQ_UPS,0.0
2022-01-03,Combined Max-Sharpe,EQ_USB,1.1831645157862864e-17
2022-01-03,Combined Max-Sharpe,EQ_V,0.0
2022-01-03,Combined Max-Sharpe,EQ_WFC,0.027553575003847815
2022-01-03,Combined Max-Sharpe,EQ_WMT,4.474189453425083e-18
2022-01-03,Combined Max-Sharpe,EQ_XOM,0.0
2022-01-03,Combined Max-Sharpe,CR_ADA-USD,0.012658349687152078
2022-01-03,Combined Max-Sharpe,CR_BCH-USD,0.0
2022-01-03,Combined Max-Sharpe,CR_BTC-USD,0.0
2022-01-03,Combined Max-Sharpe,CR_EOS-USD,0.0
2022-01-03,Combined Max-Sharpe,CR_ETC-USD,0.008241713093088377
2022-01-03,Combined Max-Sharpe,CR_ETH-USD,0.0
2022-01-03,Combined Max-Sharpe,CR_LTC-USD,0.0
2022-01-03,Combined Max-Sharpe,CR_TRX-USD,1.5599989714282154e-18
2022-01-03,Combined Max-Sharpe,CR_XLM-USD,0.0
2022-01-03,Combined Max-Sharpe,CR_XRP-USD,9.881374233345614e-18
2022-02-01,Combined Max-Sharpe,EQ_ABBV,0.11411067378672851
2022-02-01,Combined Max-Sharpe,EQ_ABT,1.5444237570432302e-17
2022-02-01,Combined Max-Sharpe,EQ_ADBE,0.0
2022-02-01,Combined Max-Sharpe,EQ_AEP,1.4711384195004378e-17
2022-02-01,Combined Max-Sharpe,EQ_AMD,0.0
2022-02-01,Combined Max-Sharpe,EQ_AMGN,0.0
2022-02-01,Combined Max-Sharpe,EQ_AMT,0.0
2022-02-01,Combined Max-Sharpe,EQ_BA,0.0
2022-02-01,Combined Max-Sharpe,EQ_CAT,0.0
2022-02-01,Combined Max-Sharpe,EQ_CCI,1.599700467707357e-17
2022-02-01,Combined Max-Sharpe,EQ_CMCSA,2.610429373227934e-19
2022-02-01,Combined Max-Sharpe,EQ_COP,0.1694165177639934
2022-02-01,Combined Max-Sharpe,EQ_CVX,1.539108038516609e-17
2022-02-01,Combined Max-Sharpe,EQ_D,1.779900692375578e-17
2022-02-01,Combined Max-Sharpe,EQ_DD,0.0
2022-02-01,Combined Max-Sharpe,EQ_DIS,0.0
2022-02-01,Combined Max-Sharpe,EQ_DOW,0.0
2022-02-01,Combined Max-Sharpe,EQ_DUK,3.7559695655315314e-17
2022-02-01,Combined Max-Sharpe,EQ_EA,0.0
2022-02-01,Combined Max-Sharpe,EQ_GE,0.0
2022-02-01,Combined Max-Sharpe,EQ_GILD,6.219460878451372e-19
2022-02-01,Combined Max-Sharpe,EQ_GS,0.0
2022-02-01,Combined Max-Sharpe,EQ_INTC,0.0
2022-02-01,Combined Max-Sharpe,EQ_KO,2.194930683457044e-17
2022-02-01,Combined Max-Sharpe,EQ_MMM,0.0
2022-02-01,Combined Max-Sharpe,EQ_MRK,8.344716890417191e-18
2022-02-01,Combined Max-Sharpe,EQ_MS,0.0009173420834639706
2022-02-01,Combined Max-Sharpe,EQ_NEE,0.0
2022-02-01,Combined Max-Sharpe,EQ_NEM,0.0
2022-02-01,Combined Max-Sharpe,EQ_NKE,0.0
2022-02-01,Combined Max-Sharpe,EQ_NUE,0.06741998250634253
2022-02-01,Combined Max-Sharpe,EQ_NVDA,0.05671569347708937
2022-02-01,Combined Max-Sharpe,EQ_O,1.555331297528051e-17
2022-02-01,Combined Max-Sharpe,EQ_OXY,0.0
2022-02-01,Combined Max-Sharpe,EQ_PLD,0.06783688798664628
2022-02-01,Combined Max-Sharpe,EQ_PSA,0.4140059639096805
2022-02-01,Combined Max-Sharpe,EQ_QCOM,0.0
2022-02-01,Combined Max-Sharpe,EQ_SBUX,0.0
2022-02-01,Combined Max-Sharpe,EQ_SHW,8.702002244308414e-18
2022-02-01,Combined Max-Sharpe,EQ_SLB,0.0
2022-02-01,Combined Max-Sharpe,EQ_SO,0.030442521816825406
2022-02-01,Combined Max-Sharpe,EQ_T,0.0
2022-02-01,Combined Max-Sharpe,EQ_TMUS,6.915056686702992e-18
2022-02-01,Combined Max-Sharpe,EQ_TTWO,0.0
2022-02-01,Combined Max-Sharpe,EQ_UPS,7.698770016024656e-18
2022-02-01,Combined Max-Sharpe,EQ_USB,0.0
2022-02-01,Combined Max-Sharpe,EQ_V,0.0
2022-02-01,Combined Max-Sharpe,EQ_WFC,0.06194544218953264
2022-02-01,Combined Max-Sharpe,EQ_WMT,0.0
2022-02-01,Combined Max-Sharpe,EQ_XOM,2.817204327431425e-17
2022-02-01,Combined Max-Sharpe,CR_ADA-USD,5.4041059250422686e-18
2022-02-01,Combined Max-Sharpe,CR_BCH-USD,1.0695007248793527e-18
2022-02-01,Combined Max-Sharpe,CR_BTC-USD,2.7452475068643954e-18
2022-02-01,Combined Max-Sharpe,CR_EOS-USD,1.558456786014631e-17
2022-02-01,Combined Max-Sharpe,CR_ETC-USD,0.017188974479697493
2022-02-01,Combined Max-Sharpe,CR_ETH-USD,2.8839050847303854e-18
2022-02-01,Combined Max-Sharpe,CR_LTC-USD,1.0091690467115855e-18
2022-02-01,Combined Max-Sharpe,CR_TRX-USD,3.6627942932725994e-18
2022-02-01,Combined Max-Sharpe,CR_XLM-USD,9.989727099496982e-18
2022-02-01,Combined Max-Sharpe,CR_XRP-USD,0.0
2022-03-01,Combined Max-Sharpe,EQ_ABBV,0.18068982788609075
2022-03-01,Combined Max-Sharpe,EQ_ABT,0.0
2022-03-01,Combined Max-Sharpe,EQ_ADBE,1.1691912537891774e-17
2022-03-01,Combined Max-Sharpe,EQ_AEP,0.031089152326408798
2022-03-01,Combined Max-Sharpe,EQ_AMD,4.033841243584453e-18
2022-03-01,Combined Max-Sharpe,EQ_AMGN,1.409279585425423e-17
2022-03-01,Combined Max-Sharpe,EQ_AMT,1.6555400541102884e-17
2022-03-01,Combined Max-Sharpe,EQ_BA,1.7264658345837976e-17
2022-03-01,Combined Max-Sharpe,EQ_CAT,8.443405032859255e-18
2022-03-01,Combined Max-Sharpe,EQ_CCI,0.0
2022-03-01,Combined Max-Sharpe,EQ_CMCSA,1.4990884283913894e-17
2022-03-01,Combined Max-Sharpe,EQ_COP,0.1580139335446184
2022-03-01,Combined Max-Sharpe,EQ_CVX,1.210089391364699e-18
2022-03-01,Combined Max-Sharpe,EQ_D,0.0
2022-03-01,Combined Max-Sharpe,EQ_DD,0.0
2022-03-01,Combined Max-Sharpe,EQ_DIS,2.2560659478309195e-17
2022-03-01,Combined Max-Sharpe,EQ_DOW,1.1933431819184038e-17
2022-03-01,Combined Max-Sharpe,EQ_DUK,2.9176917695532057e-17
2022-03-01,Combined Max-Sharpe,EQ_EA,5.819732302421792e-18
2022-03-01,Combined Max-Sharpe,EQ_GE,2.4392364750223452e-17
2022-03-01,Combined Max-Sharpe,EQ_GILD,1.972401402909851e-17
2022-03-01,Combined Max-Sharpe,EQ_GS,0.0
2022-03-01,Combined Max-Sharpe,EQ_INTC,0.0
2022-03-01,Combined Max-Sharpe,EQ_KO,0.038526283705303206
2022-03-01,Combined Max-Sharpe,EQ_MMM,1.1140800689502203e-17
2022-03-01,Combined Max-Sharpe,EQ_MRK,5.666275394040958e-18
2022-03-01,Combined Max-Sharpe,EQ_MS,2.5703731810379447e-18
2022-03-01,Combined Max-Sharpe,EQ_NEE,1.3703003827976538e-17
2022-03-01,Combined Max-Sharpe,EQ_NEM,0.014126085606461497
2022-03-01,Combined Max-Sharpe,EQ_NKE,7.327792175501481e-18
2022-03-01,Combined Max-Sharpe,EQ_NUE,0.09331125511677132
2022-03-01,Combined Max-Sharpe,EQ_NVDA,0.05097225910502744
2022-03-01,Combined Max-Sharpe,EQ_O,2.3080103797317813e-17
2022-03-01,Combined Max-Sharpe,EQ_OXY,0.0
2022-03-01,Combined Max-Sharpe,EQ_PLD,0.0
2022-03-01,Combined Max-Sharpe,EQ_PSA,0.4117841524167643
2022-03-01,Combined Max-Sharpe,EQ_QCOM,2.711487037062818e-17
2022-03-01,Combined Max-Sharpe,EQ_SBUX,1.5413517142482967e-17
2022-03-01,Combined Max-Sharpe,EQ_SHW,6.189491911911347e-18
2022-03-01,Combined Max-Sharpe,EQ_SLB,0.0
2022-03-01,Combined Max-Sharpe,EQ_SO,6.220298385030242e-18
2022-03-01,Combined Max-Sharpe,EQ_T,0.0
2022-03-01,Combined Max-Sharpe,EQ_TMUS,0.0
2022-03-01,Combined Max-Sharpe,EQ_TTWO,6.108095095093555e-18
2022-03-01,Combined Max-Sharpe,EQ_UPS,0.0
2022-03-01,Combined Max-Sharpe,EQ_USB,9.376423011203937e-18
2022-03-01,Combined Max-Sharpe,EQ_V,1.7509474738699894e-17
2022-03-01,Combined Max-Sharpe,EQ_WFC,0.0
2022-03-01,Combined Max-Sharpe,EQ_WMT,1.0533931440795467e-17
2022-03-01,Combined Max-Sharpe,EQ_XOM,0.0
2022-03-01,Combined Max-Sharpe,CR_ADA-USD,0.0
2022-03-01,Combined Max-Sharpe,CR_BCH-USD,2.1941827867098425e-17
2022-03-01,Combined Max-Sharpe,CR_BTC-USD,1.2641451706972423e-17
2022-03-01,Combined Max-Sharpe,CR_EOS-USD,0.0
2022-03-01,Combined Max-Sharpe,CR_ETC-USD,0.021487050292554568
2022-03-01,Combined Max-Sharpe,CR_ETH-USD,4.024803128303523e-18
2022-03-01,Combined Max-Sharpe,CR_LTC-USD,0.0
2022-03-01,Combined Max-Sharpe,CR_TRX-USD,0.0
2022-03-01,Combined Max-Sharpe,CR_XLM-USD,0.0
2022-03-01,Combined Max-Sharpe,CR_XRP-USD,0.0
2022-04-01,Combined Max-Sharpe,EQ_ABBV,0.30062901917560425
2022-04-01,Combined Max-Sharpe,EQ_ABT,0.0
2022-04-01,Combined Max-Sharpe,EQ_ADBE,0.0
2022-04-01,Combined Max-Sharpe,EQ_AEP,0.0
2022-04-01,Combined Max-Sharpe,EQ_AMD,0.0
2022-04-01,Combined Max-Sharpe,EQ_AMGN,0.0
2022-04-01,Combined Max-Sharpe,EQ_AMT,3.269309816116421e-18
2022-04-01,Combined Max-Sharpe,EQ_BA,2.7544669725745666e-17
2022-04-01,Combined Max-Sharpe,EQ_CAT,0.0
2022-04-01,Combined Max-Sharpe,EQ_CCI,4.083785468953261e-17
2022-04-01,Combined Max-Sharpe,EQ_CMCSA,9.434472014584416e-18
2022-04-01,Combined Max-Sharpe,EQ_COP,0.08438003026009347
2022-04-01,Combined Max-Sharpe,EQ_CVX,0.09178524913578305
2022-04-01,Combined Max-Sharpe,EQ_D,3.9182886668232964e-18
2022-04-01,Combined Max-Sharpe,EQ_DD,8.265398675008155e-18
2022-04-01,Combined Max-Sharpe,EQ_DIS,2.2518076498941038e-17
2022-04-01,Combined Max-Sharpe,EQ_DOW,1.2868270116882068e-18
2022-04-01,Combined Max-Sharpe,EQ_DUK,0.0
2022-04-01,Combined Max-Sharpe,EQ_EA,0.0
2022-04-01,Combined Max-Sharpe,EQ_GE,1.442639176072259e-17
2022-04-01,Combined Max-Sharpe,EQ_GILD,0.0
2022-04-01,Combined Max-Sharpe,EQ_GS,0.0
2022-04-01,Combined Max-Sharpe,EQ_INTC,8.905379537916241e-18
2022-04-01,Combined Max-Sharpe,EQ_KO,0.0
2022-04-01,Combined Max-Sharpe,EQ_MMM,1.5557196846925713e-17
2022-04-01,Combined Max-Sharpe,EQ_MRK,1.1292547513196707e-17
2022-04-01,Combined Max-Sharpe,EQ_MS,0.0
2022-04-01,Combined Max-Sharpe,EQ_NEE,0.0019468414720254024
2022-04-01,Combined Max-Sharpe,EQ_NEM,0.049361381701774766
2022-04-01,Combined Max-Sharpe,EQ_NKE,0.0
2022-04-01,Combined Max-Sharpe,EQ_NUE,0.03144585825291718
2022-04-01,Combined Max-Sharpe,EQ_NVDA,0.05930773145660173
2022-04-01,Combined Max-Sharpe,EQ_O,8.221807916211937e-17
2022-04-01,Combined Max-Sharpe,EQ_OXY,0.00932629615461632
2022-04-01,Combined Max-Sharpe,EQ_PLD,0.02230738086415643
2022-04-01,Combined Max-Sharpe,EQ_PSA,0.3309229497818651
2022-04-01,Combined Max-Sharpe,EQ_QCOM,0.0
2022-04-01,Combined Max-Sharpe,EQ_SBUX,3.862617439794931e-18
2022-04-01,Combined Max-Sharpe,EQ_SHW,0.0
2022-04-01,Combined Max-Sharpe,EQ_SLB,6.775298847171944e-18
2022-04-01,Combined Max-Sharpe,EQ_SO,0.0
2022-04-01,Combined Max-Sharpe,EQ_T,2.3430051820660197e-17
2022-04-01,Combined Max-Sharpe,EQ_TMUS,0.0
2022-04-01,Combined Max-Sharpe,EQ_TTWO,8.041275178298378e-18
2022-04-01,Combined Max-Sharpe,EQ_UPS,2.9511570159665258e-18
2022-04-01,Combined Max-Sharpe,EQ_USB,0.0
2022-04-01,Combined Max-Sharpe,EQ_V,0.0
2022-04-01,Combined Max-Sharpe,EQ_WFC,0.0
2022-04-01,Combined Max-Sharpe,EQ_WMT,0.0
2022-04-01,Combined Max-Sharpe,EQ_XOM,1.2846015199554314e-17
2022-04-01,Combined Max-Sharpe,CR_ADA-USD,4.3177837740095413e-17
2022-04-01,Combined Max-Sharpe,CR_BCH-USD,6.243992625310106e-17
2022-04-01,Combined Max-Sharpe,CR_BTC-USD,3.8287763430490365e-17
2022-04-01,Combined Max-Sharpe,CR_EOS-USD,6.731929108049626e-17
2022-04-01,Combined Max-Sharpe,CR_ETC-USD,0.018587261744562114
2022-04-01,Combined Max-Sharpe,CR_ETH-USD,6.695870729123666e-18
2022-04-01,Combined Max-Sharpe,CR_LTC-USD,3.956883908456752e-17
2022-04-01,Combined Max-Sharpe,CR_TRX-USD,2.6585876689546977e-17
2022-04-01,Combined Max-Sharpe,CR_XLM-USD,4.4076401758212015e-17
2022-04-01,Combined Max-Sharpe,CR_XRP-USD,5.8244120731454934e-18
2022-05-02,Combined Max-Sharpe,EQ_ABBV,0.1977573576446823
2022-05-02,Combined Max-Sharpe,EQ_ABT,4.820556724656527e-18
2022-05-02,Combined Max-Sharpe,EQ_ADBE,6.89935012911106e-18
2022-05-02,Combined Max-Sharpe,EQ_AEP,1.6543765470221478e-17
2022-05-02,Combined Max-Sharpe,EQ_AMD,1.7780436486749207e-17
2022-05-02,Combined Max-Sharpe,EQ_AMGN,1.3994110957513968e-17
2022-05-02,Combined Max-Sharpe,EQ_AMT,6.7420966752521045e-18
2022-05-02,Combined Max-Sharpe,EQ_BA,0.0
2022-05-02,Combined Max-Sharpe,EQ_CAT,1.892137551380952e-17
2022-05-02,Combined Max-Sharpe,EQ_CCI,6.695842877244211e-19
2022-05-02,Combined Max-Sharpe,EQ_CMCSA,0.0
2022-05-02,Combined Max-Sharpe,EQ_COP,0.17409775473871295
2022-05-02,Combined Max-Sharpe,EQ_CVX,0.0847157254283109
2022-05-02,Combined Max-Sharpe,EQ_D,0.0
2022-05-02,Combined Max-Sharpe,EQ_DD,8.610241758670065e-18
2022-05-02,Combined Max-Sharpe,EQ_DIS,0.0
2022-05-02,Combined Max-Sharpe,EQ_DOW,1.822531477802317e-17
2022-05-02,Combined Max-Sharpe,EQ_DUK,1.0541695493489374e-17
2022-05-02,Combined Max-Sharpe,EQ_EA,1.501337902226989e-17
2022-05-02,Combined Max-Sharpe,EQ_GE,0.0
2022-05-02,Combined Max-Sharpe,EQ_GILD,2.754348871233319e-18
2022-05-02,Combined Max-Sharpe,EQ_GS,1.6707779162193758e-17
2022-05-02,Combined Max-Sharpe,EQ_INTC,0.0
2022-05-02,Combined Max-Sharpe,EQ_KO,0.02268488115701457
2022-05-02,Combined Max-Sharpe,EQ_MMM,0.0
2022-05-02,Combined Max-Sharpe,EQ_MRK,0.08067108643288703
2022-05-02,Combined Max-Sharpe,EQ_MS,1.3489675813633959e-17
2022-05-02,Combined Max-Sharpe,EQ_NEE,1.0504340246802081e-17
2022-05-02,Combined Max-Sharpe,EQ_NEM,1.1631587900409554e-17
2022-05-02,Combined Max-Sharpe,EQ_NKE,2.809218841957969e-17
2022-05-02,Combined Max-Sharpe,EQ_NUE,0.10481749528000178
2022-05-02,Combined Max-Sharpe,EQ_NVDA,5.3361131447768186e-17
2022-05-02,Combined Max-Sharpe,EQ_O,0.0
2022-05-02,Combined Max-Sharpe,EQ_OXY,0.012924705306843632
2022-05-02,Combined Max-Sharpe,EQ_PLD,0.2237273470189079
2022-05-02,Combined Max-Sharpe,EQ_PSA,0.09860364699263847
2022-05-02,Combined Max-Sharpe,EQ_QCOM,7.320378254562356e-18
2022-05-02,Combined Max-Sharpe,EQ_SBUX,0.0
2022-05-02,Combined Max-Sharpe,EQ_SHW,8.352536676696508e-18
2022-05-02,Combined Max-Sharpe,EQ_SLB,1.9369976401200966e-17
2022-05-02,Combined Max-Sharpe,EQ_SO,2.1477925760011695e-17
2022-05-02,Combined Max-Sharpe,EQ_T,2.5124269913099003e-18
2022-05-02,Combined Max-Sharpe,EQ_TMUS,2.089789399684209e-17
2022-05-02,Combined Max-Sharpe,EQ_TTWO,0.0
2022-05-02,Combined Max-Sharpe,EQ_UPS,1.2180691620033912e-17
2022-05-02,Combined Max-Sharpe,EQ_USB,5.35289198035347e-18
2022-05-02,Combined Max-Sharpe,EQ_V,1.616508548303346e-17
2022-05-02,Combined Max-Sharpe,EQ_WFC,1.1014456422862906e-17
2022-05-02,Combined Max-Sharpe,EQ_WMT,1.0873553763816125e-17
2022-05-02,Combined Max-Sharpe,EQ_XOM,4.286042288190874e-18
2022-05-02,Combined Max-Sharpe,CR_ADA-USD,0.0
2022-05-02,Combined Max-Sharpe,CR_BCH-USD,0.0
2022-05-02,Combined Max-Sharpe,CR_BTC-USD,0.0
2022-05-02,Combined Max-Sharpe,CR_EOS-USD,0.0
2022-05-02,Combined Max-Sharpe,CR_ETC-USD,4.203734123373633e-17
2022-05-02,Combined Max-Sharpe,CR_ETH-USD,1.65295775248071e-17
2022-05-02,Combined Max-Sharpe,CR_LTC-USD,0.0
2022-05-02,Combined Max-Sharpe,CR_TRX-USD,0.0
2022-05-02,Combined Max-Sharpe,CR_XLM-USD,0.0
2022-05-02,Combined Max-Sharpe,CR_XRP-USD,0.0
2022-06-01,Combined Max-Sharpe,EQ_ABBV,0.016666666666666666
2022-06-01,Combined Max-Sharpe,EQ_ABT,0.016666666666666666
2022-06-01,Combined Max-Sharpe,EQ_ADBE,0.016666666666666666
2022-06-01,Combined Max-Sharpe,EQ_AEP,0.016666666666666666
2022-06-01,Combined Max-Sharpe,EQ_AMD,0.016666666666666666
2022-06-01,Combined Max-Sharpe,EQ_AMGN,0.016666666666666666
2022-06-01,Combined Max-Sharpe,EQ_AMT,0.016666666666666666
2022-06-01,Combined Max-Sharpe,EQ_BA,0.016666666666666666
2022-06-01,Combined Max-Sharpe,EQ_CAT,0.016666666666666666
2022-06-01,Combined Max-Sharpe,EQ_CCI,0.016666666666666666
2022-06-01,Combined Max-Sharpe,EQ_CMCSA,0.016666666666666666
2022-06-01,Combined Max-Sharpe,EQ_COP,0.016666666666666666
2022-06-01,Combined Max-Sharpe,EQ_CVX,0.016666666666666666
2022-06-01,Combined Max-Sharpe,EQ_D,0.016666666666666666
2022-06-01,Combined Max-Sharpe,EQ_DD,0.016666666666666666
2022-06-01,Combined Max-Sharpe,EQ_DIS,0.016666666666666666
2022-06-01,Combined Max-Sharpe,EQ_DOW,0.016666666666666666
2022-06-01,Combined Max-Sharpe,EQ_DUK,0.016666666666666666
2022-06-01,Combined Max-Sharpe,EQ_EA,0.016666666666666666
2022-06-01,Combined Max-Sharpe,EQ_GE,0.016666666666666666
2022-06-01,Combined Max-Sharpe,EQ_GILD,0.016666666666666666
2022-06-01,Combined Max-Sharpe,EQ_GS,0.016666666666666666
2022-06-01,Combined Max-Sharpe,EQ_INTC,0.016666666666666666
2022-06-01,Combined Max-Sharpe,EQ_KO,0.016666666666666666
2022-06-01,Combined Max-Sharpe,EQ_MMM,0.016666666666666666
2022-06-01,Combined Max-Sharpe,EQ_MRK,0.016666666666666666
2022-06-01,Combined Max-Sharpe,EQ_MS,0.016666666666666666
2022-06-01,Combined Max-Sharpe,EQ_NEE,0.016666666666666666
2022-06-01,Combined Max-Sharpe,EQ_NEM,0.016666666666666666
2022-06-01,Combined Max-Sharpe,EQ_NKE,0.016666666666666666
2022-06-01,Combined Max-Sharpe,EQ_NUE,0.016666666666666666
2022-06-01,Combined Max-Sharpe,EQ_NVDA,0.016666666666666666
2022-06-01,Combined Max-Sharpe,EQ_O,0.016666666666666666
2022-06-01,Combined Max-Sharpe,EQ_OXY,0.016666666666666666
2022-06-01,Combined Max-Sharpe,EQ_PLD,0.016666666666666666
2022-06-01,Combined Max-Sharpe,EQ_PSA,0.016666666666666666
2022-06-01,Combined Max-Sharpe,EQ_QCOM,0.016666666666666666
2022-06-01,Combined Max-Sharpe,EQ_SBUX,0.016666666666666666
2022-06-01,Combined Max-Sharpe,EQ_SHW,0.016666666666666666
2022-06-01,Combined Max-Sharpe,EQ_SLB,0.016666666666666666
2022-06-01,Combined Max-Sharpe,EQ_SO,0.016666666666666666
2022-06-01,Combined Max-Sharpe,EQ_T,0.016666666666666666
2022-06-01,Combined Max-Sharpe,EQ_TMUS,0.016666666666666666
2022-06-01,Combined Max-Sharpe,EQ_TTWO,0.016666666666666666
2022-06-01,Combined Max-Sharpe,EQ_UPS,0.016666666666666666
2022-06-01,Combined Max-Sharpe,EQ_USB,0.016666666666666666
2022-06-01,Combined Max-Sharpe,EQ_V,0.016666666666666666
2022-06-01,Combined Max-Sharpe,EQ_WFC,0.016666666666666666
2022-06-01,Combined Max-Sharpe,EQ_WMT,0.016666666666666666
2022-06-01,Combined Max-Sharpe,EQ_XOM,0.016666666666666666
2022-06-01,Combined Max-Sharpe,CR_ADA-USD,0.016666666666666666
2022-06-01,Combined Max-Sharpe,CR_BCH-USD,0.016666666666666666
2022-06-01,Combined Max-Sharpe,CR_BTC-USD,0.016666666666666666
2022-06-01,Combined Max-Sharpe,CR_EOS-USD,0.016666666666666666
2022-06-01,Combined Max-Sharpe,CR_ETC-USD,0.016666666666666666
2022-06-01,Combined Max-Sharpe,CR_ETH-USD,0.016666666666666666
2022-06-01,Combined Max-Sharpe,CR_LTC-USD,0.016666666666666666
2022-06-01,Combined Max-Sharpe,CR_TRX-USD,0.016666666666666666
2022-06-01,Combined Max-Sharpe,CR_XLM-USD,0.016666666666666666
2022-06-01,Combined Max-Sharpe,CR_XRP-USD,0.016666666666666666
2022-07-01,Combined Max-Sharpe,EQ_ABBV,0.016666666666666666
2022-07-01,Combined Max-Sharpe,EQ_ABT,0.016666666666666666
2022-07-01,Combined Max-Sharpe,EQ_ADBE,0.016666666666666666
2022-07-01,Combined Max-Sharpe,EQ_AEP,0.016666666666666666
2022-07-01,Combined Max-Sharpe,EQ_AMD,0.016666666666666666
2022-07-01,Combined Max-Sharpe,EQ_AMGN,0.016666666666666666
2022-07-01,Combined Max-Sharpe,EQ_AMT,0.016666666666666666
2022-07-01,Combined Max-Sharpe,EQ_BA,0.016666666666666666
2022-07-01,Combined Max-Sharpe,EQ_CAT,0.016666666666666666
2022-07-01,Combined Max-Sharpe,EQ_CCI,0.016666666666666666
2022-07-01,Combined Max-Sharpe,EQ_CMCSA,0.016666666666666666
2022-07-01,Combined Max-Sharpe,EQ_COP,0.016666666666666666
2022-07-01,Combined Max-Sharpe,EQ_CVX,0.016666666666666666
2022-07-01,Combined Max-Sharpe,EQ_D,0.016666666666666666
2022-07-01,Combined Max-Sharpe,EQ_DD,0.016666666666666666
2022-07-01,Combined Max-Sharpe,EQ_DIS,0.016666666666666666
2022-07-01,Combined Max-Sharpe,EQ_DOW,0.016666666666666666
2022-07-01,Combined Max-Sharpe,EQ_DUK,0.016666666666666666
2022-07-01,Combined Max-Sharpe,EQ_EA,0.016666666666666666
2022-07-01,Combined Max-Sharpe,EQ_GE,0.016666666666666666
2022-07-01,Combined Max-Sharpe,EQ_GILD,0.016666666666666666
2022-07-01,Combined Max-Sharpe,EQ_GS,0.016666666666666666
2022-07-01,Combined Max-Sharpe,EQ_INTC,0.016666666666666666
2022-07-01,Combined Max-Sharpe,EQ_KO,0.016666666666666666
2022-07-01,Combined Max-Sharpe,EQ_MMM,0.016666666666666666
2022-07-01,Combined Max-Sharpe,EQ_MRK,0.016666666666666666
2022-07-01,Combined Max-Sharpe,EQ_MS,0.016666666666666666
2022-07-01,Combined Max-Sharpe,EQ_NEE,0.016666666666666666
2022-07-01,Combined Max-Sharpe,EQ_NEM,0.016666666666666666
2022-07-01,Combined Max-Sharpe,EQ_NKE,0.016666666666666666
2022-07-01,Combined Max-Sharpe,EQ_NUE,0.016666666666666666
2022-07-01,Combined Max-Sharpe,EQ_NVDA,0.016666666666666666
2022-07-01,Combined Max-Sharpe,EQ_O,0.016666666666666666
2022-07-01,Combined Max-Sharpe,EQ_OXY,0.016666666666666666
2022-07-01,Combined Max-Sharpe,EQ_PLD,0.016666666666666666
2022-07-01,Combined Max-Sharpe,EQ_PSA,0.016666666666666666
2022-07-01,Combined Max-Sharpe,EQ_QCOM,0.016666666666666666
2022-07-01,Combined Max-Sharpe,EQ_SBUX,0.016666666666666666
2022-07-01,Combined Max-Sharpe,EQ_SHW,0.016666666666666666
2022-07-01,Combined Max-Sharpe,EQ_SLB,0.016666666666666666
2022-07-01,Combined Max-Sharpe,EQ_SO,0.016666666666666666
2022-07-01,Combined Max-Sharpe,EQ_T,0.016666666666666666
2022-07-01,Combined Max-Sharpe,EQ_TMUS,0.016666666666666666
2022-07-01,Combined Max-Sharpe,EQ_TTWO,0.016666666666666666
2022-07-01,Combined Max-Sharpe,EQ_UPS,0.016666666666666666
2022-07-01,Combined Max-Sharpe,EQ_USB,0.016666666666666666
2022-07-01,Combined Max-Sharpe,EQ_V,0.016666666666666666
2022-07-01,Combined Max-Sharpe,EQ_WFC,0.016666666666666666
2022-07-01,Combined Max-Sharpe,EQ_WMT,0.016666666666666666
2022-07-01,Combined Max-Sharpe,EQ_XOM,0.016666666666666666
2022-07-01,Combined Max-Sharpe,CR_ADA-USD,0.016666666666666666
2022-07-01,Combined Max-Sharpe,CR_BCH-USD,0.016666666666666666
2022-07-01,Combined Max-Sharpe,CR_BTC-USD,0.016666666666666666
2022-07-01,Combined Max-Sharpe,CR_EOS-USD,0.016666666666666666
2022-07-01,Combined Max-Sharpe,CR_ETC-USD,0.016666666666666666
2022-07-01,Combined Max-Sharpe,CR_ETH-USD,0.016666666666666666
2022-07-01,Combined Max-Sharpe,CR_LTC-USD,0.016666666666666666
2022-07-01,Combined Max-Sharpe,CR_TRX-USD,0.016666666666666666
2022-07-01,Combined Max-Sharpe,CR_XLM-USD,0.016666666666666666
2022-07-01,Combined Max-Sharpe,CR_XRP-USD,0.016666666666666666
2022-08-01,Combined Max-Sharpe,EQ_ABBV,0.016666666666666666
2022-08-01,Combined Max-Sharpe,EQ_ABT,0.016666666666666666
2022-08-01,Combined Max-Sharpe,EQ_ADBE,0.016666666666666666
2022-08-01,Combined Max-Sharpe,EQ_AEP,0.016666666666666666
2022-08-01,Combined Max-Sharpe,EQ_AMD,0.016666666666666666
2022-08-01,Combined Max-Sharpe,EQ_AMGN,0.016666666666666666
2022-08-01,Combined Max-Sharpe,EQ_AMT,0.016666666666666666
2022-08-01,Combined Max-Sharpe,EQ_BA,0.016666666666666666
2022-08-01,Combined Max-Sharpe,EQ_CAT,0.016666666666666666
2022-08-01,Combined Max-Sharpe,EQ_CCI,0.016666666666666666
2022-08-01,Combined Max-Sharpe,EQ_CMCSA,0.016666666666666666
2022-08-01,Combined Max-Sharpe,EQ_COP,0.016666666666666666
2022-08-01,Combined Max-Sharpe,EQ_CVX,0.016666666666666666
2022-08-01,Combined Max-Sharpe,EQ_D,0.016666666666666666
2022-08-01,Combined Max-Sharpe,EQ_DD,0.016666666666666666
2022-08-01,Combined Max-Sharpe,EQ_DIS,0.016666666666666666
2022-08-01,Combined Max-Sharpe,EQ_DOW,0.016666666666666666
2022-08-01,Combined Max-Sharpe,EQ_DUK,0.016666666666666666
2022-08-01,Combined Max-Sharpe,EQ_EA,0.016666666666666666
2022-08-01,Combined Max-Sharpe,EQ_GE,0.016666666666666666
2022-08-01,Combined Max-Sharpe,EQ_GILD,0.016666666666666666
2022-08-01,Combined Max-Sharpe,EQ_GS,0.016666666666666666
2022-08-01,Combined Max-Sharpe,EQ_INTC,0.016666666666666666
2022-08-01,Combined Max-Sharpe,EQ_KO,0.016666666666666666
2022-08-01,Combined Max-Sharpe,EQ_MMM,0.016666666666666666
2022-08-01,Combined Max-Sharpe,EQ_MRK,0.016666666666666666
2022-08-01,Combined Max-Sharpe,EQ_MS,0.016666666666666666
2022-08-01,Combined Max-Sharpe,EQ_NEE,0.016666666666666666
2022-08-01,Combined Max-Sharpe,EQ_NEM,0.016666666666666666
2022-08-01,Combined Max-Sharpe,EQ_NKE,0.016666666666666666
2022-08-01,Combined Max-Sharpe,EQ_NUE,0.016666666666666666
2022-08-01,Combined Max-Sharpe,EQ_NVDA,0.016666666666666666
2022-08-01,Combined Max-Sharpe,EQ_O,0.016666666666666666
2022-08-01,Combined Max-Sharpe,EQ_OXY,0.016666666666666666
2022-08-01,Combined Max-Sharpe,EQ_PLD,0.016666666666666666
2022-08-01,Combined Max-Sharpe,EQ_PSA,0.016666666666666666
2022-08-01,Combined Max-Sharpe,EQ_QCOM,0.016666666666666666
2022-08-01,Combined Max-Sharpe,EQ_SBUX,0.016666666666666666
2022-08-01,Combined Max-Sharpe,EQ_SHW,0.016666666666666666
2022-08-01,Combined Max-Sharpe,EQ_SLB,0.016666666666666666
2022-08-01,Combined Max-Sharpe,EQ_SO,0.016666666666666666
2022-08-01,Combined Max-Sharpe,EQ_T,0.016666666666666666
2022-08-01,Combined Max-Sharpe,EQ_TMUS,0.016666666666666666
2022-08-01,Combined Max-Sharpe,EQ_TTWO,0.016666666666666666
2022-08-01,Combined Max-Sharpe,EQ_UPS,0.016666666666666666
2022-08-01,Combined Max-Sharpe,EQ_USB,0.016666666666666666
2022-08-01,Combined Max-Sharpe,EQ_V,0.016666666666666666
2022-08-01,Combined Max-Sharpe,EQ_WFC,0.016666666666666666
2022-08-01,Combined Max-Sharpe,EQ_WMT,0.016666666666666666
2022-08-01,Combined Max-Sharpe,EQ_XOM,0.016666666666666666
2022-08-01,Combined Max-Sharpe,CR_ADA-USD,0.016666666666666666
2022-08-01,Combined Max-Sharpe,CR_BCH-USD,0.016666666666666666
2022-08-01,Combined Max-Sharpe,CR_BTC-USD,0.016666666666666666
2022-08-01,Combined Max-Sharpe,CR_EOS-USD,0.016666666666666666
2022-08-01,Combined Max-Sharpe,CR_ETC-USD,0.016666666666666666
2022-08-01,Combined Max-Sharpe,CR_ETH-USD,0.016666666666666666
2022-08-01,Combined Max-Sharpe,CR_LTC-USD,0.016666666666666666
2022-08-01,Combined Max-Sharpe,CR_TRX-USD,0.016666666666666666
2022-08-01,Combined Max-Sharpe,CR_XLM-USD,0.016666666666666666
2022-08-01,Combined Max-Sharpe,CR_XRP-USD,0.016666666666666666
2022-09-01,Combined Max-Sharpe,EQ_ABBV,0.016666666666666666
2022-09-01,Combined Max-Sharpe,EQ_ABT,0.016666666666666666
2022-09-01,Combined Max-Sharpe,EQ_ADBE,0.016666666666666666
2022-09-01,Combined Max-Sharpe,EQ_AEP,0.016666666666666666
2022-09-01,Combined Max-Sharpe,EQ_AMD,0.016666666666666666
2022-09-01,Combined Max-Sharpe,EQ_AMGN,0.016666666666666666
2022-09-01,Combined Max-Sharpe,EQ_AMT,0.016666666666666666
2022-09-01,Combined Max-Sharpe,EQ_BA,0.016666666666666666
2022-09-01,Combined Max-Sharpe,EQ_CAT,0.016666666666666666
2022-09-01,Combined Max-Sharpe,EQ_CCI,0.016666666666666666
2022-09-01,Combined Max-Sharpe,EQ_CMCSA,0.016666666666666666
2022-09-01,Combined Max-Sharpe,EQ_COP,0.016666666666666666
2022-09-01,Combined Max-Sharpe,EQ_CVX,0.016666666666666666
2022-09-01,Combined Max-Sharpe,EQ_D,0.016666666666666666
2022-09-01,Combined Max-Sharpe,EQ_DD,0.016666666666666666
2022-09-01,Combined Max-Sharpe,EQ_DIS,0.016666666666666666
2022-09-01,Combined Max-Sharpe,EQ_DOW,0.016666666666666666
2022-09-01,Combined Max-Sharpe,EQ_DUK,0.016666666666666666
2022-09-01,Combined Max-Sharpe,EQ_EA,0.016666666666666666
2022-09-01,Combined Max-Sharpe,EQ_GE,0.016666666666666666
2022-09-01,Combined Max-Sharpe,EQ_GILD,0.016666666666666666
2022-09-01,Combined Max-Sharpe,EQ_GS,0.016666666666666666
2022-09-01,Combined Max-Sharpe,EQ_INTC,0.016666666666666666
2022-09-01,Combined Max-Sharpe,EQ_KO,0.016666666666666666
2022-09-01,Combined Max-Sharpe,EQ_MMM,0.016666666666666666
2022-09-01,Combined Max-Sharpe,EQ_MRK,0.016666666666666666
2022-09-01,Combined Max-Sharpe,EQ_MS,0.016666666666666666
2022-09-01,Combined Max-Sharpe,EQ_NEE,0.016666666666666666
2022-09-01,Combined Max-Sharpe,EQ_NEM,0.016666666666666666
2022-09-01,Combined Max-Sharpe,EQ_NKE,0.016666666666666666
2022-09-01,Combined Max-Sharpe,EQ_NUE,0.016666666666666666
2022-09-01,Combined Max-Sharpe,EQ_NVDA,0.016666666666666666
2022-09-01,Combined Max-Sharpe,EQ_O,0.016666666666666666
2022-09-01,Combined Max-Sharpe,EQ_OXY,0.016666666666666666
2022-09-01,Combined Max-Sharpe,EQ_PLD,0.016666666666666666
2022-09-01,Combined Max-Sharpe,EQ_PSA,0.016666666666666666
2022-09-01,Combined Max-Sharpe,EQ_QCOM,0.016666666666666666
2022-09-01,Combined Max-Sharpe,EQ_SBUX,0.016666666666666666
2022-09-01,Combined Max-Sharpe,EQ_SHW,0.016666666666666666
2022-09-01,Combined Max-Sharpe,EQ_SLB,0.016666666666666666
2022-09-01,Combined Max-Sharpe,EQ_SO,0.016666666666666666
2022-09-01,Combined Max-Sharpe,EQ_T,0.016666666666666666
2022-09-01,Combined Max-Sharpe,EQ_TMUS,0.016666666666666666
2022-09-01,Combined Max-Sharpe,EQ_TTWO,0.016666666666666666
2022-09-01,Combined Max-Sharpe,EQ_UPS,0.016666666666666666
2022-09-01,Combined Max-Sharpe,EQ_USB,0.016666666666666666
2022-09-01,Combined Max-Sharpe,EQ_V,0.016666666666666666
2022-09-01,Combined Max-Sharpe,EQ_WFC,0.016666666666666666
2022-09-01,Combined Max-Sharpe,EQ_WMT,0.016666666666666666
2022-09-01,Combined Max-Sharpe,EQ_XOM,0.016666666666666666
2022-09-01,Combined Max-Sharpe,CR_ADA-USD,0.016666666666666666
2022-09-01,Combined Max-Sharpe,CR_BCH-USD,0.016666666666666666
2022-09-01,Combined Max-Sharpe,CR_BTC-USD,0.016666666666666666
2022-09-01,Combined Max-Sharpe,CR_EOS-USD,0.016666666666666666
2022-09-01,Combined Max-Sharpe,CR_ETC-USD,0.016666666666666666
2022-09-01,Combined Max-Sharpe,CR_ETH-USD,0.016666666666666666
2022-09-01,Combined Max-Sharpe,CR_LTC-USD,0.016666666666666666
2022-09-01,Combined Max-Sharpe,CR_TRX-USD,0.016666666666666666
2022-09-01,Combined Max-Sharpe,CR_XLM-USD,0.016666666666666666
2022-09-01,Combined Max-Sharpe,CR_XRP-USD,0.016666666666666666
2022-10-03,Combined Max-Sharpe,EQ_ABBV,0.016666666666666666
2022-10-03,Combined Max-Sharpe,EQ_ABT,0.016666666666666666
2022-10-03,Combined Max-Sharpe,EQ_ADBE,0.016666666666666666
2022-10-03,Combined Max-Sharpe,EQ_AEP,0.016666666666666666
2022-10-03,Combined Max-Sharpe,EQ_AMD,0.016666666666666666
2022-10-03,Combined Max-Sharpe,EQ_AMGN,0.016666666666666666
2022-10-03,Combined Max-Sharpe,EQ_AMT,0.016666666666666666
2022-10-03,Combined Max-Sharpe,EQ_BA,0.016666666666666666
2022-10-03,Combined Max-Sharpe,EQ_CAT,0.016666666666666666
2022-10-03,Combined Max-Sharpe,EQ_CCI,0.016666666666666666
2022-10-03,Combined Max-Sharpe,EQ_CMCSA,0.016666666666666666
2022-10-03,Combined Max-Sharpe,EQ_COP,0.016666666666666666
2022-10-03,Combined Max-Sharpe,EQ_CVX,0.016666666666666666
2022-10-03,Combined Max-Sharpe,EQ_D,0.016666666666666666
2022-10-03,Combined Max-Sharpe,EQ_DD,0.016666666666666666
2022-10-03,Combined Max-Sharpe,EQ_DIS,0.016666666666666666
2022-10-03,Combined Max-Sharpe,EQ_DOW,0.016666666666666666
2022-10-03,Combined Max-Sharpe,EQ_DUK,0.016666666666666666
2022-10-03,Combined Max-Sharpe,EQ_EA,0.016666666666666666
2022-10-03,Combined Max-Sharpe,EQ_GE,0.016666666666666666
2022-10-03,Combined Max-Sharpe,EQ_GILD,0.016666666666666666
2022-10-03,Combined Max-Sharpe,EQ_GS,0.016666666666666666
2022-10-03,Combined Max-Sharpe,EQ_INTC,0.016666666666666666
2022-10-03,Combined Max-Sharpe,EQ_KO,0.016666666666666666
2022-10-03,Combined Max-Sharpe,EQ_MMM,0.016666666666666666
2022-10-03,Combined Max-Sharpe,EQ_MRK,0.016666666666666666
2022-10-03,Combined Max-Sharpe,EQ_MS,0.016666666666666666
2022-10-03,Combined Max-Sharpe,EQ_NEE,0.016666666666666666
2022-10-03,Combined Max-Sharpe,EQ_NEM,0.016666666666666666
2022-10-03,Combined Max-Sharpe,EQ_NKE,0.016666666666666666
2022-10-03,Combined Max-Sharpe,EQ_NUE,0.016666666666666666
2022-10-03,Combined Max-Sharpe,EQ_NVDA,0.016666666666666666
2022-10-03,Combined Max-Sharpe,EQ_O,0.016666666666666666
2022-10-03,Combined Max-Sharpe,EQ_OXY,0.016666666666666666
2022-10-03,Combined Max-Sharpe,EQ_PLD,0.016666666666666666
2022-10-03,Combined Max-Sharpe,EQ_PSA,0.016666666666666666
2022-10-03,Combined Max-Sharpe,EQ_QCOM,0.016666666666666666
2022-10-03,Combined Max-Sharpe,EQ_SBUX,0.016666666666666666
2022-10-03,Combined Max-Sharpe,EQ_SHW,0.016666666666666666
2022-10-03,Combined Max-Sharpe,EQ_SLB,0.016666666666666666
2022-10-03,Combined Max-Sharpe,EQ_SO,0.016666666666666666
2022-10-03,Combined Max-Sharpe,EQ_T,0.016666666666666666
2022-10-03,Combined Max-Sharpe,EQ_TMUS,0.016666666666666666
2022-10-03,Combined Max-Sharpe,EQ_TTWO,0.016666666666666666
2022-10-03,Combined Max-Sharpe,EQ_UPS,0.016666666666666666
2022-10-03,Combined Max-Sharpe,EQ_USB,0.016666666666666666
2022-10-03,Combined Max-Sharpe,EQ_V,0.016666666666666666
2022-10-03,Combined Max-Sharpe,EQ_WFC,0.016666666666666666
2022-10-03,Combined Max-Sharpe,EQ_WMT,0.016666666666666666
2022-10-03,Combined Max-Sharpe,EQ_XOM,0.016666666666666666
2022-10-03,Combined Max-Sharpe,CR_ADA-USD,0.016666666666666666
2022-10-03,Combined Max-Sharpe,CR_BCH-USD,0.016666666666666666
2022-10-03,Combined Max-Sharpe,CR_BTC-USD,0.016666666666666666
2022-10-03,Combined Max-Sharpe,CR_EOS-USD,0.016666666666666666
2022-10-03,Combined Max-Sharpe,CR_ETC-USD,0.016666666666666666
2022-10-03,Combined Max-Sharpe,CR_ETH-USD,0.016666666666666666
2022-10-03,Combined Max-Sharpe,CR_LTC-USD,0.016666666666666666
2022-10-03,Combined Max-Sharpe,CR_TRX-USD,0.016666666666666666
2022-10-03,Combined Max-Sharpe,CR_XLM-USD,0.016666666666666666
2022-10-03,Combined Max-Sharpe,CR_XRP-USD,0.016666666666666666
2022-11-01,Combined Max-Sharpe,EQ_ABBV,0.016666666666666666
2022-11-01,Combined Max-Sharpe,EQ_ABT,0.016666666666666666
2022-11-01,Combined Max-Sharpe,EQ_ADBE,0.016666666666666666
2022-11-01,Combined Max-Sharpe,EQ_AEP,0.016666666666666666
2022-11-01,Combined Max-Sharpe,EQ_AMD,0.016666666666666666
2022-11-01,Combined Max-Sharpe,EQ_AMGN,0.016666666666666666
2022-11-01,Combined Max-Sharpe,EQ_AMT,0.016666666666666666
2022-11-01,Combined Max-Sharpe,EQ_BA,0.016666666666666666
2022-11-01,Combined Max-Sharpe,EQ_CAT,0.016666666666666666
2022-11-01,Combined Max-Sharpe,EQ_CCI,0.016666666666666666
2022-11-01,Combined Max-Sharpe,EQ_CMCSA,0.016666666666666666
2022-11-01,Combined Max-Sharpe,EQ_COP,0.016666666666666666
2022-11-01,Combined Max-Sharpe,EQ_CVX,0.016666666666666666
2022-11-01,Combined Max-Sharpe,EQ_D,0.016666666666666666
2022-11-01,Combined Max-Sharpe,EQ_DD,0.016666666666666666
2022-11-01,Combined Max-Sharpe,EQ_DIS,0.016666666666666666
2022-11-01,Combined Max-Sharpe,EQ_DOW,0.016666666666666666
2022-11-01,Combined Max-Sharpe,EQ_DUK,0.016666666666666666
2022-11-01,Combined Max-Sharpe,EQ_EA,0.016666666666666666
2022-11-01,Combined Max-Sharpe,EQ_GE,0.016666666666666666
2022-11-01,Combined Max-Sharpe,EQ_GILD,0.016666666666666666
2022-11-01,Combined Max-Sharpe,EQ_GS,0.016666666666666666
2022-11-01,Combined Max-Sharpe,EQ_INTC,0.016666666666666666
2022-11-01,Combined Max-Sharpe,EQ_KO,0.016666666666666666
2022-11-01,Combined Max-Sharpe,EQ_MMM,0.016666666666666666
2022-11-01,Combined Max-Sharpe,EQ_MRK,0.016666666666666666
2022-11-01,Combined Max-Sharpe,EQ_MS,0.016666666666666666
2022-11-01,Combined Max-Sharpe,EQ_NEE,0.016666666666666666
2022-11-01,Combined Max-Sharpe,EQ_NEM,0.016666666666666666
2022-11-01,Combined Max-Sharpe,EQ_NKE,0.016666666666666666
2022-11-01,Combined Max-Sharpe,EQ_NUE,0.016666666666666666
2022-11-01,Combined Max-Sharpe,EQ_NVDA,0.016666666666666666
2022-11-01,Combined Max-Sharpe,EQ_O,0.016666666666666666
2022-11-01,Combined Max-Sharpe,EQ_OXY,0.016666666666666666
2022-11-01,Combined Max-Sharpe,EQ_PLD,0.016666666666666666
2022-11-01,Combined Max-Sharpe,EQ_PSA,0.016666666666666666
2022-11-01,Combined Max-Sharpe,EQ_QCOM,0.016666666666666666
2022-11-01,Combined Max-Sharpe,EQ_SBUX,0.016666666666666666
2022-11-01,Combined Max-Sharpe,EQ_SHW,0.016666666666666666
2022-11-01,Combined Max-Sharpe,EQ_SLB,0.016666666666666666
2022-11-01,Combined Max-Sharpe,EQ_SO,0.016666666666666666
2022-11-01,Combined Max-Sharpe,EQ_T,0.016666666666666666
2022-11-01,Combined Max-Sharpe,EQ_TMUS,0.016666666666666666
2022-11-01,Combined Max-Sharpe,EQ_TTWO,0.016666666666666666
2022-11-01,Combined Max-Sharpe,EQ_UPS,0.016666666666666666
2022-11-01,Combined Max-Sharpe,EQ_USB,0.016666666666666666
2022-11-01,Combined Max-Sharpe,EQ_V,0.016666666666666666
2022-11-01,Combined Max-Sharpe,EQ_WFC,0.016666666666666666
2022-11-01,Combined Max-Sharpe,EQ_WMT,0.016666666666666666
2022-11-01,Combined Max-Sharpe,EQ_XOM,0.016666666666666666
2022-11-01,Combined Max-Sharpe,CR_ADA-USD,0.016666666666666666
2022-11-01,Combined Max-Sharpe,CR_BCH-USD,0.016666666666666666
2022-11-01,Combined Max-Sharpe,CR_BTC-USD,0.016666666666666666
2022-11-01,Combined Max-Sharpe,CR_EOS-USD,0.016666666666666666
2022-11-01,Combined Max-Sharpe,CR_ETC-USD,0.016666666666666666
2022-11-01,Combined Max-Sharpe,CR_ETH-USD,0.016666666666666666
2022-11-01,Combined Max-Sharpe,CR_LTC-USD,0.016666666666666666
2022-11-01,Combined Max-Sharpe,CR_TRX-USD,0.016666666666666666
2022-11-01,Combined Max-Sharpe,CR_XLM-USD,0.016666666666666666
2022-11-01,Combined Max-Sharpe,CR_XRP-USD,0.016666666666666666
2022-12-01,Combined Max-Sharpe,EQ_ABBV,0.016666666666666666
2022-12-01,Combined Max-Sharpe,EQ_ABT,0.016666666666666666
2022-12-01,Combined Max-Sharpe,EQ_ADBE,0.016666666666666666
2022-12-01,Combined Max-Sharpe,EQ_AEP,0.016666666666666666
2022-12-01,Combined Max-Sharpe,EQ_AMD,0.016666666666666666
2022-12-01,Combined Max-Sharpe,EQ_AMGN,0.016666666666666666
2022-12-01,Combined Max-Sharpe,EQ_AMT,0.016666666666666666
2022-12-01,Combined Max-Sharpe,EQ_BA,0.016666666666666666
2022-12-01,Combined Max-Sharpe,EQ_CAT,0.016666666666666666
2022-12-01,Combined Max-Sharpe,EQ_CCI,0.016666666666666666
2022-12-01,Combined Max-Sharpe,EQ_CMCSA,0.016666666666666666
2022-12-01,Combined Max-Sharpe,EQ_COP,0.016666666666666666
2022-12-01,Combined Max-Sharpe,EQ_CVX,0.016666666666666666
2022-12-01,Combined Max-Sharpe,EQ_D,0.016666666666666666
2022-12-01,Combined Max-Sharpe,EQ_DD,0.016666666666666666
2022-12-01,Combined Max-Sharpe,EQ_DIS,0.016666666666666666
2022-12-01,Combined Max-Sharpe,EQ_DOW,0.016666666666666666
2022-12-01,Combined Max-Sharpe,EQ_DUK,0.016666666666666666
2022-12-01,Combined Max-Sharpe,EQ_EA,0.016666666666666666
2022-12-01,Combined Max-Sharpe,EQ_GE,0.016666666666666666
2022-12-01,Combined Max-Sharpe,EQ_GILD,0.016666666666666666
2022-12-01,Combined Max-Sharpe,EQ_GS,0.016666666666666666
2022-12-01,Combined Max-Sharpe,EQ_INTC,0.016666666666666666
2022-12-01,Combined Max-Sharpe,EQ_KO,0.016666666666666666
2022-12-01,Combined Max-Sharpe,EQ_MMM,0.016666666666666666
2022-12-01,Combined Max-Sharpe,EQ_MRK,0.016666666666666666
2022-12-01,Combined Max-Sharpe,EQ_MS,0.016666666666666666
2022-12-01,Combined Max-Sharpe,EQ_NEE,0.016666666666666666
2022-12-01,Combined Max-Sharpe,EQ_NEM,0.016666666666666666
2022-12-01,Combined Max-Sharpe,EQ_NKE,0.016666666666666666
2022-12-01,Combined Max-Sharpe,EQ_NUE,0.016666666666666666
2022-12-01,Combined Max-Sharpe,EQ_NVDA,0.016666666666666666
2022-12-01,Combined Max-Sharpe,EQ_O,0.016666666666666666
2022-12-01,Combined Max-Sharpe,EQ_OXY,0.016666666666666666
2022-12-01,Combined Max-Sharpe,EQ_PLD,0.016666666666666666
2022-12-01,Combined Max-Sharpe,EQ_PSA,0.016666666666666666
2022-12-01,Combined Max-Sharpe,EQ_QCOM,0.016666666666666666
2022-12-01,Combined Max-Sharpe,EQ_SBUX,0.016666666666666666
2022-12-01,Combined Max-Sharpe,EQ_SHW,0.016666666666666666
2022-12-01,Combined Max-Sharpe,EQ_SLB,0.016666666666666666
2022-12-01,Combined Max-Sharpe,EQ_SO,0.016666666666666666
2022-12-01,Combined Max-Sharpe,EQ_T,0.016666666666666666
2022-12-01,Combined Max-Sharpe,EQ_TMUS,0.016666666666666666
2022-12-01,Combined Max-Sharpe,EQ_TTWO,0.016666666666666666
2022-12-01,Combined Max-Sharpe,EQ_UPS,0.016666666666666666
2022-12-01,Combined Max-Sharpe,EQ_USB,0.016666666666666666
2022-12-01,Combined Max-Sharpe,EQ_V,0.016666666666666666
2022-12-01,Combined Max-Sharpe,EQ_WFC,0.016666666666666666
2022-12-01,Combined Max-Sharpe,EQ_WMT,0.016666666666666666
2022-12-01,Combined Max-Sharpe,EQ_XOM,0.016666666666666666
2022-12-01,Combined Max-Sharpe,CR_ADA-USD,0.016666666666666666
2022-12-01,Combined Max-Sharpe,CR_BCH-USD,0.016666666666666666
2022-12-01,Combined Max-Sharpe,CR_BTC-USD,0.016666666666666666
2022-12-01,Combined Max-Sharpe,CR_EOS-USD,0.016666666666666666
2022-12-01,Combined Max-Sharpe,CR_ETC-USD,0.016666666666666666
2022-12-01,Combined Max-Sharpe,CR_ETH-USD,0.016666666666666666
2022-12-01,Combined Max-Sharpe,CR_LTC-USD,0.016666666666666666
2022-12-01,Combined Max-Sharpe,CR_TRX-USD,0.016666666666666666
2022-12-01,Combined Max-Sharpe,CR_XLM-USD,0.016666666666666666
2022-12-01,Combined Max-Sharpe,CR_XRP-USD,0.016666666666666666
2023-01-03,Combined Max-Sharpe,EQ_ABBV,0.016666666666666666
2023-01-03,Combined Max-Sharpe,EQ_ABT,0.016666666666666666
2023-01-03,Combined Max-Sharpe,EQ_ADBE,0.016666666666666666
2023-01-03,Combined Max-Sharpe,EQ_AEP,0.016666666666666666
2023-01-03,Combined Max-Sharpe,EQ_AMD,0.016666666666666666
2023-01-03,Combined Max-Sharpe,EQ_AMGN,0.016666666666666666
2023-01-03,Combined Max-Sharpe,EQ_AMT,0.016666666666666666
2023-01-03,Combined Max-Sharpe,EQ_BA,0.016666666666666666
2023-01-03,Combined Max-Sharpe,EQ_CAT,0.016666666666666666
2023-01-03,Combined Max-Sharpe,EQ_CCI,0.016666666666666666
2023-01-03,Combined Max-Sharpe,EQ_CMCSA,0.016666666666666666
2023-01-03,Combined Max-Sharpe,EQ_COP,0.016666666666666666
2023-01-03,Combined Max-Sharpe,EQ_CVX,0.016666666666666666
2023-01-03,Combined Max-Sharpe,EQ_D,0.016666666666666666
2023-01-03,Combined Max-Sharpe,EQ_DD,0.016666666666666666
2023-01-03,Combined Max-Sharpe,EQ_DIS,0.016666666666666666
2023-01-03,Combined Max-Sharpe,EQ_DOW,0.016666666666666666
2023-01-03,Combined Max-Sharpe,EQ_DUK,0.016666666666666666
2023-01-03,Combined Max-Sharpe,EQ_EA,0.016666666666666666
2023-01-03,Combined Max-Sharpe,EQ_GE,0.016666666666666666
2023-01-03,Combined Max-Sharpe,EQ_GILD,0.016666666666666666
2023-01-03,Combined Max-Sharpe,EQ_GS,0.016666666666666666
2023-01-03,Combined Max-Sharpe,EQ_INTC,0.016666666666666666
2023-01-03,Combined Max-Sharpe,EQ_KO,0.016666666666666666
2023-01-03,Combined Max-Sharpe,EQ_MMM,0.016666666666666666
2023-01-03,Combined Max-Sharpe,EQ_MRK,0.016666666666666666
2023-01-03,Combined Max-Sharpe,EQ_MS,0.016666666666666666
2023-01-03,Combined Max-Sharpe,EQ_NEE,0.016666666666666666
2023-01-03,Combined Max-Sharpe,EQ_NEM,0.016666666666666666
2023-01-03,Combined Max-Sharpe,EQ_NKE,0.016666666666666666
2023-01-03,Combined Max-Sharpe,EQ_NUE,0.016666666666666666
2023-01-03,Combined Max-Sharpe,EQ_NVDA,0.016666666666666666
2023-01-03,Combined Max-Sharpe,EQ_O,0.016666666666666666
2023-01-03,Combined Max-Sharpe,EQ_OXY,0.016666666666666666
2023-01-03,Combined Max-Sharpe,EQ_PLD,0.016666666666666666
2023-01-03,Combined Max-Sharpe,EQ_PSA,0.016666666666666666
2023-01-03,Combined Max-Sharpe,EQ_QCOM,0.016666666666666666
2023-01-03,Combined Max-Sharpe,EQ_SBUX,0.016666666666666666
2023-01-03,Combined Max-Sharpe,EQ_SHW,0.016666666666666666
2023-01-03,Combined Max-Sharpe,EQ_SLB,0.016666666666666666
2023-01-03,Combined Max-Sharpe,EQ_SO,0.016666666666666666
2023-01-03,Combined Max-Sharpe,EQ_T,0.016666666666666666
2023-01-03,Combined Max-Sharpe,EQ_TMUS,0.016666666666666666
2023-01-03,Combined Max-Sharpe,EQ_TTWO,0.016666666666666666
2023-01-03,Combined Max-Sharpe,EQ_UPS,0.016666666666666666
2023-01-03,Combined Max-Sharpe,EQ_USB,0.016666666666666666
2023-01-03,Combined Max-Sharpe,EQ_V,0.016666666666666666
2023-01-03,Combined Max-Sharpe,EQ_WFC,0.016666666666666666
2023-01-03,Combined Max-Sharpe,EQ_WMT,0.016666666666666666
2023-01-03,Combined Max-Sharpe,EQ_XOM,0.016666666666666666
2023-01-03,Combined Max-Sharpe,CR_ADA-USD,0.016666666666666666
2023-01-03,Combined Max-Sharpe,CR_BCH-USD,0.016666666666666666
2023-01-03,Combined Max-Sharpe,CR_BTC-USD,0.016666666666666666
2023-01-03,Combined Max-Sharpe,CR_EOS-USD,0.016666666666666666
2023-01-03,Combined Max-Sharpe,CR_ETC-USD,0.016666666666666666
2023-01-03,Combined Max-Sharpe,CR_ETH-USD,0.016666666666666666
2023-01-03,Combined Max-Sharpe,CR_LTC-USD,0.016666666666666666
2023-01-03,Combined Max-Sharpe,CR_TRX-USD,0.016666666666666666
2023-01-03,Combined Max-Sharpe,CR_XLM-USD,0.016666666666666666
2023-01-03,Combined Max-Sharpe,CR_XRP-USD,0.016666666666666666
2023-02-01,Combined Max-Sharpe,EQ_ABBV,1.0595230722479253e-16
2023-02-01,Combined Max-Sharpe,EQ_ABT,0.0
2023-02-01,Combined Max-Sharpe,EQ_ADBE,3.3723069041243204e-17
2023-02-01,Combined Max-Sharpe,EQ_AEP,2.6081306468764482e-18
2023-02-01,Combined Max-Sharpe,EQ_AMD,4.805497787149921e-17
2023-02-01,Combined Max-Sharpe,EQ_AMGN,3.6809319776371744e-17
2023-02-01,Combined Max-Sharpe,EQ_AMT,0.0
2023-02-01,Combined Max-Sharpe,EQ_BA,0.0
2023-02-01,Combined Max-Sharpe,EQ_CAT,2.307764983254099e-17
2023-02-01,Combined Max-Sharpe,EQ_CCI,0.0
2023-02-01,Combined Max-Sharpe,EQ_CMCSA,1.4760254505689004e-17
2023-02-01,Combined Max-Sharpe,EQ_COP,3.140329767333593e-17
2023-02-01,Combined Max-Sharpe,EQ_CVX,4.908522592606334e-17
2023-02-01,Combined Max-Sharpe,EQ_D,2.2289473559671807e-17
2023-02-01,Combined Max-Sharpe,EQ_DD,0.0
2023-02-01,Combined Max-Sharpe,EQ_DIS,4.088452215297594e-17
2023-02-01,Combined Max-Sharpe,EQ_DOW,0.0
2023-02-01,Combined Max-Sharpe,EQ_DUK,0.0
2023-02-01,Combined Max-Sharpe,EQ_EA,0.0
2023-02-01,Combined Max-Sharpe,EQ_GE,0.0
2023-02-01,Combined Max-Sharpe,EQ_GILD,0.044723074641827544
2023-02-01,Combined Max-Sharpe,EQ_GS,0.0
2023-02-01,Combined Max-Sharpe,EQ_INTC,3.1807726438343575e-17
2023-02-01,Combined Max-Sharpe,EQ_KO,0.0
2023-02-01,Combined Max-Sharpe,EQ_MMM,3.2868561974283425e-17
2023-02-01,Combined Max-Sharpe,EQ_MRK,0.49579566522801255
2023-02-01,Combined Max-Sharpe,EQ_MS,0.0
2023-02-01,Combined Max-Sharpe,EQ_NEE,0.0
2023-02-01,Combined Max-Sharpe,EQ_NEM,0.0
2023-02-01,Combined Max-Sharpe,EQ_NKE,9.56519709366167e-18
2023-02-01,Combined Max-Sharpe,EQ_NUE,0.11351462375242242
2023-02-01,Combined Max-Sharpe,EQ_NVDA,0.0
2023-02-01,Combined Max-Sharpe,EQ_O,0.0
2023-02-01,Combined Max-Sharpe,EQ_OXY,0.06717782015876875
2023-02-01,Combined Max-Sharpe,EQ_PLD,0.0
2023-02-01,Combined Max-Sharpe,EQ_PSA,0.0
2023-02-01,Combined Max-Sharpe,EQ_QCOM,1.3244904800337707e-17
2023-02-01,Combined Max-Sharpe,EQ_SBUX,0.0
2023-02-01,Combined Max-Sharpe,EQ_SHW,2.0638689222651514e-18
2023-02-01,Combined Max-Sharpe,EQ_SLB,3.875276585027668e-18
2023-02-01,Combined Max-Sharpe,EQ_SO,0.0
2023-02-01,Combined Max-Sharpe,EQ_T,3.304352575561083e-17
2023-02-01,Combined Max-Sharpe,EQ_TMUS,0.125461582797008
2023-02-01,Combined Max-Sharpe,EQ_TTWO,4.071006792596115e-17
2023-02-01,Combined Max-Sharpe,EQ_UPS,0.0
2023-02-01,Combined Max-Sharpe,EQ_USB,5.632330897173148e-18
2023-02-01,Combined Max-Sharpe,EQ_V,0.0
2023-02-01,Combined Max-Sharpe,EQ_WFC,0.0
2023-02-01,Combined Max-Sharpe,EQ_WMT,3.341122697573775e-17
2023-02-01,Combined Max-Sharpe,EQ_XOM,0.15332723342196045
2023-02-01,Combined Max-Sharpe,CR_ADA-USD,1.8222755152744728e-17
2023-02-01,Combined Max-Sharpe,CR_BCH-USD,3.7208355149257505e-17
2023-02-01,Combined Max-Sharpe,CR_BTC-USD,4.098589764622885e-17
2023-02-01,Combined Max-Sharpe,CR_EOS-USD,4.211712894907448e-17
2023-02-01,Combined Max-Sharpe,CR_ETC-USD,0.0
2023-02-01,Combined Max-Sharpe,CR_ETH-USD,4.466592746911876e-17
2023-02-01,Combined Max-Sharpe,CR_LTC-USD,3.188188188255324e-17
2023-02-01,Combined Max-Sharpe,CR_TRX-USD,0.0
2023-02-01,Combined Max-Sharpe,CR_XLM-USD,4.3487012742463956e-17
2023-02-01,Combined Max-Sharpe,CR_XRP-USD,0.0
2023-03-01,Combined Max-Sharpe,EQ_ABBV,0.016666666666666666
2023-03-01,Combined Max-Sharpe,EQ_ABT,0.016666666666666666
2023-03-01,Combined Max-Sharpe,EQ_ADBE,0.016666666666666666
2023-03-01,Combined Max-Sharpe,EQ_AEP,0.016666666666666666
2023-03-01,Combined Max-Sharpe,EQ_AMD,0.016666666666666666
2023-03-01,Combined Max-Sharpe,EQ_AMGN,0.016666666666666666
2023-03-01,Combined Max-Sharpe,EQ_AMT,0.016666666666666666
2023-03-01,Combined Max-Sharpe,EQ_BA,0.016666666666666666
2023-03-01,Combined Max-Sharpe,EQ_CAT,0.016666666666666666
2023-03-01,Combined Max-Sharpe,EQ_CCI,0.016666666666666666
2023-03-01,Combined Max-Sharpe,EQ_CMCSA,0.016666666666666666
2023-03-01,Combined Max-Sharpe,EQ_COP,0.016666666666666666
2023-03-01,Combined Max-Sharpe,EQ_CVX,0.016666666666666666
2023-03-01,Combined Max-Sharpe,EQ_D,0.016666666666666666
2023-03-01,Combined Max-Sharpe,EQ_DD,0.016666666666666666
2023-03-01,Combined Max-Sharpe,EQ_DIS,0.016666666666666666
2023-03-01,Combined Max-Sharpe,EQ_DOW,0.016666666666666666
2023-03-01,Combined Max-Sharpe,EQ_DUK,0.016666666666666666
2023-03-01,Combined Max-Sharpe,EQ_EA,0.016666666666666666
2023-03-01,Combined Max-Sharpe,EQ_GE,0.016666666666666666
2023-03-01,Combined Max-Sharpe,EQ_GILD,0.016666666666666666
2023-03-01,Combined Max-Sharpe,EQ_GS,0.016666666666666666
2023-03-01,Combined Max-Sharpe,EQ_INTC,0.016666666666666666
2023-03-01,Combined Max-Sharpe,EQ_KO,0.016666666666666666
2023-03-01,Combined Max-Sharpe,EQ_MMM,0.016666666666666666
2023-03-01,Combined Max-Sharpe,EQ_MRK,0.016666666666666666
2023-03-01,Combined Max-Sharpe,EQ_MS,0.016666666666666666
2023-03-01,Combined Max-Sharpe,EQ_NEE,0.016666666666666666
2023-03-01,Combined Max-Sharpe,EQ_NEM,0.016666666666666666
2023-03-01,Combined Max-Sharpe,EQ_NKE,0.016666666666666666
2023-03-01,Combined Max-Sharpe,EQ_NUE,0.016666666666666666
2023-03-01,Combined Max-Sharpe,EQ_NVDA,0.016666666666666666
2023-03-01,Combined Max-Sharpe,EQ_O,0.016666666666666666
2023-03-01,Combined Max-Sharpe,EQ_OXY,0.016666666666666666
2023-03-01,Combined Max-Sharpe,EQ_PLD,0.016666666666666666
2023-03-01,Combined Max-Sharpe,EQ_PSA,0.016666666666666666
2023-03-01,Combined Max-Sharpe,EQ_QCOM,0.016666666666666666
2023-03-01,Combined Max-Sharpe,EQ_SBUX,0.016666666666666666
2023-03-01,Combined Max-Sharpe,EQ_SHW,0.016666666666666666
2023-03-01,Combined Max-Sharpe,EQ_SLB,0.016666666666666666
2023-03-01,Combined Max-Sharpe,EQ_SO,0.016666666666666666
2023-03-01,Combined Max-Sharpe,EQ_T,0.016666666666666666
2023-03-01,Combined Max-Sharpe,EQ_TMUS,0.016666666666666666
2023-03-01,Combined Max-Sharpe,EQ_TTWO,0.016666666666666666
2023-03-01,Combined Max-Sharpe,EQ_UPS,0.016666666666666666
2023-03-01,Combined Max-Sharpe,EQ_USB,0.016666666666666666
2023-03-01,Combined Max-Sharpe,EQ_V,0.016666666666666666
2023-03-01,Combined Max-Sharpe,EQ_WFC,0.016666666666666666
2023-03-01,Combined Max-Sharpe,EQ_WMT,0.016666666666666666
2023-03-01,Combined Max-Sharpe,EQ_XOM,0.016666666666666666
2023-03-01,Combined Max-Sharpe,CR_ADA-USD,0.016666666666666666
2023-03-01,Combined Max-Sharpe,CR_BCH-USD,0.016666666666666666
2023-03-01,Combined Max-Sharpe,CR_BTC-USD,0.016666666666666666
2023-03-01,Combined Max-Sharpe,CR_EOS-USD,0.016666666666666666
2023-03-01,Combined Max-Sharpe,CR_ETC-USD,0.016666666666666666
2023-03-01,Combined Max-Sharpe,CR_ETH-USD,0.016666666666666666
2023-03-01,Combined Max-Sharpe,CR_LTC-USD,0.016666666666666666
2023-03-01,Combined Max-Sharpe,CR_TRX-USD,0.016666666666666666
2023-03-01,Combined Max-Sharpe,CR_XLM-USD,0.016666666666666666
2023-03-01,Combined Max-Sharpe,CR_XRP-USD,0.016666666666666666
2023-04-03,Combined Max-Sharpe,EQ_ABBV,0.016666666666666666
2023-04-03,Combined Max-Sharpe,EQ_ABT,0.016666666666666666
2023-04-03,Combined Max-Sharpe,EQ_ADBE,0.016666666666666666
2023-04-03,Combined Max-Sharpe,EQ_AEP,0.016666666666666666
2023-04-03,Combined Max-Sharpe,EQ_AMD,0.016666666666666666
2023-04-03,Combined Max-Sharpe,EQ_AMGN,0.016666666666666666
2023-04-03,Combined Max-Sharpe,EQ_AMT,0.016666666666666666
2023-04-03,Combined Max-Sharpe,EQ_BA,0.016666666666666666
2023-04-03,Combined Max-Sharpe,EQ_CAT,0.016666666666666666
2023-04-03,Combined Max-Sharpe,EQ_CCI,0.016666666666666666
2023-04-03,Combined Max-Sharpe,EQ_CMCSA,0.016666666666666666
2023-04-03,Combined Max-Sharpe,EQ_COP,0.016666666666666666
2023-04-03,Combined Max-Sharpe,EQ_CVX,0.016666666666666666
2023-04-03,Combined Max-Sharpe,EQ_D,0.016666666666666666
2023-04-03,Combined Max-Sharpe,EQ_DD,0.016666666666666666
2023-04-03,Combined Max-Sharpe,EQ_DIS,0.016666666666666666
2023-04-03,Combined Max-Sharpe,EQ_DOW,0.016666666666666666
2023-04-03,Combined Max-Sharpe,EQ_DUK,0.016666666666666666
2023-04-03,Combined Max-Sharpe,EQ_EA,0.016666666666666666
2023-04-03,Combined Max-Sharpe,EQ_GE,0.016666666666666666
2023-04-03,Combined Max-Sharpe,EQ_GILD,0.016666666666666666
2023-04-03,Combined Max-Sharpe,EQ_GS,0.016666666666666666
2023-04-03,Combined Max-Sharpe,EQ_INTC,0.016666666666666666
2023-04-03,Combined Max-Sharpe,EQ_KO,0.016666666666666666
2023-04-03,Combined Max-Sharpe,EQ_MMM,0.016666666666666666
2023-04-03,Combined Max-Sharpe,EQ_MRK,0.016666666666666666
2023-04-03,Combined Max-Sharpe,EQ_MS,0.016666666666666666
2023-04-03,Combined Max-Sharpe,EQ_NEE,0.016666666666666666
2023-04-03,Combined Max-Sharpe,EQ_NEM,0.016666666666666666
2023-04-03,Combined Max-Sharpe,EQ_NKE,0.016666666666666666
2023-04-03,Combined Max-Sharpe,EQ_NUE,0.016666666666666666
2023-04-03,Combined Max-Sharpe,EQ_NVDA,0.016666666666666666
2023-04-03,Combined Max-Sharpe,EQ_O,0.016666666666666666
2023-04-03,Combined Max-Sharpe,EQ_OXY,0.016666666666666666
2023-04-03,Combined Max-Sharpe,EQ_PLD,0.016666666666666666
2023-04-03,Combined Max-Sharpe,EQ_PSA,0.016666666666666666
2023-04-03,Combined Max-Sharpe,EQ_QCOM,0.016666666666666666
2023-04-03,Combined Max-Sharpe,EQ_SBUX,0.016666666666666666
2023-04-03,Combined Max-Sharpe,EQ_SHW,0.016666666666666666
2023-04-03,Combined Max-Sharpe,EQ_SLB,0.016666666666666666
2023-04-03,Combined Max-Sharpe,EQ_SO,0.016666666666666666
2023-04-03,Combined Max-Sharpe,EQ_T,0.016666666666666666
2023-04-03,Combined Max-Sharpe,EQ_TMUS,0.016666666666666666
2023-04-03,Combined Max-Sharpe,EQ_TTWO,0.016666666666666666
2023-04-03,Combined Max-Sharpe,EQ_UPS,0.016666666666666666
2023-04-03,Combined Max-Sharpe,EQ_USB,0.016666666666666666
2023-04-03,Combined Max-Sharpe,EQ_V,0.016666666666666666
2023-04-03,Combined Max-Sharpe,EQ_WFC,0.016666666666666666
2023-04-03,Combined Max-Sharpe,EQ_WMT,0.016666666666666666
2023-04-03,Combined Max-Sharpe,EQ_XOM,0.016666666666666666
2023-04-03,Combined Max-Sharpe,CR_ADA-USD,0.016666666666666666
2023-04-03,Combined Max-Sharpe,CR_BCH-USD,0.016666666666666666
2023-04-03,Combined Max-Sharpe,CR_BTC-USD,0.016666666666666666
2023-04-03,Combined Max-Sharpe,CR_EOS-USD,0.016666666666666666
2023-04-03,Combined Max-Sharpe,CR_ETC-USD,0.016666666666666666
2023-04-03,Combined Max-Sharpe,CR_ETH-USD,0.016666666666666666
2023-04-03,Combined Max-Sharpe,CR_LTC-USD,0.016666666666666666
2023-04-03,Combined Max-Sharpe,CR_TRX-USD,0.016666666666666666
2023-04-03,Combined Max-Sharpe,CR_XLM-USD,0.016666666666666666
2023-04-03,Combined Max-Sharpe,CR_XRP-USD,0.016666666666666666
2023-05-01,Combined Max-Sharpe,EQ_ABBV,0.016666666666666666
2023-05-01,Combined Max-Sharpe,EQ_ABT,0.016666666666666666
2023-05-01,Combined Max-Sharpe,EQ_ADBE,0.016666666666666666
2023-05-01,Combined Max-Sharpe,EQ_AEP,0.016666666666666666
2023-05-01,Combined Max-Sharpe,EQ_AMD,0.016666666666666666
2023-05-01,Combined Max-Sharpe,EQ_AMGN,0.016666666666666666
2023-05-01,Combined Max-Sharpe,EQ_AMT,0.016666666666666666
2023-05-01,Combined Max-Sharpe,EQ_BA,0.016666666666666666
2023-05-01,Combined Max-Sharpe,EQ_CAT,0.016666666666666666
2023-05-01,Combined Max-Sharpe,EQ_CCI,0.016666666666666666
2023-05-01,Combined Max-Sharpe,EQ_CMCSA,0.016666666666666666
2023-05-01,Combined Max-Sharpe,EQ_COP,0.016666666666666666
2023-05-01,Combined Max-Sharpe,EQ_CVX,0.016666666666666666
2023-05-01,Combined Max-Sharpe,EQ_D,0.016666666666666666
2023-05-01,Combined Max-Sharpe,EQ_DD,0.016666666666666666
2023-05-01,Combined Max-Sharpe,EQ_DIS,0.016666666666666666
2023-05-01,Combined Max-Sharpe,EQ_DOW,0.016666666666666666
2023-05-01,Combined Max-Sharpe,EQ_DUK,0.016666666666666666
2023-05-01,Combined Max-Sharpe,EQ_EA,0.016666666666666666
2023-05-01,Combined Max-Sharpe,EQ_GE,0.016666666666666666
2023-05-01,Combined Max-Sharpe,EQ_GILD,0.016666666666666666
2023-05-01,Combined Max-Sharpe,EQ_GS,0.016666666666666666
2023-05-01,Combined Max-Sharpe,EQ_INTC,0.016666666666666666
2023-05-01,Combined Max-Sharpe,EQ_KO,0.016666666666666666
2023-05-01,Combined Max-Sharpe,EQ_MMM,0.016666666666666666
2023-05-01,Combined Max-Sharpe,EQ_MRK,0.016666666666666666
2023-05-01,Combined Max-Sharpe,EQ_MS,0.016666666666666666
2023-05-01,Combined Max-Sharpe,EQ_NEE,0.016666666666666666
2023-05-01,Combined Max-Sharpe,EQ_NEM,0.016666666666666666
2023-05-01,Combined Max-Sharpe,EQ_NKE,0.016666666666666666
2023-05-01,Combined Max-Sharpe,EQ_NUE,0.016666666666666666
2023-05-01,Combined Max-Sharpe,EQ_NVDA,0.016666666666666666
2023-05-01,Combined Max-Sharpe,EQ_O,0.016666666666666666
2023-05-01,Combined Max-Sharpe,EQ_OXY,0.016666666666666666
2023-05-01,Combined Max-Sharpe,EQ_PLD,0.016666666666666666
2023-05-01,Combined Max-Sharpe,EQ_PSA,0.016666666666666666
2023-05-01,Combined Max-Sharpe,EQ_QCOM,0.016666666666666666
2023-05-01,Combined Max-Sharpe,EQ_SBUX,0.016666666666666666
2023-05-01,Combined Max-Sharpe,EQ_SHW,0.016666666666666666
2023-05-01,Combined Max-Sharpe,EQ_SLB,0.016666666666666666
2023-05-01,Combined Max-Sharpe,EQ_SO,0.016666666666666666
2023-05-01,Combined Max-Sharpe,EQ_T,0.016666666666666666
2023-05-01,Combined Max-Sharpe,EQ_TMUS,0.016666666666666666
2023-05-01,Combined Max-Sharpe,EQ_TTWO,0.016666666666666666
2023-05-01,Combined Max-Sharpe,EQ_UPS,0.016666666666666666
2023-05-01,Combined Max-Sharpe,EQ_USB,0.016666666666666666
2023-05-01,Combined Max-Sharpe,EQ_V,0.016666666666666666
2023-05-01,Combined Max-Sharpe,EQ_WFC,0.016666666666666666
2023-05-01,Combined Max-Sharpe,EQ_WMT,0.016666666666666666
2023-05-01,Combined Max-Sharpe,EQ_XOM,0.016666666666666666
2023-05-01,Combined Max-Sharpe,CR_ADA-USD,0.016666666666666666
2023-05-01,Combined Max-Sharpe,CR_BCH-USD,0.016666666666666666
2023-05-01,Combined Max-Sharpe,CR_BTC-USD,0.016666666666666666
2023-05-01,Combined Max-Sharpe,CR_EOS-USD,0.016666666666666666
2023-05-01,Combined Max-Sharpe,CR_ETC-USD,0.016666666666666666
2023-05-01,Combined Max-Sharpe,CR_ETH-USD,0.016666666666666666
2023-05-01,Combined Max-Sharpe,CR_LTC-USD,0.016666666666666666
2023-05-01,Combined Max-Sharpe,CR_TRX-USD,0.016666666666666666
2023-05-01,Combined Max-Sharpe,CR_XLM-USD,0.016666666666666666
2023-05-01,Combined Max-Sharpe,CR_XRP-USD,0.016666666666666666
2023-06-01,Combined Max-Sharpe,EQ_ABBV,0.016666666666666666
2023-06-01,Combined Max-Sharpe,EQ_ABT,0.016666666666666666
2023-06-01,Combined Max-Sharpe,EQ_ADBE,0.016666666666666666
2023-06-01,Combined Max-Sharpe,EQ_AEP,0.016666666666666666
2023-06-01,Combined Max-Sharpe,EQ_AMD,0.016666666666666666
2023-06-01,Combined Max-Sharpe,EQ_AMGN,0.016666666666666666
2023-06-01,Combined Max-Sharpe,EQ_AMT,0.016666666666666666
2023-06-01,Combined Max-Sharpe,EQ_BA,0.016666666666666666
2023-06-01,Combined Max-Sharpe,EQ_CAT,0.016666666666666666
2023-06-01,Combined Max-Sharpe,EQ_CCI,0.016666666666666666
2023-06-01,Combined Max-Sharpe,EQ_CMCSA,0.016666666666666666
2023-06-01,Combined Max-Sharpe,EQ_COP,0.016666666666666666
2023-06-01,Combined Max-Sharpe,EQ_CVX,0.016666666666666666
2023-06-01,Combined Max-Sharpe,EQ_D,0.016666666666666666
2023-06-01,Combined Max-Sharpe,EQ_DD,0.016666666666666666
2023-06-01,Combined Max-Sharpe,EQ_DIS,0.016666666666666666
2023-06-01,Combined Max-Sharpe,EQ_DOW,0.016666666666666666
2023-06-01,Combined Max-Sharpe,EQ_DUK,0.016666666666666666
2023-06-01,Combined Max-Sharpe,EQ_EA,0.016666666666666666
2023-06-01,Combined Max-Sharpe,EQ_GE,0.016666666666666666
2023-06-01,Combined Max-Sharpe,EQ_GILD,0.016666666666666666
2023-06-01,Combined Max-Sharpe,EQ_GS,0.016666666666666666
2023-06-01,Combined Max-Sharpe,EQ_INTC,0.016666666666666666
2023-06-01,Combined Max-Sharpe,EQ_KO,0.016666666666666666
2023-06-01,Combined Max-Sharpe,EQ_MMM,0.016666666666666666
2023-06-01,Combined Max-Sharpe,EQ_MRK,0.016666666666666666
2023-06-01,Combined Max-Sharpe,EQ_MS,0.016666666666666666
2023-06-01,Combined Max-Sharpe,EQ_NEE,0.016666666666666666
2023-06-01,Combined Max-Sharpe,EQ_NEM,0.016666666666666666
2023-06-01,Combined Max-Sharpe,EQ_NKE,0.016666666666666666
2023-06-01,Combined Max-Sharpe,EQ_NUE,0.016666666666666666
2023-06-01,Combined Max-Sharpe,EQ_NVDA,0.016666666666666666
2023-06-01,Combined Max-Sharpe,EQ_O,0.016666666666666666
2023-06-01,Combined Max-Sharpe,EQ_OXY,0.016666666666666666
2023-06-01,Combined Max-Sharpe,EQ_PLD,0.016666666666666666
2023-06-01,Combined Max-Sharpe,EQ_PSA,0.016666666666666666
2023-06-01,Combined Max-Sharpe,EQ_QCOM,0.016666666666666666
2023-06-01,Combined Max-Sharpe,EQ_SBUX,0.016666666666666666
2023-06-01,Combined Max-Sharpe,EQ_SHW,0.016666666666666666
2023-06-01,Combined Max-Sharpe,EQ_SLB,0.016666666666666666
2023-06-01,Combined Max-Sharpe,EQ_SO,0.016666666666666666
2023-06-01,Combined Max-Sharpe,EQ_T,0.016666666666666666
2023-06-01,Combined Max-Sharpe,EQ_TMUS,0.016666666666666666
2023-06-01,Combined Max-Sharpe,EQ_TTWO,0.016666666666666666
2023-06-01,Combined Max-Sharpe,EQ_UPS,0.016666666666666666
2023-06-01,Combined Max-Sharpe,EQ_USB,0.016666666666666666
2023-06-01,Combined Max-Sharpe,EQ_V,0.016666666666666666
2023-06-01,Combined Max-Sharpe,EQ_WFC,0.016666666666666666
2023-06-01,Combined Max-Sharpe,EQ_WMT,0.016666666666666666
2023-06-01,Combined Max-Sharpe,EQ_XOM,0.016666666666666666
2023-06-01,Combined Max-Sharpe,CR_ADA-USD,0.016666666666666666
2023-06-01,Combined Max-Sharpe,CR_BCH-USD,0.016666666666666666
2023-06-01,Combined Max-Sharpe,CR_BTC-USD,0.016666666666666666
2023-06-01,Combined Max-Sharpe,CR_EOS-USD,0.016666666666666666
2023-06-01,Combined Max-Sharpe,CR_ETC-USD,0.016666666666666666
2023-06-01,Combined Max-Sharpe,CR_ETH-USD,0.016666666666666666
2023-06-01,Combined Max-Sharpe,CR_LTC-USD,0.016666666666666666
2023-06-01,Combined Max-Sharpe,CR_TRX-USD,0.016666666666666666
2023-06-01,Combined Max-Sharpe,CR_XLM-USD,0.016666666666666666
2023-06-01,Combined Max-Sharpe,CR_XRP-USD,0.016666666666666666
2023-07-03,Combined Max-Sharpe,EQ_ABBV,1.5493334782548952e-18
2023-07-03,Combined Max-Sharpe,EQ_ABT,7.613922590032055e-18
2023-07-03,Combined Max-Sharpe,EQ_ADBE,8.209380831754003e-19
2023-07-03,Combined Max-Sharpe,EQ_AEP,6.30118831235152e-18
2023-07-03,Combined Max-Sharpe,EQ_AMD,4.901617213805379e-18
2023-07-03,Combined Max-Sharpe,EQ_AMGN,0.0
2023-07-03,Combined Max-Sharpe,EQ_AMT,1.5172088587151326e-18
2023-07-03,Combined Max-Sharpe,EQ_BA,1.7224657549040985e-17
2023-07-03,Combined Max-Sharpe,EQ_CAT,8.087713147008848e-18
2023-07-03,Combined Max-Sharpe,EQ_CCI,9.103289679260359e-19
2023-07-03,Combined Max-Sharpe,EQ_CMCSA,0.0
2023-07-03,Combined Max-Sharpe,EQ_COP,1.0139060154695133e-17
2023-07-03,Combined Max-Sharpe,EQ_CVX,4.8903146179154544e-18
2023-07-03,Combined Max-Sharpe,EQ_D,4.573137659870044e-18
2023-07-03,Combined Max-Sharpe,EQ_DD,4.5890964979341635e-18
2023-07-03,Combined Max-Sharpe,EQ_DIS,3.0137925326123568e-18
2023-07-03,Combined Max-Sharpe,EQ_DOW,1.1499068625633435e-17
2023-07-03,Combined Max-Sharpe,EQ_DUK,0.0
2023-07-03,Combined Max-Sharpe,EQ_EA,5.113560739076166e-18
2023-07-03,Combined Max-Sharpe,EQ_GE,0.45099081675713093
2023-07-03,Combined Max-Sharpe,EQ_GILD,0.0
2023-07-03,Combined Max-Sharpe,EQ_GS,7.960049399989864e-18
2023-07-03,Combined Max-Sharpe,EQ_INTC,0.0
2023-07-03,Combined Max-Sharpe,EQ_KO,0.0
2023-07-03,Combined Max-Sharpe,EQ_MMM,6.786875695507742e-18
2023-07-03,Combined Max-Sharpe,EQ_MRK,0.31332988632956676
2023-07-03,Combined Max-Sharpe,EQ_MS,1.582095093515776e-18
2023-07-03,Combined Max-Sharpe,EQ_NEE,3.2328644004820205e-18
2023-07-03,Combined Max-Sharpe,EQ_NEM,0.0
2023-07-03,Combined Max-Sharpe,EQ_NKE,4.179317839920294e-18
2023-07-03,Combined Max-Sharpe,EQ_NUE,0.0
2023-07-03,Combined Max-Sharpe,EQ_NVDA,0.09611290728993924
2023-07-03,Combined Max-Sharpe,EQ_O,0.0
2023-07-03,Combined Max-Sharpe,EQ_OXY,7.740368727189362e-18
2023-07-03,Combined Max-Sharpe,EQ_PLD,0.0
2023-07-03,Combined Max-Sharpe,EQ_PSA,6.249264297669688e-18
2023-07-03,Combined Max-Sharpe,EQ_QCOM,2.42567816442497e-18
2023-07-03,Combined Max-Sharpe,EQ_SBUX,0.0
2023-07-03,Combined Max-Sharpe,EQ_SHW,1.6747928846528405e-17
2023-07-03,Combined Max-Sharpe,EQ_SLB,0.0
2023-07-03,Combined Max-Sharpe,EQ_SO,0.0
2023-07-03,Combined Max-Sharpe,EQ_T,0.0
2023-07-03,Combined Max-Sharpe,EQ_TMUS,1.7324210390122967e-17
2023-07-03,Combined Max-Sharpe,EQ_TTWO,2.8072494653522387e-17
2023-07-03,Combined Max-Sharpe,EQ_UPS,3.686238684688033e-18
2023-07-03,Combined Max-Sharpe,EQ_USB,0.0
2023-07-03,Combined Max-Sharpe,EQ_V,0.0
2023-07-03,Combined Max-Sharpe,EQ_WFC,7.957394450143674e-18
2023-07-03,Combined Max-Sharpe,EQ_WMT,0.06295727334486007
2023-07-03,Combined Max-Sharpe,EQ_XOM,4.603524966852792e-18
2023-07-03,Combined Max-Sharpe,CR_ADA-USD,0.0
2023-07-03,Combined Max-Sharpe,CR_BCH-USD,0.05533394514254897
2023-07-03,Combined Max-Sharpe,CR_BTC-USD,0.0
2023-07-03,Combined Max-Sharpe,CR_EOS-USD,7.92349463435992e-18
2023-07-03,Combined Max-Sharpe,CR_ETC-USD,9.036037968912822e-18
2023-07-03,Combined Max-Sharpe,CR_ETH-USD,7.402905507047328e-18
2023-07-03,Combined Max-Sharpe,CR_LTC-USD,0.0
2023-07-03,Combined Max-Sharpe,CR_TRX-USD,7.400805589461909e-18
2023-07-03,Combined Max-Sharpe,CR_XLM-USD,0.0
2023-07-03,Combined Max-Sharpe,CR_XRP-USD,0.021275171135954056
2023-08-01,Combined Max-Sharpe,EQ_ABBV,2.834568714943859e-17
2023-08-01,Combined Max-Sharpe,EQ_ABT,0.0
2023-08-01,Combined Max-Sharpe,EQ_ADBE,0.0
2023-08-01,Combined Max-Sharpe,EQ_AEP,7.242938440393602e-20
2023-08-01,Combined Max-Sharpe,EQ_AMD,5.83979885169456e-19
2023-08-01,Combined Max-Sharpe,EQ_AMGN,0.0
2023-08-01,Combined Max-Sharpe,EQ_AMT,6.622774932312756e-19
2023-08-01,Combined Max-Sharpe,EQ_BA,1.6811754726022562e-17
2023-08-01,Combined Max-Sharpe,EQ_CAT,6.62237634684383e-18
2023-08-01,Combined Max-Sharpe,EQ_CCI,0.0
2023-08-01,Combined Max-Sharpe,EQ_CMCSA,0.0
2023-08-01,Combined Max-Sharpe,EQ_COP,0.0
2023-08-01,Combined Max-Sharpe,EQ_CVX,3.3843144081240016e-18
2023-08-01,Combined Max-Sharpe,EQ_D,1.8545293060509066e-18
2023-08-01,Combined Max-Sharpe,EQ_DD,0.0
2023-08-01,Combined Max-Sharpe,EQ_DIS,0.0
2023-08-01,Combined Max-Sharpe,EQ_DOW,0.0
2023-08-01,Combined Max-Sharpe,EQ_DUK,0.0
2023-08-01,Combined Max-Sharpe,EQ_EA,0.0
2023-08-01,Combined Max-Sharpe,EQ_GE,0.4347744663210026
2023-08-01,Combined Max-Sharpe,EQ_GILD,0.0342842012854247
2023-08-01,Combined Max-Sharpe,EQ_GS,6.0227828993061924e-18
2023-08-01,Combined Max-Sharpe,EQ_INTC,3.331176890728043e-18
2023-08-01,Combined Max-Sharpe,EQ_KO,0.0
2023-08-01,Combined Max-Sharpe,EQ_MMM,1.7038539803306735e-18
2023-08-01,Combined Max-Sharpe,EQ_MRK,0.25389865221359925
2023-08-01,Combined Max-Sharpe,EQ_MS,6.7605970761070175e-18
2023-08-01,Combined Max-Sharpe,EQ_NEE,0.0
2023-08-01,Combined Max-Sharpe,EQ_NEM,6.327946185718591e-19
2023-08-01,Combined Max-Sharpe,EQ_NKE,1.8996912098682753e-18
2023-08-01,Combined Max-Sharpe,EQ_NUE,0.0
2023-08-01,Combined Max-Sharpe,EQ_NVDA,0.11911518139737176
2023-08-01,Combined Max-Sharpe,EQ_O,1.4500225939946487e-18
2023-08-01,Combined Max-Sharpe,EQ_OXY,0.0
2023-08-01,Combined Max-Sharpe,EQ_PLD,0.0
2023-08-01,Combined Max-Sharpe,EQ_PSA,1.0416131038477435e-17
2023-08-01,Combined Max-Sharpe,EQ_QCOM,0.0
2023-08-01,Combined Max-Sharpe,EQ_SBUX,3.978310062430328e-18
2023-08-01,Combined Max-Sharpe,EQ_SHW,2.64295816126705e-18
2023-08-01,Combined Max-Sharpe,EQ_SLB,0.051081367078117695
2023-08-01,Combined Max-Sharpe,EQ_SO,0.0
2023-08-01,Combined Max-Sharpe,EQ_T,2.9517061303581164e-18
2023-08-01,Combined Max-Sharpe,EQ_TMUS,0.0
2023-08-01,Combined Max-Sharpe,EQ_TTWO,0.0
2023-08-01,Combined Max-Sharpe,EQ_UPS,0.0
2023-08-01,Combined Max-Sharpe,EQ_USB,5.241116507623835e-18
2023-08-01,Combined Max-Sharpe,EQ_V,8.542797996461894e-18
2023-08-01,Combined Max-Sharpe,EQ_WFC,0.0
2023-08-01,Combined Max-Sharpe,EQ_WMT,0.018964472268079978
2023-08-01,Combined Max-Sharpe,EQ_XOM,0.0
2023-08-01,Combined Max-Sharpe,CR_ADA-USD,0.0
2023-08-01,Combined Max-Sharpe,CR_BCH-USD,0.03218057547822429
2023-08-01,Combined Max-Sharpe,CR_BTC-USD,3.459992859076615e-18
2023-08-01,Combined Max-Sharpe,CR_EOS-USD,0.0
2023-08-01,Combined Max-Sharpe,CR_ETC-USD,0.0
2023-08-01,Combined Max-Sharpe,CR_ETH-USD,2.4270176992764068e-18
2023-08-01,Combined Max-Sharpe,CR_LTC-USD,1.5247158522137634e-18
2023-08-01,Combined Max-Sharpe,CR_TRX-USD,1.990266335848408e-18
2023-08-01,Combined Max-Sharpe,CR_XLM-USD,0.0
2023-08-01,Combined Max-Sharpe,CR_XRP-USD,0.05570108395817976
2023-09-01,Combined Max-Sharpe,EQ_ABBV,7.927491050253111e-17
2023-09-01,Combined Max-Sharpe,EQ_ABT,3.0533007850932067e-18
2023-09-01,Combined Max-Sharpe,EQ_ADBE,3.801736166752471e-18
2023-09-01,Combined Max-Sharpe,EQ_AEP,1.42793382287132e-17
2023-09-01,Combined Max-Sharpe,EQ_AMD,0.0
2023-09-01,Combined Max-Sharpe,EQ_AMGN,4.1600237330840804e-17
2023-09-01,Combined Max-Sharpe,EQ_AMT,0.0
2023-09-01,Combined Max-Sharpe,EQ_BA,1.578100550241482e-17
2023-09-01,Combined Max-Sharpe,EQ_CAT,2.06616887538329e-17
2023-09-01,Combined Max-Sharpe,EQ_CCI,6.554434426651337e-18
2023-09-01,Combined Max-Sharpe,EQ_CMCSA,0.0
2023-09-01,Combined Max-Sharpe,EQ_COP,0.0
2023-09-01,Combined Max-Sharpe,EQ_CVX,0.0
2023-09-01,Combined Max-Sharpe,EQ_D,0.0
2023-09-01,Combined Max-Sharpe,EQ_DD,1.5379378530938618e-18
2023-09-01,Combined Max-Sharpe,EQ_DIS,0.0
2023-09-01,Combined Max-Sharpe,EQ_DOW,0.0
2023-09-01,Combined Max-Sharpe,EQ_DUK,5.4337070753124076e-18
2023-09-01,Combined Max-Sharpe,EQ_EA,5.980434385786086e-19
2023-09-01,Combined Max-Sharpe,EQ_GE,0.3767890897837517
2023-09-01,Combined Max-Sharpe,EQ_GILD,0.0
2023-09-01,Combined Max-Sharpe,EQ_GS,0.0
2023-09-01,Combined Max-Sharpe,EQ_INTC,1.0853780440442803e-19
2023-09-01,Combined Max-Sharpe,EQ_KO,0.0
2023-09-01,Combined Max-Sharpe,EQ_MMM,4.117431020944157e-18
2023-09-01,Combined Max-Sharpe,EQ_MRK,0.3302695302339293
2023-09-01,Combined Max-Sharpe,EQ_MS,0.0
2023-09-01,Combined Max-Sharpe,EQ_NEE,0.0
2023-09-01,Combined Max-Sharpe,EQ_NEM,0.0
2023-09-01,Combined Max-Sharpe,EQ_NKE,1.3486829345176393e-18
2023-09-01,Combined Max-Sharpe,EQ_NUE,6.875695778255847e-18
2023-09-01,Combined Max-Sharpe,EQ_NVDA,0.17610629234411407
2023-09-01,Combined Max-Sharpe,EQ_O,0.0
2023-09-01,Combined Max-Sharpe,EQ_OXY,1.0304278870922641e-17
2023-09-01,Combined Max-Sharpe,EQ_PLD,0.0
2023-09-01,Combined Max-Sharpe,EQ_PSA,0.0
2023-09-01,Combined Max-Sharpe,EQ_QCOM,2.1623864236774942e-18
2023-09-01,Combined Max-Sharpe,EQ_SBUX,0.0
2023-09-01,Combined Max-Sharpe,EQ_SHW,1.1256975055770357e-18
2023-09-01,Combined Max-Sharpe,EQ_SLB,0.013720615183324836
2023-09-01,Combined Max-Sharpe,EQ_SO,0.0
2023-09-01,Combined Max-Sharpe,EQ_T,1.0436808042563087e-18
2023-09-01,Combined Max-Sharpe,EQ_TMUS,0.0
2023-09-01,Combined Max-Sharpe,EQ_TTWO,1.5973360385200712e-18
2023-09-01,Combined Max-Sharpe,EQ_UPS,0.0
2023-09-01,Combined Max-Sharpe,EQ_USB,0.0
2023-09-01,Combined Max-Sharpe,EQ_V,1.9434548765918597e-18
2023-09-01,Combined Max-Sharpe,EQ_WFC,2.2339565851439225e-19
2023-09-01,Combined Max-Sharpe,EQ_WMT,0.03921643293266205
2023-09-01,Combined Max-Sharpe,EQ_XOM,0.0
2023-09-01,Combined Max-Sharpe,CR_ADA-USD,0.0
2023-09-01,Combined Max-Sharpe,CR_BCH-USD,0.031309208909374234
2023-09-01,Combined Max-Sharpe,CR_BTC-USD,0.0
2023-09-01,Combined Max-Sharpe,CR_EOS-USD,0.0
2023-09-01,Combined Max-Sharpe,CR_ETC-USD,0.0
2023-09-01,Combined Max-Sharpe,CR_ETH-USD,8.11803389450009e-18
2023-09-01,Combined Max-Sharpe,CR_LTC-USD,0.0
2023-09-01,Combined Max-Sharpe,CR_TRX-USD,0.0
2023-09-01,Combined Max-Sharpe,CR_XLM-USD,0.0
2023-09-01,Combined Max-Sharpe,CR_XRP-USD,0.03258883061284366
2023-10-02,Combined Max-Sharpe,EQ_ABBV,6.6763319667349114e-18
2023-10-02,Combined Max-Sharpe,EQ_ABT,7.087874173814744e-18
2023-10-02,Combined Max-Sharpe,EQ_ADBE,0.0
2023-10-02,Combined Max-Sharpe,EQ_AEP,6.169153186344346e-18
2023-10-02,Combined Max-Sharpe,EQ_AMD,1.304835232188172e-17
2023-10-02,Combined Max-Sharpe,EQ_AMGN,0.10162948556926168
2023-10-02,Combined Max-Sharpe,EQ_AMT,0.0
2023-10-02,Combined Max-Sharpe,EQ_BA,5.465377600265456e-18
2023-10-02,Combined Max-Sharpe,EQ_CAT,0.008923479212854581
2023-10-02,Combined Max-Sharpe,EQ_CCI,2.0993149324582405e-18
2023-10-02,Combined Max-Sharpe,EQ_CMCSA,1.8458034176172645e-17
2023-10-02,Combined Max-Sharpe,EQ_COP,2.2164477799784897e-19
2023-10-02,Combined Max-Sharpe,EQ_CVX,2.833924165832163e-18
2023-10-02,Combined Max-Sharpe,EQ_D,0.0
2023-10-02,Combined Max-Sharpe,EQ_DD,6.562384528633282e-18
2023-10-02,Combined Max-Sharpe,EQ_DIS,0.0
2023-10-02,Combined Max-Sharpe,EQ_DOW,1.455856154569845e-18
2023-10-02,Combined Max-Sharpe,EQ_DUK,0.0
2023-10-02,Combined Max-Sharpe,EQ_EA,6.747478477747958e-19
2023-10-02,Combined Max-Sharpe,EQ_GE,0.4692803203282367
2023-10-02,Combined Max-Sharpe,EQ_GILD,7.238417679044016e-18
2023-10-02,Combined Max-Sharpe,EQ_GS,3.2897503141856345e-18
2023-10-02,Combined Max-Sharpe,EQ_INTC,2.0013288289893632e-18
2023-10-02,Combined Max-Sharpe,EQ_KO,5.298422716617274e-18
2023-10-02,Combined Max-Sharpe,EQ_MMM,8.729175562367724e-19
2023-10-02,Combined Max-Sharpe,EQ_MRK,0.16495414554202079
2023-10-02,Combined Max-Sharpe,EQ_MS,0.0
2023-10-02,Combined Max-Sharpe,EQ_NEE,0.0
2023-10-02,Combined Max-Sharpe,EQ_NEM,4.9706126942237344e-18
2023-10-02,Combined Max-Sharpe,EQ_NKE,5.678400163806435e-18
2023-10-02,Combined Max-Sharpe,EQ_NUE,5.028741618590975e-18
2023-10-02,Combined Max-Sharpe,EQ_NVDA,0.16166598606553628
2023-10-02,Combined Max-Sharpe,EQ_O,5.6006898539795284e-18
2023-10-02,Combined Max-Sharpe,EQ_OXY,3.3732243609878814e-18
2023-10-02,Combined Max-Sharpe,EQ_PLD,5.0840545532752525e-18
2023-10-02,Combined Max-Sharpe,EQ_PSA,6.3627978221042345e-18
2023-10-02,Combined Max-Sharpe,EQ_QCOM,0.0
2023-10-02,Combined Max-Sharpe,EQ_SBUX,7.634964755979487e-18
2023-10-02,Combined Max-Sharpe,EQ_SHW,8.634030191098583e-18
2023-10-02,Combined Max-Sharpe,EQ_SLB,0.037298679107882836
2023-10-02,Combined Max-Sharpe,EQ_SO,1.525762784964997e-18
2023-10-02,Combined Max-Sharpe,EQ_T,1.3043371097765855e-17
2023-10-02,Combined Max-Sharpe,EQ_TMUS,5.649185404180865e-18
2023-10-02,Combined Max-Sharpe,EQ_TTWO,0.0
2023-10-02,Combined Max-Sharpe,EQ_UPS,9.932771639149995e-18
2023-10-02,Combined Max-Sharpe,EQ_USB,0.0
2023-10-02,Combined Max-Sharpe,EQ_V,6.177535834671957e-18
2023-10-02,Combined Max-Sharpe,EQ_WFC,6.247493192974005e-19
2023-10-02,Combined Max-Sharpe,EQ_WMT,0.0
2023-10-02,Combined Max-Sharpe,EQ_XOM,0.0
2023-10-02,Combined Max-Sharpe,CR_ADA-USD,0.0
2023-10-02,Combined Max-Sharpe,CR_BCH-USD,0.054123054058055446
2023-10-02,Combined Max-Sharpe,CR_BTC-USD,7.728944709578858e-18
2023-10-02,Combined Max-Sharpe,CR_EOS-USD,4.270442413538703e-18
2023-10-02,Combined Max-Sharpe,CR_ETC-USD,1.6596519508069847e-18
2023-10-02,Combined Max-Sharpe,CR_ETH-USD,3.882195864821431e-18
2023-10-02,Combined Max-Sharpe,CR_LTC-USD,1.5021484328378332e-18
2023-10-02,Combined Max-Sharpe,CR_TRX-USD,7.488679576543638e-18
2023-10-02,Combined Max-Sharpe,CR_XLM-USD,1.239119913652332e-17
2023-10-02,Combined Max-Sharpe,CR_XRP-USD,0.002124850116151713
2023-11-01,Combined Max-Sharpe,EQ_ABBV,1.8973337077718813e-17
2023-11-01,Combined Max-Sharpe,EQ_ABT,1.2014255441748836e-18
2023-11-01,Combined Max-Sharpe,EQ_ADBE,0.0
2023-11-01,Combined Max-Sharpe,EQ_AEP,0.0
2023-11-01,Combined Max-Sharpe,EQ_AMD,6.787385937679986e-17
2023-11-01,Combined Max-Sharpe,EQ_AMGN,0.0
2023-11-01,Combined Max-Sharpe,EQ_AMT,0.0
2023-11-01,Combined Max-Sharpe,EQ_BA,0.0
2023-11-01,Combined Max-Sharpe,EQ_CAT,0.0
2023-11-01,Combined Max-Sharpe,EQ_CCI,1.848214608742347e-18
2023-11-01,Combined Max-Sharpe,EQ_CMCSA,0.0
2023-11-01,Combined Max-Sharpe,EQ_COP,3.1351841577128853e-18
2023-11-01,Combined Max-Sharpe,EQ_CVX,1.6779238872113257e-18
2023-11-01,Combined Max-Sharpe,EQ_D,0.0
2023-11-01,Combined Max-Sharpe,EQ_DD,0.0
2023-11-01,Combined Max-Sharpe,EQ_DIS,0.0
2023-11-01,Combined Max-Sharpe,EQ_DOW,0.0
2023-11-01,Combined Max-Sharpe,EQ_DUK,0.0
2023-11-01,Combined Max-Sharpe,EQ_EA,3.2501732504564217e-18
2023-11-01,Combined Max-Sharpe,EQ_GE,0.4963107149710492
2023-11-01,Combined Max-Sharpe,EQ_GILD,9.04135961045991e-18
2023-11-01,Combined Max-Sharpe,EQ_GS,0.0
2023-11-01,Combined Max-Sharpe,EQ_INTC,1.253016294699262e-17
2023-11-01,Combined Max-Sharpe,EQ_KO,2.0433630588558573e-18
2023-11-01,Combined Max-Sharpe,EQ_MMM,0.0
2023-11-01,Combined Max-Sharpe,EQ_MRK,0.0777871242236534
2023-11-01,Combined Max-Sharpe,EQ_MS,0.0
2023-11-01,Combined Max-Sharpe,EQ_NEE,0.0
2023-11-01,Combined Max-Sharpe,EQ_NEM,0.0
2023-11-01,Combined Max-Sharpe,EQ_NKE,6.155963820301281e-19
2023-11-01,Combined Max-Sharpe,EQ_NUE,2.861901288368931e-18
2023-11-01,Combined Max-Sharpe,EQ_NVDA,0.22767395411542155
2023-11-01,Combined Max-Sharpe,EQ_O,0.0
2023-11-01,Combined Max-Sharpe,EQ_OXY,0.0
2023-11-01,Combined Max-Sharpe,EQ_PLD,0.0
2023-11-01,Combined Max-Sharpe,EQ_PSA,0.0
2023-11-01,Combined Max-Sharpe,EQ_QCOM,0.0
2023-11-01,Combined Max-Sharpe,EQ_SBUX,0.0
2023-11-01,Combined Max-Sharpe,EQ_SHW,5.526601108733288e-19
2023-11-01,Combined Max-Sharpe,EQ_SLB,7.684763911783602e-18
2023-11-01,Combined Max-Sharpe,EQ_SO,1.3765235887517541e-17
2023-11-01,Combined Max-Sharpe,EQ_T,0.0
2023-11-01,Combined Max-Sharpe,EQ_TMUS,0.0
2023-11-01,Combined Max-Sharpe,EQ_TTWO,1.2443859964684377e-18
2023-11-01,Combined Max-Sharpe,EQ_UPS,0.0
2023-11-01,Combined Max-Sharpe,EQ_USB,5.950425981694104e-19
2023-11-01,Combined Max-Sharpe,EQ_V,0.0
2023-11-01,Combined Max-Sharpe,EQ_WFC,0.0
2023-11-01,Combined Max-Sharpe,EQ_WMT,0.10371040299667249
2023-11-01,Combined Max-Sharpe,EQ_XOM,0.0
2023-11-01,Combined Max-Sharpe,CR_ADA-USD,0.0
2023-11-01,Combined Max-Sharpe,CR_BCH-USD,0.08669817403356227
2023-11-01,Combined Max-Sharpe,CR_BTC-USD,0.0
2023-11-01,Combined Max-Sharpe,CR_EOS-USD,0.0
2023-11-01,Combined Max-Sharpe,CR_ETC-USD,6.945557345819899e-19
2023-11-01,Combined Max-Sharpe,CR_ETH-USD,0.0
2023-11-01,Combined Max-Sharpe,CR_LTC-USD,3.851946084657435e-18
2023-11-01,Combined Max-Sharpe,CR_TRX-USD,0.0
2023-11-01,Combined Max-Sharpe,CR_XLM-USD,0.0
2023-11-01,Combined Max-Sharpe,CR_XRP-USD,0.007819629659641203
2023-12-01,Combined Max-Sharpe,EQ_ABBV,0.0
2023-12-01,Combined Max-Sharpe,EQ_ABT,7.540541698583004e-19
2023-12-01,Combined Max-Sharpe,EQ_ADBE,0.07654852204304886
2023-12-01,Combined Max-Sharpe,EQ_AEP,9.020160948493242e-19
2023-12-01,Combined Max-Sharpe,EQ_AMD,0.0
2023-12-01,Combined Max-Sharpe,EQ_AMGN,8.219688300388519e-18
2023-12-01,Combined Max-Sharpe,EQ_AMT,9.241075138989306e-20
2023-12-01,Combined Max-Sharpe,EQ_BA,2.291128485682639e-17
2023-12-01,Combined Max-Sharpe,EQ_CAT,2.3756233005828118e-18
2023-12-01,Combined Max-Sharpe,EQ_CCI,3.4354786051881387e-18
2023-12-01,Combined Max-Sharpe,EQ_CMCSA,0.0
2023-12-01,Combined Max-Sharpe,EQ_COP,0.0
2023-12-01,Combined Max-Sharpe,EQ_CVX,0.0
2023-12-01,Combined Max-Sharpe,EQ_D,0.0
2023-12-01,Combined Max-Sharpe,EQ_DD,0.0
2023-12-01,Combined Max-Sharpe,EQ_DIS,1.948532018214717e-18
2023-12-01,Combined Max-Sharpe,EQ_DOW,0.0
2023-12-01,Combined Max-Sharpe,EQ_DUK,0.0
2023-12-01,Combined Max-Sharpe,EQ_EA,0.0
2023-12-01,Combined Max-Sharpe,EQ_GE,0.453206451158303
2023-12-01,Combined Max-Sharpe,EQ_GILD,2.776299209203747e-18
2023-12-01,Combined Max-Sharpe,EQ_GS,3.2799399695513287e-18
2023-12-01,Combined Max-Sharpe,EQ_INTC,0.04033586804908162
2023-12-01,Combined Max-Sharpe,EQ_KO,2.4333940657171835e-18
2023-12-01,Combined Max-Sharpe,EQ_MMM,0.0
2023-12-01,Combined Max-Sharpe,EQ_MRK,0.0
2023-12-01,Combined Max-Sharpe,EQ_MS,6.115318370429998e-21
2023-12-01,Combined Max-Sharpe,EQ_NEE,0.0
2023-12-01,Combined Max-Sharpe,EQ_NEM,8.58521005929466e-19
2023-12-01,Combined Max-Sharpe,EQ_NKE,0.0
2023-12-01,Combined Max-Sharpe,EQ_NUE,4.055599099608298e-18
2023-12-01,Combined Max-Sharpe,EQ_NVDA,0.18706940012275264
2023-12-01,Combined Max-Sharpe,EQ_O,2.5405252859060873e-18
2023-12-01,Combined Max-Sharpe,EQ_OXY,0.0
2023-12-01,Combined Max-Sharpe,EQ_PLD,1.3667068818564945e-19
2023-12-01,Combined Max-Sharpe,EQ_PSA,2.5171686325042925e-18
2023-12-01,Combined Max-Sharpe,EQ_QCOM,2.7677562058540505e-18
2023-12-01,Combined Max-Sharpe,EQ_SBUX,0.0
2023-12-01,Combined Max-Sharpe,EQ_SHW,0.0
2023-12-01,Combined Max-Sharpe,EQ_SLB,1.3331606229490571e-18
2023-12-01,Combined Max-Sharpe,EQ_SO,0.07177722829635678
2023-12-01,Combined Max-Sharpe,EQ_T,0.0
2023-12-01,Combined Max-Sharpe,EQ_TMUS,7.207770899577581e-18
2023-12-01,Combined Max-Sharpe,EQ_TTWO,0.022973116230871667
2023-12-01,Combined Max-Sharpe,EQ_UPS,1.9377278270731369e-19
2023-12-01,Combined Max-Sharpe,EQ_USB,0.0
2023-12-01,Combined Max-Sharpe,EQ_V,0.0
2023-12-01,Combined Max-Sharpe,EQ_WFC,2.4392466104248282e-18
2023-12-01,Combined Max-Sharpe,EQ_WMT,3.2468976138002e-19
2023-12-01,Combined Max-Sharpe,EQ_XOM,0.0
2023-12-01,Combined Max-Sharpe,CR_ADA-USD,0.0
2023-12-01,Combined Max-Sharpe,CR_BCH-USD,0.043947378736056524
2023-12-01,Combined Max-Sharpe,CR_BTC-USD,0.10414203536352899
2023-12-01,Combined Max-Sharpe,CR_EOS-USD,0.0
2023-12-01,Combined Max-Sharpe,CR_ETC-USD,4.1215246071022495e-19
2023-12-01,Combined Max-Sharpe,CR_ETH-USD,3.897114010562378e-18
2023-12-01,Combined Max-Sharpe,CR_LTC-USD,0.0
2023-12-01,Combined Max-Sharpe,CR_TRX-USD,1.53528216135649e-17
2023-12-01,Combined Max-Sharpe,CR_XLM-USD,0.0
2023-12-01,Combined Max-Sharpe,CR_XRP-USD,1.240555302988788e-18
2021-01-04,Combined Min-Variance,EQ_ABBV,0.16312375103405274
2021-01-04,Combined Min-Variance,EQ_ABT,1.0675973259303063e-15
2021-01-04,Combined Min-Variance,EQ_ADBE,0.0
2021-01-04,Combined Min-Variance,EQ_AEP,7.482441070898396e-16
2021-01-04,Combined Min-Variance,EQ_AMD,0.0
2021-01-04,Combined Min-Variance,EQ_AMGN,0.0
2021-01-04,Combined Min-Variance,EQ_AMT,0.0
2021-01-04,Combined Min-Variance,EQ_BA,0.0
2021-01-04,Combined Min-Variance,EQ_CAT,2.2388064737807047e-15
2021-01-04,Combined Min-Variance,EQ_CCI,0.0
2021-01-04,Combined Min-Variance,EQ_CMCSA,3.3517978541122125e-15
2021-01-04,Combined Min-Variance,EQ_COP,0.0
2021-01-04,Combined Min-Variance,EQ_CVX,0.0
2021-01-04,Combined Min-Variance,EQ_D,0.0
2021-01-04,Combined Min-Variance,EQ_DD,0.0
2021-01-04,Combined Min-Variance,EQ_DIS,9.381489912061272e-16
2021-01-04,Combined Min-Variance,EQ_DOW,0.0
2021-01-04,Combined Min-Variance,EQ_DUK,0.0
2021-01-04,Combined Min-Variance,EQ_EA,0.07297944474640568
2021-01-04,Combined Min-Variance,EQ_GE,1.5664319058948106e-15
2021-01-04,Combined Min-Variance,EQ_GILD,0.12747843165367262
2021-01-04,Combined Min-Variance,EQ_GS,0.0
2021-01-04,Combined Min-Variance,EQ_INTC,0.0
2021-01-04,Combined Min-Variance,EQ_KO,4.227018245382689e-16
2021-01-04,Combined Min-Variance,EQ_MMM,0.07764057125978907
2021-01-04,Combined Min-Variance,EQ_MRK,0.057693102148616136
2021-01-04,Combined Min-Variance,EQ_MS,0.0
2021-01-04,Combined Min-Variance,EQ_NEE,0.0
2021-01-04,Combined Min-Variance,EQ_NEM,0.13709407197338933
2021-01-04,Combined Min-Variance,EQ_NKE,0.005103673286791109
2021-01-04,Combined Min-Variance,EQ_NUE,8.221045415315039e-16
2021-01-04,Combined Min-Variance,EQ_NVDA,0.0
2021-01-04,Combined Min-Variance,EQ_O,9.571514577465393e-16
2021-01-04,Combined Min-Variance,EQ_OXY,0.0
2021-01-04,Combined Min-Variance,EQ_PLD,0.0
2021-01-04,Combined Min-Variance,EQ_PSA,0.07628169418750555
2021-01-04,Combined Min-Variance,EQ_QCOM,0.0
2021-01-04,Combined Min-Variance,EQ_SBUX,3.5928546226357483e-16
2021-01-04,Combined Min-Variance,EQ_SHW,0.0
2021-01-04,Combined Min-Variance,EQ_SLB,2.358914970164606e-15
2021-01-04,Combined Min-Variance,EQ_SO,0.0
2021-01-04,Combined Min-Variance,EQ_T,1.304357050643992e-15
2021-01-04,Combined Min-Variance,EQ_TMUS,1.9806760517471096e-15
2021-01-04,Combined Min-Variance,EQ_TTWO,0.03747441530898347
2021-01-04,Combined Min-Variance,EQ_UPS,0.014081310374879714
2021-01-04,Combined Min-Variance,EQ_USB,1.149796566479835e-15
2021-01-04,Combined Min-Variance,EQ_V,0.0
2021-01-04,Combined Min-Variance,EQ_WFC,0.0
2021-01-04,Combined Min-Variance,EQ_WMT,0.2310495340259331
2021-01-04,Combined Min-Variance,EQ_XOM,2.085248140364154e-15
2021-01-04,Combined Min-Variance,CR_ADA-USD,0.0
2021-01-04,Combined Min-Variance,CR_BCH-USD,1.0026834316765141e-15
2021-01-04,Combined Min-Variance,CR_BTC-USD,1.2967873853158094e-15
2021-01-04,Combined Min-Variance,CR_EOS-USD,9.50667070146126e-16
2021-01-04,Combined Min-Variance,CR_ETC-USD,1.8591645453466586e-15
2021-01-04,Combined Min-Variance,CR_ETH-USD,3.5697504251813063e-16
2021-01-04,Combined Min-Variance,CR_LTC-USD,0.0
2021-01-04,Combined Min-Variance,CR_TRX-USD,0.0
2021-01-04,Combined Min-Variance,CR_XLM-USD,9.69687293789527e-16
2021-01-04,Combined Min-Variance,CR_XRP-USD,1.0572356573342574e-15
2021-02-01,Combined Min-Variance,EQ_ABBV,0.14909316086280763
2021-02-01,Combined Min-Variance,EQ_ABT,0.0
2021-02-01,Combined Min-Variance,EQ_ADBE,2.806198901483105e-16
2021-02-01,Combined Min-Variance,EQ_AEP,0.0
2021-02-01,Combined Min-Variance,EQ_AMD,3.3880457107236098e-15
2021-02-01,Combined Min-Variance,EQ_AMGN,1.6678090961435219e-16
2021-02-01,Combined Min-Variance,EQ_AMT,0.0
2021-02-01,Combined Min-Variance,EQ_BA,0.0
2021-02-01,Combined Min-Variance,EQ_CAT,0.0
2021-02-01,Combined Min-Variance,EQ_CCI,1.309033186764746e-15
2021-02-01,Combined Min-Variance,EQ_CMCSA,4.859892130696518e-16
2021-02-01,Combined Min-Variance,EQ_COP,0.0
2021-02-01,Combined Min-Variance,EQ_CVX,8.107592688160405e-16
2021-02-01,Combined Min-Variance,EQ_D,3.7293724157859854e-16
2021-02-01,Combined Min-Variance,EQ_DD,0.0
2021-02-01,Combined Min-Variance,EQ_DIS,0.0
2021-02-01,Combined Min-Variance,EQ_DOW,1.933012182431617e-15
2021-02-01,Combined Min-Variance,EQ_DUK,0.0
2021-02-01,Combined Min-Variance,EQ_EA,0.08637897817628133
2021-02-01,Combined Min-Variance,EQ_GE,0.0
2021-02-01,Combined Min-Variance,EQ_GILD,0.12023912615864044
2021-02-01,Combined Min-Variance,EQ_GS,8.964969393338727e-16
2021-02-01,Combined Min-Variance,EQ_INTC,0.0
2021-02-01,Combined Min-Variance,EQ_KO,0.0
2021-02-01,Combined Min-Variance,EQ_MMM,0.1003484482477651
2021-02-01,Combined Min-Variance,EQ_MRK,0.06687214199533187
2021-02-01,Combined Min-Variance,EQ_MS,0.0
2021-02-01,Combined Min-Variance,EQ_NEE,1.7750495625660334e-15
2021-02-01,Combined Min-Variance,EQ_NEM,0.12818866215681624
2021-02-01,Combined Min-Variance,EQ_NKE,0.0
2021-02-01,Combined Min-Variance,EQ_NUE,0.0
2021-02-01,Combined Min-Variance,EQ_NVDA,7.652165379417228e-15
2021-02-01,Combined Min-Variance,EQ_O,0.0
2021-02-01,Combined Min-Variance,EQ_OXY,0.0
2021-02-01,Combined Min-Variance,EQ_PLD,2.3855618221930875e-15
2021-02-01,Combined Min-Variance,EQ_PSA,0.08162277403211465
2021-02-01,Combined Min-Variance,EQ_QCOM,9.511226623483147e-18
2021-02-01,Combined Min-Variance,EQ_SBUX,0.0
2021-02-01,Combined Min-Variance,EQ_SHW,9.613549584667666e-17
2021-02-01,Combined Min-Variance,EQ_SLB,2.8353063938987287e-16
2021-02-01,Combined Min-Variance,EQ_SO,2.421398681254071e-16
2021-02-01,Combined Min-Variance,EQ_T,0.0
2021-02-01,Combined Min-Variance,EQ_TMUS,0.0
2021-02-01,Combined Min-Variance,EQ_TTWO,0.031926285835924176
2021-02-01,Combined Min-Variance,EQ_UPS,0.007304048129292186
2021-02-01,Combined Min-Variance,EQ_USB,0.0
2021-02-01,Combined Min-Variance,EQ_V,0.0
2021-02-01,Combined Min-Variance,EQ_WFC,1.6094338237909603e-15
2021-02-01,Combined Min-Variance,EQ_WMT,0.22802637440502135
2021-02-01,Combined Min-Variance,EQ_XOM,0.0
2021-02-01,Combined Min-Variance,CR_ADA-USD,3.410601293726849e-15
2021-02-01,Combined Min-Variance,CR_BCH-USD,3.5032169030771327e-16
2021-02-01,Combined Min-Variance,CR_BTC-USD,0.0
2021-02-01,Combined Min-Variance,CR_EOS-USD,0.0
2021-02-01,Combined Min-Variance,CR_ETC-USD,8.891953149266663e-16
2021-02-01,Combined Min-Variance,CR_ETH-USD,1.4677831539595414e-15
2021-02-01,Combined Min-Variance,CR_LTC-USD,3.0211105358056126e-17
2021-02-01,Combined Min-Variance,CR_TRX-USD,0.0
2021-02-01,Combined Min-Variance,CR_XLM-USD,1.5970553222000408e-16
2021-02-01,Combined Min-Variance,CR_XRP-USD,0.0
2021-03-01,Combined Min-Variance,EQ_ABBV,0.1805082725320417
2021-03-01,Combined Min-Variance,EQ_ABT,0.0
2021-03-01,Combined Min-Variance,EQ_ADBE,0.0
2021-03-01,Combined Min-Variance,EQ_AEP,3.4086197122192217e-15
2021-03-01,Combined Min-Variance,EQ_AMD,0.0
2021-03-01,Combined Min-Variance,EQ_AMGN,0.0
2021-03-01,Combined Min-Variance,EQ_AMT,0.0
2021-03-01,Combined Min-Variance,EQ_BA,0.0
2021-03-01,Combined Min-Variance,EQ_CAT,6.079918818448934e-15
2021-03-01,Combined Min-Variance,EQ_CCI,0.0
2021-03-01,Combined Min-Variance,EQ_CMCSA,4.981613246207358e-15
2021-03-01,Combined Min-Variance,EQ_COP,0.0
2021-03-01,Combined Min-Variance,EQ_CVX,0.0
2021-03-01,Combined Min-Variance,EQ_D,0.0
2021-03-01,Combined Min-Variance,EQ_DD,8.876171648282318e-16
2021-03-01,Combined Min-Variance,EQ_DIS,8.548060686835567e-15
2021-03-01,Combined Min-Variance,EQ_DOW,0.0
2021-03-01,Combined Min-Variance,EQ_DUK,0.0
2021-03-01,Combined Min-Variance,EQ_EA,0.09346582486521224
2021-03-01,Combined Min-Variance,EQ_GE,8.574443289303802e-15
2021-03-01,Combined Min-Variance,EQ_GILD,0.13209167867132313
2021-03-01,Combined Min-Variance,EQ_GS,1.1346606697302427e-16
2021-03-01,Combined Min-Variance,EQ_INTC,0.0
2021-03-01,Combined Min-Variance,EQ_KO,6.510031305374419e-15
2021-03-01,Combined Min-Variance,EQ_MMM,0.0775807730728931
2021-03-01,Combined Min-Variance,EQ_MRK,0.021914666579319723
2021-03-01,Combined Min-Variance,EQ_MS,0.0
2021-03-01,Combined Min-Variance,EQ_NEE,0.0
2021-03-01,Combined Min-Variance,EQ_NEM,0.1321242351622685
2021-03-01,Combined Min-Variance,EQ_NKE,9.370485106160038e-15
2021-03-01,Combined Min-Variance,EQ_NUE,2.0381720225069757e-15
2021-03-01,Combined Min-Variance,EQ_NVDA,0.0
2021-03-01,Combined Min-Variance,EQ_O,7.091358923479444e-15
2021-03-01,Combined Min-Variance,EQ_OXY,0.0
2021-03-01,Combined Min-Variance,EQ_PLD,0.0
2021-03-01,Combined Min-Variance,EQ_PSA,0.11707976681524938
2021-03-01,Combined Min-Variance,EQ_QCOM,0.0
2021-03-01,Combined Min-Variance,EQ_SBUX,1.6145457040796413e-15
2021-03-01,Combined Min-Variance,EQ_SHW,0.0
2021-03-01,Combined Min-Variance,EQ_SLB,3.924002969376942e-15
2021-03-01,Combined Min-Variance,EQ_SO,0.0
2021-03-01,Combined Min-Variance,EQ_T,4.271019844902035e-15
2021-03-01,Combined Min-Variance,EQ_TMUS,4.123609615913779e-15
2021-03-01,Combined Min-Variance,EQ_TTWO,0.014457944595210591
2021-03-01,Combined Min-Variance,EQ_UPS,0.021118246095303293
2021-03-01,Combined Min-Variance,EQ_USB,1.1591839272140654e-15
2021-03-01,Combined Min-Variance,EQ_V,0.0
2021-03-01,Combined Min-Variance,EQ_WFC,0.0
2021-03-01,Combined Min-Variance,EQ_WMT,0.2096585916112506
2021-03-01,Combined Min-Variance,EQ_XOM,8.036752836625858e-15
2021-03-01,Combined Min-Variance,CR_ADA-USD,0.0
2021-03-01,Combined Min-Variance,CR_BCH-USD,0.0
2021-03-01,Combined Min-Variance,CR_BTC-USD,6.31721954061565e-15
2021-03-01,Combined Min-Variance,CR_EOS-USD,5.068547575636918e-15
2021-03-01,Combined Min-Variance,CR_ETC-USD,3.7411340378932895e-15
2021-03-01,Combined Min-Variance,CR_ETH-USD,0.0
2021-03-01,Combined Min-Variance,CR_LTC-USD,0.0
2021-03-01,Combined Min-Variance,CR_TRX-USD,8.751598618126531e-15
2021-03-01,Combined Min-Variance,CR_XLM-USD,6.987001502752898e-15
2021-03-01,Combined Min-Variance,CR_XRP-USD,6.923564824779084e-15
2021-04-01,Combined Min-Variance,EQ_ABBV,0.1126917546795724
2021-04-01,Combined Min-Variance,EQ_ABT,8.093460036922139e-17
2021-04-01,Combined Min-Variance,EQ_ADBE,1.341899404521483e-15
2021-04-01,Combined Min-Variance,EQ_AEP,0.0
2021-04-01,Combined Min-Variance,EQ_AMD,1.92984912968194e-15
2021-04-01,Combined Min-Variance,EQ_AMGN,6.540628065632121e-17
2021-04-01,Combined Min-Variance,EQ_AMT,6.49535318833823e-16
2021-04-01,Combined Min-Variance,EQ_BA,2.0934158049056025e-15
2021-04-01,Combined Min-Variance,EQ_CAT,0.0
2021-04-01,Combined Min-Variance,EQ_CCI,4.550600739506843e-16
2021-04-01,Combined Min-Variance,EQ_CMCSA,9.197445130220184e-17
2021-04-01,Combined Min-Variance,EQ_COP,4.1703286135327544e-18
2021-04-01,Combined Min-Variance,EQ_CVX,3.9449348374975037e-16
2021-04-01,Combined Min-Variance,EQ_D,0.06084862831201056
2021-04-01,Combined Min-Variance,EQ_DD,0.0
2021-04-01,Combined Min-Variance,EQ_DIS,0.0036709768860532207
2021-04-01,Combined Min-Variance,EQ_DOW,1.626098803476131e-15
2021-04-01,Combined Min-Variance,EQ_DUK,0.0
2021-04-01,Combined Min-Variance,EQ_EA,0.09115994681808497
2021-04-01,Combined Min-Variance,EQ_GE,0.0
2021-04-01,Combined Min-Variance,EQ_GILD,0.05369799479266746
2021-04-01,Combined Min-Variance,EQ_GS,0.0
2021-04-01,Combined Min-Variance,EQ_INTC,6.206467232700695e-16
2021-04-01,Combined Min-Variance,EQ_KO,0.0
2021-04-01,Combined Min-Variance,EQ_MMM,0.10685107954607917
2021-04-01,Combined Min-Variance,EQ_MRK,0.04310006694241263
2021-04-01,Combined Min-Variance,EQ_MS,1.0749190857151507e-16
2021-04-01,Combined Min-Variance,EQ_NEE,5.150099342529957e-16
2021-04-01,Combined Min-Variance,EQ_NEM,1.318362469398287e-16
2021-04-01,Combined Min-Variance,EQ_NKE,0.0
2021-04-01,Combined Min-Variance,EQ_NUE,0.0
2021-04-01,Combined Min-Variance,EQ_NVDA,5.163492696532551e-15
2021-04-01,Combined Min-Variance,EQ_O,0.0
2021-04-01,Combined Min-Variance,EQ_OXY,2.8391953749146706e-15
2021-04-01,Combined Min-Variance,EQ_PLD,8.838630954115556e-16
2021-04-01,Combined Min-Variance,EQ_PSA,0.12089550370266258
2021-04-01,Combined Min-Variance,EQ_QCOM,1.122862041770758e-15
2021-04-01,Combined Min-Variance,EQ_SBUX,0.0
2021-04-01,Combined Min-Variance,EQ_SHW,8.771934793204745e-16
2021-04-01,Combined Min-Variance,EQ_SLB,0.0
2021-04-01,Combined Min-Variance,EQ_SO,0.0
2021-04-01,Combined Min-Variance,EQ_T,0.09233998249644064
2021-04-01,Combined Min-Variance,EQ_TMUS,0.0
2021-04-01,Combined Min-Variance,EQ_TTWO,0.0728191900862695
2021-04-01,Combined Min-Variance,EQ_UPS,6.287629487208785e-16
2021-04-01,Combined Min-Variance,EQ_USB,0.0
2021-04-01,Combined Min-Variance,EQ_V,4.762901950103259e-16
2021-04-01,Combined Min-Variance,EQ_WFC,0.0
2021-04-01,Combined Min-Variance,EQ_WMT,0.2271264103237182
2021-04-01,Combined Min-Variance,EQ_XOM,0.0
2021-04-01,Combined Min-Variance,CR_ADA-USD,1.808450130308482e-16
2021-04-01,Combined Min-Variance,CR_BCH-USD,8.846495293572831e-17
2021-04-01,Combined Min-Variance,CR_BTC-USD,0.0028993717920513394
2021-04-01,Combined Min-Variance,CR_EOS-USD,4.9546499553777237e-17
2021-04-01,Combined Min-Variance,CR_ETC-USD,0.0
2021-04-01,Combined Min-Variance,CR_ETH-USD,1.4616591752764969e-15
2021-04-01,Combined Min-Variance,CR_LTC-USD,1.6074793958753338e-16
2021-04-01,Combined Min-Variance,CR_TRX-USD,0.011899093621964564
2021-04-01,Combined Min-Variance,CR_XLM-USD,0.0
2021-04-01,Combined Min-Variance,CR_XRP-USD,0.0
2021-05-03,Combined Min-Variance,EQ_ABBV,0.08967945867497894
2021-05-03,Combined Min-Variance,EQ_ABT,0.0
2021-05-03,Combined Min-Variance,EQ_ADBE,0.0
2021-05-03,Combined Min-Variance,EQ_AEP,0.05857495904232629
2021-05-03,Combined Min-Variance,EQ_AMD,3.818608439417179e-17
2021-05-03,Combined Min-Variance,EQ_AMGN,5.880005882968241e-17
2021-05-03,Combined Min-Variance,EQ_AMT,0.0
2021-05-03,Combined Min-Variance,EQ_BA,0.0
2021-05-03,Combined Min-Variance,EQ_CAT,6.283214738785086e-17
2021-05-03,Combined Min-Variance,EQ_CCI,0.0
2021-05-03,Combined Min-Variance,EQ_CMCSA,2.312731643324445e-16
2021-05-03,Combined Min-Variance,EQ_COP,0.0
2021-05-03,Combined Min-Variance,EQ_CVX,2.47318672004618e-16
2021-05-03,Combined Min-Variance,EQ_D,0.08439249614665763
2021-05-03,Combined Min-Variance,EQ_DD,0.0
2021-05-03,Combined Min-Variance,EQ_DIS,5.897971853185064e-16
2021-05-03,Combined Min-Variance,EQ_DOW,0.0
2021-05-03,Combined Min-Variance,EQ_DUK,0.009007291890696434
2021-05-03,Combined Min-Variance,EQ_EA,0.06372732687543456
2021-05-03,Combined Min-Variance,EQ_GE,4.71795647414342e-17
2021-05-03,Combined Min-Variance,EQ_GILD,0.04378273521983878
2021-05-03,Combined Min-Variance,EQ_GS,1.0074484382315085e-16
2021-05-03,Combined Min-Variance,EQ_INTC,1.0186792886463294e-16
2021-05-03,Combined Min-Variance,EQ_KO,5.541631367004059e-17
2021-05-03,Combined Min-Variance,EQ_MMM,0.07392823805679664
2021-05-03,Combined Min-Variance,EQ_MRK,0.10255970168590718
2021-05-03,Combined Min-Variance,EQ_MS,5.083409233547392e-16
2021-05-03,Combined Min-Variance,EQ_NEE,0.0
2021-05-03,Combined Min-Variance,EQ_NEM,3.6152556834458165e-17
2021-05-03,Combined Min-Variance,EQ_NKE,0.023954902023585675
2021-05-03,Combined Min-Variance,EQ_NUE,1.817929997141806e-16
2021-05-03,Combined Min-Variance,EQ_NVDA,0.0
2021-05-03,Combined Min-Variance,EQ_O,0.0
2021-05-03,Combined Min-Variance,EQ_OXY,0.0
2021-05-03,Combined Min-Variance,EQ_PLD,0.0
2021-05-03,Combined Min-Variance,EQ_PSA,0.06157437287403691
2021-05-03,Combined Min-Variance,EQ_QCOM,0.0
2021-05-03,Combined Min-Variance,EQ_SBUX,0.0
2021-05-03,Combined Min-Variance,EQ_SHW,1.0247595652769318e-16
2021-05-03,Combined Min-Variance,EQ_SLB,4.2105571403504164e-16
2021-05-03,Combined Min-Variance,EQ_SO,0.0
2021-05-03,Combined Min-Variance,EQ_T,0.11500074200551896
2021-05-03,Combined Min-Variance,EQ_TMUS,0.0
2021-05-03,Combined Min-Variance,EQ_TTWO,0.05848310103765368
2021-05-03,Combined Min-Variance,EQ_UPS,9.795260607395408e-17
2021-05-03,Combined Min-Variance,EQ_USB,1.5078038589992984e-16
2021-05-03,Combined Min-Variance,EQ_V,0.0
2021-05-03,Combined Min-Variance,EQ_WFC,7.488151783441567e-17
2021-05-03,Combined Min-Variance,EQ_WMT,0.19988775284648608
2021-05-03,Combined Min-Variance,EQ_XOM,0.0
2021-05-03,Combined Min-Variance,CR_ADA-USD,2.401390255032258e-16
2021-05-03,Combined Min-Variance,CR_BCH-USD,4.0449237427931805e-17
2021-05-03,Combined Min-Variance,CR_BTC-USD,0.005572208580871869
2021-05-03,Combined Min-Variance,CR_EOS-USD,1.1816609549735394e-16
2021-05-03,Combined Min-Variance,CR_ETC-USD,3.6333480940190297e-16
2021-05-03,Combined Min-Variance,CR_ETH-USD,0.0
2021-05-03,Combined Min-Variance,CR_LTC-USD,2.112785968270641e-16
2021-05-03,Combined Min-Variance,CR_TRX-USD,0.00987471303921194
2021-05-03,Combined Min-Variance,CR_XLM-USD,0.0
2021-05-03,Combined Min-Variance,CR_XRP-USD,0.0
2021-06-01,Combined Min-Variance,EQ_ABBV,0.04967527449669347
2021-06-01,Combined Min-Variance,EQ_ABT,3.322667335042155e-16
2021-06-01,Combined Min-Variance,EQ_ADBE,0.0
2021-06-01,Combined Min-Variance,EQ_AEP,0.09202355171041467
2021-06-01,Combined Min-Variance,EQ_AMD,2.0321645980773108e-16
2021-06-01,Combined Min-Variance,EQ_AMGN,1.0137605252943599e-16
2021-06-01,Combined Min-Variance,EQ_AMT,1.1759119464504312e-16
2021-06-01,Combined Min-Variance,EQ_BA,1.0503054393441078e-16
2021-06-01,Combined Min-Variance,EQ_CAT,0.0
2021-06-01,Combined Min-Variance,EQ_CCI,0.0
2021-06-01,Combined Min-Variance,EQ_CMCSA,6.41447851012255e-17
2021-06-01,Combined Min-Variance,EQ_COP,0.0
2021-06-01,Combined Min-Variance,EQ_CVX,2.4362726708692275e-17
2021-06-01,Combined Min-Variance,EQ_D,0.05258121053850905
2021-06-01,Combined Min-Variance,EQ_DD,3.6170751730825194e-16
2021-06-01,Combined Min-Variance,EQ_DIS,0.009072748851034203
2021-06-01,Combined Min-Variance,EQ_DOW,0.0
2021-06-01,Combined Min-Variance,EQ_DUK,0.010267971795356974
2021-06-01,Combined Min-Variance,EQ_EA,0.06148976405083712
2021-06-01,Combined Min-Variance,EQ_GE,0.0
2021-06-01,Combined Min-Variance,EQ_GILD,0.05831971578230447
2021-06-01,Combined Min-Variance,EQ_GS,3.465594520107333e-16
2021-06-01,Combined Min-Variance,EQ_INTC,0.0
2021-06-01,Combined Min-Variance,EQ_KO,8.579009728593378e-17
2021-06-01,Combined Min-Variance,EQ_MMM,0.0864262699704917
2021-06-01,Combined Min-Variance,EQ_MRK,0.11667523812986828
2021-06-01,Combined Min-Variance,EQ_MS,0.0
2021-06-01,Combined Min-Variance,EQ_NEE,8.403175326569446e-17
2021-06-01,Combined Min-Variance,EQ_NEM,1.4939750095140587e-16
2021-06-01,Combined Min-Variance,EQ_NKE,0.024110209555164196
2021-06-01,Combined Min-Variance,EQ_NUE,0.0
2021-06-01,Combined Min-Variance,EQ_NVDA,1.1854081542003436e-16
2021-06-01,Combined Min-Variance,EQ_O,7.633883048380544e-17
2021-06-01,Combined Min-Variance,EQ_OXY,1.0355309792330547e-15
2021-06-01,Combined Min-Variance,EQ_PLD,2.5043567035987147e-16
2021-06-01,Combined Min-Variance,EQ_PSA,0.0877185451128819
2021-06-01,Combined Min-Variance,EQ_QCOM,0.0
2021-06-01,Combined Min-Variance,EQ_SBUX,0.0
2021-06-01,Combined Min-Variance,EQ_SHW,2.595114194114375e-16
2021-06-01,Combined Min-Variance,EQ_SLB,1.3531094885140467e-17
2021-06-01,Combined Min-Variance,EQ_SO,0.0
2021-06-01,Combined Min-Variance,EQ_T,0.11681097035837872
2021-06-01,Combined Min-Variance,EQ_TMUS,1.1672603978562808e-17
2021-06-01,Combined Min-Variance,EQ_TTWO,0.05784272224407066
2021-06-01,Combined Min-Variance,EQ_UPS,0.0
2021-06-01,Combined Min-Variance,EQ_USB,0.0
2021-06-01,Combined Min-Variance,EQ_V,5.679536827858306e-17
2021-06-01,Combined Min-Variance,EQ_WFC,8.206494958877518e-17
2021-06-01,Combined Min-Variance,EQ_WMT,0.1727910056454066
2021-06-01,Combined Min-Variance,EQ_XOM,1.626176326715262e-17
2021-06-01,Combined Min-Variance,CR_ADA-USD,6.283720243505911e-17
2021-06-01,Combined Min-Variance,CR_BCH-USD,0.0
2021-06-01,Combined Min-Variance,CR_BTC-USD,1.152095899872288e-16
2021-06-01,Combined Min-Variance,CR_EOS-USD,0.0
2021-06-01,Combined Min-Variance,CR_ETC-USD,0.0
2021-06-01,Combined Min-Variance,CR_ETH-USD,0.0
2021-06-01,Combined Min-Variance,CR_LTC-USD,0.0
2021-06-01,Combined Min-Variance,CR_TRX-USD,0.0041948017585863645
2021-06-01,Combined Min-Variance,CR_XLM-USD,6.090582509935028e-16
2021-06-01,Combined Min-Variance,CR_XRP-USD,4.729036752093197e-16
2021-07-01,Combined Min-Variance,EQ_ABBV,0.04018783943535385
2021-07-01,Combined Min-Variance,EQ_ABT,0.0
2021-07-01,Combined Min-Variance,EQ_ADBE,2.253599788027713e-17
2021-07-01,Combined Min-Variance,EQ_AEP,0.07217351449369434
2021-07-01,Combined Min-Variance,EQ_AMD,0.005730387896603696
2021-07-01,Combined Min-Variance,EQ_AMGN,5.88788651157886e-17
2021-07-01,Combined Min-Variance,EQ_AMT,7.269451256640136e-17
2021-07-01,Combined Min-Variance,EQ_BA,9.231582450986688e-17
2021-07-01,Combined Min-Variance,EQ_CAT,0.0
2021-07-01,Combined Min-Variance,EQ_CCI,0.053076832657172265
2021-07-01,Combined Min-Variance,EQ_CMCSA,6.491915854964987e-17
2021-07-01,Combined Min-Variance,EQ_COP,6.3138310867396305e-18
2021-07-01,Combined Min-Variance,EQ_CVX,6.12131761710888e-17
2021-07-01,Combined Min-Variance,EQ_D,0.025234810957898635
2021-07-01,Combined Min-Variance,EQ_DD,3.910107324808083e-17
2021-07-01,Combined Min-Variance,EQ_DIS,0.013832685515814822
2021-07-01,Combined Min-Variance,EQ_DOW,7.535982107556704e-17
2021-07-01,Combined Min-Variance,EQ_DUK,0.0
2021-07-01,Combined Min-Variance,EQ_EA,0.024167366887686767
2021-07-01,Combined Min-Variance,EQ_GE,2.210981615208297e-16
2021-07-01,Combined Min-Variance,EQ_GILD,0.029377230081670955
2021-07-01,Combined Min-Variance,EQ_GS,0.020066451785458263
2021-07-01,Combined Min-Variance,EQ_INTC,2.1588322423341107e-17
2021-07-01,Combined Min-Variance,EQ_KO,6.96426234796215e-17
2021-07-01,Combined Min-Variance,EQ_MMM,0.09760240971837165
2021-07-01,Combined Min-Variance,EQ_MRK,0.13245529624292887
2021-07-01,Combined Min-Variance,EQ_MS,7.144663215997668e-17
2021-07-01,Combined Min-Variance,EQ_NEE,1.099642809526092e-16
2021-07-01,Combined Min-Variance,EQ_NEM,0.0
2021-07-01,Combined Min-Variance,EQ_NKE,0.03631694185796249
2021-07-01,Combined Min-Variance,EQ_NUE,5.4475967158933595e-17
2021-07-01,Combined Min-Variance,EQ_NVDA,7.520115449700067e-18
2021-07-01,Combined Min-Variance,EQ_O,0.0
2021-07-01,Combined Min-Variance,EQ_OXY,2.1043466375375248e-17
2021-07-01,Combined Min-Variance,EQ_PLD,9.477529791873266e-17
2021-07-01,Combined Min-Variance,EQ_PSA,0.10262932375681602
2021-07-01,Combined Min-Variance,EQ_QCOM,1.0868118089523718e-16
2021-07-01,Combined Min-Variance,EQ_SBUX,0.02093606258369355
2021-07-01,Combined Min-Variance,EQ_SHW,2.7007146609544545e-17
2021-07-01,Combined Min-Variance,EQ_SLB,0.0
2021-07-01,Combined Min-Variance,EQ_SO,1.1676197235629253e-17
2021-07-01,Combined Min-Variance,EQ_T,0.16470738928944786
2021-07-01,Combined Min-Variance,EQ_TMUS,6.266174826654159e-17
2021-07-01,Combined Min-Variance,EQ_TTWO,0.051971517117580454
2021-07-01,Combined Min-Variance,EQ_UPS,1.947268513465922e-18
2021-07-01,Combined Min-Variance,EQ_USB,0.0
2021-07-01,Combined Min-Variance,EQ_V,1.1351386859085299e-17
2021-07-01,Combined Min-Variance,EQ_WFC,1.222354587448417e-16
2021-07-01,Combined Min-Variance,EQ_WMT,0.10215537116476146
2021-07-01,Combined Min-Variance,EQ_XOM,3.1435056862572176e-17
2021-07-01,Combined Min-Variance,CR_ADA-USD,3.1199873147861043e-16
2021-07-01,Combined Min-Variance,CR_BCH-USD,0.0
2021-07-01,Combined Min-Variance,CR_BTC-USD,0.0
2021-07-01,Combined Min-Variance,CR_EOS-USD,0.0
2021-07-01,Combined Min-Variance,CR_ETC-USD,1.4754999387749048e-16
2021-07-01,Combined Min-Variance,CR_ETH-USD,2.2018284725920772e-16
2021-07-01,Combined Min-Variance,CR_LTC-USD,1.2275738371799357e-16
2021-07-01,Combined Min-Variance,CR_TRX-USD,0.00737856855708356
2021-07-01,Combined Min-Variance,CR_XLM-USD,2.643172861469887e-16
2021-07-01,Combined Min-Variance,CR_XRP-USD,0.0
2021-08-02,Combined Min-Variance,EQ_ABBV,0.03265983264676757
2021-08-02,Combined Min-Variance,EQ_ABT,0.0074477577398130365
2021-08-02,Combined Min-Variance,EQ_ADBE,2.6075337806174793e-16
2021-08-02,Combined Min-Variance,EQ_AEP,0.08375860918158531
2021-08-02,Combined Min-Variance,EQ_AMD,0.0003994241150488562
2021-08-02,Combined Min-Variance,EQ_AMGN,0.0
2021-08-02,Combined Min-Variance,EQ_AMT,0.0
2021-08-02,Combined Min-Variance,EQ_BA,0.0
2021-08-02,Combined Min-Variance,EQ_CAT,0.0027196791717252035
2021-08-02,Combined Min-Variance,EQ_CCI,0.06473024163964981
2021-08-02,Combined Min-Variance,EQ_CMCSA,2.1908935247778608e-17
2021-08-02,Combined Min-Variance,EQ_COP,6.819276327527291e-17
2021-08-02,Combined Min-Variance,EQ_CVX,4.6247516318685284e-17
2021-08-02,Combined Min-Variance,EQ_D,1.0506658535959625e-16
2021-08-02,Combined Min-Variance,EQ_DD,0.0
2021-08-02,Combined Min-Variance,EQ_DIS,0.014049199620533819
2021-08-02,Combined Min-Variance,EQ_DOW,1.1948510868377566e-16
2021-08-02,Combined Min-Variance,EQ_DUK,0.007797384023103008
2021-08-02,Combined Min-Variance,EQ_EA,0.020830452093112805
2021-08-02,Combined Min-Variance,EQ_GE,0.0
2021-08-02,Combined Min-Variance,EQ_GILD,0.024439383612101507
2021-08-02,Combined Min-Variance,EQ_GS,0.02306097228796338
2021-08-02,Combined Min-Variance,EQ_INTC,4.656024796633423e-17
2021-08-02,Combined Min-Variance,EQ_KO,0.0
2021-08-02,Combined Min-Variance,EQ_MMM,0.08661831092654176
2021-08-02,Combined Min-Variance,EQ_MRK,0.1414035059176793
2021-08-02,Combined Min-Variance,EQ_MS,6.728738366472485e-17
2021-08-02,Combined Min-Variance,EQ_NEE,1.1759190942509485e-17
2021-08-02,Combined Min-Variance,EQ_NEM,1.6250121287963961e-16
2021-08-02,Combined Min-Variance,EQ_NKE,0.03399465507455389
2021-08-02,Combined Min-Variance,EQ_NUE,0.0
2021-08-02,Combined Min-Variance,EQ_NVDA,7.085397137795929e-17
2021-08-02,Combined Min-Variance,EQ_O,8.779714221152947e-17
2021-08-02,Combined Min-Variance,EQ_OXY,0.0
2021-08-02,Combined Min-Variance,EQ_PLD,3.2395942996891025e-16
2021-08-02,Combined Min-Variance,EQ_PSA,0.10431113664549675
2021-08-02,Combined Min-Variance,EQ_QCOM,5.4355389680174035e-17
2021-08-02,Combined Min-Variance,EQ_SBUX,0.013207496215034904
2021-08-02,Combined Min-Variance,EQ_SHW,0.0
2021-08-02,Combined Min-Variance,EQ_SLB,0.0
2021-08-02,Combined Min-Variance,EQ_SO,6.594237530667155e-17
2021-08-02,Combined Min-Variance,EQ_T,0.16589526661234097
2021-08-02,Combined Min-Variance,EQ_TMUS,1.1485081732499605e-16
2021-08-02,Combined Min-Variance,EQ_TTWO,0.05961196239875943
2021-08-02,Combined Min-Variance,EQ_UPS,6.79914435174938e-17
2021-08-02,Combined Min-Variance,EQ_USB,0.0
2021-08-02,Combined Min-Variance,EQ_V,2.5232617033032233e-17
2021-08-02,Combined Min-Variance,EQ_WFC,4.160263072366047e-17
2021-08-02,Combined Min-Variance,EQ_WMT,0.1060450389602273
2021-08-02,Combined Min-Variance,EQ_XOM,1.2862735540834163e-16
2021-08-02,Combined Min-Variance,CR_ADA-USD,0.0
2021-08-02,Combined Min-Variance,CR_BCH-USD,0.0
2021-08-02,Combined Min-Variance,CR_BTC-USD,0.0
2021-08-02,Combined Min-Variance,CR_EOS-USD,0.0
2021-08-02,Combined Min-Variance,CR_ETC-USD,2.4159831055196896e-16
2021-08-02,Combined Min-Variance,CR_ETH-USD,8.361405762205236e-17
2021-08-02,Combined Min-Variance,CR_LTC-USD,4.419387408127248e-16
2021-08-02,Combined Min-Variance,CR_TRX-USD,0.0070196911179601675
2021-08-02,Combined Min-Variance,CR_XLM-USD,2.0209901742807082e-16
2021-08-02,Combined Min-Variance,CR_XRP-USD,0.0
2021-09-01,Combined Min-Variance,EQ_ABBV,0.024268822820709857
2021-09-01,Combined Min-Variance,EQ_ABT,0.006027776580173414
2021-09-01,Combined Min-Variance,EQ_ADBE,0.0
2021-09-01,Combined Min-Variance,EQ_AEP,0.09377195112544245
2021-09-01,Combined Min-Variance,EQ_AMD,0.009509098005857444
2021-09-01,Combined Min-Variance,EQ_AMGN,0.0
2021-09-01,Combined Min-Variance,EQ_AMT,1.0217904564251693e-17
2021-09-01,Combined Min-Variance,EQ_BA,0.0
2021-09-01,Combined Min-Variance,EQ_CAT,0.00020126566462235992
2021-09-01,Combined Min-Variance,EQ_CCI,0.06840943721524177
2021-09-01,Combined Min-Variance,EQ_CMCSA,2.346869774207572e-16
2021-09-01,Combined Min-Variance,EQ_COP,6.790824217412884e-17
2021-09-01,Combined Min-Variance,EQ_CVX,2.253396558228402e-17
2021-09-01,Combined Min-Variance,EQ_D,0.0
2021-09-01,Combined Min-Variance,EQ_DD,1.403498981564246e-16
2021-09-01,Combined Min-Variance,EQ_DIS,0.013153306737770319
2021-09-01,Combined Min-Variance,EQ_DOW,1.6886789797029792e-16
2021-09-01,Combined Min-Variance,EQ_DUK,0.00695742072106324
2021-09-01,Combined Min-Variance,EQ_EA,0.020003421502832772
2021-09-01,Combined Min-Variance,EQ_GE,5.2895400236843515e-17
2021-09-01,Combined Min-Variance,EQ_GILD,0.019810773755671026
2021-09-01,Combined Min-Variance,EQ_GS,0.030673243016723334
2021-09-01,Combined Min-Variance,EQ_INTC,5.599888300176812e-17
2021-09-01,Combined Min-Variance,EQ_KO,2.61035224147448e-17
2021-09-01,Combined Min-Variance,EQ_MMM,0.08049686111883365
2021-09-01,Combined Min-Variance,EQ_MRK,0.12803627712619828
2021-09-01,Combined Min-Variance,EQ_MS,2.3100125156201067e-17
2021-09-01,Combined Min-Variance,EQ_NEE,2.8089886883228756e-17
2021-09-01,Combined Min-Variance,EQ_NEM,1.4869169457772608e-16
2021-09-01,Combined Min-Variance,EQ_NKE,0.030795547571827616
2021-09-01,Combined Min-Variance,EQ_NUE,2.8731551628903764e-17
2021-09-01,Combined Min-Variance,EQ_NVDA,5.2308095927252084e-17
2021-09-01,Combined Min-Variance,EQ_O,5.5183683660870945e-17
2021-09-01,Combined Min-Variance,EQ_OXY,0.0
2021-09-01,Combined Min-Variance,EQ_PLD,1.2164465909775076e-16
2021-09-01,Combined Min-Variance,EQ_PSA,0.11532623990220296
2021-09-01,Combined Min-Variance,EQ_QCOM,0.0
2021-09-01,Combined Min-Variance,EQ_SBUX,0.0008603830255124457
2021-09-01,Combined Min-Variance,EQ_SHW,2.5197888632452924e-17
2021-09-01,Combined Min-Variance,EQ_SLB,6.216289201765241e-17
2021-09-01,Combined Min-Variance,EQ_SO,6.38864073606722e-17
2021-09-01,Combined Min-Variance,EQ_T,0.1653814233033193
2021-09-01,Combined Min-Variance,EQ_TMUS,7.030918186305044e-17
2021-09-01,Combined Min-Variance,EQ_TTWO,0.061714974834156305
2021-09-01,Combined Min-Variance,EQ_UPS,1.4194344313566053e-16
2021-09-01,Combined Min-Variance,EQ_USB,5.5083959237716356e-17
2021-09-01,Combined Min-Variance,EQ_V,9.500470023082462e-17
2021-09-01,Combined Min-Variance,EQ_WFC,2.319331459566979e-17
2021-09-01,Combined Min-Variance,EQ_WMT,0.11720085034037314
2021-09-01,Combined Min-Variance,EQ_XOM,0.0
2021-09-01,Combined Min-Variance,CR_ADA-USD,2.148300242044658e-16
2021-09-01,Combined Min-Variance,CR_BCH-USD,2.0053458745453024e-16
2021-09-01,Combined Min-Variance,CR_BTC-USD,9.831803657352051e-17
2021-09-01,Combined Min-Variance,CR_EOS-USD,6.653015886055436e-17
2021-09-01,Combined Min-Variance,CR_ETC-USD,0.0
2021-09-01,Combined Min-Variance,CR_ETH-USD,2.2498197757732276e-16
2021-09-01,Combined Min-Variance,CR_LTC-USD,8.312457498555401e-17
2021-09-01,Combined Min-Variance,CR_TRX-USD,0.007400925631467998
2021-09-01,Combined Min-Variance,CR_XLM-USD,1.1238561640397733e-16
2021-09-01,Combined Min-Variance,CR_XRP-USD,1.6802663276158682e-16
2021-10-01,Combined Min-Variance,EQ_ABBV,0.0
2021-10-01,Combined Min-Variance,EQ_ABT,0.03342527787919795
2021-10-01,Combined Min-Variance,EQ_ADBE,3.2473984327768566e-17
2021-10-01,Combined Min-Variance,EQ_AEP,0.054211111173962406
2021-10-01,Combined Min-Variance,EQ_AMD,0.0196718220977602
2021-10-01,Combined Min-Variance,EQ_AMGN,3.677248183503072e-16
2021-10-01,Combined Min-Variance,EQ_AMT,6.755294058464486e-17
2021-10-01,Combined Min-Variance,EQ_BA,0.0
2021-10-01,Combined Min-Variance,EQ_CAT,2.778057370653548e-16
2021-10-01,Combined Min-Variance,EQ_CCI,0.09101561861886115
2021-10-01,Combined Min-Variance,EQ_CMCSA,7.864715891453957e-17
2021-10-01,Combined Min-Variance,EQ_COP,5.4335774957727565e-17
2021-10-01,Combined Min-Variance,EQ_CVX,0.0
2021-10-01,Combined Min-Variance,EQ_D,0.0
2021-10-01,Combined Min-Variance,EQ_DD,0.0008495722750037939
2021-10-01,Combined Min-Variance,EQ_DIS,0.007537154622836052
2021-10-01,Combined Min-Variance,EQ_DOW,0.0
2021-10-01,Combined Min-Variance,EQ_DUK,0.04354437108037909
2021-10-01,Combined Min-Variance,EQ_EA,0.04549893900316253
2021-10-01,Combined Min-Variance,EQ_GE,0.0
2021-10-01,Combined Min-Variance,EQ_GILD,0.006242952178151697
2021-10-01,Combined Min-Variance,EQ_GS,0.044150239731677345
2021-10-01,Combined Min-Variance,EQ_INTC,0.0020575995767799496
2021-10-01,Combined Min-Variance,EQ_KO,6.132760095789767e-17
2021-10-01,Combined Min-Variance,EQ_MMM,0.08285948543190352
2021-10-01,Combined Min-Variance,EQ_MRK,0.14595661157334042
2021-10-01,Combined Min-Variance,EQ_MS,4.585679261855287e-17
2021-10-01,Combined Min-Variance,EQ_NEE,0.0
2021-10-01,Combined Min-Variance,EQ_NEM,7.046737587368332e-17
2021-10-01,Combined Min-Variance,EQ_NKE,0.0
2021-10-01,Combined Min-Variance,EQ_NUE,0.0
2021-10-01,Combined Min-Variance,EQ_NVDA,0.0
2021-10-01,Combined Min-Variance,EQ_O,6.300524940629346e-17
2021-10-01,Combined Min-Variance,EQ_OXY,0.002533759849655306
2021-10-01,Combined Min-Variance,EQ_PLD,0.0
2021-10-01,Combined Min-Variance,EQ_PSA,0.09444773809683873
2021-10-01,Combined Min-Variance,EQ_QCOM,6.095185270929267e-17
2021-10-01,Combined Min-Variance,EQ_SBUX,0.020334061173817093
2021-10-01,Combined Min-Variance,EQ_SHW,1.0728172332352273e-16
2021-10-01,Combined Min-Variance,EQ_SLB,0.001981430531097072
2021-10-01,Combined Min-Variance,EQ_SO,6.118838383995362e-19
2021-10-01,Combined Min-Variance,EQ_T,0.13467010676859995
2021-10-01,Combined Min-Variance,EQ_TMUS,1.3746025812757871e-17
2021-10-01,Combined Min-Variance,EQ_TTWO,0.04058734716534557
2021-10-01,Combined Min-Variance,EQ_UPS,0.0
2021-10-01,Combined Min-Variance,EQ_USB,7.643931945583833e-17
2021-10-01,Combined Min-Variance,EQ_V,0.0
2021-10-01,Combined Min-Variance,EQ_WFC,2.8019243177434907e-16
2021-10-01,Combined Min-Variance,EQ_WMT,0.12842480117163013
2021-10-01,Combined Min-Variance,EQ_XOM,8.525456953563506e-17
2021-10-01,Combined Min-Variance,CR_ADA-USD,5.784011360929877e-17
2021-10-01,Combined Min-Variance,CR_BCH-USD,2.807539693585645e-16
2021-10-01,Combined Min-Variance,CR_BTC-USD,5.3819888785539176e-17
2021-10-01,Combined Min-Variance,CR_EOS-USD,0.0
2021-10-01,Combined Min-Variance,CR_ETC-USD,0.0
2021-10-01,Combined Min-Variance,CR_ETH-USD,5.588427450010086e-17
2021-10-01,Combined Min-Variance,CR_LTC-USD,8.087167695561198e-17
2021-10-01,Combined Min-Variance,CR_TRX-USD,0.0
2021-10-01,Combined Min-Variance,CR_XLM-USD,0.0
2021-10-01,Combined Min-Variance,CR_XRP-USD,2.8218270855528027e-16
2021-11-01,Combined Min-Variance,EQ_ABBV,0.015937683542466472
2021-11-01,Combined Min-Variance,EQ_ABT,0.0557587317135825
2021-11-01,Combined Min-Variance,EQ_ADBE,0.0
2021-11-01,Combined Min-Variance,EQ_AEP,0.04798941474376252
2021-11-01,Combined Min-Variance,EQ_AMD,0.03525154624807261
2021-11-01,Combined Min-Variance,EQ_AMGN,2.7554989372412833e-17
2021-11-01,Combined Min-Variance,EQ_AMT,1.6126822052067347e-16
2021-11-01,Combined Min-Variance,EQ_BA,9.93715680244254e-17
2021-11-01,Combined Min-Variance,EQ_CAT,0.0
2021-11-01,Combined Min-Variance,EQ_CCI,0.055392614724425616
2021-11-01,Combined Min-Variance,EQ_CMCSA,0.0
2021-11-01,Combined Min-Variance,EQ_COP,0.000492031361374721
2021-11-01,Combined Min-Variance,EQ_CVX,0.0
2021-11-01,Combined Min-Variance,EQ_D,2.642362575940893e-16
2021-11-01,Combined Min-Variance,EQ_DD,0.0
2021-11-01,Combined Min-Variance,EQ_DIS,0.0
2021-11-01,Combined Min-Variance,EQ_DOW,0.0
2021-11-01,Combined Min-Variance,EQ_DUK,0.05320279698309215
2021-11-01,Combined Min-Variance,EQ_EA,0.05266941616203335
2021-11-01,Combined Min-Variance,EQ_GE,0.0
2021-11-01,Combined Min-Variance,EQ_GILD,0.04498481948133007
2021-11-01,Combined Min-Variance,EQ_GS,0.06295325165533136
2021-11-01,Combined Min-Variance,EQ_INTC,7.197006948452254e-05
2021-11-01,Combined Min-Variance,EQ_KO,0.06522797002763903
2021-11-01,Combined Min-Variance,EQ_MMM,0.06318776757114808
2021-11-01,Combined Min-Variance,EQ_MRK,0.0729780026955731
2021-11-01,Combined Min-Variance,EQ_MS,5.452645117469705e-18
2021-11-01,Combined Min-Variance,EQ_NEE,0.0
2021-11-01,Combined Min-Variance,EQ_NEM,0.0012076811287545972
2021-11-01,Combined Min-Variance,EQ_NKE,5.4488579245564703e-17
2021-11-01,Combined Min-Variance,EQ_NUE,0.0
2021-11-01,Combined Min-Variance,EQ_NVDA,0.0
2021-11-01,Combined Min-Variance,EQ_O,0.0
2021-11-01,Combined Min-Variance,EQ_OXY,0.0043460315821934005
2021-11-01,Combined Min-Variance,EQ_PLD,0.0
2021-11-01,Combined Min-Variance,EQ_PSA,0.10253491711625493
2021-11-01,Combined Min-Variance,EQ_QCOM,1.6452838324508978e-16
2021-11-01,Combined Min-Variance,EQ_SBUX,0.012960757313496343
2021-11-01,Combined Min-Variance,EQ_SHW,0.0
2021-11-01,Combined Min-Variance,EQ_SLB,0.0
2021-11-01,Combined Min-Variance,EQ_SO,1.117524930676381e-16
2021-11-01,Combined Min-Variance,EQ_T,0.11052829092909179
2021-11-01,Combined Min-Variance,EQ_TMUS,0.0008582026470173021
2021-11-01,Combined Min-Variance,EQ_TTWO,0.02694495304993188
2021-11-01,Combined Min-Variance,EQ_UPS,0.0076199875123780115
2021-11-01,Combined Min-Variance,EQ_USB,2.724401727540246e-16
2021-11-01,Combined Min-Variance,EQ_V,2.920332829576619e-17
2021-11-01,Combined Min-Variance,EQ_WFC,0.0
2021-11-01,Combined Min-Variance,EQ_WMT,0.10690116174156618
2021-11-01,Combined Min-Variance,EQ_XOM,0.0
2021-11-01,Combined Min-Variance,CR_ADA-USD,0.0
2021-11-01,Combined Min-Variance,CR_BCH-USD,0.0
2021-11-01,Combined Min-Variance,CR_BTC-USD,0.0
2021-11-01,Combined Min-Variance,CR_EOS-USD,5.192703696478466e-16
2021-11-01,Combined Min-Variance,CR_ETC-USD,5.092924639517826e-16
2021-11-01,Combined Min-Variance,CR_ETH-USD,0.0
2021-11-01,Combined Min-Variance,CR_LTC-USD,1.890393066955896e-16
2021-11-01,Combined Min-Variance,CR_TRX-USD,0.0
2021-11-01,Combined Min-Variance,CR_XLM-USD,2.3908676420522653e-16
2021-11-01,Combined Min-Variance,CR_XRP-USD,2.3885316890875313e-16
2021-12-01,Combined Min-Variance,EQ_ABBV,0.031192562154001704
2021-12-01,Combined Min-Variance,EQ_ABT,0.07819662251835144
2021-12-01,Combined Min-Variance,EQ_ADBE,3.9870535634938575e-16
2021-12-01,Combined Min-Variance,EQ_AEP,0.05644837056437476
2021-12-01,Combined Min-Variance,EQ_AMD,0.025591343176612602
2021-12-01,Combined Min-Variance,EQ_AMGN,6.186495544905021e-16
2021-12-01,Combined Min-Variance,EQ_AMT,6.333919312205267e-16
2021-12-01,Combined Min-Variance,EQ_BA,3.59449298422358e-16
2021-12-01,Combined Min-Variance,EQ_CAT,1.840162941418544e-16
2021-12-01,Combined Min-Variance,EQ_CCI,0.00044851801586330776
2021-12-01,Combined Min-Variance,EQ_CMCSA,1.926862021502485e-16
2021-12-01,Combined Min-Variance,EQ_COP,0.011931138182569172
2021-12-01,Combined Min-Variance,EQ_CVX,0.014369994361137978
2021-12-01,Combined Min-Variance,EQ_D,1.540986848625068e-17
2021-12-01,Combined Min-Variance,EQ_DD,0.0
2021-12-01,Combined Min-Variance,EQ_DIS,0.004958867414787075
2021-12-01,Combined Min-Variance,EQ_DOW,6.121898857957381e-17
2021-12-01,Combined Min-Variance,EQ_DUK,0.06556333107424088
2021-12-01,Combined Min-Variance,EQ_EA,0.06809892572720593
2021-12-01,Combined Min-Variance,EQ_GE,1.597035042294551e-16
2021-12-01,Combined Min-Variance,EQ_GILD,0.039345297090067254
2021-12-01,Combined Min-Variance,EQ_GS,0.051580797510137444
2021-12-01,Combined Min-Variance,EQ_INTC,0.006508182323301637
2021-12-01,Combined Min-Variance,EQ_KO,0.03283221099708024
2021-12-01,Combined Min-Variance,EQ_MMM,0.06330563515558447
2021-12-01,Combined Min-Variance,EQ_MRK,0.03318975490397231
2021-12-01,Combined Min-Variance,EQ_MS,1.2017974940261561e-16
2021-12-01,Combined Min-Variance,EQ_NEE,1.0906730228318907e-16
2021-12-01,Combined Min-Variance,EQ_NEM,0.014433835559573952
2021-12-01,Combined Min-Variance,EQ_NKE,0.000797835567613771
2021-12-01,Combined Min-Variance,EQ_NUE,0.0
2021-12-01,Combined Min-Variance,EQ_NVDA,2.2760453540164184e-16
2021-12-01,Combined Min-Variance,EQ_O,0.004096431395383682
2021-12-01,Combined Min-Variance,EQ_OXY,0.0
2021-12-01,Combined Min-Variance,EQ_PLD,1.5933222221416733e-16
2021-12-01,Combined Min-Variance,EQ_PSA,0.1270927788271234
2021-12-01,Combined Min-Variance,EQ_QCOM,1.7558018364995476e-16
2021-12-01,Combined Min-Variance,EQ_SBUX,0.011922327328641128
2021-12-01,Combined Min-Variance,EQ_SHW,0.027325699899529134
2021-12-01,Combined Min-Variance,EQ_SLB,3.8075838832045464e-17
2021-12-01,Combined Min-Variance,EQ_SO,0.008569004381875958
2021-12-01,Combined Min-Variance,EQ_T,0.08830322602594011
2021-12-01,Combined Min-Variance,EQ_TMUS,9.546725447391841e-17
2021-12-01,Combined Min-Variance,EQ_TTWO,0.021573257895253446
2021-12-01,Combined Min-Variance,EQ_UPS,0.0004045605315659434
2021-12-01,Combined Min-Variance,EQ_USB,1.3197760125281095e-16
2021-12-01,Combined Min-Variance,EQ_V,3.245102887565238e-16
2021-12-01,Combined Min-Variance,EQ_WFC,1.1105490028574443e-17
2021-12-01,Combined Min-Variance,EQ_WMT,0.11191949141820796
2021-12-01,Combined Min-Variance,EQ_XOM,2.4121398012402693e-16
2021-12-01,Combined Min-Variance,CR_ADA-USD,0.0
2021-12-01,Combined Min-Variance,CR_BCH-USD,0.0
2021-12-01,Combined Min-Variance,CR_BTC-USD,1.4442868311136745e-16
2021-12-01,Combined Min-Variance,CR_EOS-USD,1.2839704063225786e-16
2021-12-01,Combined Min-Variance,CR_ETC-USD,8.624791199914938e-16
2021-12-01,Combined Min-Variance,CR_ETH-USD,0.0
2021-12-01,Combined Min-Variance,CR_LTC-USD,0.0
2021-12-01,Combined Min-Variance,CR_TRX-USD,3.576469172118224e-16
2021-12-01,Combined Min-Variance,CR_XLM-USD,0.0
2021-12-01,Combined Min-Variance,CR_XRP-USD,1.2970537068928214e-16
2022-01-03,Combined Min-Variance,EQ_ABBV,0.02179379099739756
2022-01-03,Combined Min-Variance,EQ_ABT,0.06922179696100463
2022-01-03,Combined Min-Variance,EQ_ADBE,0.011227462126154754
2022-01-03,Combined Min-Variance,EQ_AEP,0.055787637529020107
2022-01-03,Combined Min-Variance,EQ_AMD,0.022537466464173667
2022-01-03,Combined Min-Variance,EQ_AMGN,4.545098176807909e-16
2022-01-03,Combined Min-Variance,EQ_AMT,0.0
2022-01-03,Combined Min-Variance,EQ_BA,0.0
2022-01-03,Combined Min-Variance,EQ_CAT,2.7502334834060374e-18
2022-01-03,Combined Min-Variance,EQ_CCI,0.0
2022-01-03,Combined Min-Variance,EQ_CMCSA,0.0
2022-01-03,Combined Min-Variance,EQ_COP,0.0
2022-01-03,Combined Min-Variance,EQ_CVX,0.01808094743605694
2022-01-03,Combined Min-Variance,EQ_D,5.156620952060503e-16
2022-01-03,Combined Min-Variance,EQ_DD,0.0
2022-01-03,Combined Min-Variance,EQ_DIS,0.024784401217325808
2022-01-03,Combined Min-Variance,EQ_DOW,0.0
2022-01-03,Combined Min-Variance,EQ_DUK,0.0722154276025883
2022-01-03,Combined Min-Variance,EQ_EA,0.05977178696698601
2022-01-03,Combined Min-Variance,EQ_GE,3.2994837016423555e-17
2022-01-03,Combined Min-Variance,EQ_GILD,0.06951354442829244
2022-01-03,Combined Min-Variance,EQ_GS,0.044653899905975146
2022-01-03,Combined Min-Variance,EQ_INTC,0.007757454744696155
2022-01-03,Combined Min-Variance,EQ_KO,0.024348477375626565
2022-01-03,Combined Min-Variance,EQ_MMM,0.07630218503159583
2022-01-03,Combined Min-Variance,EQ_MRK,0.048452237219957346
2022-01-03,Combined Min-Variance,EQ_MS,0.0
2022-01-03,Combined Min-Variance,EQ_NEE,0.0
2022-01-03,Combined Min-Variance,EQ_NEM,0.0140424255527949
2022-01-03,Combined Min-Variance,EQ_NKE,0.009151749883887563
2022-01-03,Combined Min-Variance,EQ_NUE,0.0
2022-01-03,Combined Min-Variance,EQ_NVDA,0.0
2022-01-03,Combined Min-Variance,EQ_O,0.006374794543975427
2022-01-03,Combined Min-Variance,EQ_OXY,0.0038464632568634706
2022-01-03,Combined Min-Variance,EQ_PLD,0.0
2022-01-03,Combined Min-Variance,EQ_PSA,0.11451526074748153
2022-01-03,Combined Min-Variance,EQ_QCOM,0.0
2022-01-03,Combined Min-Variance,EQ_SBUX,0.0
2022-01-03,Combined Min-Variance,EQ_SHW,0.007511789017193008
2022-01-03,Combined Min-Variance,EQ_SLB,1.7845137609801528e-17
2022-01-03,Combined Min-Variance,EQ_SO,0.008021285213551003
2022-01-03,Combined Min-Variance,EQ_T,0.07343291718390264
2022-01-03,Combined Min-Variance,EQ_TMUS,0.0
2022-01-03,Combined Min-Variance,EQ_TTWO,0.0193743825045987
2022-01-03,Combined Min-Variance,EQ_UPS,0.003401937235690669
2022-01-03,Combined Min-Variance,EQ_USB,0.0
2022-01-03,Combined Min-Variance,EQ_V,0.0
2022-01-03,Combined Min-Variance,EQ_WFC,0.0
2022-01-03,Combined Min-Variance,EQ_WMT,0.11387847885321231
2022-01-03,Combined Min-Variance,EQ_XOM,0.0
2022-01-03,Combined Min-Variance,CR_ADA-USD,0.0
2022-01-03,Combined Min-Variance,CR_BCH-USD,8.194186621432706e-16
2022-01-03,Combined Min-Variance,CR_BTC-USD,0.0
2022-01-03,Combined Min-Variance,CR_EOS-USD,5.694338146046272e-16
2022-01-03,Combined Min-Variance,CR_ETC-USD,4.538286122161219e-16
2022-01-03,Combined Min-Variance,CR_ETH-USD,0.0
2022-01-03,Combined Min-Variance,CR_LTC-USD,7.675836955389291e-16
2022-01-03,Combined Min-Variance,CR_TRX-USD,0.0
2022-01-03,Combined Min-Variance,CR_XLM-USD,7.682863373267109e-16
2022-01-03,Combined Min-Variance,CR_XRP-USD,0.0
2022-02-01,Combined Min-Variance,EQ_ABBV,0.04750521856088516
2022-02-01,Combined Min-Variance,EQ_ABT,0.03583785057421891
2022-02-01,Combined Min-Variance,EQ_ADBE,0.00671006261997217
2022-02-01,Combined Min-Variance,EQ_AEP,0.03522194152519467
2022-02-01,Combined Min-Variance,EQ_AMD,0.008683992036653114
2022-02-01,Combined Min-Variance,EQ_AMGN,0.0
2022-02-01,Combined Min-Variance,EQ_AMT,0.0
2022-02-01,Combined Min-Variance,EQ_BA,2.1613858413444802e-16
2022-02-01,Combined Min-Variance,EQ_CAT,0.01643351841899542
2022-02-01,Combined Min-Variance,EQ_CCI,1.6478538581593913e-16
2022-02-01,Combined Min-Variance,EQ_CMCSA,0.0
2022-02-01,Combined Min-Variance,EQ_COP,1.2395003154996997e-16
2022-02-01,Combined Min-Variance,EQ_CVX,0.07630232859231549
2022-02-01,Combined Min-Variance,EQ_D,8.430801574671104e-17
2022-02-01,Combined Min-Variance,EQ_DD,0.0
2022-02-01,Combined Min-Variance,EQ_DIS,0.014685533812211419
2022-02-01,Combined Min-Variance,EQ_DOW,1.5424954661859794e-16
2022-02-01,Combined Min-Variance,EQ_DUK,0.05556374277725175
2022-02-01,Combined Min-Variance,EQ_EA,0.06327781862203874
2022-02-01,Combined Min-Variance,EQ_GE,7.051895870672874e-17
2022-02-01,Combined Min-Variance,EQ_GILD,0.06833719559321191
2022-02-01,Combined Min-Variance,EQ_GS,0.00237305714476559
2022-02-01,Combined Min-Variance,EQ_INTC,0.013727804203428081
2022-02-01,Combined Min-Variance,EQ_KO,0.029315268687286018
2022-02-01,Combined Min-Variance,EQ_MMM,0.01734908762973776
2022-02-01,Combined Min-Variance,EQ_MRK,0.06284296366994473
2022-02-01,Combined Min-Variance,EQ_MS,0.02132332567954099
2022-02-01,Combined Min-Variance,EQ_NEE,0.0
2022-02-01,Combined Min-Variance,EQ_NEM,0.012809054573674592
2022-02-01,Combined Min-Variance,EQ_NKE,0.017391847799993768
2022-02-01,Combined Min-Variance,EQ_NUE,0.0
2022-02-01,Combined Min-Variance,EQ_NVDA,1.8746445812532918e-16
2022-02-01,Combined Min-Variance,EQ_O,0.00807183715252749
2022-02-01,Combined Min-Variance,EQ_OXY,0.0
2022-02-01,Combined Min-Variance,EQ_PLD,0.0
2022-02-01,Combined Min-Variance,EQ_PSA,0.10471599233627865
2022-02-01,Combined Min-Variance,EQ_QCOM,8.9488699878248e-17
2022-02-01,Combined Min-Variance,EQ_SBUX,0.024473367525889664
2022-02-01,Combined Min-Variance,EQ_SHW,0.011384374233004705
2022-02-01,Combined Min-Variance,EQ_SLB,2.2554405420941664e-17
2022-02-01,Combined Min-Variance,EQ_SO,0.1087512941602152
2022-02-01,Combined Min-Variance,EQ_T,0.009090993562513394
2022-02-01,Combined Min-Variance,EQ_TMUS,1.450010950905025e-16
2022-02-01,Combined Min-Variance,EQ_TTWO,0.03134184813755284
2022-02-01,Combined Min-Variance,EQ_UPS,0.0023948006062929792
2022-02-01,Combined Min-Variance,EQ_USB,0.0
2022-02-01,Combined Min-Variance,EQ_V,0.0
2022-02-01,Combined Min-Variance,EQ_WFC,0.0
2022-02-01,Combined Min-Variance,EQ_WMT,0.09408387976440526
2022-02-01,Combined Min-Variance,EQ_XOM,0.0
2022-02-01,Combined Min-Variance,CR_ADA-USD,6.901049722897822e-17
2022-02-01,Combined Min-Variance,CR_BCH-USD,0.0
2022-02-01,Combined Min-Variance,CR_BTC-USD,0.0
2022-02-01,Combined Min-Variance,CR_EOS-USD,0.0
2022-02-01,Combined Min-Variance,CR_ETC-USD,0.0
2022-02-01,Combined Min-Variance,CR_ETH-USD,0.0
2022-02-01,Combined Min-Variance,CR_LTC-USD,2.4585333541878785e-16
2022-02-01,Combined Min-Variance,CR_TRX-USD,2.712024347542687e-16
2022-02-01,Combined Min-Variance,CR_XLM-USD,8.605103353246868e-17
2022-02-01,Combined Min-Variance,CR_XRP-USD,3.8490735785227467e-16
2022-03-01,Combined Min-Variance,EQ_ABBV,0.03448909471971734
2022-03-01,Combined Min-Variance,EQ_ABT,0.01288221840383328
2022-03-01,Combined Min-Variance,EQ_ADBE,0.010111487050444262
2022-03-01,Combined Min-Variance,EQ_AEP,0.04149697772796891
2022-03-01,Combined Min-Variance,EQ_AMD,0.0
2022-03-01,Combined Min-Variance,EQ_AMGN,0.0
2022-03-01,Combined Min-Variance,EQ_AMT,0.0
2022-03-01,Combined Min-Variance,EQ_BA,8.355854801951365e-17
2022-03-01,Combined Min-Variance,EQ_CAT,0.013186568183057917
2022-03-01,Combined Min-Variance,EQ_CCI,0.0
2022-03-01,Combined Min-Variance,EQ_CMCSA,8.933597890129156e-17
2022-03-01,Combined Min-Variance,EQ_COP,0.0
2022-03-01,Combined Min-Variance,EQ_CVX,0.05851427004421993
2022-03-01,Combined Min-Variance,EQ_D,0.0
2022-03-01,Combined Min-Variance,EQ_DD,0.0
2022-03-01,Combined Min-Variance,EQ_DIS,0.06778971338547342
2022-03-01,Combined Min-Variance,EQ_DOW,0.0
2022-03-01,Combined Min-Variance,EQ_DUK,0.003741474198004095
2022-03-01,Combined Min-Variance,EQ_EA,0.06825812378810558
2022-03-01,Combined Min-Variance,EQ_GE,0.0
2022-03-01,Combined Min-Variance,EQ_GILD,0.1411234252463421
2022-03-01,Combined Min-Variance,EQ_GS,0.0011247514999291237
2022-03-01,Combined Min-Variance,EQ_INTC,2.8884749148008538e-06
2022-03-01,Combined Min-Variance,EQ_KO,0.08961755255923909
2022-03-01,Combined Min-Variance,EQ_MMM,0.0
2022-03-01,Combined Min-Variance,EQ_MRK,0.04734279909388221
2022-03-01,Combined Min-Variance,EQ_MS,0.011070031131938772
2022-03-01,Combined Min-Variance,EQ_NEE,0.0
2022-03-01,Combined Min-Variance,EQ_NEM,0.021573521548568893
2022-03-01,Combined Min-Variance,EQ_NKE,0.022124751799133358
2022-03-01,Combined Min-Variance,EQ_NUE,9.154199991575332e-17
2022-03-01,Combined Min-Variance,EQ_NVDA,0.0
2022-03-01,Combined Min-Variance,EQ_O,0.005318448829413422
2022-03-01,Combined Min-Variance,EQ_OXY,0.004198453993275941
2022-03-01,Combined Min-Variance,EQ_PLD,0.0
2022-03-01,Combined Min-Variance,EQ_PSA,0.06971630873109706
2022-03-01,Combined Min-Variance,EQ_QCOM,0.0
2022-03-01,Combined Min-Variance,EQ_SBUX,2.841273008692133e-17
2022-03-01,Combined Min-Variance,EQ_SHW,0.0
2022-03-01,Combined Min-Variance,EQ_SLB,5.236384076695059e-18
2022-03-01,Combined Min-Variance,EQ_SO,0.09248989269167066
2022-03-01,Combined Min-Variance,EQ_T,1.4042938401542123e-18
2022-03-01,Combined Min-Variance,EQ_TMUS,0.0
2022-03-01,Combined Min-Variance,EQ_TTWO,0.0403796883127766
2022-03-01,Combined Min-Variance,EQ_UPS,0.011892500049400413
2022-03-01,Combined Min-Variance,EQ_USB,9.892689597710198e-17
2022-03-01,Combined Min-Variance,EQ_V,4.376982166816968e-17
2022-03-01,Combined Min-Variance,EQ_WFC,1.6730293726321412e-16
2022-03-01,Combined Min-Variance,EQ_WMT,0.13145958215765305
2022-03-01,Combined Min-Variance,EQ_XOM,0.0
2022-03-01,Combined Min-Variance,CR_ADA-USD,1.1785830485300224e-16
2022-03-01,Combined Min-Variance,CR_BCH-USD,0.0
2022-03-01,Combined Min-Variance,CR_BTC-USD,9.54763799400084e-05
2022-03-01,Combined Min-Variance,CR_EOS-USD,4.079552069520994e-16
2022-03-01,Combined Min-Variance,CR_ETC-USD,1.0130016245382524e-16
2022-03-01,Combined Min-Variance,CR_ETH-USD,2.0083634628094708e-16
2022-03-01,Combined Min-Variance,CR_LTC-USD,6.214408810721953e-18
2022-03-01,Combined Min-Variance,CR_TRX-USD,0.0
2022-03-01,Combined Min-Variance,CR_XLM-USD,7.430168923173531e-17
2022-03-01,Combined Min-Variance,CR_XRP-USD,5.0840865015767446e-17
2022-04-01,Combined Min-Variance,EQ_ABBV,0.04533812809115938
2022-04-01,Combined Min-Variance,EQ_ABT,0.0
2022-04-01,Combined Min-Variance,EQ_ADBE,0.01022935964435925
2022-04-01,Combined Min-Variance,EQ_AEP,0.011437794820267926
2022-04-01,Combined Min-Variance,EQ_AMD,0.002664808454772143
2022-04-01,Combined Min-Variance,EQ_AMGN,0.0
2022-04-01,Combined Min-Variance,EQ_AMT,0.0
2022-04-01,Combined Min-Variance,EQ_BA,0.0
2022-04-01,Combined Min-Variance,EQ_CAT,0.02798770833307219
2022-04-01,Combined Min-Variance,EQ_CCI,8.623074087838005e-17
2022-04-01,Combined Min-Variance,EQ_CMCSA,0.0
2022-04-01,Combined Min-Variance,EQ_COP,0.0
2022-04-01,Combined Min-Variance,EQ_CVX,0.08604666557704567
2022-04-01,Combined Min-Variance,EQ_D,1.4019961403849823e-16
2022-04-01,Combined Min-Variance,EQ_DD,1.1207569229384624e-16
2022-04-01,Combined Min-Variance,EQ_DIS,0.04912461971498624
2022-04-01,Combined Min-Variance,EQ_DOW,1.5697816855203025e-16
2022-04-01,Combined Min-Variance,EQ_DUK,0.01214685486769138
2022-04-01,Combined Min-Variance,EQ_EA,0.07479328484498413
2022-04-01,Combined Min-Variance,EQ_GE,0.0
2022-04-01,Combined Min-Variance,EQ_GILD,0.14259081748446298
2022-04-01,Combined Min-Variance,EQ_GS,7.988885409627586e-17
2022-04-01,Combined Min-Variance,EQ_INTC,0.001442379785879594
2022-04-01,Combined Min-Variance,EQ_KO,0.08700945396238452
2022-04-01,Combined Min-Variance,EQ_MMM,6.535808930415291e-17
2022-04-01,Combined Min-Variance,EQ_MRK,0.05067899843649885
2022-04-01,Combined Min-Variance,EQ_MS,2.9662059664658985e-17
2022-04-01,Combined Min-Variance,EQ_NEE,0.018576745610638754
2022-04-01,Combined Min-Variance,EQ_NEM,0.03481348103079709
2022-04-01,Combined Min-Variance,EQ_NKE,0.013381818075807779
2022-04-01,Combined Min-Variance,EQ_NUE,0.0
2022-04-01,Combined Min-Variance,EQ_NVDA,0.0
2022-04-01,Combined Min-Variance,EQ_O,0.007921132372978857
2022-04-01,Combined Min-Variance,EQ_OXY,0.0
2022-04-01,Combined Min-Variance,EQ_PLD,0.0
2022-04-01,Combined Min-Variance,EQ_PSA,0.048666537874539395
2022-04-01,Combined Min-Variance,EQ_QCOM,0.0
2022-04-01,Combined Min-Variance,EQ_SBUX,1.6418830156506027e-17
2022-04-01,Combined Min-Variance,EQ_SHW,0.008709625153271018
2022-04-01,Combined Min-Variance,EQ_SLB,0.0
2022-04-01,Combined Min-Variance,EQ_SO,0.10081335859965584
2022-04-01,Combined Min-Variance,EQ_T,5.946602511907532e-17
2022-04-01,Combined Min-Variance,EQ_TMUS,0.014572576035094187
2022-04-01,Combined Min-Variance,EQ_TTWO,0.033502192692548206
2022-04-01,Combined Min-Variance,EQ_UPS,0.0
2022-04-01,Combined Min-Variance,EQ_USB,5.4477634828646155e-17
2022-04-01,Combined Min-Variance,EQ_V,1.150414808634792e-16
2022-04-01,Combined Min-Variance,EQ_WFC,4.256596111676443e-17
2022-04-01,Combined Min-Variance,EQ_WMT,0.1167205094263925
2022-04-01,Combined Min-Variance,EQ_XOM,0.0
2022-04-01,Combined Min-Variance,CR_ADA-USD,0.0
2022-04-01,Combined Min-Variance,CR_BCH-USD,0.0
2022-04-01,Combined Min-Variance,CR_BTC-USD,0.0008311491107127568
2022-04-01,Combined Min-Variance,CR_EOS-USD,0.0
2022-04-01,Combined Min-Variance,CR_ETC-USD,4.17978772348409e-17
2022-04-01,Combined Min-Variance,CR_ETH-USD,1.8578459432366684e-16
2022-04-01,Combined Min-Variance,CR_LTC-USD,4.7861067673750135e-17
2022-04-01,Combined Min-Variance,CR_TRX-USD,4.0462293501343595e-16
2022-04-01,Combined Min-Variance,CR_XLM-USD,0.0
2022-04-01,Combined Min-Variance,CR_XRP-USD,9.521476463437419e-17
2022-05-02,Combined Min-Variance,EQ_ABBV,0.01880722063325825
2022-05-02,Combined Min-Variance,EQ_ABT,0.0
2022-05-02,Combined Min-Variance,EQ_ADBE,0.016337547314362114
2022-05-02,Combined Min-Variance,EQ_AEP,0.0
2022-05-02,Combined Min-Variance,EQ_AMD,5.595770666165712e-17
2022-05-02,Combined Min-Variance,EQ_AMGN,0.008945935350491277
2022-05-02,Combined Min-Variance,EQ_AMT,3.026533152527851e-17
2022-05-02,Combined Min-Variance,EQ_BA,0.0
2022-05-02,Combined Min-Variance,EQ_CAT,0.04310854561386029
2022-05-02,Combined Min-Variance,EQ_CCI,0.0
2022-05-02,Combined Min-Variance,EQ_CMCSA,0.0
2022-05-02,Combined Min-Variance,EQ_COP,2.345484714856608e-16
2022-05-02,Combined Min-Variance,EQ_CVX,0.06458697252194634
2022-05-02,Combined Min-Variance,EQ_D,3.3981722389032024e-16
2022-05-02,Combined Min-Variance,EQ_DD,0.0
2022-05-02,Combined Min-Variance,EQ_DIS,0.039374910836066396
2022-05-02,Combined Min-Variance,EQ_DOW,0.0
2022-05-02,Combined Min-Variance,EQ_DUK,0.09004688213021284
2022-05-02,Combined Min-Variance,EQ_EA,0.09419407464889293
2022-05-02,Combined Min-Variance,EQ_GE,0.0
2022-05-02,Combined Min-Variance,EQ_GILD,0.12896422645501276
2022-05-02,Combined Min-Variance,EQ_GS,0.0
2022-05-02,Combined Min-Variance,EQ_INTC,0.0
2022-05-02,Combined Min-Variance,EQ_KO,0.1107396343059344
2022-05-02,Combined Min-Variance,EQ_MMM,0.0
2022-05-02,Combined Min-Variance,EQ_MRK,0.055243638047139866
2022-05-02,Combined Min-Variance,EQ_MS,0.0
2022-05-02,Combined Min-Variance,EQ_NEE,0.0
2022-05-02,Combined Min-Variance,EQ_NEM,0.048006500420150595
2022-05-02,Combined Min-Variance,EQ_NKE,0.0
2022-05-02,Combined Min-Variance,EQ_NUE,0.0
2022-05-02,Combined Min-Variance,EQ_NVDA,0.0
2022-05-02,Combined Min-Variance,EQ_O,0.0
2022-05-02,Combined Min-Variance,EQ_OXY,0.0
2022-05-02,Combined Min-Variance,EQ_PLD,8.564167258356255e-17
2022-05-02,Combined Min-Variance,EQ_PSA,0.0
2022-05-02,Combined Min-Variance,EQ_QCOM,0.0
2022-05-02,Combined Min-Variance,EQ_SBUX,0.0
2022-05-02,Combined Min-Variance,EQ_SHW,0.06816859243767569
2022-05-02,Combined Min-Variance,EQ_SLB,0.0
2022-05-02,Combined Min-Variance,EQ_SO,0.06721770092523359
2022-05-02,Combined Min-Variance,EQ_T,0.0
2022-05-02,Combined Min-Variance,EQ_TMUS,0.0
2022-05-02,Combined Min-Variance,EQ_TTWO,0.03862396521028485
2022-05-02,Combined Min-Variance,EQ_UPS,8.918297331502452e-17
2022-05-02,Combined Min-Variance,EQ_USB,1.9787883038346515e-16
2022-05-02,Combined Min-Variance,EQ_V,0.0
2022-05-02,Combined Min-Variance,EQ_WFC,2.0255155475476178e-16
2022-05-02,Combined Min-Variance,EQ_WMT,0.10763365314948022
2022-05-02,Combined Min-Variance,EQ_XOM,0.0
2022-05-02,Combined Min-Variance,CR_ADA-USD,4.686560181504091e-16
2022-05-02,Combined Min-Variance,CR_BCH-USD,0.0
2022-05-02,Combined Min-Variance,CR_BTC-USD,6.548230723394789e-17
2022-05-02,Combined Min-Variance,CR_EOS-USD,1.0520825255197951e-16
2022-05-02,Combined Min-Variance,CR_ETC-USD,5.258644686386867e-16
2022-05-02,Combined Min-Variance,CR_ETH-USD,0.0
2022-05-02,Combined Min-Variance,CR_LTC-USD,8.729340799171545e-17
2022-05-02,Combined Min-Variance,CR_TRX-USD,2.1200684179897498e-16
2022-05-02,Combined Min-Variance,CR_XLM-USD,0.0
2022-05-02,Combined Min-Variance,CR_XRP-USD,0.0
2022-06-01,Combined Min-Variance,EQ_ABBV,0.06545776183997573
2022-06-01,Combined Min-Variance,EQ_ABT,0.0
2022-06-01,Combined Min-Variance,EQ_ADBE,0.0
2022-06-01,Combined Min-Variance,EQ_AEP,1.0922498659956566e-16
2022-06-01,Combined Min-Variance,EQ_AMD,0.0
2022-06-01,Combined Min-Variance,EQ_AMGN,0.0336474377824925
2022-06-01,Combined Min-Variance,EQ_AMT,0.0
2022-06-01,Combined Min-Variance,EQ_BA,0.0
2022-06-01,Combined Min-Variance,EQ_CAT,0.015536311022769289
2022-06-01,Combined Min-Variance,EQ_CCI,0.0
2022-06-01,Combined Min-Variance,EQ_CMCSA,1.620044509855803e-17
2022-06-01,Combined Min-Variance,EQ_COP,0.0
2022-06-01,Combined Min-Variance,EQ_CVX,0.0347387280318399
2022-06-01,Combined Min-Variance,EQ_D,0.0
2022-06-01,Combined Min-Variance,EQ_DD,2.6014700038354344e-18
2022-06-01,Combined Min-Variance,EQ_DIS,0.05408376407136886
2022-06-01,Combined Min-Variance,EQ_DOW,0.0
2022-06-01,Combined Min-Variance,EQ_DUK,0.16481418525287056
2022-06-01,Combined Min-Variance,EQ_EA,0.09355964243546647
2022-06-01,Combined Min-Variance,EQ_GE,7.181444026594368e-17
2022-06-01,Combined Min-Variance,EQ_GILD,0.17472584380753406
2022-06-01,Combined Min-Variance,EQ_GS,0.0
2022-06-01,Combined Min-Variance,EQ_INTC,0.0010866959428045908
2022-06-01,Combined Min-Variance,EQ_KO,0.0
2022-06-01,Combined Min-Variance,EQ_MMM,0.0
2022-06-01,Combined Min-Variance,EQ_MRK,0.06934080611879129
2022-06-01,Combined Min-Variance,EQ_MS,0.0
2022-06-01,Combined Min-Variance,EQ_NEE,7.081087323546395e-17
2022-06-01,Combined Min-Variance,EQ_NEM,0.0628041547699322
2022-06-01,Combined Min-Variance,EQ_NKE,1.4528438122020163e-16
2022-06-01,Combined Min-Variance,EQ_NUE,4.7389529858353895e-17
2022-06-01,Combined Min-Variance,EQ_NVDA,0.0
2022-06-01,Combined Min-Variance,EQ_O,0.0
2022-06-01,Combined Min-Variance,EQ_OXY,0.0
2022-06-01,Combined Min-Variance,EQ_PLD,0.0
2022-06-01,Combined Min-Variance,EQ_PSA,0.0
2022-06-01,Combined Min-Variance,EQ_QCOM,6.229591728509811e-17
2022-06-01,Combined Min-Variance,EQ_SBUX,6.470986330393884e-17
2022-06-01,Combined Min-Variance,EQ_SHW,0.05287012776527865
2022-06-01,Combined Min-Variance,EQ_SLB,8.818311298493782e-17
2022-06-01,Combined Min-Variance,EQ_SO,0.050792036747002126
2022-06-01,Combined Min-Variance,EQ_T,0.0
2022-06-01,Combined Min-Variance,EQ_TMUS,0.0
2022-06-01,Combined Min-Variance,EQ_TTWO,0.02549647014955108
2022-06-01,Combined Min-Variance,EQ_UPS,0.0038484420215458147
2022-06-01,Combined Min-Variance,EQ_USB,0.0
2022-06-01,Combined Min-Variance,EQ_V,2.9270370834285415e-18
2022-06-01,Combined Min-Variance,EQ_WFC,0.0
2022-06-01,Combined Min-Variance,EQ_WMT,0.08699033679299772
2022-06-01,Combined Min-Variance,EQ_XOM,0.0
2022-06-01,Combined Min-Variance,CR_ADA-USD,3.7217645953535437e-17
2022-06-01,Combined Min-Variance,CR_BCH-USD,0.0
2022-06-01,Combined Min-Variance,CR_BTC-USD,0.010207255447780155
2022-06-01,Combined Min-Variance,CR_EOS-USD,3.5734580718665207e-17
2022-06-01,Combined Min-Variance,CR_ETC-USD,0.0
2022-06-01,Combined Min-Variance,CR_ETH-USD,1.1485529745563117e-17
2022-06-01,Combined Min-Variance,CR_LTC-USD,0.0
2022-06-01,Combined Min-Variance,CR_TRX-USD,1.3518523863070801e-17
2022-06-01,Combined Min-Variance,CR_XLM-USD,1.2471165599701535e-16
2022-06-01,Combined Min-Variance,CR_XRP-USD,1.5763976332003903e-16
2022-07-01,Combined Min-Variance,EQ_ABBV,0.04341796544357191
2022-07-01,Combined Min-Variance,EQ_ABT,0.0
2022-07-01,Combined Min-Variance,EQ_ADBE,3.93102790118795e-16
2022-07-01,Combined Min-Variance,EQ_AEP,0.0
2022-07-01,Combined Min-Variance,EQ_AMD,1.042626003741947e-16
2022-07-01,Combined Min-Variance,EQ_AMGN,0.06977954666647071
2022-07-01,Combined Min-Variance,EQ_AMT,1.11197561931638e-16
2022-07-01,Combined Min-Variance,EQ_BA,0.0
2022-07-01,Combined Min-Variance,EQ_CAT,0.008210874362211055
2022-07-01,Combined Min-Variance,EQ_CCI,0.0
2022-07-01,Combined Min-Variance,EQ_CMCSA,1.0847135888921641e-16
2022-07-01,Combined Min-Variance,EQ_COP,1.130704036002183e-16
2022-07-01,Combined Min-Variance,EQ_CVX,0.04727806870094666
2022-07-01,Combined Min-Variance,EQ_D,2.1840752805708895e-16
2022-07-01,Combined Min-Variance,EQ_DD,0.0
2022-07-01,Combined Min-Variance,EQ_DIS,0.05260607542012745
2022-07-01,Combined Min-Variance,EQ_DOW,5.074622716110439e-18
2022-07-01,Combined Min-Variance,EQ_DUK,0.17847275706186738
2022-07-01,Combined Min-Variance,EQ_EA,0.09116541281425858
2022-07-01,Combined Min-Variance,EQ_GE,0.0
2022-07-01,Combined Min-Variance,EQ_GILD,0.1756403946632558
2022-07-01,Combined Min-Variance,EQ_GS,0.0
2022-07-01,Combined Min-Variance,EQ_INTC,2.5320446959305205e-17
2022-07-01,Combined Min-Variance,EQ_KO,0.02965445823579187
2022-07-01,Combined Min-Variance,EQ_MMM,0.0025674555440017874
2022-07-01,Combined Min-Variance,EQ_MRK,0.061680721601624425
2022-07-01,Combined Min-Variance,EQ_MS,0.0
2022-07-01,Combined Min-Variance,EQ_NEE,3.937074535896823e-17
2022-07-01,Combined Min-Variance,EQ_NEM,0.061769457905449125
2022-07-01,Combined Min-Variance,EQ_NKE,2.1056735963512464e-16
2022-07-01,Combined Min-Variance,EQ_NUE,0.0
2022-07-01,Combined Min-Variance,EQ_NVDA,0.0
2022-07-01,Combined Min-Variance,EQ_O,0.0
2022-07-01,Combined Min-Variance,EQ_OXY,0.0
2022-07-01,Combined Min-Variance,EQ_PLD,0.0
2022-07-01,Combined Min-Variance,EQ_PSA,7.457635802925848e-18
2022-07-01,Combined Min-Variance,EQ_QCOM,0.0
2022-07-01,Combined Min-Variance,EQ_SBUX,5.6060948867056864e-18
2022-07-01,Combined Min-Variance,EQ_SHW,0.027252326134402143
2022-07-01,Combined Min-Variance,EQ_SLB,2.0468930717117396e-16
2022-07-01,Combined Min-Variance,EQ_SO,0.0032868033931881015
2022-07-01,Combined Min-Variance,EQ_T,0.0
2022-07-01,Combined Min-Variance,EQ_TMUS,0.0
2022-07-01,Combined Min-Variance,EQ_TTWO,0.027454381261509096
2022-07-01,Combined Min-Variance,EQ_UPS,0.008364059791647128
2022-07-01,Combined Min-Variance,EQ_USB,1.3153638331662713e-16
2022-07-01,Combined Min-Variance,EQ_V,8.468994732835786e-17
2022-07-01,Combined Min-Variance,EQ_WFC,7.555202624707465e-18
2022-07-01,Combined Min-Variance,EQ_WMT,0.11139924099967727
2022-07-01,Combined Min-Variance,EQ_XOM,0.0
2022-07-01,Combined Min-Variance,CR_ADA-USD,1.0703707326064932e-17
2022-07-01,Combined Min-Variance,CR_BCH-USD,1.9460196703240624e-16
2022-07-01,Combined Min-Variance,CR_BTC-USD,0.0
2022-07-01,Combined Min-Variance,CR_EOS-USD,2.886106428850698e-16
2022-07-01,Combined Min-Variance,CR_ETC-USD,2.1675846562425394e-16
2022-07-01,Combined Min-Variance,CR_ETH-USD,0.0
2022-07-01,Combined Min-Variance,CR_LTC-USD,0.0
2022-07-01,Combined Min-Variance,CR_TRX-USD,0.0
2022-07-01,Combined Min-Variance,CR_XLM-USD,0.0
2022-07-01,Combined Min-Variance,CR_XRP-USD,5.142752862126381e-17
2022-08-01,Combined Min-Variance,EQ_ABBV,0.05450869755303413
2022-08-01,Combined Min-Variance,EQ_ABT,2.339887312538712e-16
2022-08-01,Combined Min-Variance,EQ_ADBE,8.668501469339971e-17
2022-08-01,Combined Min-Variance,EQ_AEP,0.0
2022-08-01,Combined Min-Variance,EQ_AMD,0.0
2022-08-01,Combined Min-Variance,EQ_AMGN,0.07513867704490357
2022-08-01,Combined Min-Variance,EQ_AMT,0.0
2022-08-01,Combined Min-Variance,EQ_BA,3.2528773582527536e-17
2022-08-01,Combined Min-Variance,EQ_CAT,1.164137756521116e-16
2022-08-01,Combined Min-Variance,EQ_CCI,0.0
2022-08-01,Combined Min-Variance,EQ_CMCSA,8.341560288781116e-17
2022-08-01,Combined Min-Variance,EQ_COP,1.4749220890386592e-16
2022-08-01,Combined Min-Variance,EQ_CVX,0.048028959066742705
2022-08-01,Combined Min-Variance,EQ_D,1.2745890277171683e-16
2022-08-01,Combined Min-Variance,EQ_DD,0.0
2022-08-01,Combined Min-Variance,EQ_DIS,0.05188220563156366
2022-08-01,Combined Min-Variance,EQ_DOW,3.3052482053090685e-16
2022-08-01,Combined Min-Variance,EQ_DUK,0.1642606088454041
2022-08-01,Combined Min-Variance,EQ_EA,0.09566734261207177
2022-08-01,Combined Min-Variance,EQ_GE,2.412923511396653e-16
2022-08-01,Combined Min-Variance,EQ_GILD,0.16902307771585487
2022-08-01,Combined Min-Variance,EQ_GS,1.0159905936161736e-16
2022-08-01,Combined Min-Variance,EQ_INTC,8.578186563294597e-17
2022-08-01,Combined Min-Variance,EQ_KO,0.02606354177796324
2022-08-01,Combined Min-Variance,EQ_MMM,0.032104577943030996
2022-08-01,Combined Min-Variance,EQ_MRK,0.06199752110471795
2022-08-01,Combined Min-Variance,EQ_MS,1.2095769715976202e-16
2022-08-01,Combined Min-Variance,EQ_NEE,0.0
2022-08-01,Combined Min-Variance,EQ_NEM,0.05946037528562219
2022-08-01,Combined Min-Variance,EQ_NKE,1.3118466013722856e-16
2022-08-01,Combined Min-Variance,EQ_NUE,1.531591463182273e-17
2022-08-01,Combined Min-Variance,EQ_NVDA,0.0
2022-08-01,Combined Min-Variance,EQ_O,3.6961920477014674e-17
2022-08-01,Combined Min-Variance,EQ_OXY,1.1400647531545813e-16
2022-08-01,Combined Min-Variance,EQ_PLD,3.616410066611253e-16
2022-08-01,Combined Min-Variance,EQ_PSA,0.0
2022-08-01,Combined Min-Variance,EQ_QCOM,0.0
2022-08-01,Combined Min-Variance,EQ_SBUX,1.409778532551316e-16
2022-08-01,Combined Min-Variance,EQ_SHW,0.02299684002921928
2022-08-01,Combined Min-Variance,EQ_SLB,0.0
2022-08-01,Combined Min-Variance,EQ_SO,0.002530874525068613
2022-08-01,Combined Min-Variance,EQ_T,0.0
2022-08-01,Combined Min-Variance,EQ_TMUS,1.0689859854791533e-16
2022-08-01,Combined Min-Variance,EQ_TTWO,0.027288486784130674
2022-08-01,Combined Min-Variance,EQ_UPS,3.0612124427021974e-17
2022-08-01,Combined Min-Variance,EQ_USB,1.0731337541029217e-16
2022-08-01,Combined Min-Variance,EQ_V,0.0
2022-08-01,Combined Min-Variance,EQ_WFC,0.0
2022-08-01,Combined Min-Variance,EQ_WMT,0.10904821408067149
2022-08-01,Combined Min-Variance,EQ_XOM,3.3317167881281765e-17
2022-08-01,Combined Min-Variance,CR_ADA-USD,1.9511306595485064e-16
2022-08-01,Combined Min-Variance,CR_BCH-USD,0.0
2022-08-01,Combined Min-Variance,CR_BTC-USD,1.0077275884932632e-16
2022-08-01,Combined Min-Variance,CR_EOS-USD,0.0
2022-08-01,Combined Min-Variance,CR_ETC-USD,0.0
2022-08-01,Combined Min-Variance,CR_ETH-USD,0.0
2022-08-01,Combined Min-Variance,CR_LTC-USD,3.7427948221541614e-16
2022-08-01,Combined Min-Variance,CR_TRX-USD,0.0
2022-08-01,Combined Min-Variance,CR_XLM-USD,5.178482320446385e-17
2022-08-01,Combined Min-Variance,CR_XRP-USD,1.1780579526073517e-16
2022-09-01,Combined Min-Variance,EQ_ABBV,0.05364403714272762
2022-09-01,Combined Min-Variance,EQ_ABT,8.543345931878788e-17
2022-09-01,Combined Min-Variance,EQ_ADBE,0.0
2022-09-01,Combined Min-Variance,EQ_AEP,1.614254051966682e-17
2022-09-01,Combined Min-Variance,EQ_AMD,0.0
2022-09-01,Combined Min-Variance,EQ_AMGN,0.13376834785904887
2022-09-01,Combined Min-Variance,EQ_AMT,6.989489918995687e-17
2022-09-01,Combined Min-Variance,EQ_BA,0.0
2022-09-01,Combined Min-Variance,EQ_CAT,3.733437497326858e-17
2022-09-01,Combined Min-Variance,EQ_CCI,1.918245770668179e-16
2022-09-01,Combined Min-Variance,EQ_CMCSA,2.0086449271837172e-16
2022-09-01,Combined Min-Variance,EQ_COP,3.794587750739794e-18
2022-09-01,Combined Min-Variance,EQ_CVX,0.07396839404073645
2022-09-01,Combined Min-Variance,EQ_D,5.869014015158811e-17
2022-09-01,Combined Min-Variance,EQ_DD,1.6978976782326431e-16
2022-09-01,Combined Min-Variance,EQ_DIS,0.029859862062181435
2022-09-01,Combined Min-Variance,EQ_DOW,0.0
2022-09-01,Combined Min-Variance,EQ_DUK,0.11685472769610444
2022-09-01,Combined Min-Variance,EQ_EA,0.10190906503965927
2022-09-01,Combined Min-Variance,EQ_GE,8.932315383317934e-17
2022-09-01,Combined Min-Variance,EQ_GILD,0.14252705122073145
2022-09-01,Combined Min-Variance,EQ_GS,0.0
2022-09-01,Combined Min-Variance,EQ_INTC,0.0
2022-09-01,Combined Min-Variance,EQ_KO,0.032370377657287834
2022-09-01,Combined Min-Variance,EQ_MMM,6.01033110089442e-17
2022-09-01,Combined Min-Variance,EQ_MRK,0.06466892819437442
2022-09-01,Combined Min-Variance,EQ_MS,5.806465658588869e-17
2022-09-01,Combined Min-Variance,EQ_NEE,1.214724176441903e-16
2022-09-01,Combined Min-Variance,EQ_NEM,0.059496094003863124
2022-09-01,Combined Min-Variance,EQ_NKE,2.157440509933898e-16
2022-09-01,Combined Min-Variance,EQ_NUE,0.0
2022-09-01,Combined Min-Variance,EQ_NVDA,1.7251221587073785e-16
2022-09-01,Combined Min-Variance,EQ_O,0.01906199310949643
2022-09-01,Combined Min-Variance,EQ_OXY,0.0
2022-09-01,Combined Min-Variance,EQ_PLD,0.0
2022-09-01,Combined Min-Variance,EQ_PSA,2.9104632954944193e-16
2022-09-01,Combined Min-Variance,EQ_QCOM,1.8431942226299836e-16
2022-09-01,Combined Min-Variance,EQ_SBUX,7.419455282471397e-17
2022-09-01,Combined Min-Variance,EQ_SHW,0.02571686891354343
2022-09-01,Combined Min-Variance,EQ_SLB,6.375962412911052e-17
2022-09-01,Combined Min-Variance,EQ_SO,0.030622385782602412
2022-09-01,Combined Min-Variance,EQ_T,0.0
2022-09-01,Combined Min-Variance,EQ_TMUS,9.22718321155465e-17
2022-09-01,Combined Min-Variance,EQ_TTWO,0.012174379823071043
2022-09-01,Combined Min-Variance,EQ_UPS,0.004225793567074246
2022-09-01,Combined Min-Variance,EQ_USB,0.0
2022-09-01,Combined Min-Variance,EQ_V,0.0
2022-09-01,Combined Min-Variance,EQ_WFC,0.0
2022-09-01,Combined Min-Variance,EQ_WMT,0.09913169388749683
2022-09-01,Combined Min-Variance,EQ_XOM,0.0
2022-09-01,Combined Min-Variance,CR_ADA-USD,1.7485011993964225e-16
2022-09-01,Combined Min-Variance,CR_BCH-USD,2.6241800150796106e-16
2022-09-01,Combined Min-Variance,CR_BTC-USD,0.0
2022-09-01,Combined Min-Variance,CR_EOS-USD,4.886184721543605e-16
2022-09-01,Combined Min-Variance,CR_ETC-USD,0.0
2022-09-01,Combined Min-Variance,CR_ETH-USD,0.0
2022-09-01,Combined Min-Variance,CR_LTC-USD,1.5820661209479992e-16
2022-09-01,Combined Min-Variance,CR_TRX-USD,0.0
2022-09-01,Combined Min-Variance,CR_XLM-USD,4.208312271917301e-17
2022-09-01,Combined Min-Variance,CR_XRP-USD,0.0
2022-10-03,Combined Min-Variance,EQ_ABBV,0.07325374157296684
2022-10-03,Combined Min-Variance,EQ_ABT,0.0
2022-10-03,Combined Min-Variance,EQ_ADBE,7.917479314712876e-18
2022-10-03,Combined Min-Variance,EQ_AEP,0.0
2022-10-03,Combined Min-Variance,EQ_AMD,0.0
2022-10-03,Combined Min-Variance,EQ_AMGN,0.16483795411918786
2022-10-03,Combined Min-Variance,EQ_AMT,1.808653345295112e-16
2022-10-03,Combined Min-Variance,EQ_BA,2.0187659763313003e-16
2022-10-03,Combined Min-Variance,EQ_CAT,2.123872251533644e-17
2022-10-03,Combined Min-Variance,EQ_CCI,0.0
2022-10-03,Combined Min-Variance,EQ_CMCSA,1.5654166719756557e-16
2022-10-03,Combined Min-Variance,EQ_COP,0.0
2022-10-03,Combined Min-Variance,EQ_CVX,0.0777441146759911
2022-10-03,Combined Min-Variance,EQ_D,3.730015230500646e-17
2022-10-03,Combined Min-Variance,EQ_DD,0.0
2022-10-03,Combined Min-Variance,EQ_DIS,0.0
2022-10-03,Combined Min-Variance,EQ_DOW,9.058148327913027e-17
2022-10-03,Combined Min-Variance,EQ_DUK,0.057857240034319864
2022-10-03,Combined Min-Variance,EQ_EA,0.09469074998517128
2022-10-03,Combined Min-Variance,EQ_GE,2.770575803991015e-16
2022-10-03,Combined Min-Variance,EQ_GILD,0.09747109574526619
2022-10-03,Combined Min-Variance,EQ_GS,3.2959123178790337e-17
2022-10-03,Combined Min-Variance,EQ_INTC,0.0
2022-10-03,Combined Min-Variance,EQ_KO,0.0629916961492005
2022-10-03,Combined Min-Variance,EQ_MMM,0.020458706053458845
2022-10-03,Combined Min-Variance,EQ_MRK,0.07849237401155174
2022-10-03,Combined Min-Variance,EQ_MS,1.0955425302827945e-16
2022-10-03,Combined Min-Variance,EQ_NEE,0.0
2022-10-03,Combined Min-Variance,EQ_NEM,0.05562054486180647
2022-10-03,Combined Min-Variance,EQ_NKE,0.0
2022-10-03,Combined Min-Variance,EQ_NUE,0.0
2022-10-03,Combined Min-Variance,EQ_NVDA,6.649601955723847e-17
2022-10-03,Combined Min-Variance,EQ_O,0.07275815939278307
2022-10-03,Combined Min-Variance,EQ_OXY,0.0
2022-10-03,Combined Min-Variance,EQ_PLD,5.441686845218749e-17
2022-10-03,Combined Min-Variance,EQ_PSA,1.1470611499514915e-16
2022-10-03,Combined Min-Variance,EQ_QCOM,1.0608703484022846e-16
2022-10-03,Combined Min-Variance,EQ_SBUX,6.806528547382378e-17
2022-10-03,Combined Min-Variance,EQ_SHW,0.013554509276380324
2022-10-03,Combined Min-Variance,EQ_SLB,1.5956213984939433e-16
2022-10-03,Combined Min-Variance,EQ_SO,2.5750891603884887e-16
2022-10-03,Combined Min-Variance,EQ_T,1.1265077157422026e-17
2022-10-03,Combined Min-Variance,EQ_TMUS,1.2974053722501134e-16
2022-10-03,Combined Min-Variance,EQ_TTWO,0.013634204980953333
2022-10-03,Combined Min-Variance,EQ_UPS,0.0009311142363523197
2022-10-03,Combined Min-Variance,EQ_USB,1.0972360905949775e-16
2022-10-03,Combined Min-Variance,EQ_V,8.069747338025381e-17
2022-10-03,Combined Min-Variance,EQ_WFC,0.0
2022-10-03,Combined Min-Variance,EQ_WMT,0.1157037949046106
2022-10-03,Combined Min-Variance,EQ_XOM,2.1391279716951165e-16
2022-10-03,Combined Min-Variance,CR_ADA-USD,1.004760606588107e-17
2022-10-03,Combined Min-Variance,CR_BCH-USD,2.5654397827944582e-17
2022-10-03,Combined Min-Variance,CR_BTC-USD,2.7585365034671957e-18
2022-10-03,Combined Min-Variance,CR_EOS-USD,0.0
2022-10-03,Combined Min-Variance,CR_ETC-USD,0.0
2022-10-03,Combined Min-Variance,CR_ETH-USD,0.0
2022-10-03,Combined Min-Variance,CR_LTC-USD,1.9099689686084045e-16
2022-10-03,Combined Min-Variance,CR_TRX-USD,0.0
2022-10-03,Combined Min-Variance,CR_XLM-USD,0.0
2022-10-03,Combined Min-Variance,CR_XRP-USD,3.198028420457436e-16
2022-11-01,Combined Min-Variance,EQ_ABBV,0.08777332639495339
2022-11-01,Combined Min-Variance,EQ_ABT,2.1489664048610466e-16
2022-11-01,Combined Min-Variance,EQ_ADBE,1.2901536688525588e-16
2022-11-01,Combined Min-Variance,EQ_AEP,4.721050224657289e-16
2022-11-01,Combined Min-Variance,EQ_AMD,1.4804918977812664e-15
2022-11-01,Combined Min-Variance,EQ_AMGN,0.17446739386999913
2022-11-01,Combined Min-Variance,EQ_AMT,1.7026458336256232e-16
2022-11-01,Combined Min-Variance,EQ_BA,0.0
2022-11-01,Combined Min-Variance,EQ_CAT,0.0
2022-11-01,Combined Min-Variance,EQ_CCI,0.0
2022-11-01,Combined Min-Variance,EQ_CMCSA,0.0
2022-11-01,Combined Min-Variance,EQ_COP,3.015067242263634e-16
2022-11-01,Combined Min-Variance,EQ_CVX,0.07048745294033117
2022-11-01,Combined Min-Variance,EQ_D,2.106717795479557e-16
2022-11-01,Combined Min-Variance,EQ_DD,0.0
2022-11-01,Combined Min-Variance,EQ_DIS,0.0
2022-11-01,Combined Min-Variance,EQ_DOW,2.498380695499412e-16
2022-11-01,Combined Min-Variance,EQ_DUK,0.02350476991138612
2022-11-01,Combined Min-Variance,EQ_EA,0.10603404479548326
2022-11-01,Combined Min-Variance,EQ_GE,0.0
2022-11-01,Combined Min-Variance,EQ_GILD,0.03805144306343609
2022-11-01,Combined Min-Variance,EQ_GS,8.346682908182047e-17
2022-11-01,Combined Min-Variance,EQ_INTC,2.8041300276802827e-16
2022-11-01,Combined Min-Variance,EQ_KO,0.08031614921250893
2022-11-01,Combined Min-Variance,EQ_MMM,0.0
2022-11-01,Combined Min-Variance,EQ_MRK,0.13405223551667456
2022-11-01,Combined Min-Variance,EQ_MS,1.5653707354885606e-16
2022-11-01,Combined Min-Variance,EQ_NEE,0.0
2022-11-01,Combined Min-Variance,EQ_NEM,0.05486083979007272
2022-11-01,Combined Min-Variance,EQ_NKE,1.5359236415056459e-18
2022-11-01,Combined Min-Variance,EQ_NUE,0.0
2022-11-01,Combined Min-Variance,EQ_NVDA,1.9207562059302272e-16
2022-11-01,Combined Min-Variance,EQ_O,0.08022717140312113
2022-11-01,Combined Min-Variance,EQ_OXY,2.369352411985952e-17
2022-11-01,Combined Min-Variance,EQ_PLD,6.921949627324822e-16
2022-11-01,Combined Min-Variance,EQ_PSA,0.0
2022-11-01,Combined Min-Variance,EQ_QCOM,0.0
2022-11-01,Combined Min-Variance,EQ_SBUX,3.479868071372904e-17
2022-11-01,Combined Min-Variance,EQ_SHW,0.0
2022-11-01,Combined Min-Variance,EQ_SLB,0.0
2022-11-01,Combined Min-Variance,EQ_SO,0.0
2022-11-01,Combined Min-Variance,EQ_T,0.0
2022-11-01,Combined Min-Variance,EQ_TMUS,2.902019639203738e-17
2022-11-01,Combined Min-Variance,EQ_TTWO,0.018656584040380432
2022-11-01,Combined Min-Variance,EQ_UPS,0.01440632245553044
2022-11-01,Combined Min-Variance,EQ_USB,0.0
2022-11-01,Combined Min-Variance,EQ_V,0.0
2022-11-01,Combined Min-Variance,EQ_WFC,8.563275593608981e-17
2022-11-01,Combined Min-Variance,EQ_WMT,0.11144173898277662
2022-11-01,Combined Min-Variance,EQ_XOM,0.0
2022-11-01,Combined Min-Variance,CR_ADA-USD,0.0
2022-11-01,Combined Min-Variance,CR_BCH-USD,0.0
2022-11-01,Combined Min-Variance,CR_BTC-USD,4.6517342578099904e-17
2022-11-01,Combined Min-Variance,CR_EOS-USD,0.0
2022-11-01,Combined Min-Variance,CR_ETC-USD,0.0
2022-11-01,Combined Min-Variance,CR_ETH-USD,0.0
2022-11-01,Combined Min-Variance,CR_LTC-USD,0.0
2022-11-01,Combined Min-Variance,CR_TRX-USD,0.0
2022-11-01,Combined Min-Variance,CR_XLM-USD,0.005720527623346178
2022-11-01,Combined Min-Variance,CR_XRP-USD,0.0
2022-12-01,Combined Min-Variance,EQ_ABBV,0.06365515117511016
2022-12-01,Combined Min-Variance,EQ_ABT,0.0
2022-12-01,Combined Min-Variance,EQ_ADBE,0.0
2022-12-01,Combined Min-Variance,EQ_AEP,4.9330993649519e-16
2022-12-01,Combined Min-Variance,EQ_AMD,0.0
2022-12-01,Combined Min-Variance,EQ_AMGN,0.17090088583547328
2022-12-01,Combined Min-Variance,EQ_AMT,0.0
2022-12-01,Combined Min-Variance,EQ_BA,1.0725289132885059e-16
2022-12-01,Combined Min-Variance,EQ_CAT,6.50013651561192e-17
2022-12-01,Combined Min-Variance,EQ_CCI,0.0
2022-12-01,Combined Min-Variance,EQ_CMCSA,4.234414267400288e-17
2022-12-01,Combined Min-Variance,EQ_COP,0.0
2022-12-01,Combined Min-Variance,EQ_CVX,0.06052298691080113
2022-12-01,Combined Min-Variance,EQ_D,0.006955211292361139
2022-12-01,Combined Min-Variance,EQ_DD,0.0
2022-12-01,Combined Min-Variance,EQ_DIS,1.8621528522017693e-16
2022-12-01,Combined Min-Variance,EQ_DOW,1.0839977516327222e-16
2022-12-01,Combined Min-Variance,EQ_DUK,0.009995921709421306
2022-12-01,Combined Min-Variance,EQ_EA,0.10553234971317636
2022-12-01,Combined Min-Variance,EQ_GE,1.8249198268265906e-16
2022-12-01,Combined Min-Variance,EQ_GILD,0.027161799846144575
2022-12-01,Combined Min-Variance,EQ_GS,6.767931307790786e-17
2022-12-01,Combined Min-Variance,EQ_INTC,0.0
2022-12-01,Combined Min-Variance,EQ_KO,0.0945230350319527
2022-12-01,Combined Min-Variance,EQ_MMM,9.346151971795954e-17
2022-12-01,Combined Min-Variance,EQ_MRK,0.23898973279726227
2022-12-01,Combined Min-Variance,EQ_MS,9.061888836880017e-17
2022-12-01,Combined Min-Variance,EQ_NEE,0.0
2022-12-01,Combined Min-Variance,EQ_NEM,0.015206795551346056
2022-12-01,Combined Min-Variance,EQ_NKE,0.0
2022-12-01,Combined Min-Variance,EQ_NUE,0.0
2022-12-01,Combined Min-Variance,EQ_NVDA,0.0
2022-12-01,Combined Min-Variance,EQ_O,0.042048612783263724
2022-12-01,Combined Min-Variance,EQ_OXY,1.5182713521996875e-17
2022-12-01,Combined Min-Variance,EQ_PLD,0.0
2022-12-01,Combined Min-Variance,EQ_PSA,0.0
2022-12-01,Combined Min-Variance,EQ_QCOM,0.0
2022-12-01,Combined Min-Variance,EQ_SBUX,0.0
2022-12-01,Combined Min-Variance,EQ_SHW,0.0
2022-12-01,Combined Min-Variance,EQ_SLB,0.0
2022-12-01,Combined Min-Variance,EQ_SO,0.0
2022-12-01,Combined Min-Variance,EQ_T,1.0662139951478003e-16
2022-12-01,Combined Min-Variance,EQ_TMUS,2.0137152616102875e-17
2022-12-01,Combined Min-Variance,EQ_TTWO,0.03654834290376748
2022-12-01,Combined Min-Variance,EQ_UPS,4.337744000736561e-16
2022-12-01,Combined Min-Variance,EQ_USB,1.1629415288217745e-16
2022-12-01,Combined Min-Variance,EQ_V,6.487478849488497e-17
2022-12-01,Combined Min-Variance,EQ_WFC,1.7494285315079597e-17
2022-12-01,Combined Min-Variance,EQ_WMT,0.11237906414309692
2022-12-01,Combined Min-Variance,EQ_XOM,0.015580110306825632
2022-12-01,Combined Min-Variance,CR_ADA-USD,0.0
2022-12-01,Combined Min-Variance,CR_BCH-USD,7.891353950465135e-16
2022-12-01,Combined Min-Variance,CR_BTC-USD,2.1098144964359128e-16
2022-12-01,Combined Min-Variance,CR_EOS-USD,0.0
2022-12-01,Combined Min-Variance,CR_ETC-USD,0.0
2022-12-01,Combined Min-Variance,CR_ETH-USD,0.0
2022-12-01,Combined Min-Variance,CR_LTC-USD,6.758014973881012e-16
2022-12-01,Combined Min-Variance,CR_TRX-USD,5.703531551252939e-16
2022-12-01,Combined Min-Variance,CR_XLM-USD,4.2690779360167095e-16
2022-12-01,Combined Min-Variance,CR_XRP-USD,9.634037798693774e-17
2023-01-03,Combined Min-Variance,EQ_ABBV,0.07745927924664638
2023-01-03,Combined Min-Variance,EQ_ABT,0.0
2023-01-03,Combined Min-Variance,EQ_ADBE,1.3641812064338549e-16
2023-01-03,Combined Min-Variance,EQ_AEP,1.872171242988309e-16
2023-01-03,Combined Min-Variance,EQ_AMD,0.0
2023-01-03,Combined Min-Variance,EQ_AMGN,0.1765346813467871
2023-01-03,Combined Min-Variance,EQ_AMT,2.4260072557765654e-17
2023-01-03,Combined Min-Variance,EQ_BA,6.278755218878069e-17
2023-01-03,Combined Min-Variance,EQ_CAT,3.0864279451024376e-16
2023-01-03,Combined Min-Variance,EQ_CCI,0.0
2023-01-03,Combined Min-Variance,EQ_CMCSA,1.999226974899695e-16
2023-01-03,Combined Min-Variance,EQ_COP,0.0
2023-01-03,Combined Min-Variance,EQ_CVX,0.052678589211577205
2023-01-03,Combined Min-Variance,EQ_D,0.017948670225798023
2023-01-03,Combined Min-Variance,EQ_DD,0.0
2023-01-03,Combined Min-Variance,EQ_DIS,0.0
2023-01-03,Combined Min-Variance,EQ_DOW,0.0
2023-01-03,Combined Min-Variance,EQ_DUK,0.017009494292564476
2023-01-03,Combined Min-Variance,EQ_EA,0.10510878593831757
2023-01-03,Combined Min-Variance,EQ_GE,0.0
2023-01-03,Combined Min-Variance,EQ_GILD,0.010005742352507396
2023-01-03,Combined Min-Variance,EQ_GS,6.176412176390046e-17
2023-01-03,Combined Min-Variance,EQ_INTC,0.0
2023-01-03,Combined Min-Variance,EQ_KO,0.09087909924792384
2023-01-03,Combined Min-Variance,EQ_MMM,0.0
2023-01-03,Combined Min-Variance,EQ_MRK,0.22202125138479287
2023-01-03,Combined Min-Variance,EQ_MS,6.708926377798874e-17
2023-01-03,Combined Min-Variance,EQ_NEE,0.0
2023-01-03,Combined Min-Variance,EQ_NEM,0.014523634455461102
2023-01-03,Combined Min-Variance,EQ_NKE,1.2400051703018903e-16
2023-01-03,Combined Min-Variance,EQ_NUE,8.588117658887407e-16
2023-01-03,Combined Min-Variance,EQ_NVDA,1.257783523390693e-15
2023-01-03,Combined Min-Variance,EQ_O,0.06000903058979375
2023-01-03,Combined Min-Variance,EQ_OXY,0.0
2023-01-03,Combined Min-Variance,EQ_PLD,1.809984167879854e-16
2023-01-03,Combined Min-Variance,EQ_PSA,6.709620969153491e-17
2023-01-03,Combined Min-Variance,EQ_QCOM,8.129689608385939e-17
2023-01-03,Combined Min-Variance,EQ_SBUX,4.985195687898044e-17
2023-01-03,Combined Min-Variance,EQ_SHW,0.0
2023-01-03,Combined Min-Variance,EQ_SLB,0.0
2023-01-03,Combined Min-Variance,EQ_SO,0.0
2023-01-03,Combined Min-Variance,EQ_T,0.00313357265520513
2023-01-03,Combined Min-Variance,EQ_TMUS,0.0
2023-01-03,Combined Min-Variance,EQ_TTWO,0.03472690882457878
2023-01-03,Combined Min-Variance,EQ_UPS,0.0
2023-01-03,Combined Min-Variance,EQ_USB,3.588632646297583e-17
2023-01-03,Combined Min-Variance,EQ_V,0.0
2023-01-03,Combined Min-Variance,EQ_WFC,0.0
2023-01-03,Combined Min-Variance,EQ_WMT,0.10761935322042021
2023-01-03,Combined Min-Variance,EQ_XOM,0.007706259563316121
2023-01-03,Combined Min-Variance,CR_ADA-USD,8.647324173094114e-17
2023-01-03,Combined Min-Variance,CR_BCH-USD,2.9811376862402085e-17
2023-01-03,Combined Min-Variance,CR_BTC-USD,0.0
2023-01-03,Combined Min-Variance,CR_EOS-USD,3.398688553718818e-17
2023-01-03,Combined Min-Variance,CR_ETC-USD,1.8540457203666886e-16
2023-01-03,Combined Min-Variance,CR_ETH-USD,5.577377042106741e-16
2023-01-03,Combined Min-Variance,CR_LTC-USD,5.0503748880980145e-17
2023-01-03,Combined Min-Variance,CR_TRX-USD,0.002635647444311104
2023-01-03,Combined Min-Variance,CR_XLM-USD,5.13941569717897e-16
2023-01-03,Combined Min-Variance,CR_XRP-USD,4.1127018029025357e-16
2023-02-01,Combined Min-Variance,EQ_ABBV,0.06176499753389979
2023-02-01,Combined Min-Variance,EQ_ABT,2.817237381974629e-16
2023-02-01,Combined Min-Variance,EQ_ADBE,0.0
2023-02-01,Combined Min-Variance,EQ_AEP,1.5128625021472195e-16
2023-02-01,Combined Min-Variance,EQ_AMD,2.6972847445442486e-16
2023-02-01,Combined Min-Variance,EQ_AMGN,0.18022038293152792
2023-02-01,Combined Min-Variance,EQ_AMT,3.264382978291939e-17
2023-02-01,Combined Min-Variance,EQ_BA,0.0
2023-02-01,Combined Min-Variance,EQ_CAT,0.0
2023-02-01,Combined Min-Variance,EQ_CCI,0.0
2023-02-01,Combined Min-Variance,EQ_CMCSA,0.0
2023-02-01,Combined Min-Variance,EQ_COP,6.360225947818471e-17
2023-02-01,Combined Min-Variance,EQ_CVX,0.052230419802420935
2023-02-01,Combined Min-Variance,EQ_D,0.035266111193430115
2023-02-01,Combined Min-Variance,EQ_DD,0.0
2023-02-01,Combined Min-Variance,EQ_DIS,0.0
2023-02-01,Combined Min-Variance,EQ_DOW,0.0
2023-02-01,Combined Min-Variance,EQ_DUK,0.006090870559016884
2023-02-01,Combined Min-Variance,EQ_EA,0.1338981072370934
2023-02-01,Combined Min-Variance,EQ_GE,4.4015028327786636e-20
2023-02-01,Combined Min-Variance,EQ_GILD,0.0
2023-02-01,Combined Min-Variance,EQ_GS,0.0
2023-02-01,Combined Min-Variance,EQ_INTC,5.3040718985534386e-17
2023-02-01,Combined Min-Variance,EQ_KO,0.0756698053234047
2023-02-01,Combined Min-Variance,EQ_MMM,0.0
2023-02-01,Combined Min-Variance,EQ_MRK,0.21428182034575613
2023-02-01,Combined Min-Variance,EQ_MS,0.0
2023-02-01,Combined Min-Variance,EQ_NEE,2.1224332977773338e-16
2023-02-01,Combined Min-Variance,EQ_NEM,0.0065598430437152225
2023-02-01,Combined Min-Variance,EQ_NKE,0.0
2023-02-01,Combined Min-Variance,EQ_NUE,1.1371326221895086e-16
2023-02-01,Combined Min-Variance,EQ_NVDA,9.729470015351934e-17
2023-02-01,Combined Min-Variance,EQ_O,0.07211525153762688
2023-02-01,Combined Min-Variance,EQ_OXY,0.0
2023-02-01,Combined Min-Variance,EQ_PLD,0.0
2023-02-01,Combined Min-Variance,EQ_PSA,8.441840763680914e-17
2023-02-01,Combined Min-Variance,EQ_QCOM,1.3441759371687086e-16
2023-02-01,Combined Min-Variance,EQ_SBUX,1.6275740262285434e-17
2023-02-01,Combined Min-Variance,EQ_SHW,0.0
2023-02-01,Combined Min-Variance,EQ_SLB,5.338622995084038e-17
2023-02-01,Combined Min-Variance,EQ_SO,0.0
2023-02-01,Combined Min-Variance,EQ_T,0.028378965002204062
2023-02-01,Combined Min-Variance,EQ_TMUS,0.0
2023-02-01,Combined Min-Variance,EQ_TTWO,0.02163805159179212
2023-02-01,Combined Min-Variance,EQ_UPS,6.823625919515174e-17
2023-02-01,Combined Min-Variance,EQ_USB,1.6909321954499836e-16
2023-02-01,Combined Min-Variance,EQ_V,3.5007578741090973e-16
2023-02-01,Combined Min-Variance,EQ_WFC,0.0
2023-02-01,Combined Min-Variance,EQ_WMT,0.10175179994264431
2023-02-01,Combined Min-Variance,EQ_XOM,0.0053175594336231
2023-02-01,Combined Min-Variance,CR_ADA-USD,0.0
2023-02-01,Combined Min-Variance,CR_BCH-USD,3.357402346770958e-16
2023-02-01,Combined Min-Variance,CR_BTC-USD,0.0
2023-02-01,Combined Min-Variance,CR_EOS-USD,1.8849239883340083e-16
2023-02-01,Combined Min-Variance,CR_ETC-USD,0.0
2023-02-01,Combined Min-Variance,CR_ETH-USD,1.0456551580672807e-16
2023-02-01,Combined Min-Variance,CR_LTC-USD,2.9303517169667563e-16
2023-02-01,Combined Min-Variance,CR_TRX-USD,0.004816014521846726
2023-02-01,Combined Min-Variance,CR_XLM-USD,3.380280799261268e-16
2023-02-01,Combined Min-Variance,CR_XRP-USD,0.0
2023-03-01,Combined Min-Variance,EQ_ABBV,0.048174887957345196
2023-03-01,Combined Min-Variance,EQ_ABT,0.0
2023-03-01,Combined Min-Variance,EQ_ADBE,9.828600341945487e-16
2023-03-01,Combined Min-Variance,EQ_AEP,4.929398541777936e-16
2023-03-01,Combined Min-Variance,EQ_AMD,8.3746546025059045e-16
2023-03-01,Combined Min-Variance,EQ_AMGN,0.20127517222919855
2023-03-01,Combined Min-Variance,EQ_AMT,6.642263649721267e-16
2023-03-01,Combined Min-Variance,EQ_BA,0.0
2023-03-01,Combined Min-Variance,EQ_CAT,2.4412724685596867e-16
2023-03-01,Combined Min-Variance,EQ_CCI,7.247656641612597e-16
2023-03-01,Combined Min-Variance,EQ_CMCSA,2.1471664949888311e-16
2023-03-01,Combined Min-Variance,EQ_COP,1.6550062635891195e-16
2023-03-01,Combined Min-Variance,EQ_CVX,0.06097373534793915
2023-03-01,Combined Min-Variance,EQ_D,0.0050153913140697035
2023-03-01,Combined Min-Variance,EQ_DD,5.85349988748455e-17
2023-03-01,Combined Min-Variance,EQ_DIS,0.0
2023-03-01,Combined Min-Variance,EQ_DOW,0.0
2023-03-01,Combined Min-Variance,EQ_DUK,0.048072093998325224
2023-03-01,Combined Min-Variance,EQ_EA,0.0943239648854296
2023-03-01,Combined Min-Variance,EQ_GE,0.0
2023-03-01,Combined Min-Variance,EQ_GILD,1.1757600788943207e-16
2023-03-01,Combined Min-Variance,EQ_GS,0.0
2023-03-01,Combined Min-Variance,EQ_INTC,7.0087479757538425e-16
2023-03-01,Combined Min-Variance,EQ_KO,0.08285747260046654
2023-03-01,Combined Min-Variance,EQ_MMM,2.510820546287285e-16
2023-03-01,Combined Min-Variance,EQ_MRK,0.20563015007078878
2023-03-01,Combined Min-Variance,EQ_MS,0.0
2023-03-01,Combined Min-Variance,EQ_NEE,2.639434877178118e-16
2023-03-01,Combined Min-Variance,EQ_NEM,0.0009367424424772762
2023-03-01,Combined Min-Variance,EQ_NKE,1.7376811808783196e-15
2023-03-01,Combined Min-Variance,EQ_NUE,2.0008960606129617e-16
2023-03-01,Combined Min-Variance,EQ_NVDA,8.662254296860829e-16
2023-03-01,Combined Min-Variance,EQ_O,0.08650003514272288
2023-03-01,Combined Min-Variance,EQ_OXY,4.3065901300433205e-16
2023-03-01,Combined Min-Variance,EQ_PLD,0.0
2023-03-01,Combined Min-Variance,EQ_PSA,5.304389473190144e-16
2023-03-01,Combined Min-Variance,EQ_QCOM,1.5071337911220284e-16
2023-03-01,Combined Min-Variance,EQ_SBUX,0.0
2023-03-01,Combined Min-Variance,EQ_SHW,1.2394857866164485e-16
2023-03-01,Combined Min-Variance,EQ_SLB,1.7605391766810924e-17
2023-03-01,Combined Min-Variance,EQ_SO,0.0
2023-03-01,Combined Min-Variance,EQ_T,0.0430126220638673
2023-03-01,Combined Min-Variance,EQ_TMUS,0.0
2023-03-01,Combined Min-Variance,EQ_TTWO,0.0277762865913546
2023-03-01,Combined Min-Variance,EQ_UPS,0.0
2023-03-01,Combined Min-Variance,EQ_USB,0.0
2023-03-01,Combined Min-Variance,EQ_V,0.0
2023-03-01,Combined Min-Variance,EQ_WFC,0.0
2023-03-01,Combined Min-Variance,EQ_WMT,0.09545144535601194
2023-03-01,Combined Min-Variance,EQ_XOM,0.0
2023-03-01,Combined Min-Variance,CR_ADA-USD,0.0
2023-03-01,Combined Min-Variance,CR_BCH-USD,0.0
2023-03-01,Combined Min-Variance,CR_BTC-USD,0.0
2023-03-01,Combined Min-Variance,CR_EOS-USD,4.15520711466389e-16
2023-03-01,Combined Min-Variance,CR_ETC-USD,5.799072491395893e-16
2023-03-01,Combined Min-Variance,CR_ETH-USD,2.8372977454426033e-16
2023-03-01,Combined Min-Variance,CR_LTC-USD,0.0
2023-03-01,Combined Min-Variance,CR_TRX-USD,0.0
2023-03-01,Combined Min-Variance,CR_XLM-USD,0.0
2023-03-01,Combined Min-Variance,CR_XRP-USD,0.0
2023-04-03,Combined Min-Variance,EQ_ABBV,0.05540952485724606
2023-04-03,Combined Min-Variance,EQ_ABT,7.161829479279034e-17
2023-04-03,Combined Min-Variance,EQ_ADBE,6.651533867705714e-16
2023-04-03,Combined Min-Variance,EQ_AEP,1.2661627665227795e-16
2023-04-03,Combined Min-Variance,EQ_AMD,4.203865026153756e-16
2023-04-03,Combined Min-Variance,EQ_AMGN,0.19057545250731528
2023-04-03,Combined Min-Variance,EQ_AMT,3.342683673581633e-16
2023-04-03,Combined Min-Variance,EQ_BA,1.6242949042037407e-16
2023-04-03,Combined Min-Variance,EQ_CAT,4.0122041854987414e-17
2023-04-03,Combined Min-Variance,EQ_CCI,9.974276181307214e-17
2023-04-03,Combined Min-Variance,EQ_CMCSA,2.9645723000865705e-16
2023-04-03,Combined Min-Variance,EQ_COP,3.1367510018084394e-16
2023-04-03,Combined Min-Variance,EQ_CVX,0.03222929462084974
2023-04-03,Combined Min-Variance,EQ_D,0.01651244698009371
2023-04-03,Combined Min-Variance,EQ_DD,2.1712860869289647e-16
2023-04-03,Combined Min-Variance,EQ_DIS,0.0
2023-04-03,Combined Min-Variance,EQ_DOW,0.0
2023-04-03,Combined Min-Variance,EQ_DUK,0.008232118303377622
2023-04-03,Combined Min-Variance,EQ_EA,0.10578957427465618
2023-04-03,Combined Min-Variance,EQ_GE,2.860481507244483e-16
2023-04-03,Combined Min-Variance,EQ_GILD,1.5355727538765115e-16
2023-04-03,Combined Min-Variance,EQ_GS,0.0
2023-04-03,Combined Min-Variance,EQ_INTC,2.493375963378611e-16
2023-04-03,Combined Min-Variance,EQ_KO,0.1357553672368098
2023-04-03,Combined Min-Variance,EQ_MMM,1.7565462854556062e-16
2023-04-03,Combined Min-Variance,EQ_MRK,0.18903124477713062
2023-04-03,Combined Min-Variance,EQ_MS,0.0
2023-04-03,Combined Min-Variance,EQ_NEE,5.747138935099026e-17
2023-04-03,Combined Min-Variance,EQ_NEM,0.005548495800119953
2023-04-03,Combined Min-Variance,EQ_NKE,7.153298563956772e-16
2023-04-03,Combined Min-Variance,EQ_NUE,2.4356871744298243e-16
2023-04-03,Combined Min-Variance,EQ_NVDA,7.458148683786835e-16
2023-04-03,Combined Min-Variance,EQ_O,0.07280247747714581
2023-04-03,Combined Min-Variance,EQ_OXY,0.0
2023-04-03,Combined Min-Variance,EQ_PLD,8.083472611217491e-16
2023-04-03,Combined Min-Variance,EQ_PSA,0.0
2023-04-03,Combined Min-Variance,EQ_QCOM,0.0
2023-04-03,Combined Min-Variance,EQ_SBUX,0.0
2023-04-03,Combined Min-Variance,EQ_SHW,2.2143776320159658e-16
2023-04-03,Combined Min-Variance,EQ_SLB,1.9736756011752833e-17
2023-04-03,Combined Min-Variance,EQ_SO,0.0
2023-04-03,Combined Min-Variance,EQ_T,0.05101946701696997
2023-04-03,Combined Min-Variance,EQ_TMUS,1.3364579242996765e-16
2023-04-03,Combined Min-Variance,EQ_TTWO,0.02316310430080678
2023-04-03,Combined Min-Variance,EQ_UPS,0.0
2023-04-03,Combined Min-Variance,EQ_USB,1.154674095380387e-16
2023-04-03,Combined Min-Variance,EQ_V,4.575982115278914e-17
2023-04-03,Combined Min-Variance,EQ_WFC,4.401095837692407e-17
2023-04-03,Combined Min-Variance,EQ_WMT,0.10426236900835074
2023-04-03,Combined Min-Variance,EQ_XOM,0.009669062839124592
2023-04-03,Combined Min-Variance,CR_ADA-USD,0.0
2023-04-03,Combined Min-Variance,CR_BCH-USD,0.0
2023-04-03,Combined Min-Variance,CR_BTC-USD,0.0
2023-04-03,Combined Min-Variance,CR_EOS-USD,1.4962692782320234e-16
2023-04-03,Combined Min-Variance,CR_ETC-USD,0.0
2023-04-03,Combined Min-Variance,CR_ETH-USD,1.0747882150829271e-16
2023-04-03,Combined Min-Variance,CR_LTC-USD,0.0
2023-04-03,Combined Min-Variance,CR_TRX-USD,0.0
2023-04-03,Combined Min-Variance,CR_XLM-USD,0.0
2023-04-03,Combined Min-Variance,CR_XRP-USD,0.0
2023-05-01,Combined Min-Variance,EQ_ABBV,0.07679894483870807
2023-05-01,Combined Min-Variance,EQ_ABT,2.5479403085244483e-16
2023-05-01,Combined Min-Variance,EQ_ADBE,0.0
2023-05-01,Combined Min-Variance,EQ_AEP,5.13735939285609e-16
2023-05-01,Combined Min-Variance,EQ_AMD,0.0
2023-05-01,Combined Min-Variance,EQ_AMGN,0.1791906736896352
2023-05-01,Combined Min-Variance,EQ_AMT,0.0
2023-05-01,Combined Min-Variance,EQ_BA,0.0
2023-05-01,Combined Min-Variance,EQ_CAT,1.4050493977222673e-16
2023-05-01,Combined Min-Variance,EQ_CCI,0.0
2023-05-01,Combined Min-Variance,EQ_CMCSA,1.0402459792893239e-16
2023-05-01,Combined Min-Variance,EQ_COP,1.8741808564879046e-16
2023-05-01,Combined Min-Variance,EQ_CVX,0.04164240693049778
2023-05-01,Combined Min-Variance,EQ_D,0.007230832968584512
2023-05-01,Combined Min-Variance,EQ_DD,0.0
2023-05-01,Combined Min-Variance,EQ_DIS,0.0
2023-05-01,Combined Min-Variance,EQ_DOW,7.03072737385734e-16
2023-05-01,Combined Min-Variance,EQ_DUK,0.0
2023-05-01,Combined Min-Variance,EQ_EA,0.07952244933346732
2023-05-01,Combined Min-Variance,EQ_GE,5.217704191016592e-16
2023-05-01,Combined Min-Variance,EQ_GILD,0.0
2023-05-01,Combined Min-Variance,EQ_GS,3.3272921610534133e-16
2023-05-01,Combined Min-Variance,EQ_INTC,0.0
2023-05-01,Combined Min-Variance,EQ_KO,0.15463000939343255
2023-05-01,Combined Min-Variance,EQ_MMM,1.7090530500979036e-16
2023-05-01,Combined Min-Variance,EQ_MRK,0.17703805736873637
2023-05-01,Combined Min-Variance,EQ_MS,2.854244855662903e-16
2023-05-01,Combined Min-Variance,EQ_NEE,5.170262795258937e-17
2023-05-01,Combined Min-Variance,EQ_NEM,0.004394667585765567
2023-05-01,Combined Min-Variance,EQ_NKE,0.0
2023-05-01,Combined Min-Variance,EQ_NUE,0.0
2023-05-01,Combined Min-Variance,EQ_NVDA,0.0
2023-05-01,Combined Min-Variance,EQ_O,0.1025398243804488
2023-05-01,Combined Min-Variance,EQ_OXY,9.711089682428258e-17
2023-05-01,Combined Min-Variance,EQ_PLD,0.0
2023-05-01,Combined Min-Variance,EQ_PSA,0.0
2023-05-01,Combined Min-Variance,EQ_QCOM,2.587870412630206e-17
2023-05-01,Combined Min-Variance,EQ_SBUX,0.0
2023-05-01,Combined Min-Variance,EQ_SHW,0.0
2023-05-01,Combined Min-Variance,EQ_SLB,0.0
2023-05-01,Combined Min-Variance,EQ_SO,0.0
2023-05-01,Combined Min-Variance,EQ_T,0.035742315652264704
2023-05-01,Combined Min-Variance,EQ_TMUS,5.85410053099961e-17
2023-05-01,Combined Min-Variance,EQ_TTWO,0.022154705061036898
2023-05-01,Combined Min-Variance,EQ_UPS,2.628671375360716e-16
2023-05-01,Combined Min-Variance,EQ_USB,3.211421676503586e-17
2023-05-01,Combined Min-Variance,EQ_V,1.2959390804100159e-16
2023-05-01,Combined Min-Variance,EQ_WFC,1.4693139517629683e-16
2023-05-01,Combined Min-Variance,EQ_WMT,0.11911511279742361
2023-05-01,Combined Min-Variance,EQ_XOM,3.8543043079545096e-16
2023-05-01,Combined Min-Variance,CR_ADA-USD,9.55767595632307e-17
2023-05-01,Combined Min-Variance,CR_BCH-USD,5.269376146274334e-16
2023-05-01,Combined Min-Variance,CR_BTC-USD,1.9419299240161663e-16
2023-05-01,Combined Min-Variance,CR_EOS-USD,3.587821404278825e-16
2023-05-01,Combined Min-Variance,CR_ETC-USD,0.0
2023-05-01,Combined Min-Variance,CR_ETH-USD,2.720854343385956e-17
2023-05-01,Combined Min-Variance,CR_LTC-USD,7.374235541723468e-16
2023-05-01,Combined Min-Variance,CR_TRX-USD,4.046731739043867e-17
2023-05-01,Combined Min-Variance,CR_XLM-USD,4.636627958093055e-16
2023-05-01,Combined Min-Variance,CR_XRP-USD,2.4137354012361147e-16
2023-06-01,Combined Min-Variance,EQ_ABBV,0.05013735321287613
2023-06-01,Combined Min-Variance,EQ_ABT,9.559222500328112e-17
2023-06-01,Combined Min-Variance,EQ_ADBE,0.0
2023-06-01,Combined Min-Variance,EQ_AEP,0.0
2023-06-01,Combined Min-Variance,EQ_AMD,2.4253011534122573e-16
2023-06-01,Combined Min-Variance,EQ_AMGN,0.08067122080748612
2023-06-01,Combined Min-Variance,EQ_AMT,0.0
2023-06-01,Combined Min-Variance,EQ_BA,0.0
2023-06-01,Combined Min-Variance,EQ_CAT,0.0
2023-06-01,Combined Min-Variance,EQ_CCI,0.0
2023-06-01,Combined Min-Variance,EQ_CMCSA,1.4968664572301576e-16
2023-06-01,Combined Min-Variance,EQ_COP,9.000824177805841e-17
2023-06-01,Combined Min-Variance,EQ_CVX,0.039931371577784674
2023-06-01,Combined Min-Variance,EQ_D,0.0
2023-06-01,Combined Min-Variance,EQ_DD,0.0
2023-06-01,Combined Min-Variance,EQ_DIS,0.0
2023-06-01,Combined Min-Variance,EQ_DOW,0.0
2023-06-01,Combined Min-Variance,EQ_DUK,0.0
2023-06-01,Combined Min-Variance,EQ_EA,0.12451153699351727
2023-06-01,Combined Min-Variance,EQ_GE,2.1664107263447496e-16
2023-06-01,Combined Min-Variance,EQ_GILD,1.0730038949683437e-16
2023-06-01,Combined Min-Variance,EQ_GS,0.0
2023-06-01,Combined Min-Variance,EQ_INTC,2.6820731799075497e-16
2023-06-01,Combined Min-Variance,EQ_KO,0.2862091988682172
2023-06-01,Combined Min-Variance,EQ_MMM,0.0
2023-06-01,Combined Min-Variance,EQ_MRK,0.15676749016437733
2023-06-01,Combined Min-Variance,EQ_MS,0.0
2023-06-01,Combined Min-Variance,EQ_NEE,2.243771472039486e-16
2023-06-01,Combined Min-Variance,EQ_NEM,0.0
2023-06-01,Combined Min-Variance,EQ_NKE,0.0
2023-06-01,Combined Min-Variance,EQ_NUE,0.0
2023-06-01,Combined Min-Variance,EQ_NVDA,1.2301211410841736e-16
2023-06-01,Combined Min-Variance,EQ_O,0.08477782229836417
2023-06-01,Combined Min-Variance,EQ_OXY,0.0
2023-06-01,Combined Min-Variance,EQ_PLD,0.0
2023-06-01,Combined Min-Variance,EQ_PSA,0.0
2023-06-01,Combined Min-Variance,EQ_QCOM,0.0
2023-06-01,Combined Min-Variance,EQ_SBUX,0.0
2023-06-01,Combined Min-Variance,EQ_SHW,0.0
2023-06-01,Combined Min-Variance,EQ_SLB,0.0
2023-06-01,Combined Min-Variance,EQ_SO,0.0
2023-06-01,Combined Min-Variance,EQ_T,0.023879315829071136
2023-06-01,Combined Min-Variance,EQ_TMUS,0.0
2023-06-01,Combined Min-Variance,EQ_TTWO,0.0
2023-06-01,Combined Min-Variance,EQ_UPS,0.0
2023-06-01,Combined Min-Variance,EQ_USB,0.0
2023-06-01,Combined Min-Variance,EQ_V,1.3503556689418233e-17
2023-06-01,Combined Min-Variance,EQ_WFC,0.0
2023-06-01,Combined Min-Variance,EQ_WMT,0.15311469024830895
2023-06-01,Combined Min-Variance,EQ_XOM,1.446645455679516e-16
2023-06-01,Combined Min-Variance,CR_ADA-USD,9.308479812446274e-17
2023-06-01,Combined Min-Variance,CR_BCH-USD,0.0
2023-06-01,Combined Min-Variance,CR_BTC-USD,0.0
2023-06-01,Combined Min-Variance,CR_EOS-USD,0.0
2023-06-01,Combined Min-Variance,CR_ETC-USD,9.382194658035376e-16
2023-06-01,Combined Min-Variance,CR_ETH-USD,3.2270533280564926e-16
2023-06-01,Combined Min-Variance,CR_LTC-USD,0.0
2023-06-01,Combined Min-Variance,CR_TRX-USD,0.0
2023-06-01,Combined Min-Variance,CR_XLM-USD,0.0
2023-06-01,Combined Min-Variance,CR_XRP-USD,2.2654721871686657e-17
2023-07-03,Combined Min-Variance,EQ_ABBV,0.08680039376543962
2023-07-03,Combined Min-Variance,EQ_ABT,0.0
2023-07-03,Combined Min-Variance,EQ_ADBE,7.901249952816298e-17
2023-07-03,Combined Min-Variance,EQ_AEP,4.487158044071646e-16
2023-07-03,Combined Min-Variance,EQ_AMD,0.0
2023-07-03,Combined Min-Variance,EQ_AMGN,0.011974723793540896
2023-07-03,Combined Min-Variance,EQ_AMT,4.288195482110329e-17
2023-07-03,Combined Min-Variance,EQ_BA,5.0778316321187366e-17
2023-07-03,Combined Min-Variance,EQ_CAT,1.0895771665587413e-16
2023-07-03,Combined Min-Variance,EQ_CCI,1.2058361703116822e-16
2023-07-03,Combined Min-Variance,EQ_CMCSA,2.0034902195290492e-16
2023-07-03,Combined Min-Variance,EQ_COP,0.0
2023-07-03,Combined Min-Variance,EQ_CVX,0.016665006335627678
2023-07-03,Combined Min-Variance,EQ_D,0.0
2023-07-03,Combined Min-Variance,EQ_DD,4.006209887619413e-17
2023-07-03,Combined Min-Variance,EQ_DIS,0.0
2023-07-03,Combined Min-Variance,EQ_DOW,1.584927636494063e-16
2023-07-03,Combined Min-Variance,EQ_DUK,1.3357325302602904e-16
2023-07-03,Combined Min-Variance,EQ_EA,0.11958943129122376
2023-07-03,Combined Min-Variance,EQ_GE,1.3799538955183e-16
2023-07-03,Combined Min-Variance,EQ_GILD,1.5738079223735794e-16
2023-07-03,Combined Min-Variance,EQ_GS,2.508967221973175e-16
2023-07-03,Combined Min-Variance,EQ_INTC,3.188403634952015e-16
2023-07-03,Combined Min-Variance,EQ_KO,0.23190009212295498
2023-07-03,Combined Min-Variance,EQ_MMM,1.2111144013804348e-18
2023-07-03,Combined Min-Variance,EQ_MRK,0.17424542483576846
2023-07-03,Combined Min-Variance,EQ_MS,1.4732513439465837e-16
2023-07-03,Combined Min-Variance,EQ_NEE,0.0
2023-07-03,Combined Min-Variance,EQ_NEM,0.0
2023-07-03,Combined Min-Variance,EQ_NKE,0.0
2023-07-03,Combined Min-Variance,EQ_NUE,0.0
2023-07-03,Combined Min-Variance,EQ_NVDA,1.7919867980630943e-16
2023-07-03,Combined Min-Variance,EQ_O,0.1121054792881722
2023-07-03,Combined Min-Variance,EQ_OXY,0.0017466743819196382
2023-07-03,Combined Min-Variance,EQ_PLD,7.034093912319659e-19
2023-07-03,Combined Min-Variance,EQ_PSA,6.818762578617878e-18
2023-07-03,Combined Min-Variance,EQ_QCOM,1.4602934921409693e-16
2023-07-03,Combined Min-Variance,EQ_SBUX,0.0
2023-07-03,Combined Min-Variance,EQ_SHW,0.0
2023-07-03,Combined Min-Variance,EQ_SLB,8.358687596659727e-17
2023-07-03,Combined Min-Variance,EQ_SO,1.2516372685097945e-16
2023-07-03,Combined Min-Variance,EQ_T,0.044936969450922376
2023-07-03,Combined Min-Variance,EQ_TMUS,0.03141665419083508
2023-07-03,Combined Min-Variance,EQ_TTWO,2.777029218945883e-16
2023-07-03,Combined Min-Variance,EQ_UPS,1.5997770694290838e-16
2023-07-03,Combined Min-Variance,EQ_USB,0.0
2023-07-03,Combined Min-Variance,EQ_V,0.0
2023-07-03,Combined Min-Variance,EQ_WFC,0.0
2023-07-03,Combined Min-Variance,EQ_WMT,0.13387735469011208
2023-07-03,Combined Min-Variance,EQ_XOM,0.009585552952795444
2023-07-03,Combined Min-Variance,CR_ADA-USD,2.1884821748191082e-16
2023-07-03,Combined Min-Variance,CR_BCH-USD,2.2219190035391053e-17
2023-07-03,Combined Min-Variance,CR_BTC-USD,5.505832409346064e-17
2023-07-03,Combined Min-Variance,CR_EOS-USD,0.0
2023-07-03,Combined Min-Variance,CR_ETC-USD,0.0
2023-07-03,Combined Min-Variance,CR_ETH-USD,0.0
2023-07-03,Combined Min-Variance,CR_LTC-USD,0.0
2023-07-03,Combined Min-Variance,CR_TRX-USD,0.025156242900686538
2023-07-03,Combined Min-Variance,CR_XLM-USD,5.2809059014192215e-17
2023-07-03,Combined Min-Variance,CR_XRP-USD,3.269567232320452e-17
2023-08-01,Combined Min-Variance,EQ_ABBV,0.0869837090204858
2023-08-01,Combined Min-Variance,EQ_ABT,1.3783453631135783e-16
2023-08-01,Combined Min-Variance,EQ_ADBE,0.0
2023-08-01,Combined Min-Variance,EQ_AEP,1.3326894698105016e-16
2023-08-01,Combined Min-Variance,EQ_AMD,0.0
2023-08-01,Combined Min-Variance,EQ_AMGN,0.014047561704011533
2023-08-01,Combined Min-Variance,EQ_AMT,1.5337396130739786e-16
2023-08-01,Combined Min-Variance,EQ_BA,6.481910576010262e-17
2023-08-01,Combined Min-Variance,EQ_CAT,6.883727415925975e-17
2023-08-01,Combined Min-Variance,EQ_CCI,1.776151603186524e-16
2023-08-01,Combined Min-Variance,EQ_CMCSA,3.1600437735143566e-17
2023-08-01,Combined Min-Variance,EQ_COP,0.0
2023-08-01,Combined Min-Variance,EQ_CVX,0.013132786056377034
2023-08-01,Combined Min-Variance,EQ_D,0.0
2023-08-01,Combined Min-Variance,EQ_DD,0.0
2023-08-01,Combined Min-Variance,EQ_DIS,0.0
2023-08-01,Combined Min-Variance,EQ_DOW,3.90267671413119e-17
2023-08-01,Combined Min-Variance,EQ_DUK,1.2249803539105773e-16
2023-08-01,Combined Min-Variance,EQ_EA,0.11417311864248586
2023-08-01,Combined Min-Variance,EQ_GE,0.0
2023-08-01,Combined Min-Variance,EQ_GILD,3.0633523152959793e-18
2023-08-01,Combined Min-Variance,EQ_GS,3.1730388908437717e-16
2023-08-01,Combined Min-Variance,EQ_INTC,0.0
2023-08-01,Combined Min-Variance,EQ_KO,0.2312673600445917
2023-08-01,Combined Min-Variance,EQ_MMM,0.0
2023-08-01,Combined Min-Variance,EQ_MRK,0.1576974880310206
2023-08-01,Combined Min-Variance,EQ_MS,3.145016542615197e-16
2023-08-01,Combined Min-Variance,EQ_NEE,2.202861525009929e-16
2023-08-01,Combined Min-Variance,EQ_NEM,1.152267689822333e-16
2023-08-01,Combined Min-Variance,EQ_NKE,2.461387718112122e-16
2023-08-01,Combined Min-Variance,EQ_NUE,3.5124182266551296e-16
2023-08-01,Combined Min-Variance,EQ_NVDA,0.0
2023-08-01,Combined Min-Variance,EQ_O,0.11654803333436342
2023-08-01,Combined Min-Variance,EQ_OXY,0.009597454683621975
2023-08-01,Combined Min-Variance,EQ_PLD,5.769347117860536e-16
2023-08-01,Combined Min-Variance,EQ_PSA,5.953351863954202e-17
2023-08-01,Combined Min-Variance,EQ_QCOM,5.206193461629758e-17
2023-08-01,Combined Min-Variance,EQ_SBUX,0.0
2023-08-01,Combined Min-Variance,EQ_SHW,1.619381586842798e-16
2023-08-01,Combined Min-Variance,EQ_SLB,6.821778218434841e-17
2023-08-01,Combined Min-Variance,EQ_SO,1.0282078162720687e-16
2023-08-01,Combined Min-Variance,EQ_T,0.028251269490712518
2023-08-01,Combined Min-Variance,EQ_TMUS,0.055246284228049516
2023-08-01,Combined Min-Variance,EQ_TTWO,3.538334974917776e-17
2023-08-01,Combined Min-Variance,EQ_UPS,0.0
2023-08-01,Combined Min-Variance,EQ_USB,0.0
2023-08-01,Combined Min-Variance,EQ_V,0.002125874931986387
2023-08-01,Combined Min-Variance,EQ_WFC,1.0236668827046298e-16
2023-08-01,Combined Min-Variance,EQ_WMT,0.13397090986198945
2023-08-01,Combined Min-Variance,EQ_XOM,0.012959359812474881
2023-08-01,Combined Min-Variance,CR_ADA-USD,7.282955777266364e-17
2023-08-01,Combined Min-Variance,CR_BCH-USD,0.0
2023-08-01,Combined Min-Variance,CR_BTC-USD,0.0
2023-08-01,Combined Min-Variance,CR_EOS-USD,3.4782243580228017e-16
2023-08-01,Combined Min-Variance,CR_ETC-USD,6.443050589187312e-16
2023-08-01,Combined Min-Variance,CR_ETH-USD,0.0
2023-08-01,Combined Min-Variance,CR_LTC-USD,0.0
2023-08-01,Combined Min-Variance,CR_TRX-USD,0.023998790157828003
2023-08-01,Combined Min-Variance,CR_XLM-USD,0.0
2023-08-01,Combined Min-Variance,CR_XRP-USD,0.0
2023-09-01,Combined Min-Variance,EQ_ABBV,0.07501438366724632
2023-09-01,Combined Min-Variance,EQ_ABT,2.3960931867265277e-16
2023-09-01,Combined Min-Variance,EQ_ADBE,5.200534057690779e-16
2023-09-01,Combined Min-Variance,EQ_AEP,0.0
2023-09-01,Combined Min-Variance,EQ_AMD,0.0
2023-09-01,Combined Min-Variance,EQ_AMGN,0.03740833655213858
2023-09-01,Combined Min-Variance,EQ_AMT,3.2809623799981663e-17
2023-09-01,Combined Min-Variance,EQ_BA,0.0
2023-09-01,Combined Min-Variance,EQ_CAT,1.845888510343303e-17
2023-09-01,Combined Min-Variance,EQ_CCI,0.0
2023-09-01,Combined Min-Variance,EQ_CMCSA,8.009055408788507e-17
2023-09-01,Combined Min-Variance,EQ_COP,3.4743108897207256e-17
2023-09-01,Combined Min-Variance,EQ_CVX,0.0
2023-09-01,Combined Min-Variance,EQ_D,0.0
2023-09-01,Combined Min-Variance,EQ_DD,0.0
2023-09-01,Combined Min-Variance,EQ_DIS,0.0
2023-09-01,Combined Min-Variance,EQ_DOW,0.0
2023-09-01,Combined Min-Variance,EQ_DUK,2.3476384372258993e-16
2023-09-01,Combined Min-Variance,EQ_EA,0.07839147516601377
2023-09-01,Combined Min-Variance,EQ_GE,7.170284888430973e-05
2023-09-01,Combined Min-Variance,EQ_GILD,1.6941093897446155e-16
2023-09-01,Combined Min-Variance,EQ_GS,1.156412376576864e-16
2023-09-01,Combined Min-Variance,EQ_INTC,0.0
2023-09-01,Combined Min-Variance,EQ_KO,0.2546495215624356
2023-09-01,Combined Min-Variance,EQ_MMM,0.0
2023-09-01,Combined Min-Variance,EQ_MRK,0.13754316697174973
2023-09-01,Combined Min-Variance,EQ_MS,1.7453460583084042e-16
2023-09-01,Combined Min-Variance,EQ_NEE,0.0
2023-09-01,Combined Min-Variance,EQ_NEM,8.040729215820978e-17
2023-09-01,Combined Min-Variance,EQ_NKE,0.0
2023-09-01,Combined Min-Variance,EQ_NUE,0.0
2023-09-01,Combined Min-Variance,EQ_NVDA,6.84092687809611e-17
2023-09-01,Combined Min-Variance,EQ_O,0.08936875443607015
2023-09-01,Combined Min-Variance,EQ_OXY,0.013394595273139406
2023-09-01,Combined Min-Variance,EQ_PLD,0.0
2023-09-01,Combined Min-Variance,EQ_PSA,1.4051960249621804e-16
2023-09-01,Combined Min-Variance,EQ_QCOM,0.0
2023-09-01,Combined Min-Variance,EQ_SBUX,0.0
2023-09-01,Combined Min-Variance,EQ_SHW,1.142069399871069e-16
2023-09-01,Combined Min-Variance,EQ_SLB,8.893593924416063e-18
2023-09-01,Combined Min-Variance,EQ_SO,2.932308295084911e-17
2023-09-01,Combined Min-Variance,EQ_T,0.033533483968782536
2023-09-01,Combined Min-Variance,EQ_TMUS,0.03795259184264341
2023-09-01,Combined Min-Variance,EQ_TTWO,0.010370478034612773
2023-09-01,Combined Min-Variance,EQ_UPS,0.0
2023-09-01,Combined Min-Variance,EQ_USB,0.0
2023-09-01,Combined Min-Variance,EQ_V,0.011525464086663963
2023-09-01,Combined Min-Variance,EQ_WFC,0.0
2023-09-01,Combined Min-Variance,EQ_WMT,0.17836454529458626
2023-09-01,Combined Min-Variance,EQ_XOM,0.020498002737246123
2023-09-01,Combined Min-Variance,CR_ADA-USD,0.0
2023-09-01,Combined Min-Variance,CR_BCH-USD,4.001006680350403e-19
2023-09-01,Combined Min-Variance,CR_BTC-USD,7.336822276841007e-17
2023-09-01,Combined Min-Variance,CR_EOS-USD,4.3538667678188154e-17
2023-09-01,Combined Min-Variance,CR_ETC-USD,1.588888147945193e-16
2023-09-01,Combined Min-Variance,CR_ETH-USD,0.0
2023-09-01,Combined Min-Variance,CR_LTC-USD,2.7138576577463176e-16
2023-09-01,Combined Min-Variance,CR_TRX-USD,0.021913497557787504
2023-09-01,Combined Min-Variance,CR_XLM-USD,7.506847984515279e-17
2023-09-01,Combined Min-Variance,CR_XRP-USD,1.0068126125197826e-16
2023-10-02,Combined Min-Variance,EQ_ABBV,0.06287117925724037
2023-10-02,Combined Min-Variance,EQ_ABT,2.4691700837864987e-16
2023-10-02,Combined Min-Variance,EQ_ADBE,0.0
2023-10-02,Combined Min-Variance,EQ_AEP,0.0
2023-10-02,Combined Min-Variance,EQ_AMD,4.201968574512378e-17
2023-10-02,Combined Min-Variance,EQ_AMGN,0.04350083227857279
2023-10-02,Combined Min-Variance,EQ_AMT,0.0
2023-10-02,Combined Min-Variance,EQ_BA,0.0
2023-10-02,Combined Min-Variance,EQ_CAT,0.0
2023-10-02,Combined Min-Variance,EQ_CCI,0.0
2023-10-02,Combined Min-Variance,EQ_CMCSA,0.0
2023-10-02,Combined Min-Variance,EQ_COP,0.0
2023-10-02,Combined Min-Variance,EQ_CVX,0.034558668769285115
2023-10-02,Combined Min-Variance,EQ_D,2.9702269659739965e-17
2023-10-02,Combined Min-Variance,EQ_DD,0.0
2023-10-02,Combined Min-Variance,EQ_DIS,1.3233806181952985e-17
2023-10-02,Combined Min-Variance,EQ_DOW,6.381374683690698e-17
2023-10-02,Combined Min-Variance,EQ_DUK,0.0
2023-10-02,Combined Min-Variance,EQ_EA,0.07762919159749378
2023-10-02,Combined Min-Variance,EQ_GE,0.008331557031838138
2023-10-02,Combined Min-Variance,EQ_GILD,2.3524653263742796e-18
2023-10-02,Combined Min-Variance,EQ_GS,0.0
2023-10-02,Combined Min-Variance,EQ_INTC,0.0
2023-10-02,Combined Min-Variance,EQ_KO,0.28412816953113784
2023-10-02,Combined Min-Variance,EQ_MMM,0.0
2023-10-02,Combined Min-Variance,EQ_MRK,0.11192823749931934
2023-10-02,Combined Min-Variance,EQ_MS,9.703449617567589e-18
2023-10-02,Combined Min-Variance,EQ_NEE,1.8951836350876921e-16
2023-10-02,Combined Min-Variance,EQ_NEM,0.0
2023-10-02,Combined Min-Variance,EQ_NKE,0.0
2023-10-02,Combined Min-Variance,EQ_NUE,4.271431987370269e-16
2023-10-02,Combined Min-Variance,EQ_NVDA,0.0
2023-10-02,Combined Min-Variance,EQ_O,0.05733889434412515
2023-10-02,Combined Min-Variance,EQ_OXY,0.009400977958257475
2023-10-02,Combined Min-Variance,EQ_PLD,2.697917798052629e-16
2023-10-02,Combined Min-Variance,EQ_PSA,0.0
2023-10-02,Combined Min-Variance,EQ_QCOM,0.0
2023-10-02,Combined Min-Variance,EQ_SBUX,0.0
2023-10-02,Combined Min-Variance,EQ_SHW,3.3094189742619463e-16
2023-10-02,Combined Min-Variance,EQ_SLB,5.689887326544084e-17
2023-10-02,Combined Min-Variance,EQ_SO,0.0
2023-10-02,Combined Min-Variance,EQ_T,0.02725625809623246
2023-10-02,Combined Min-Variance,EQ_TMUS,0.06633332096024819
2023-10-02,Combined Min-Variance,EQ_TTWO,0.010126592671812543
2023-10-02,Combined Min-Variance,EQ_UPS,8.787106609128963e-17
2023-10-02,Combined Min-Variance,EQ_USB,0.0
2023-10-02,Combined Min-Variance,EQ_V,0.023334163450089172
2023-10-02,Combined Min-Variance,EQ_WFC,4.7116448407542046e-17
2023-10-02,Combined Min-Variance,EQ_WMT,0.15446718480731214
2023-10-02,Combined Min-Variance,EQ_XOM,0.0029475957893233895
2023-10-02,Combined Min-Variance,CR_ADA-USD,0.0
2023-10-02,Combined Min-Variance,CR_BCH-USD,0.0
2023-10-02,Combined Min-Variance,CR_BTC-USD,0.0
2023-10-02,Combined Min-Variance,CR_EOS-USD,0.0
2023-10-02,Combined Min-Variance,CR_ETC-USD,5.845582047560406e-16
2023-10-02,Combined Min-Variance,CR_ETH-USD,0.0
2023-10-02,Combined Min-Variance,CR_LTC-USD,7.720445777412016e-17
2023-10-02,Combined Min-Variance,CR_TRX-USD,0.025847175957713058
2023-10-02,Combined Min-Variance,CR_XLM-USD,7.137044141722e-17
2023-10-02,Combined Min-Variance,CR_XRP-USD,1.523054200598601e-16
2023-11-01,Combined Min-Variance,EQ_ABBV,0.07636746566151315
2023-11-01,Combined Min-Variance,EQ_ABT,0.0
2023-11-01,Combined Min-Variance,EQ_ADBE,0.0
2023-11-01,Combined Min-Variance,EQ_AEP,0.0
2023-11-01,Combined Min-Variance,EQ_AMD,0.0
2023-11-01,Combined Min-Variance,EQ_AMGN,0.033152986344594265
2023-11-01,Combined Min-Variance,EQ_AMT,4.4991896691908535e-17
2023-11-01,Combined Min-Variance,EQ_BA,0.0
2023-11-01,Combined Min-Variance,EQ_CAT,0.0
2023-11-01,Combined Min-Variance,EQ_CCI,4.756674444245721e-17
2023-11-01,Combined Min-Variance,EQ_CMCSA,0.0002772234887387081
2023-11-01,Combined Min-Variance,EQ_COP,1.890499176758948e-17
2023-11-01,Combined Min-Variance,EQ_CVX,0.046879058711426905
2023-11-01,Combined Min-Variance,EQ_D,4.461084225757018e-17
2023-11-01,Combined Min-Variance,EQ_DD,0.018187547099222292
2023-11-01,Combined Min-Variance,EQ_DIS,0.0
2023-11-01,Combined Min-Variance,EQ_DOW,3.074553926772714e-17
2023-11-01,Combined Min-Variance,EQ_DUK,0.0
2023-11-01,Combined Min-Variance,EQ_EA,0.06616236200968774
2023-11-01,Combined Min-Variance,EQ_GE,0.00811923498799247
2023-11-01,Combined Min-Variance,EQ_GILD,0.0
2023-11-01,Combined Min-Variance,EQ_GS,0.005408683217367741
2023-11-01,Combined Min-Variance,EQ_INTC,0.0
2023-11-01,Combined Min-Variance,EQ_KO,0.17826950456517293
2023-11-01,Combined Min-Variance,EQ_MMM,0.0
2023-11-01,Combined Min-Variance,EQ_MRK,0.12115775865115612
2023-11-01,Combined Min-Variance,EQ_MS,1.5351238722717422e-16
2023-11-01,Combined Min-Variance,EQ_NEE,4.0616060403521096e-17
2023-11-01,Combined Min-Variance,EQ_NEM,1.1913576022243415e-16
2023-11-01,Combined Min-Variance,EQ_NKE,9.596190888481975e-17
2023-11-01,Combined Min-Variance,EQ_NUE,1.6809130902451812e-16
2023-11-01,Combined Min-Variance,EQ_NVDA,0.003781805739901109
2023-11-01,Combined Min-Variance,EQ_O,0.09950412583019468
2023-11-01,Combined Min-Variance,EQ_OXY,3.277207019918611e-17
2023-11-01,Combined Min-Variance,EQ_PLD,0.0
2023-11-01,Combined Min-Variance,EQ_PSA,7.95883283351197e-17
2023-11-01,Combined Min-Variance,EQ_QCOM,3.4362323302970773e-17
2023-11-01,Combined Min-Variance,EQ_SBUX,0.0
2023-11-01,Combined Min-Variance,EQ_SHW,0.0
2023-11-01,Combined Min-Variance,EQ_SLB,0.0
2023-11-01,Combined Min-Variance,EQ_SO,5.58151787392312e-17
2023-11-01,Combined Min-Variance,EQ_T,0.040986220639091325
2023-11-01,Combined Min-Variance,EQ_TMUS,0.06317964461875257
2023-11-01,Combined Min-Variance,EQ_TTWO,1.7023903797950497e-16
2023-11-01,Combined Min-Variance,EQ_UPS,3.3234669010933836e-17
2023-11-01,Combined Min-Variance,EQ_USB,0.0
2023-11-01,Combined Min-Variance,EQ_V,0.038738427668968484
2023-11-01,Combined Min-Variance,EQ_WFC,1.202977067252648e-16
2023-11-01,Combined Min-Variance,EQ_WMT,0.19508061705356186
2023-11-01,Combined Min-Variance,EQ_XOM,0.0
2023-11-01,Combined Min-Variance,CR_ADA-USD,0.0
2023-11-01,Combined Min-Variance,CR_BCH-USD,0.0
2023-11-01,Combined Min-Variance,CR_BTC-USD,2.1009479074990222e-16
2023-11-01,Combined Min-Variance,CR_EOS-USD,6.405674615360066e-17
2023-11-01,Combined Min-Variance,CR_ETC-USD,0.0
2023-11-01,Combined Min-Variance,CR_ETH-USD,0.0
2023-11-01,Combined Min-Variance,CR_LTC-USD,9.508978727819798e-18
2023-11-01,Combined Min-Variance,CR_TRX-USD,0.004747333712657891
2023-11-01,Combined Min-Variance,CR_XLM-USD,0.0
2023-11-01,Combined Min-Variance,CR_XRP-USD,3.952602111649128e-17
2023-12-01,Combined Min-Variance,EQ_ABBV,0.08932416064941913
2023-12-01,Combined Min-Variance,EQ_ABT,0.01764261047052424
2023-12-01,Combined Min-Variance,EQ_ADBE,1.4394867301471407e-17
2023-12-01,Combined Min-Variance,EQ_AEP,5.858801572624537e-17
2023-12-01,Combined Min-Variance,EQ_AMD,0.007401896966713167
2023-12-01,Combined Min-Variance,EQ_AMGN,0.008893666775473368
2023-12-01,Combined Min-Variance,EQ_AMT,9.475593414472416e-17
2023-12-01,Combined Min-Variance,EQ_BA,0.0
2023-12-01,Combined Min-Variance,EQ_CAT,0.0
2023-12-01,Combined Min-Variance,EQ_CCI,0.0
2023-12-01,Combined Min-Variance,EQ_CMCSA,0.0
2023-12-01,Combined Min-Variance,EQ_COP,0.0
2023-12-01,Combined Min-Variance,EQ_CVX,0.0281963121332197
2023-12-01,Combined Min-Variance,EQ_D,9.274944695449989e-17
2023-12-01,Combined Min-Variance,EQ_DD,0.0035728909424230107
2023-12-01,Combined Min-Variance,EQ_DIS,0.0
2023-12-01,Combined Min-Variance,EQ_DOW,4.9113171427881374e-17
2023-12-01,Combined Min-Variance,EQ_DUK,0.0020543815183131555
2023-12-01,Combined Min-Variance,EQ_EA,0.040555066399826964
2023-12-01,Combined Min-Variance,EQ_GE,0.013311902261416318
2023-12-01,Combined Min-Variance,EQ_GILD,7.617086387713547e-17
2023-12-01,Combined Min-Variance,EQ_GS,4.421029326881176e-17
2023-12-01,Combined Min-Variance,EQ_INTC,0.0030039914626290784
2023-12-01,Combined Min-Variance,EQ_KO,0.1849016932871406
2023-12-01,Combined Min-Variance,EQ_MMM,0.0
2023-12-01,Combined Min-Variance,EQ_MRK,0.10219687378291394
2023-12-01,Combined Min-Variance,EQ_MS,1.2601615792622773e-17
2023-12-01,Combined Min-Variance,EQ_NEE,0.0
2023-12-01,Combined Min-Variance,EQ_NEM,0.009119798443528282
2023-12-01,Combined Min-Variance,EQ_NKE,0.0
2023-12-01,Combined Min-Variance,EQ_NUE,7.232418971985201e-18
2023-12-01,Combined Min-Variance,EQ_NVDA,0.011446547813463102
2023-12-01,Combined Min-Variance,EQ_O,0.08476384863979632
2023-12-01,Combined Min-Variance,EQ_OXY,0.025392235696708995
2023-12-01,Combined Min-Variance,EQ_PLD,0.0
2023-12-01,Combined Min-Variance,EQ_PSA,9.125202426795674e-17
2023-12-01,Combined Min-Variance,EQ_QCOM,0.0
2023-12-01,Combined Min-Variance,EQ_SBUX,3.9530880266188614e-17
2023-12-01,Combined Min-Variance,EQ_SHW,8.636629836908176e-17
2023-12-01,Combined Min-Variance,EQ_SLB,9.01974721488733e-17
2023-12-01,Combined Min-Variance,EQ_SO,4.9580204427062844e-18
2023-12-01,Combined Min-Variance,EQ_T,0.03474429434837346
2023-12-01,Combined Min-Variance,EQ_TMUS,0.0653034999121713
2023-12-01,Combined Min-Variance,EQ_TTWO,8.519336724912362e-17
2023-12-01,Combined Min-Variance,EQ_UPS,1.4958555369749653e-17
2023-12-01,Combined Min-Variance,EQ_USB,4.077135448818284e-16
2023-12-01,Combined Min-Variance,EQ_V,0.07291113730376493
2023-12-01,Combined Min-Variance,EQ_WFC,7.971891263068034e-18
2023-12-01,Combined Min-Variance,EQ_WMT,0.17059123556507838
2023-12-01,Combined Min-Variance,EQ_XOM,3.135314178989216e-17
2023-12-01,Combined Min-Variance,CR_ADA-USD,2.3947662961971187e-17
2023-12-01,Combined Min-Variance,CR_BCH-USD,1.2817456349293546e-16
2023-12-01,Combined Min-Variance,CR_BTC-USD,0.012025468494314425
2023-12-01,Combined Min-Variance,CR_EOS-USD,0.0
2023-12-01,Combined Min-Variance,CR_ETC-USD,0.0
2023-12-01,Combined Min-Variance,CR_ETH-USD,1.080158440084852e-16
2023-12-01,Combined Min-Variance,CR_LTC-USD,0.0
2023-12-01,Combined Min-Variance,CR_TRX-USD,0.012646487132788174
2023-12-01,Combined Min-Variance,CR_XLM-USD,0.0
2023-12-01,Combined Min-Variance,CR_XRP-USD,1.735514633998208e-16
2021-01-04,Combined Risk-Parity,EQ_ABBV,0.024139630274752893
2021-01-04,Combined Risk-Parity,EQ_ABT,0.020430361867771984
2021-01-04,Combined Risk-Parity,EQ_ADBE,0.01631817395733712
2021-01-04,Combined Risk-Parity,EQ_AEP,0.021684090730590168
2021-01-04,Combined Risk-Parity,EQ_AMD,0.014850476590090646
2021-01-04,Combined Risk-Parity,EQ_AMGN,0.02134025350787584
2021-01-04,Combined Risk-Parity,EQ_AMT,0.01692733828457944
2021-01-04,Combined Risk-Parity,EQ_BA,0.00966030138488616
2021-01-04,Combined Risk-Parity,EQ_CAT,0.01646764056746736
2021-01-04,Combined Risk-Parity,EQ_CCI,0.018044312223074035
2021-01-04,Combined Risk-Parity,EQ_CMCSA,0.018026734749818505
2021-01-04,Combined Risk-Parity,EQ_COP,0.01111641489419949
2021-01-04,Combined Risk-Parity,EQ_CVX,0.012162872141878155
2021-01-04,Combined Risk-Parity,EQ_D,0.017660399114089884
2021-01-04,Combined Risk-Parity,EQ_DD,0.014295091803852128
2021-01-04,Combined Risk-Parity,EQ_DIS,0.015620427347983893
2021-01-04,Combined Risk-Parity,EQ_DOW,0.012020764773692552
2021-01-04,Combined Risk-Parity,EQ_DUK,0.01718618123396952
2021-01-04,Combined Risk-Parity,EQ_EA,0.028044544420076367
2021-01-04,Combined Risk-Parity,EQ_GE,0.013359859470215193
2021-01-04,Combined Risk-Parity,EQ_GILD,0.033030364506810336
2021-01-04,Combined Risk-Parity,EQ_GS,0.013186508182570403
2021-01-04,Combined Risk-Parity,EQ_INTC,0.014449369348177381
2021-01-04,Combined Risk-Parity,EQ_KO,0.020437590314559682
2021-01-04,Combined Risk-Parity,EQ_MMM,0.01993717744364514
2021-01-04,Combined Risk-Parity,EQ_MRK,0.024589415485687893
2021-01-04,Combined Risk-Parity,EQ_MS,0.011698260263887131
2021-01-04,Combined Risk-Parity,EQ_NEE,0.01729121719805985
2021-01-04,Combined Risk-Parity,EQ_NEM,0.03501711580374683
2021-01-04,Combined Risk-Parity,EQ_NKE,0.018315432361689858
2021-01-04,Combined Risk-Parity,EQ_NUE,0.01426461750052194
2021-01-04,Combined Risk-Parity,EQ_NVDA,0.013264211117390678
2021-01-04,Combined Risk-Parity,EQ_O,0.01403531431795564
2021-01-04,Combined Risk-Parity,EQ_OXY,0.00905079164895879
2021-01-04,Combined Risk-Parity,EQ_PLD,0.015391316478339972
2021-01-04,Combined Risk-Parity,EQ_PSA,0.022736378716913485
2021-01-04,Combined Risk-Parity,EQ_QCOM,0.014880846413762002
2021-01-04,Combined Risk-Parity,EQ_SBUX,0.015178723342570422
2021-01-04,Combined Risk-Parity,EQ_SHW,0.017485452822354787
2021-01-04,Combined Risk-Parity,EQ_SLB,0.010755369666857754
2021-01-04,Combined Risk-Parity,EQ_SO,0.0161044468032924
2021-01-04,Combined Risk-Parity,EQ_T,0.019595132464104898
2021-01-04,Combined Risk-Parity,EQ_TMUS,0.01918386626292896
2021-01-04,Combined Risk-Parity,EQ_TTWO,0.02628926624058484
2021-01-04,Combined Risk-Parity,EQ_UPS,0.021374111547474862
2021-01-04,Combined Risk-Parity,EQ_USB,0.012745050621884097
2021-01-04,Combined Risk-Parity,EQ_V,0.015333598501946735
2021-01-04,Combined Risk-Parity,EQ_WFC,0.012025653220198154
2021-01-04,Combined Risk-Parity,EQ_WMT,0.030143486625176876
2021-01-04,Combined Risk-Parity,EQ_XOM,0.01459817712330195
2021-01-04,Combined Risk-Parity,CR_ADA-USD,0.010347452678729444
2021-01-04,Combined Risk-Parity,CR_BCH-USD,0.011248773894016606
2021-01-04,Combined Risk-Parity,CR_BTC-USD,0.014741303807653105
2021-01-04,Combined Risk-Parity,CR_EOS-USD,0.011936685539648705
2021-01-04,Combined Risk-Parity,CR_ETC-USD,0.012171012131975549
2021-01-04,Combined Risk-Parity,CR_ETH-USD,0.011022939050118278
2021-01-04,Combined Risk-Parity,CR_LTC-USD,0.011613664806009808
2021-01-04,Combined Risk-Parity,CR_TRX-USD,0.012657578479481832
2021-01-04,Combined Risk-Parity,CR_XLM-USD,0.010853939616012559
2021-01-04,Combined Risk-Parity,CR_XRP-USD,0.011662518312799923
2021-02-01,Combined Risk-Parity,EQ_ABBV,0.02386607456673433
2021-02-01,Combined Risk-Parity,EQ_ABT,0.02060905915855405
2021-02-01,Combined Risk-Parity,EQ_ADBE,0.016512174990092453
2021-02-01,Combined Risk-Parity,EQ_AEP,0.021996761971186655
2021-02-01,Combined Risk-Parity,EQ_AMD,0.015172569321157377
2021-02-01,Combined Risk-Parity,EQ_AMGN,0.021473600260312385
2021-02-01,Combined Risk-Parity,EQ_AMT,0.01718022030837374
2021-02-01,Combined Risk-Parity,EQ_BA,0.009655811483443601
2021-02-01,Combined Risk-Parity,EQ_CAT,0.016405830824286656
2021-02-01,Combined Risk-Parity,EQ_CCI,0.01836030254128011
2021-02-01,Combined Risk-Parity,EQ_CMCSA,0.017991508410752068
2021-02-01,Combined Risk-Parity,EQ_COP,0.011077782426185942
2021-02-01,Combined Risk-Parity,EQ_CVX,0.012147144727521394
2021-02-01,Combined Risk-Parity,EQ_D,0.017974621726956616
2021-02-01,Combined Risk-Parity,EQ_DD,0.014118889951212781
2021-02-01,Combined Risk-Parity,EQ_DIS,0.015611692981938754
2021-02-01,Combined Risk-Parity,EQ_DOW,0.01201100357470924
2021-02-01,Combined Risk-Parity,EQ_DUK,0.017399688163255735
2021-02-01,Combined Risk-Parity,EQ_EA,0.028956523550950294
2021-02-01,Combined Risk-Parity,EQ_GE,0.013408728194176088
2021-02-01,Combined Risk-Parity,EQ_GILD,0.032636058500410466
2021-02-01,Combined Risk-Parity,EQ_GS,0.013243551574246858
2021-02-01,Combined Risk-Parity,EQ_INTC,0.014504207051844705
2021-02-01,Combined Risk-Parity,EQ_KO,0.020796347996403335
2021-02-01,Combined Risk-Parity,EQ_MMM,0.020576276931238206
2021-02-01,Combined Risk-Parity,EQ_MRK,0.02460752816877363
2021-02-01,Combined Risk-Parity,EQ_MS,0.01171786996227946
2021-02-01,Combined Risk-Parity,EQ_NEE,0.01683875360252457
2021-02-01,Combined Risk-Parity,EQ_NEM,0.033923519368205556
2021-02-01,Combined Risk-Parity,EQ_NKE,0.018346265234704576
2021-02-01,Combined Risk-Parity,EQ_NUE,0.014318131052341318
2021-02-01,Combined Risk-Parity,EQ_NVDA,0.013541113530651558
2021-02-01,Combined Risk-Parity,EQ_O,0.014268934957147891
2021-02-01,Combined Risk-Parity,EQ_OXY,0.009043731256499758
2021-02-01,Combined Risk-Parity,EQ_PLD,0.015567826165157868
2021-02-01,Combined Risk-Parity,EQ_PSA,0.023159482435091455
2021-02-01,Combined Risk-Parity,EQ_QCOM,0.014890177144238997
2021-02-01,Combined Risk-Parity,EQ_SBUX,0.015136019651511253
2021-02-01,Combined Risk-Parity,EQ_SHW,0.017796969354402583
2021-02-01,Combined Risk-Parity,EQ_SLB,0.010676894465267648
2021-02-01,Combined Risk-Parity,EQ_SO,0.01612346719336301
2021-02-01,Combined Risk-Parity,EQ_T,0.019871833278030514
2021-02-01,Combined Risk-Parity,EQ_TMUS,0.01901995567116525
2021-02-01,Combined Risk-Parity,EQ_TTWO,0.026241259876194946
2021-02-01,Combined Risk-Parity,EQ_UPS,0.02159601214857329
2021-02-01,Combined Risk-Parity,EQ_USB,0.012675568556405866
2021-02-01,Combined Risk-Parity,EQ_V,0.015496682825431056
2021-02-01,Combined Risk-Parity,EQ_WFC,0.01179158629674219
2021-02-01,Combined Risk-Parity,EQ_WMT,0.03025881078562137
2021-02-01,Combined Risk-Parity,EQ_XOM,0.014573223403883994
2021-02-01,Combined Risk-Parity,CR_ADA-USD,0.009851607115924185
2021-02-01,Combined Risk-Parity,CR_BCH-USD,0.011045939710468486
2021-02-01,Combined Risk-Parity,CR_BTC-USD,0.013959797832210732
2021-02-01,Combined Risk-Parity,CR_EOS-USD,0.011777732924873897
2021-02-01,Combined Risk-Parity,CR_ETC-USD,0.012186759166789513
2021-02-01,Combined Risk-Parity,CR_ETH-USD,0.010663857306465038
2021-02-01,Combined Risk-Parity,CR_LTC-USD,0.011310572599393755
2021-02-01,Combined Risk-Parity,CR_TRX-USD,0.012883045266648655
2021-02-01,Combined Risk-Parity,CR_XLM-USD,0.009633514528070665
2021-02-01,Combined Risk-Parity,CR_XRP-USD,0.011519125977725413
2021-03-01,Combined Risk-Parity,EQ_ABBV,0.024343891019218106
2021-03-01,Combined Risk-Parity,EQ_ABT,0.020815004045551137
2021-03-01,Combined Risk-Parity,EQ_ADBE,0.016442834327229185
2021-03-01,Combined Risk-Parity,EQ_AEP,0.02228961719955226
2021-03-01,Combined Risk-Parity,EQ_AMD,0.015410866521967829
2021-03-01,Combined Risk-Parity,EQ_AMGN,0.022117787019817935
2021-03-01,Combined Risk-Parity,EQ_AMT,0.017041451660794304
2021-03-01,Combined Risk-Parity,EQ_BA,0.009533501282129778
2021-03-01,Combined Risk-Parity,EQ_CAT,0.016569398503915624
2021-03-01,Combined Risk-Parity,EQ_CCI,0.018623821705977147
2021-03-01,Combined Risk-Parity,EQ_CMCSA,0.018196375044225773
2021-03-01,Combined Risk-Parity,EQ_COP,0.011134511637166661
2021-03-01,Combined Risk-Parity,EQ_CVX,0.012191539763790116
2021-03-01,Combined Risk-Parity,EQ_D,0.018018827817963035
2021-03-01,Combined Risk-Parity,EQ_DD,0.014348438951146734
2021-03-01,Combined Risk-Parity,EQ_DIS,0.01563537749831508
2021-03-01,Combined Risk-Parity,EQ_DOW,0.012154394479325032
2021-03-01,Combined Risk-Parity,EQ_DUK,0.01748100165563195
2021-03-01,Combined Risk-Parity,EQ_EA,0.02904140325169165
2021-03-01,Combined Risk-Parity,EQ_GE,0.013468144774573526
2021-03-01,Combined Risk-Parity,EQ_GILD,0.031184819885557682
2021-03-01,Combined Risk-Parity,EQ_GS,0.013149644091929378
2021-03-01,Combined Risk-Parity,EQ_INTC,0.014576185949597314
2021-03-01,Combined Risk-Parity,EQ_KO,0.020709416073413534
2021-03-01,Combined Risk-Parity,EQ_MMM,0.020585109646743968
2021-03-01,Combined Risk-Parity,EQ_MRK,0.0243990792585657
2021-03-01,Combined Risk-Parity,EQ_MS,0.011694468085404888
2021-03-01,Combined Risk-Parity,EQ_NEE,0.016812848627670657
2021-03-01,Combined Risk-Parity,EQ_NEM,0.03362024923457901
2021-03-01,Combined Risk-Parity,EQ_NKE,0.018546721531427446
2021-03-01,Combined Risk-Parity,EQ_NUE,0.014361988642237337
2021-03-01,Combined Risk-Parity,EQ_NVDA,0.01357177286093378
2021-03-01,Combined Risk-Parity,EQ_O,0.01427468389812347
2021-03-01,Combined Risk-Parity,EQ_OXY,0.009007476103581548
2021-03-01,Combined Risk-Parity,EQ_PLD,0.015744717387787294
2021-03-01,Combined Risk-Parity,EQ_PSA,0.023536702885534895
2021-03-01,Combined Risk-Parity,EQ_QCOM,0.0150172355310228
2021-03-01,Combined Risk-Parity,EQ_SBUX,0.015098573763032221
2021-03-01,Combined Risk-Parity,EQ_SHW,0.017846766607476097
2021-03-01,Combined Risk-Parity,EQ_SLB,0.01069911890421899
2021-03-01,Combined Risk-Parity,EQ_SO,0.016031979751829108
2021-03-01,Combined Risk-Parity,EQ_T,0.019652107521708075
2021-03-01,Combined Risk-Parity,EQ_TMUS,0.019535370082677663
2021-03-01,Combined Risk-Parity,EQ_TTWO,0.026254783110470276
2021-03-01,Combined Risk-Parity,EQ_UPS,0.022351272242020957
2021-03-01,Combined Risk-Parity,EQ_USB,0.012613726636874835
2021-03-01,Combined Risk-Parity,EQ_V,0.015727322651693004
2021-03-01,Combined Risk-Parity,EQ_WFC,0.011606004598765474
2021-03-01,Combined Risk-Parity,EQ_WMT,0.030454412631682897
2021-03-01,Combined Risk-Parity,EQ_XOM,0.014737897978015614
2021-03-01,Combined Risk-Parity,CR_ADA-USD,0.009765238948269698
2021-03-01,Combined Risk-Parity,CR_BCH-USD,0.010777056683774636
2021-03-01,Combined Risk-Parity,CR_BTC-USD,0.01337826072877398
2021-03-01,Combined Risk-Parity,CR_EOS-USD,0.011418107514496904
2021-03-01,Combined Risk-Parity,CR_ETC-USD,0.011686371798531388
2021-03-01,Combined Risk-Parity,CR_ETH-USD,0.010428583675722159
2021-03-01,Combined Risk-Parity,CR_LTC-USD,0.010964473006374365
2021-03-01,Combined Risk-Parity,CR_TRX-USD,0.012534473719785905
2021-03-01,Combined Risk-Parity,CR_XLM-USD,0.00942310916332961
2021-03-01,Combined Risk-Parity,CR_XRP-USD,0.011363680426384335
2021-04-01,Combined Risk-Parity,EQ_ABBV,0.026988075714893988
2021-04-01,Combined Risk-Parity,EQ_ABT,0.02341489491231508
2021-04-01,Combined Risk-Parity,EQ_ADBE,0.017483210335729686
2021-04-01,Combined Risk-Parity,EQ_AEP,0.0212533428649731
2021-04-01,Combined Risk-Parity,EQ_AMD,0.014951751565629346
2021-04-01,Combined Risk-Parity,EQ_AMGN,0.026062975201699493
2021-04-01,Combined Risk-Parity,EQ_AMT,0.018212989481516464
2021-04-01,Combined Risk-Parity,EQ_BA,0.008349602314185816
2021-04-01,Combined Risk-Parity,EQ_CAT,0.014571227942068042
2021-04-01,Combined Risk-Parity,EQ_CCI,0.020304838499755416
2021-04-01,Combined Risk-Parity,EQ_CMCSA,0.016581225553859102
2021-04-01,Combined Risk-Parity,EQ_COP,0.010822628107315478
2021-04-01,Combined Risk-Parity,EQ_CVX,0.01201974828139768
2021-04-01,Combined Risk-Parity,EQ_D,0.025023526456208332
2021-04-01,Combined Risk-Parity,EQ_DD,0.01306944894350986
2021-04-01,Combined Risk-Parity,EQ_DIS,0.0156520980110318
2021-04-01,Combined Risk-Parity,EQ_DOW,0.01086556451514925
2021-04-01,Combined Risk-Parity,EQ_DUK,0.021063597702741656
2021-04-01,Combined Risk-Parity,EQ_EA,0.03465544810448976
2021-04-01,Combined Risk-Parity,EQ_GE,0.013035096946319722
2021-04-01,Combined Risk-Parity,EQ_GILD,0.02671521234976746
2021-04-01,Combined Risk-Parity,EQ_GS,0.014165195160497027
2021-04-01,Combined Risk-Parity,EQ_INTC,0.016002864875656955
2021-04-01,Combined Risk-Parity,EQ_KO,0.018326220355457865
2021-04-01,Combined Risk-Parity,EQ_MMM,0.02154984810915483
2021-04-01,Combined Risk-Parity,EQ_MRK,0.02417951038668228
2021-04-01,Combined Risk-Parity,EQ_MS,0.012447931196477545
2021-04-01,Combined Risk-Parity,EQ_NEE,0.017656672571475636
2021-04-01,Combined Risk-Parity,EQ_NEM,0.025333978717251186
2021-04-01,Combined Risk-Parity,EQ_NKE,0.018785002016232205
2021-04-01,Combined Risk-Parity,EQ_NUE,0.013422960315645676
2021-04-01,Combined Risk-Parity,EQ_NVDA,0.013393507378841192
2021-04-01,Combined Risk-Parity,EQ_O,0.015228528289397128
2021-04-01,Combined Risk-Parity,EQ_OXY,0.006939129503156455
2021-04-01,Combined Risk-Parity,EQ_PLD,0.015402457289410773
2021-04-01,Combined Risk-Parity,EQ_PSA,0.0286264178964842
2021-04-01,Combined Risk-Parity,EQ_QCOM,0.01414837577295816
2021-04-01,Combined Risk-Parity,EQ_SBUX,0.01556015166657075
2021-04-01,Combined Risk-Parity,EQ_SHW,0.018111490796615067
2021-04-01,Combined Risk-Parity,EQ_SLB,0.009057789456990685
2021-04-01,Combined Risk-Parity,EQ_SO,0.01685291079702776
2021-04-01,Combined Risk-Parity,EQ_T,0.020581691891416055
2021-04-01,Combined Risk-Parity,EQ_TMUS,0.021286513432347068
2021-04-01,Combined Risk-Parity,EQ_TTWO,0.03177877745031396
2021-04-01,Combined Risk-Parity,EQ_UPS,0.018238227061943495
2021-04-01,Combined Risk-Parity,EQ_USB,0.011471699882650815
2021-04-01,Combined Risk-Parity,EQ_V,0.014661160260851557
2021-04-01,Combined Risk-Parity,EQ_WFC,0.011271548508767344
2021-04-01,Combined Risk-Parity,EQ_WMT,0.03974197132237886
2021-04-01,Combined Risk-Parity,EQ_XOM,0.012489364229157038
2021-04-01,Combined Risk-Parity,CR_ADA-USD,0.00795758449130446
2021-04-01,Combined Risk-Parity,CR_BCH-USD,0.008818643686481385
2021-04-01,Combined Risk-Parity,CR_BTC-USD,0.011734211114902955
2021-04-01,Combined Risk-Parity,CR_EOS-USD,0.008786235363076102
2021-04-01,Combined Risk-Parity,CR_ETC-USD,0.009901911328316788
2021-04-01,Combined Risk-Parity,CR_ETH-USD,0.00849486762429765
2021-04-01,Combined Risk-Parity,CR_LTC-USD,0.009091154859819662
2021-04-01,Combined Risk-Parity,CR_TRX-USD,0.011932141740063004
2021-04-01,Combined Risk-Parity,CR_XLM-USD,0.0067009499134438825
2021-04-01,Combined Risk-Parity,CR_XRP-USD,0.008773899481928
2021-05-03,Combined Risk-Parity,EQ_ABBV,0.029030607779714945
2021-05-03,Combined Risk-Parity,EQ_ABT,0.022073526017775853
2021-05-03,Combined Risk-Parity,EQ_ADBE,0.018443712934968864
2021-05-03,Combined Risk-Parity,EQ_AEP,0.027157290418099486
2021-05-03,Combined Risk-Parity,EQ_AMD,0.014241538851502936
2021-05-03,Combined Risk-Parity,EQ_AMGN,0.02551408006861927
2021-05-03,Combined Risk-Parity,EQ_AMT,0.020083458969100392
2021-05-03,Combined Risk-Parity,EQ_BA,0.007520792807997523
2021-05-03,Combined Risk-Parity,EQ_CAT,0.014121971334838739
2021-05-03,Combined Risk-Parity,EQ_CCI,0.020869188094327362
2021-05-03,Combined Risk-Parity,EQ_CMCSA,0.016835087667282842
2021-05-03,Combined Risk-Parity,EQ_COP,0.010115248351472558
2021-05-03,Combined Risk-Parity,EQ_CVX,0.012050641688622079
2021-05-03,Combined Risk-Parity,EQ_D,0.0317294991971772
2021-05-03,Combined Risk-Parity,EQ_DD,0.012940850363921496
2021-05-03,Combined Risk-Parity,EQ_DIS,0.01452875480577971
2021-05-03,Combined Risk-Parity,EQ_DOW,0.010749102792257405
2021-05-03,Combined Risk-Parity,EQ_DUK,0.025582637582456266
2021-05-03,Combined Risk-Parity,EQ_EA,0.030752404639783557
2021-05-03,Combined Risk-Parity,EQ_GE,0.011684955180509686
2021-05-03,Combined Risk-Parity,EQ_GILD,0.027821836194593184
2021-05-03,Combined Risk-Parity,EQ_GS,0.013713620729755993
2021-05-03,Combined Risk-Parity,EQ_INTC,0.01578220688358529
2021-05-03,Combined Risk-Parity,EQ_KO,0.01941407715891647
2021-05-03,Combined Risk-Parity,EQ_MMM,0.02141338810717303
2021-05-03,Combined Risk-Parity,EQ_MRK,0.028223770992659995
2021-05-03,Combined Risk-Parity,EQ_MS,0.012902771308534056
2021-05-03,Combined Risk-Parity,EQ_NEE,0.01911903249025341
2021-05-03,Combined Risk-Parity,EQ_NEM,0.0240078307721994
2021-05-03,Combined Risk-Parity,EQ_NKE,0.019196293998157136
2021-05-03,Combined Risk-Parity,EQ_NUE,0.011691518542378475
2021-05-03,Combined Risk-Parity,EQ_NVDA,0.013641815563640934
2021-05-03,Combined Risk-Parity,EQ_O,0.01651726260459349
2021-05-03,Combined Risk-Parity,EQ_OXY,0.006286495876016254
2021-05-03,Combined Risk-Parity,EQ_PLD,0.016801393569697738
2021-05-03,Combined Risk-Parity,EQ_PSA,0.026727934358796557
2021-05-03,Combined Risk-Parity,EQ_QCOM,0.012534922957882087
2021-05-03,Combined Risk-Parity,EQ_SBUX,0.015796115872479886
2021-05-03,Combined Risk-Parity,EQ_SHW,0.02241240166652292
2021-05-03,Combined Risk-Parity,EQ_SLB,0.008385755815034718
2021-05-03,Combined Risk-Parity,EQ_SO,0.02053785351493907
2021-05-03,Combined Risk-Parity,EQ_T,0.02364378191935591
2021-05-03,Combined Risk-Parity,EQ_TMUS,0.017491188836144707
2021-05-03,Combined Risk-Parity,EQ_TTWO,0.02679815444705809
2021-05-03,Combined Risk-Parity,EQ_UPS,0.01724380546327753
2021-05-03,Combined Risk-Parity,EQ_USB,0.011924412175106926
2021-05-03,Combined Risk-Parity,EQ_V,0.016336085414424807
2021-05-03,Combined Risk-Parity,EQ_WFC,0.010865112328991454
2021-05-03,Combined Risk-Parity,EQ_WMT,0.038769707706531716
2021-05-03,Combined Risk-Parity,EQ_XOM,0.011239695050595798
2021-05-03,Combined Risk-Parity,CR_ADA-USD,0.006857127220879404
2021-05-03,Combined Risk-Parity,CR_BCH-USD,0.007013736167657366
2021-05-03,Combined Risk-Parity,CR_BTC-USD,0.010300447160791829
2021-05-03,Combined Risk-Parity,CR_EOS-USD,0.007296940205498469
2021-05-03,Combined Risk-Parity,CR_ETC-USD,0.007962938503254446
2021-05-03,Combined Risk-Parity,CR_ETH-USD,0.008147781727858242
2021-05-03,Combined Risk-Parity,CR_LTC-USD,0.007473349126396552
2021-05-03,Combined Risk-Parity,CR_TRX-USD,0.009859654040212027
2021-05-03,Combined Risk-Parity,CR_XLM-USD,0.0053915196111978415
2021-05-03,Combined Risk-Parity,CR_XRP-USD,0.006430914370748635
2021-06-01,Combined Risk-Parity,EQ_ABBV,0.02394845771530338
2021-06-01,Combined Risk-Parity,EQ_ABT,0.02244121370152058
2021-06-01,Combined Risk-Parity,EQ_ADBE,0.017286183822438173
2021-06-01,Combined Risk-Parity,EQ_AEP,0.03021331322054312
2021-06-01,Combined Risk-Parity,EQ_AMD,0.014750352451939841
2021-06-01,Combined Risk-Parity,EQ_AMGN,0.0233631779990522
2021-06-01,Combined Risk-Parity,EQ_AMT,0.02072409391266804
2021-06-01,Combined Risk-Parity,EQ_BA,0.007754743366991122
2021-06-01,Combined Risk-Parity,EQ_CAT,0.015419868285287299
2021-06-01,Combined Risk-Parity,EQ_CCI,0.022877507250193874
2021-06-01,Combined Risk-Parity,EQ_CMCSA,0.01691512317046898
2021-06-01,Combined Risk-Parity,EQ_COP,0.010034034303614476
2021-06-01,Combined Risk-Parity,EQ_CVX,0.012168901733129749
2021-06-01,Combined Risk-Parity,EQ_D,0.03248776834166965
2021-06-01,Combined Risk-Parity,EQ_DD,0.01302659987619619
2021-06-01,Combined Risk-Parity,EQ_DIS,0.015901467159163105
2021-06-01,Combined Risk-Parity,EQ_DOW,0.01166365123864782
2021-06-01,Combined Risk-Parity,EQ_DUK,0.027131715001704252
2021-06-01,Combined Risk-Parity,EQ_EA,0.028907012966549156
2021-06-01,Combined Risk-Parity,EQ_GE,0.01307015674776853
2021-06-01,Combined Risk-Parity,EQ_GILD,0.029406526009477886
2021-06-01,Combined Risk-Parity,EQ_GS,0.014349607589305008
2021-06-01,Combined Risk-Parity,EQ_INTC,0.015818634384615414
2021-06-01,Combined Risk-Parity,EQ_KO,0.019835992697163202
2021-06-01,Combined Risk-Parity,EQ_MMM,0.02368282042931022
2021-06-01,Combined Risk-Parity,EQ_MRK,0.02757937771216202
2021-06-01,Combined Risk-Parity,EQ_MS,0.014046545293806731
2021-06-01,Combined Risk-Parity,EQ_NEE,0.02015512700043471
2021-06-01,Combined Risk-Parity,EQ_NEM,0.020886347685279808
2021-06-01,Combined Risk-Parity,EQ_NKE,0.018732765324856068
2021-06-01,Combined Risk-Parity,EQ_NUE,0.011280356036768245
2021-06-01,Combined Risk-Parity,EQ_NVDA,0.013053277237419475
2021-06-01,Combined Risk-Parity,EQ_O,0.017378595471392665
2021-06-01,Combined Risk-Parity,EQ_OXY,0.006554502051559485
2021-06-01,Combined Risk-Parity,EQ_PLD,0.018342621502779346
2021-06-01,Combined Risk-Parity,EQ_PSA,0.03217550658255279
2021-06-01,Combined Risk-Parity,EQ_QCOM,0.01285281266533405
2021-06-01,Combined Risk-Parity,EQ_SBUX,0.015376602864300894
2021-06-01,Combined Risk-Parity,EQ_SHW,0.02159678418238282
2021-06-01,Combined Risk-Parity,EQ_SLB,0.009212149468330126
2021-06-01,Combined Risk-Parity,EQ_SO,0.022916176378076258
2021-06-01,Combined Risk-Parity,EQ_T,0.02541616896910377
2021-06-01,Combined Risk-Parity,EQ_TMUS,0.01871506455446051
2021-06-01,Combined Risk-Parity,EQ_TTWO,0.02816131191513725
2021-06-01,Combined Risk-Parity,EQ_UPS,0.017602788989524956
2021-06-01,Combined Risk-Parity,EQ_USB,0.013185479191090005
2021-06-01,Combined Risk-Parity,EQ_V,0.016284081754396572
2021-06-01,Combined Risk-Parity,EQ_WFC,0.011929415329478787
2021-06-01,Combined Risk-Parity,EQ_WMT,0.035181584267341186
2021-06-01,Combined Risk-Parity,EQ_XOM,0.01180188743790608
2021-06-01,Combined Risk-Parity,CR_ADA-USD,0.005175021352346929
2021-06-01,Combined Risk-Parity,CR_BCH-USD,0.0048756075991099115
2021-06-01,Combined Risk-Parity,CR_BTC-USD,0.008162582956885983
2021-06-01,Combined Risk-Parity,CR_EOS-USD,0.004904324656820328
2021-06-01,Combined Risk-Parity,CR_ETC-USD,0.005000526680900941
2021-06-01,Combined Risk-Parity,CR_ETH-USD,0.006331636498157055
2021-06-01,Combined Risk-Parity,CR_LTC-USD,0.0055559022543985835
2021-06-01,Combined Risk-Parity,CR_TRX-USD,0.006975439796981408
2021-06-01,Combined Risk-Parity,CR_XLM-USD,0.004306090071568104
2021-06-01,Combined Risk-Parity,CR_XRP-USD,0.005116614892234939
2021-07-01,Combined Risk-Parity,EQ_ABBV,0.022891097324525822
2021-07-01,Combined Risk-Parity,EQ_ABT,0.02358791581427953
2021-07-01,Combined Risk-Parity,EQ_ADBE,0.017817893083011405
2021-07-01,Combined Risk-Parity,EQ_AEP,0.030677719848798503
2021-07-01,Combined Risk-Parity,EQ_AMD,0.014944837000136454
2021-07-01,Combined Risk-Parity,EQ_AMGN,0.020988314945552224
2021-07-01,Combined Risk-Parity,EQ_AMT,0.022830310005537896
2021-07-01,Combined Risk-Parity,EQ_BA,0.009367961636583707
2021-07-01,Combined Risk-Parity,EQ_CAT,0.01637823834935506
2021-07-01,Combined Risk-Parity,EQ_CCI,0.026532592616848694
2021-07-01,Combined Risk-Parity,EQ_CMCSA,0.015696418999082307
2021-07-01,Combined Risk-Parity,EQ_COP,0.010077152068045823
2021-07-01,Combined Risk-Parity,EQ_CVX,0.012139770457218566
2021-07-01,Combined Risk-Parity,EQ_D,0.03004120140677271
2021-07-01,Combined Risk-Parity,EQ_DD,0.01264632894335512
2021-07-01,Combined Risk-Parity,EQ_DIS,0.016612214879948878
2021-07-01,Combined Risk-Parity,EQ_DOW,0.011987464870956643
2021-07-01,Combined Risk-Parity,EQ_DUK,0.026198871341171045
2021-07-01,Combined Risk-Parity,EQ_EA,0.023836540670428116
2021-07-01,Combined Risk-Parity,EQ_GE,0.01444873484799538
2021-07-01,Combined Risk-Parity,EQ_GILD,0.026293325099439855
2021-07-01,Combined Risk-Parity,EQ_GS,0.01596127901369341
2021-07-01,Combined Risk-Parity,EQ_INTC,0.014515032086006149
2021-07-01,Combined Risk-Parity,EQ_KO,0.020728670088345943
2021-07-01,Combined Risk-Parity,EQ_MMM,0.02635249832165464
2021-07-01,Combined Risk-Parity,EQ_MRK,0.029459376007217857
2021-07-01,Combined Risk-Parity,EQ_MS,0.013861927943195617
2021-07-01,Combined Risk-Parity,EQ_NEE,0.018590250817485797
2021-07-01,Combined Risk-Parity,EQ_NEM,0.017354327453326893
2021-07-01,Combined Risk-Parity,EQ_NKE,0.022058192994599872
2021-07-01,Combined Risk-Parity,EQ_NUE,0.01110263376347344
2021-07-01,Combined Risk-Parity,EQ_NVDA,0.01242877780920627
2021-07-01,Combined Risk-Parity,EQ_O,0.019121059175377503
2021-07-01,Combined Risk-Parity,EQ_OXY,0.008152297530438444
2021-07-01,Combined Risk-Parity,EQ_PLD,0.019602955400470832
2021-07-01,Combined Risk-Parity,EQ_PSA,0.037064491455845915
2021-07-01,Combined Risk-Parity,EQ_QCOM,0.012560204988219205
2021-07-01,Combined Risk-Parity,EQ_SBUX,0.017135836346902144
2021-07-01,Combined Risk-Parity,EQ_SHW,0.022479671947911447
2021-07-01,Combined Risk-Parity,EQ_SLB,0.009716430712723677
2021-07-01,Combined Risk-Parity,EQ_SO,0.022520798008137787
2021-07-01,Combined Risk-Parity,EQ_T,0.0304507129933102
2021-07-01,Combined Risk-Parity,EQ_TMUS,0.017744313649524075
2021-07-01,Combined Risk-Parity,EQ_TTWO,0.024354368260296983
2021-07-01,Combined Risk-Parity,EQ_UPS,0.018648867887213295
2021-07-01,Combined Risk-Parity,EQ_USB,0.01428654429944459
2021-07-01,Combined Risk-Parity,EQ_V,0.015598505745603463
2021-07-01,Combined Risk-Parity,EQ_WFC,0.013060311026963691
2021-07-01,Combined Risk-Parity,EQ_WMT,0.027612206575849254
2021-07-01,Combined Risk-Parity,EQ_XOM,0.012403980849411519
2021-07-01,Combined Risk-Parity,CR_ADA-USD,0.0045784471917988834
2021-07-01,Combined Risk-Parity,CR_BCH-USD,0.004222373096035136
2021-07-01,Combined Risk-Parity,CR_BTC-USD,0.007007797520998892
2021-07-01,Combined Risk-Parity,CR_EOS-USD,0.0042677471638387105
2021-07-01,Combined Risk-Parity,CR_ETC-USD,0.00425776658844189
2021-07-01,Combined Risk-Parity,CR_ETH-USD,0.005459252547777682
2021-07-01,Combined Risk-Parity,CR_LTC-USD,0.004692662317480403
2021-07-01,Combined Risk-Parity,CR_TRX-USD,0.006517185004301824
2021-07-01,Combined Risk-Parity,CR_XLM-USD,0.00372786846815521
2021-07-01,Combined Risk-Parity,CR_XRP-USD,0.004347472740277869
2021-08-02,Combined Risk-Parity,EQ_ABBV,0.02214240028906767
2021-08-02,Combined Risk-Parity,EQ_ABT,0.024588083876393548
2021-08-02,Combined Risk-Parity,EQ_ADBE,0.017946108774634824
2021-08-02,Combined Risk-Parity,EQ_AEP,0.030123979538410218
2021-08-02,Combined Risk-Parity,EQ_AMD,0.014473876460074163
2021-08-02,Combined Risk-Parity,EQ_AMGN,0.02132514404821947
2021-08-02,Combined Risk-Parity,EQ_AMT,0.023631068455425626
2021-08-02,Combined Risk-Parity,EQ_BA,0.009378675086747404
2021-08-02,Combined Risk-Parity,EQ_CAT,0.016278439951456114
2021-08-02,Combined Risk-Parity,EQ_CCI,0.028116153052396255
2021-08-02,Combined Risk-Parity,EQ_CMCSA,0.01586743784606718
2021-08-02,Combined Risk-Parity,EQ_COP,0.010155237104614809
2021-08-02,Combined Risk-Parity,EQ_CVX,0.012348433143983989
2021-08-02,Combined Risk-Parity,EQ_D,0.02888420303969357
2021-08-02,Combined Risk-Parity,EQ_DD,0.012292353453120313
2021-08-02,Combined Risk-Parity,EQ_DIS,0.016194224320464683
2021-08-02,Combined Risk-Parity,EQ_DOW,0.012036997166368536
2021-08-02,Combined Risk-Parity,EQ_DUK,0.026839343932155122
2021-08-02,Combined Risk-Parity,EQ_EA,0.023661790993441827
2021-08-02,Combined Risk-Parity,EQ_GE,0.014066095617829419
2021-08-02,Combined Risk-Parity,EQ_GILD,0.02572227777857803
2021-08-02,Combined Risk-Parity,EQ_GS,0.015663383994326
2021-08-02,Combined Risk-Parity,EQ_INTC,0.014686843738405722
2021-08-02,Combined Risk-Parity,EQ_KO,0.021459591361886115
2021-08-02,Combined Risk-Parity,EQ_MMM,0.026550433259192444
2021-08-02,Combined Risk-Parity,EQ_MRK,0.030202543051808525
2021-08-02,Combined Risk-Parity,EQ_MS,0.013543072773110022
2021-08-02,Combined Risk-Parity,EQ_NEE,0.019349029104499937
2021-08-02,Combined Risk-Parity,EQ_NEM,0.017264799262299322
2021-08-02,Combined Risk-Parity,EQ_NKE,0.022620352861581868
2021-08-02,Combined Risk-Parity,EQ_NUE,0.010733318321500375
2021-08-02,Combined Risk-Parity,EQ_NVDA,0.0123223636397583
2021-08-02,Combined Risk-Parity,EQ_O,0.019896540210312855
2021-08-02,Combined Risk-Parity,EQ_OXY,0.008293524164583139
2021-08-02,Combined Risk-Parity,EQ_PLD,0.01980095421619732
2021-08-02,Combined Risk-Parity,EQ_PSA,0.036620234541396846
2021-08-02,Combined Risk-Parity,EQ_QCOM,0.011752839130539063
2021-08-02,Combined Risk-Parity,EQ_SBUX,0.017277474569565108
2021-08-02,Combined Risk-Parity,EQ_SHW,0.023812378677494327
2021-08-02,Combined Risk-Parity,EQ_SLB,0.009704070379300727
2021-08-02,Combined Risk-Parity,EQ_SO,0.02316515185390176
2021-08-02,Combined Risk-Parity,EQ_T,0.030021125542891748
2021-08-02,Combined Risk-Parity,EQ_TMUS,0.01764804330089357
2021-08-02,Combined Risk-Parity,EQ_TTWO,0.024920501447713562
2021-08-02,Combined Risk-Parity,EQ_UPS,0.018384280370833055
2021-08-02,Combined Risk-Parity,EQ_USB,0.01366892915224846
2021-08-02,Combined Risk-Parity,EQ_V,0.015644864778925027
2021-08-02,Combined Risk-Parity,EQ_WFC,0.012565350991612568
2021-08-02,Combined Risk-Parity,EQ_WMT,0.026065987312507758
2021-08-02,Combined Risk-Parity,EQ_XOM,0.01237179457260258
2021-08-02,Combined Risk-Parity,CR_ADA-USD,0.004450980101210472
2021-08-02,Combined Risk-Parity,CR_BCH-USD,0.004149336362916913
2021-08-02,Combined Risk-Parity,CR_BTC-USD,0.0068747475402000085
2021-08-02,Combined Risk-Parity,CR_EOS-USD,0.004115289482901919
2021-08-02,Combined Risk-Parity,CR_ETC-USD,0.004152667064471008
2021-08-02,Combined Risk-Parity,CR_ETH-USD,0.005235897358472383
2021-08-02,Combined Risk-Parity,CR_LTC-USD,0.004602916561695883
2021-08-02,Combined Risk-Parity,CR_TRX-USD,0.0064205234232721144
2021-08-02,Combined Risk-Parity,CR_XLM-USD,0.0036299308820435757
2021-08-02,Combined Risk-Parity,CR_XRP-USD,0.004285610711784834
2021-09-01,Combined Risk-Parity,EQ_ABBV,0.02160248011287764
2021-09-01,Combined Risk-Parity,EQ_ABT,0.02458942311173715
2021-09-01,Combined Risk-Parity,EQ_ADBE,0.01716243478067972
2021-09-01,Combined Risk-Parity,EQ_AEP,0.031139328584832048
2021-09-01,Combined Risk-Parity,EQ_AMD,0.015016475899186898
2021-09-01,Combined Risk-Parity,EQ_AMGN,0.01991937376157804
2021-09-01,Combined Risk-Parity,EQ_AMT,0.024330668330920565
2021-09-01,Combined Risk-Parity,EQ_BA,0.009192070264067747
2021-09-01,Combined Risk-Parity,EQ_CAT,0.01562850059691437
2021-09-01,Combined Risk-Parity,EQ_CCI,0.029110028836643133
2021-09-01,Combined Risk-Parity,EQ_CMCSA,0.015521102744226996
2021-09-01,Combined Risk-Parity,EQ_COP,0.0101844953369642
2021-09-01,Combined Risk-Parity,EQ_CVX,0.012358165349792324
2021-09-01,Combined Risk-Parity,EQ_D,0.029243322093694884
2021-09-01,Combined Risk-Parity,EQ_DD,0.012524456466109769
2021-09-01,Combined Risk-Parity,EQ_DIS,0.015914515507403963
2021-09-01,Combined Risk-Parity,EQ_DOW,0.01213635930437027
2021-09-01,Combined Risk-Parity,EQ_DUK,0.027168990936143514
2021-09-01,Combined Risk-Parity,EQ_EA,0.024469743746441067
2021-09-01,Combined Risk-Parity,EQ_GE,0.014298962884168603
2021-09-01,Combined Risk-Parity,EQ_GILD,0.02561394466455554
2021-09-01,Combined Risk-Parity,EQ_GS,0.015211679309261686
2021-09-01,Combined Risk-Parity,EQ_INTC,0.014676655448192308
2021-09-01,Combined Risk-Parity,EQ_KO,0.02170542914027632
2021-09-01,Combined Risk-Parity,EQ_MMM,0.02599838207427923
2021-09-01,Combined Risk-Parity,EQ_MRK,0.029168096906176836
2021-09-01,Combined Risk-Parity,EQ_MS,0.013042669505398672
2021-09-01,Combined Risk-Parity,EQ_NEE,0.019918005125594856
2021-09-01,Combined Risk-Parity,EQ_NEM,0.017522625039038297
2021-09-01,Combined Risk-Parity,EQ_NKE,0.02173297097018602
2021-09-01,Combined Risk-Parity,EQ_NUE,0.010661006286125579
2021-09-01,Combined Risk-Parity,EQ_NVDA,0.012220684179855713
2021-09-01,Combined Risk-Parity,EQ_O,0.020624998830295962
2021-09-01,Combined Risk-Parity,EQ_OXY,0.008285323865568942
2021-09-01,Combined Risk-Parity,EQ_PLD,0.020009165710485007
2021-09-01,Combined Risk-Parity,EQ_PSA,0.03829866863541161
2021-09-01,Combined Risk-Parity,EQ_QCOM,0.011526168810769871
2021-09-01,Combined Risk-Parity,EQ_SBUX,0.016779308521080977
2021-09-01,Combined Risk-Parity,EQ_SHW,0.02333118613035116
2021-09-01,Combined Risk-Parity,EQ_SLB,0.009683394179203707
2021-09-01,Combined Risk-Parity,EQ_SO,0.023512153920896194
2021-09-01,Combined Risk-Parity,EQ_T,0.029244501617334762
2021-09-01,Combined Risk-Parity,EQ_TMUS,0.017801337090146505
2021-09-01,Combined Risk-Parity,EQ_TTWO,0.026344268508535815
2021-09-01,Combined Risk-Parity,EQ_UPS,0.018875809013561107
2021-09-01,Combined Risk-Parity,EQ_USB,0.013171633727914092
2021-09-01,Combined Risk-Parity,EQ_V,0.015313042501614232
2021-09-01,Combined Risk-Parity,EQ_WFC,0.012135970046836886
2021-09-01,Combined Risk-Parity,EQ_WMT,0.026883410180160747
2021-09-01,Combined Risk-Parity,EQ_XOM,0.012279696417790233
2021-09-01,Combined Risk-Parity,CR_ADA-USD,0.004268974719432261
2021-09-01,Combined Risk-Parity,CR_BCH-USD,0.004064540444065545
2021-09-01,Combined Risk-Parity,CR_BTC-USD,0.00675306082250361
2021-09-01,Combined Risk-Parity,CR_EOS-USD,0.004027218661622597
2021-09-01,Combined Risk-Parity,CR_ETC-USD,0.004076088923806923
2021-09-01,Combined Risk-Parity,CR_ETH-USD,0.005214894308575831
2021-09-01,Combined Risk-Parity,CR_LTC-USD,0.004531791167850594
2021-09-01,Combined Risk-Parity,CR_TRX-USD,0.00638154539083502
2021-09-01,Combined Risk-Parity,CR_XLM-USD,0.0035513925668686787
2021-09-01,Combined Risk-Parity,CR_XRP-USD,0.004047407988787188
2021-10-01,Combined Risk-Parity,EQ_ABBV,0.02065224837887649
2021-10-01,Combined Risk-Parity,EQ_ABT,0.026286254146124777
2021-10-01,Combined Risk-Parity,EQ_ADBE,0.01843118566693056
2021-10-01,Combined Risk-Parity,EQ_AEP,0.02884335809966918
2021-10-01,Combined Risk-Parity,EQ_AMD,0.0155562138730225
2021-10-01,Combined Risk-Parity,EQ_AMGN,0.02104788633766537
2021-10-01,Combined Risk-Parity,EQ_AMT,0.025568041083302226
2021-10-01,Combined Risk-Parity,EQ_BA,0.009361530169685326
2021-10-01,Combined Risk-Parity,EQ_CAT,0.01467601737733139
2021-10-01,Combined Risk-Parity,EQ_CCI,0.033367607675786476
2021-10-01,Combined Risk-Parity,EQ_CMCSA,0.01433941438709147
2021-10-01,Combined Risk-Parity,EQ_COP,0.010117717756769217
2021-10-01,Combined Risk-Parity,EQ_CVX,0.012140486674529388
2021-10-01,Combined Risk-Parity,EQ_D,0.02794621160375943
2021-10-01,Combined Risk-Parity,EQ_DD,0.01314710608349682
2021-10-01,Combined Risk-Parity,EQ_DIS,0.0147006021304536
2021-10-01,Combined Risk-Parity,EQ_DOW,0.011968254169870367
2021-10-01,Combined Risk-Parity,EQ_DUK,0.02765172862200718
2021-10-01,Combined Risk-Parity,EQ_EA,0.02810287860312253
2021-10-01,Combined Risk-Parity,EQ_GE,0.015074014499334557
2021-10-01,Combined Risk-Parity,EQ_GILD,0.025305598455399366
2021-10-01,Combined Risk-Parity,EQ_GS,0.014472389553537562
2021-10-01,Combined Risk-Parity,EQ_INTC,0.014825322412230531
2021-10-01,Combined Risk-Parity,EQ_KO,0.022010368963610673
2021-10-01,Combined Risk-Parity,EQ_MMM,0.026254222762278255
2021-10-01,Combined Risk-Parity,EQ_MRK,0.030491941584108537
2021-10-01,Combined Risk-Parity,EQ_MS,0.012874106431995064
2021-10-01,Combined Risk-Parity,EQ_NEE,0.019465376528698525
2021-10-01,Combined Risk-Parity,EQ_NEM,0.018385730176978334
2021-10-01,Combined Risk-Parity,EQ_NKE,0.017502897392018255
2021-10-01,Combined Risk-Parity,EQ_NUE,0.010105189512851116
2021-10-01,Combined Risk-Parity,EQ_NVDA,0.013760654057901845
2021-10-01,Combined Risk-Parity,EQ_O,0.020139553963296128
2021-10-01,Combined Risk-Parity,EQ_OXY,0.007861774169163147
2021-10-01,Combined Risk-Parity,EQ_PLD,0.021873866356470602
2021-10-01,Combined Risk-Parity,EQ_PSA,0.03865588360095844
2021-10-01,Combined Risk-Parity,EQ_QCOM,0.011896584287433645
2021-10-01,Combined Risk-Parity,EQ_SBUX,0.01679347808112343
2021-10-01,Combined Risk-Parity,EQ_SHW,0.02429643711060253
2021-10-01,Combined Risk-Parity,EQ_SLB,0.009487494926504313
2021-10-01,Combined Risk-Parity,EQ_SO,0.022115101288949373
2021-10-01,Combined Risk-Parity,EQ_T,0.027322678159339243
2021-10-01,Combined Risk-Parity,EQ_TMUS,0.017922425777195022
2021-10-01,Combined Risk-Parity,EQ_TTWO,0.02678212615204855
2021-10-01,Combined Risk-Parity,EQ_UPS,0.01916280561279263
2021-10-01,Combined Risk-Parity,EQ_USB,0.013498793807094109
2021-10-01,Combined Risk-Parity,EQ_V,0.015923148246486215
2021-10-01,Combined Risk-Parity,EQ_WFC,0.011887639254807611
2021-10-01,Combined Risk-Parity,EQ_WMT,0.027441927162420634
2021-10-01,Combined Risk-Parity,EQ_XOM,0.011338986600812966
2021-10-01,Combined Risk-Parity,CR_ADA-USD,0.004031807159071414
2021-10-01,Combined Risk-Parity,CR_BCH-USD,0.0037371017032220054
2021-10-01,Combined Risk-Parity,CR_BTC-USD,0.006039549600124505
2021-10-01,Combined Risk-Parity,CR_EOS-USD,0.003574627183189426
2021-10-01,Combined Risk-Parity,CR_ETC-USD,0.0035301564584282186
2021-10-01,Combined Risk-Parity,CR_ETH-USD,0.004697920116977217
2021-10-01,Combined Risk-Parity,CR_LTC-USD,0.004112224574822147
2021-10-01,Combined Risk-Parity,CR_TRX-USD,0.004639089178867691
2021-10-01,Combined Risk-Parity,CR_XLM-USD,0.003223505251248986
2021-10-01,Combined Risk-Parity,CR_XRP-USD,0.0035807590461129214
2021-11-01,Combined Risk-Parity,EQ_ABBV,0.021889871006844596
2021-11-01,Combined Risk-Parity,EQ_ABT,0.028015274889292726
2021-11-01,Combined Risk-Parity,EQ_ADBE,0.019692831310138534
2021-11-01,Combined Risk-Parity,EQ_AEP,0.028350645110183707
2021-11-01,Combined Risk-Parity,EQ_AMD,0.01654077857576443
2021-11-01,Combined Risk-Parity,EQ_AMGN,0.021110339604025807
2021-11-01,Combined Risk-Parity,EQ_AMT,0.02519080376732257
2021-11-01,Combined Risk-Parity,EQ_BA,0.010035736465174007
2021-11-01,Combined Risk-Parity,EQ_CAT,0.014766287143555566
2021-11-01,Combined Risk-Parity,EQ_CCI,0.030728563551962244
2021-11-01,Combined Risk-Parity,EQ_CMCSA,0.014180324410232165
2021-11-01,Combined Risk-Parity,EQ_COP,0.010951765004645606
2021-11-01,Combined Risk-Parity,EQ_CVX,0.012298144533300165
2021-11-01,Combined Risk-Parity,EQ_D,0.02681238443652624
2021-11-01,Combined Risk-Parity,EQ_DD,0.012641584645673075
2021-11-01,Combined Risk-Parity,EQ_DIS,0.014571388658806781
2021-11-01,Combined Risk-Parity,EQ_DOW,0.01126761045518169
2021-11-01,Combined Risk-Parity,EQ_DUK,0.02799238414428655
2021-11-01,Combined Risk-Parity,EQ_EA,0.028430737485396113
2021-11-01,Combined Risk-Parity,EQ_GE,0.013683008890458185
2021-11-01,Combined Risk-Parity,EQ_GILD,0.027072387523659515
2021-11-01,Combined Risk-Parity,EQ_GS,0.014720353194615659
2021-11-01,Combined Risk-Parity,EQ_INTC,0.014881564096675749
2021-11-01,Combined Risk-Parity,EQ_KO,0.02447804777428099
2021-11-01,Combined Risk-Parity,EQ_MMM,0.02624871892921897
2021-11-01,Combined Risk-Parity,EQ_MRK,0.02688467214483646
2021-11-01,Combined Risk-Parity,EQ_MS,0.012974825402071125
2021-11-01,Combined Risk-Parity,EQ_NEE,0.01864678712385259
2021-11-01,Combined Risk-Parity,EQ_NEM,0.02015082895852636
2021-11-01,Combined Risk-Parity,EQ_NKE,0.01768932084422152
2021-11-01,Combined Risk-Parity,EQ_NUE,0.010072644280533694
2021-11-01,Combined Risk-Parity,EQ_NVDA,0.01421605532484159
2021-11-01,Combined Risk-Parity,EQ_O,0.01981630179936877
2021-11-01,Combined Risk-Parity,EQ_OXY,0.008152695589673218
2021-11-01,Combined Risk-Parity,EQ_PLD,0.02218522063034478
2021-11-01,Combined Risk-Parity,EQ_PSA,0.038793200064826415
2021-11-01,Combined Risk-Parity,EQ_QCOM,0.011818520589437881
2021-11-01,Combined Risk-Parity,EQ_SBUX,0.017172926898382374
2021-11-01,Combined Risk-Parity,EQ_SHW,0.02282094456339699
2021-11-01,Combined Risk-Parity,EQ_SLB,0.009295588219722609
2021-11-01,Combined Risk-Parity,EQ_SO,0.022131298273503172
2021-11-01,Combined Risk-Parity,EQ_T,0.0266960780882183
2021-11-01,Combined Risk-Parity,EQ_TMUS,0.01842254261806626
2021-11-01,Combined Risk-Parity,EQ_TTWO,0.025297441700832955
2021-11-01,Combined Risk-Parity,EQ_UPS,0.021308736218954974
2021-11-01,Combined Risk-Parity,EQ_USB,0.013921031510274436
2021-11-01,Combined Risk-Parity,EQ_V,0.015513363870182456
2021-11-01,Combined Risk-Parity,EQ_WFC,0.01251247913048749
2021-11-01,Combined Risk-Parity,EQ_WMT,0.02738740259654821
2021-11-01,Combined Risk-Parity,EQ_XOM,0.011567015992478478
2021-11-01,Combined Risk-Parity,CR_ADA-USD,0.003851887340122332
2021-11-01,Combined Risk-Parity,CR_BCH-USD,0.0033847008038790337
2021-11-01,Combined Risk-Parity,CR_BTC-USD,0.005587263271201108
2021-11-01,Combined Risk-Parity,CR_EOS-USD,0.0031933196981878973
2021-11-01,Combined Risk-Parity,CR_ETC-USD,0.0032607999109415227
2021-11-01,Combined Risk-Parity,CR_ETH-USD,0.004375489452230108
2021-11-01,Combined Risk-Parity,CR_LTC-USD,0.0037351476417853287
2021-11-01,Combined Risk-Parity,CR_TRX-USD,0.004284901899140092
2021-11-01,Combined Risk-Parity,CR_XLM-USD,0.002997496843014694
2021-11-01,Combined Risk-Parity,CR_XRP-USD,0.003329535098693005
2021-12-01,Combined Risk-Parity,EQ_ABBV,0.02186052185730351
2021-12-01,Combined Risk-Parity,EQ_ABT,0.028415192739631497
2021-12-01,Combined Risk-Parity,EQ_ADBE,0.018625668895792005
2021-12-01,Combined Risk-Parity,EQ_AEP,0.02864058396986252
2021-12-01,Combined Risk-Parity,EQ_AMD,0.01478551642996133
2021-12-01,Combined Risk-Parity,EQ_AMGN,0.02069826658624841
2021-12-01,Combined Risk-Parity,EQ_AMT,0.02306240468464885
2021-12-01,Combined Risk-Parity,EQ_BA,0.012269866227054668
2021-12-01,Combined Risk-Parity,EQ_CAT,0.01432388634580145
2021-12-01,Combined Risk-Parity,EQ_CCI,0.025591704340326916
2021-12-01,Combined Risk-Parity,EQ_CMCSA,0.014949174373310725
2021-12-01,Combined Risk-Parity,EQ_COP,0.012175744995425973
2021-12-01,Combined Risk-Parity,EQ_CVX,0.014781256108994334
2021-12-01,Combined Risk-Parity,EQ_D,0.027160871873702235
2021-12-01,Combined Risk-Parity,EQ_DD,0.012420502287247177
2021-12-01,Combined Risk-Parity,EQ_DIS,0.016537641490447244
2021-12-01,Combined Risk-Parity,EQ_DOW,0.011929626450772038
2021-12-01,Combined Risk-Parity,EQ_DUK,0.030384836510365696
2021-12-01,Combined Risk-Parity,EQ_EA,0.02748488112550523
2021-12-01,Combined Risk-Parity,EQ_GE,0.013886565331407282
2021-12-01,Combined Risk-Parity,EQ_GILD,0.02649082910730613
2021-12-01,Combined Risk-Parity,EQ_GS,0.015338101498305619
2021-12-01,Combined Risk-Parity,EQ_INTC,0.014690332823876183
2021-12-01,Combined Risk-Parity,EQ_KO,0.024958354841343813
2021-12-01,Combined Risk-Parity,EQ_MMM,0.026584497869707926
2021-12-01,Combined Risk-Parity,EQ_MRK,0.026180450876484056
2021-12-01,Combined Risk-Parity,EQ_MS,0.013770021823737278
2021-12-01,Combined Risk-Parity,EQ_NEE,0.01842267072902955
2021-12-01,Combined Risk-Parity,EQ_NEM,0.01925832140571391
2021-12-01,Combined Risk-Parity,EQ_NKE,0.017806117594203596
2021-12-01,Combined Risk-Parity,EQ_NUE,0.01042413519217342
2021-12-01,Combined Risk-Parity,EQ_NVDA,0.012534359492375571
2021-12-01,Combined Risk-Parity,EQ_O,0.02290767406494519
2021-12-01,Combined Risk-Parity,EQ_OXY,0.00922817626785951
2021-12-01,Combined Risk-Parity,EQ_PLD,0.01969032447485775
2021-12-01,Combined Risk-Parity,EQ_PSA,0.03539127266888284
2021-12-01,Combined Risk-Parity,EQ_QCOM,0.012612782478221573
2021-12-01,Combined Risk-Parity,EQ_SBUX,0.017715846371056054
2021-12-01,Combined Risk-Parity,EQ_SHW,0.022374708822535585
2021-12-01,Combined Risk-Parity,EQ_SLB,0.009707944760795421
2021-12-01,Combined Risk-Parity,EQ_SO,0.02372433016706767
2021-12-01,Combined Risk-Parity,EQ_T,0.026898272036082495
2021-12-01,Combined Risk-Parity,EQ_TMUS,0.0165527649915732
2021-12-01,Combined Risk-Parity,EQ_TTWO,0.023992128432053852
2021-12-01,Combined Risk-Parity,EQ_UPS,0.02175162775345651
2021-12-01,Combined Risk-Parity,EQ_USB,0.014536785121791438
2021-12-01,Combined Risk-Parity,EQ_V,0.01693531506401892
2021-12-01,Combined Risk-Parity,EQ_WFC,0.012759806835588172
2021-12-01,Combined Risk-Parity,EQ_WMT,0.027203748045828088
2021-12-01,Combined Risk-Parity,EQ_XOM,0.012922449675144066
2021-12-01,Combined Risk-Parity,CR_ADA-USD,0.003579751214754915
2021-12-01,Combined Risk-Parity,CR_BCH-USD,0.00315911564324336
2021-12-01,Combined Risk-Parity,CR_BTC-USD,0.0051627699286244146
2021-12-01,Combined Risk-Parity,CR_EOS-USD,0.003083431639660465
2021-12-01,Combined Risk-Parity,CR_ETC-USD,0.003129220720601096
2021-12-01,Combined Risk-Parity,CR_ETH-USD,0.004154342861379066
2021-12-01,Combined Risk-Parity,CR_LTC-USD,0.0035877754911469006
2021-12-01,Combined Risk-Parity,CR_TRX-USD,0.004094020846537113
2021-12-01,Combined Risk-Parity,CR_XLM-USD,0.0032719927439761043
2021-12-01,Combined Risk-Parity,CR_XRP-USD,0.0034287150002523118
2022-01-03,Combined Risk-Parity,EQ_ABBV,0.022744807088211902
2022-01-03,Combined Risk-Parity,EQ_ABT,0.02854399019501815
2022-01-03,Combined Risk-Parity,EQ_ADBE,0.016952291175021974
2022-01-03,Combined Risk-Parity,EQ_AEP,0.029565434786728
2022-01-03,Combined Risk-Parity,EQ_AMD,0.013605351530973187
2022-01-03,Combined Risk-Parity,EQ_AMGN,0.021081064255228463
2022-01-03,Combined Risk-Parity,EQ_AMT,0.022803606287390504
2022-01-03,Combined Risk-Parity,EQ_BA,0.011131897464555294
2022-01-03,Combined Risk-Parity,EQ_CAT,0.01429790976488002
2022-01-03,Combined Risk-Parity,EQ_CCI,0.025117523603354376
2022-01-03,Combined Risk-Parity,EQ_CMCSA,0.015356760478269485
2022-01-03,Combined Risk-Parity,EQ_COP,0.011910140224118345
2022-01-03,Combined Risk-Parity,EQ_CVX,0.014825231610493176
2022-01-03,Combined Risk-Parity,EQ_D,0.026989480543115545
2022-01-03,Combined Risk-Parity,EQ_DD,0.012625592137111744
2022-01-03,Combined Risk-Parity,EQ_DIS,0.016573358796064107
2022-01-03,Combined Risk-Parity,EQ_DOW,0.012018527654553553
2022-01-03,Combined Risk-Parity,EQ_DUK,0.03144511117773551
2022-01-03,Combined Risk-Parity,EQ_EA,0.02587843748130168
2022-01-03,Combined Risk-Parity,EQ_GE,0.013585864362363411
2022-01-03,Combined Risk-Parity,EQ_GILD,0.02856709612602107
2022-01-03,Combined Risk-Parity,EQ_GS,0.014572289590740386
2022-01-03,Combined Risk-Parity,EQ_INTC,0.014506298772081025
2022-01-03,Combined Risk-Parity,EQ_KO,0.025192634174264424
2022-01-03,Combined Risk-Parity,EQ_MMM,0.02676675667293753
2022-01-03,Combined Risk-Parity,EQ_MRK,0.028485470719190723
2022-01-03,Combined Risk-Parity,EQ_MS,0.013452656000019473
2022-01-03,Combined Risk-Parity,EQ_NEE,0.01907101264255811
2022-01-03,Combined Risk-Parity,EQ_NEM,0.020739639926630967
2022-01-03,Combined Risk-Parity,EQ_NKE,0.01738146387258168
2022-01-03,Combined Risk-Parity,EQ_NUE,0.011418524498521668
2022-01-03,Combined Risk-Parity,EQ_NVDA,0.011433457547857342
2022-01-03,Combined Risk-Parity,EQ_O,0.022270233545292468
2022-01-03,Combined Risk-Parity,EQ_OXY,0.00940686565270436
2022-01-03,Combined Risk-Parity,EQ_PLD,0.020496993060314307
2022-01-03,Combined Risk-Parity,EQ_PSA,0.034228674781290463
2022-01-03,Combined Risk-Parity,EQ_QCOM,0.01307756917314661
2022-01-03,Combined Risk-Parity,EQ_SBUX,0.016659104170128072
2022-01-03,Combined Risk-Parity,EQ_SHW,0.02167986973760861
2022-01-03,Combined Risk-Parity,EQ_SLB,0.009985060442414723
2022-01-03,Combined Risk-Parity,EQ_SO,0.025229314645520962
2022-01-03,Combined Risk-Parity,EQ_T,0.02590468703130394
2022-01-03,Combined Risk-Parity,EQ_TMUS,0.016116204396401553
2022-01-03,Combined Risk-Parity,EQ_TTWO,0.023546085152505877
2022-01-03,Combined Risk-Parity,EQ_UPS,0.02049746101948575
2022-01-03,Combined Risk-Parity,EQ_USB,0.01416272584163246
2022-01-03,Combined Risk-Parity,EQ_V,0.016148126273601546
2022-01-03,Combined Risk-Parity,EQ_WFC,0.012238409882900605
2022-01-03,Combined Risk-Parity,EQ_WMT,0.028191791990431782
2022-01-03,Combined Risk-Parity,EQ_XOM,0.013466763394799719
2022-01-03,Combined Risk-Parity,CR_ADA-USD,0.003531474356913549
2022-01-03,Combined Risk-Parity,CR_BCH-USD,0.003294212946175027
2022-01-03,Combined Risk-Parity,CR_BTC-USD,0.005290047991978313
2022-01-03,Combined Risk-Parity,CR_EOS-USD,0.0032285146381703734
2022-01-03,Combined Risk-Parity,CR_ETC-USD,0.0032816350492240504
2022-01-03,Combined Risk-Parity,CR_ETH-USD,0.004267738907392746
2022-01-03,Combined Risk-Parity,CR_LTC-USD,0.0036981625366279297
2022-01-03,Combined Risk-Parity,CR_TRX-USD,0.004235742385969843
2022-01-03,Combined Risk-Parity,CR_XLM-USD,0.003396891346724644
2022-01-03,Combined Risk-Parity,CR_XRP-USD,0.0038299584894469323
2022-02-01,Combined Risk-Parity,EQ_ABBV,0.02660975923319277
2022-02-01,Combined Risk-Parity,EQ_ABT,0.026169505968354382
2022-02-01,Combined Risk-Parity,EQ_ADBE,0.015862300416381214
2022-02-01,Combined Risk-Parity,EQ_AEP,0.030082139693335935
2022-02-01,Combined Risk-Parity,EQ_AMD,0.011495927950832433
2022-02-01,Combined Risk-Parity,EQ_AMGN,0.02190914395414007
2022-02-01,Combined Risk-Parity,EQ_AMT,0.020173883733413413
2022-02-01,Combined Risk-Parity,EQ_BA,0.010967397358115841
2022-02-01,Combined Risk-Parity,EQ_CAT,0.015786904780640886
2022-02-01,Combined Risk-Parity,EQ_CCI,0.021454558014662766
2022-02-01,Combined Risk-Parity,EQ_CMCSA,0.016430398949500085
2022-02-01,Combined Risk-Parity,EQ_COP,0.012878189944409363
2022-02-01,Combined Risk-Parity,EQ_CVX,0.017112917011520627
2022-02-01,Combined Risk-Parity,EQ_D,0.02636807995019506
2022-02-01,Combined Risk-Parity,EQ_DD,0.01294700911622591
2022-02-01,Combined Risk-Parity,EQ_DIS,0.016254482323701414
2022-02-01,Combined Risk-Parity,EQ_DOW,0.012924749172694927
2022-02-01,Combined Risk-Parity,EQ_DUK,0.03175051520204739
2022-02-01,Combined Risk-Parity,EQ_EA,0.025422829289825383
2022-02-01,Combined Risk-Parity,EQ_GE,0.012482477946141771
2022-02-01,Combined Risk-Parity,EQ_GILD,0.027480926974873664
2022-02-01,Combined Risk-Parity,EQ_GS,0.014003253201884839
2022-02-01,Combined Risk-Parity,EQ_INTC,0.015049043611672737
2022-02-01,Combined Risk-Parity,EQ_KO,0.02508872970727221
2022-02-01,Combined Risk-Parity,EQ_MMM,0.02230918648892931
2022-02-01,Combined Risk-Parity,EQ_MRK,0.034000011360600185
2022-02-01,Combined Risk-Parity,EQ_MS,0.014703403932834959
2022-02-01,Combined Risk-Parity,EQ_NEE,0.02206570483780184
2022-02-01,Combined Risk-Parity,EQ_NEM,0.022339870556748784
2022-02-01,Combined Risk-Parity,EQ_NKE,0.017563171244506855
2022-02-01,Combined Risk-Parity,EQ_NUE,0.010648964502770124
2022-02-01,Combined Risk-Parity,EQ_NVDA,0.009830441644338151
2022-02-01,Combined Risk-Parity,EQ_O,0.0215003769163838
2022-02-01,Combined Risk-Parity,EQ_OXY,0.00938924870612871
2022-02-01,Combined Risk-Parity,EQ_PLD,0.020568150693950307
2022-02-01,Combined Risk-Parity,EQ_PSA,0.03178563739509765
2022-02-01,Combined Risk-Parity,EQ_QCOM,0.012914425394645686
2022-02-01,Combined Risk-Parity,EQ_SBUX,0.018163346460213926
2022-02-01,Combined Risk-Parity,EQ_SHW,0.020696274511318252
2022-02-01,Combined Risk-Parity,EQ_SLB,0.010829418286078172
2022-02-01,Combined Risk-Parity,EQ_SO,0.029238901648481155
2022-02-01,Combined Risk-Parity,EQ_T,0.021933223043843694
2022-02-01,Combined Risk-Parity,EQ_TMUS,0.01714389741965197
2022-02-01,Combined Risk-Parity,EQ_TTWO,0.022791203927749762
2022-02-01,Combined Risk-Parity,EQ_UPS,0.019360784861448516
2022-02-01,Combined Risk-Parity,EQ_USB,0.01454055633233188
2022-02-01,Combined Risk-Parity,EQ_V,0.014932760064901709
2022-02-01,Combined Risk-Parity,EQ_WFC,0.013610020942881938
2022-02-01,Combined Risk-Parity,EQ_WMT,0.02737796640130156
2022-02-01,Combined Risk-Parity,EQ_XOM,0.014144579654274557
2022-02-01,Combined Risk-Parity,CR_ADA-USD,0.0037006598762205807
2022-02-01,Combined Risk-Parity,CR_BCH-USD,0.003461844986385193
2022-02-01,Combined Risk-Parity,CR_BTC-USD,0.005692725019850433
2022-02-01,Combined Risk-Parity,CR_EOS-USD,0.003206594373342667
2022-02-01,Combined Risk-Parity,CR_ETC-USD,0.003230194967220706
2022-02-01,Combined Risk-Parity,CR_ETH-USD,0.004279356000441242
2022-02-01,Combined Risk-Parity,CR_LTC-USD,0.0037274170854570453
2022-02-01,Combined Risk-Parity,CR_TRX-USD,0.00398767556336726
2022-02-01,Combined Risk-Parity,CR_XLM-USD,0.003900863483130391
2022-02-01,Combined Risk-Parity,CR_XRP-USD,0.0037260179103358296
2022-03-01,Combined Risk-Parity,EQ_ABBV,0.027047426113920546
2022-03-01,Combined Risk-Parity,EQ_ABT,0.024283497178160716
2022-03-01,Combined Risk-Parity,EQ_ADBE,0.01513974655899066
2022-03-01,Combined Risk-Parity,EQ_AEP,0.02894265548468101
2022-03-01,Combined Risk-Parity,EQ_AMD,0.010180073515126049
2022-03-01,Combined Risk-Parity,EQ_AMGN,0.020397782939801972
2022-03-01,Combined Risk-Parity,EQ_AMT,0.019567438652066164
2022-03-01,Combined Risk-Parity,EQ_BA,0.011963118748177242
2022-03-01,Combined Risk-Parity,EQ_CAT,0.015550929515443042
2022-03-01,Combined Risk-Parity,EQ_CCI,0.019991947243883604
2022-03-01,Combined Risk-Parity,EQ_CMCSA,0.015942695017814836
2022-03-01,Combined Risk-Parity,EQ_COP,0.013256564563950511
2022-03-01,Combined Risk-Parity,EQ_CVX,0.01746010297435958
2022-03-01,Combined Risk-Parity,EQ_D,0.027043360688680615
2022-03-01,Combined Risk-Parity,EQ_DD,0.012671818560082258
2022-03-01,Combined Risk-Parity,EQ_DIS,0.018442149559074236
2022-03-01,Combined Risk-Parity,EQ_DOW,0.013649503808508918
2022-03-01,Combined Risk-Parity,EQ_DUK,0.02844429548350449
2022-03-01,Combined Risk-Parity,EQ_EA,0.02612855380156158
2022-03-01,Combined Risk-Parity,EQ_GE,0.012616968238216465
2022-03-01,Combined Risk-Parity,EQ_GILD,0.03221767130339778
2022-03-01,Combined Risk-Parity,EQ_GS,0.014417770640207358
2022-03-01,Combined Risk-Parity,EQ_INTC,0.015182039939616475
2022-03-01,Combined Risk-Parity,EQ_KO,0.027832064942310875
2022-03-01,Combined Risk-Parity,EQ_MMM,0.019504916744511696
2022-03-01,Combined Risk-Parity,EQ_MRK,0.030686751714270193
2022-03-01,Combined Risk-Parity,EQ_MS,0.014577298456693004
2022-03-01,Combined Risk-Parity,EQ_NEE,0.021834288649139975
2022-03-01,Combined Risk-Parity,EQ_NEM,0.026272848415350474
2022-03-01,Combined Risk-Parity,EQ_NKE,0.017456069351319402
2022-03-01,Combined Risk-Parity,EQ_NUE,0.010132139833252656
2022-03-01,Combined Risk-Parity,EQ_NVDA,0.008990832563150725
2022-03-01,Combined Risk-Parity,EQ_O,0.020641640467925475
2022-03-01,Combined Risk-Parity,EQ_OXY,0.011399799175893914
2022-03-01,Combined Risk-Parity,EQ_PLD,0.018876988881926432
2022-03-01,Combined Risk-Parity,EQ_PSA,0.028133101755500937
2022-03-01,Combined Risk-Parity,EQ_QCOM,0.01159073049011821
2022-03-01,Combined Risk-Parity,EQ_SBUX,0.016848618357040414
2022-03-01,Combined Risk-Parity,EQ_SHW,0.01915404963045894
2022-03-01,Combined Risk-Parity,EQ_SLB,0.011571651376450165
2022-03-01,Combined Risk-Parity,EQ_SO,0.02911358333876185
2022-03-01,Combined Risk-Parity,EQ_T,0.02225352511840064
2022-03-01,Combined Risk-Parity,EQ_TMUS,0.017079039719428826
2022-03-01,Combined Risk-Parity,EQ_TTWO,0.02481346523749817
2022-03-01,Combined Risk-Parity,EQ_UPS,0.017850859292296822
2022-03-01,Combined Risk-Parity,EQ_USB,0.014996093411229889
2022-03-01,Combined Risk-Parity,EQ_V,0.015121670105136119
2022-03-01,Combined Risk-Parity,EQ_WFC,0.014094743667248175
2022-03-01,Combined Risk-Parity,EQ_WMT,0.03182483031135252
2022-03-01,Combined Risk-Parity,EQ_XOM,0.015519980170323779
2022-03-01,Combined Risk-Parity,CR_ADA-USD,0.003687976697609672
2022-03-01,Combined Risk-Parity,CR_BCH-USD,0.0037093323206028963
2022-03-01,Combined Risk-Parity,CR_BTC-USD,0.006463362429975785
2022-03-01,Combined Risk-Parity,CR_EOS-USD,0.0033042265317788705
2022-03-01,Combined Risk-Parity,CR_ETC-USD,0.003430728954176423
2022-03-01,Combined Risk-Parity,CR_ETH-USD,0.00456617596194601
2022-03-01,Combined Risk-Parity,CR_LTC-USD,0.003916210857920229
2022-03-01,Combined Risk-Parity,CR_TRX-USD,0.0043365798972151435
2022-03-01,Combined Risk-Parity,CR_XLM-USD,0.004100337251712808
2022-03-01,Combined Risk-Parity,CR_XRP-USD,0.003775377390845781
2022-04-01,Combined Risk-Parity,EQ_ABBV,0.028050062768252164
2022-04-01,Combined Risk-Parity,EQ_ABT,0.022374370245252184
2022-04-01,Combined Risk-Parity,EQ_ADBE,0.014040599787426581
2022-04-01,Combined Risk-Parity,EQ_AEP,0.029268257764341322
2022-04-01,Combined Risk-Parity,EQ_AMD,0.009624662852095397
2022-04-01,Combined Risk-Parity,EQ_AMGN,0.0216436029245825
2022-04-01,Combined Risk-Parity,EQ_AMT,0.020323346319027023
2022-04-01,Combined Risk-Parity,EQ_BA,0.011126482952294481
2022-04-01,Combined Risk-Parity,EQ_CAT,0.01692717087960312
2022-04-01,Combined Risk-Parity,EQ_CCI,0.021138991919435586
2022-04-01,Combined Risk-Parity,EQ_CMCSA,0.01577098634111123
2022-04-01,Combined Risk-Parity,EQ_COP,0.014299309928146518
2022-04-01,Combined Risk-Parity,EQ_CVX,0.02042409426040783
2022-04-01,Combined Risk-Parity,EQ_D,0.027800736300204416
2022-04-01,Combined Risk-Parity,EQ_DD,0.011385280438881465
2022-04-01,Combined Risk-Parity,EQ_DIS,0.016444934518598235
2022-04-01,Combined Risk-Parity,EQ_DOW,0.01300864704798555
2022-04-01,Combined Risk-Parity,EQ_DUK,0.02971987054954215
2022-04-01,Combined Risk-Parity,EQ_EA,0.025373257832541473
2022-04-01,Combined Risk-Parity,EQ_GE,0.01181714878337851
2022-04-01,Combined Risk-Parity,EQ_GILD,0.03201752330274579
2022-04-01,Combined Risk-Parity,EQ_GS,0.012763177929426479
2022-04-01,Combined Risk-Parity,EQ_INTC,0.015412745754103735
2022-04-01,Combined Risk-Parity,EQ_KO,0.027029004645428626
2022-04-01,Combined Risk-Parity,EQ_MMM,0.017818656005153612
2022-04-01,Combined Risk-Parity,EQ_MRK,0.03220075345444261
2022-04-01,Combined Risk-Parity,EQ_MS,0.01251001867618603
2022-04-01,Combined Risk-Parity,EQ_NEE,0.024580580019892634
2022-04-01,Combined Risk-Parity,EQ_NEM,0.03368621999926602
2022-04-01,Combined Risk-Parity,EQ_NKE,0.015390235653572924
2022-04-01,Combined Risk-Parity,EQ_NUE,0.010296310505517166
2022-04-01,Combined Risk-Parity,EQ_NVDA,0.008500403900232096
2022-04-01,Combined Risk-Parity,EQ_O,0.020367732606571393
2022-04-01,Combined Risk-Parity,EQ_OXY,0.011069769353536483
2022-04-01,Combined Risk-Parity,EQ_PLD,0.01872212395717484
2022-04-01,Combined Risk-Parity,EQ_PSA,0.02643651682300417
2022-04-01,Combined Risk-Parity,EQ_QCOM,0.011175868596005147
2022-04-01,Combined Risk-Parity,EQ_SBUX,0.01465158594945001
2022-04-01,Combined Risk-Parity,EQ_SHW,0.018770746634252385
2022-04-01,Combined Risk-Parity,EQ_SLB,0.01301650290510446
2022-04-01,Combined Risk-Parity,EQ_SO,0.030913504885181884
2022-04-01,Combined Risk-Parity,EQ_T,0.02084046704352132
2022-04-01,Combined Risk-Parity,EQ_TMUS,0.017965210644147904
2022-04-01,Combined Risk-Parity,EQ_TTWO,0.022932323816481165
2022-04-01,Combined Risk-Parity,EQ_UPS,0.016661892506809124
2022-04-01,Combined Risk-Parity,EQ_USB,0.013365300832883698
2022-04-01,Combined Risk-Parity,EQ_V,0.014756405436663199
2022-04-01,Combined Risk-Parity,EQ_WFC,0.012204943911737109
2022-04-01,Combined Risk-Parity,EQ_WMT,0.0335050497094575
2022-04-01,Combined Risk-Parity,EQ_XOM,0.01779813400756831
2022-04-01,Combined Risk-Parity,CR_ADA-USD,0.003927961295952051
2022-04-01,Combined Risk-Parity,CR_BCH-USD,0.0037187253885106364
2022-04-01,Combined Risk-Parity,CR_BTC-USD,0.006581856673896124
2022-04-01,Combined Risk-Parity,CR_EOS-USD,0.0034163368465241137
2022-04-01,Combined Risk-Parity,CR_ETC-USD,0.003355137710416222
2022-04-01,Combined Risk-Parity,CR_ETH-USD,0.004569070383969836
2022-04-01,Combined Risk-Parity,CR_LTC-USD,0.0039614493967128055
2022-04-01,Combined Risk-Parity,CR_TRX-USD,0.0045455900352048655
2022-04-01,Combined Risk-Parity,CR_XLM-USD,0.004149715606065388
2022-04-01,Combined Risk-Parity,CR_XRP-USD,0.0038526327841222896
2022-05-02,Combined Risk-Parity,EQ_ABBV,0.02649826000774368
2022-05-02,Combined Risk-Parity,EQ_ABT,0.021012078716022505
2022-05-02,Combined Risk-Parity,EQ_ADBE,0.014046072441299759
2022-05-02,Combined Risk-Parity,EQ_AEP,0.027784479489741512
2022-05-02,Combined Risk-Parity,EQ_AMD,0.009701301554709716
2022-05-02,Combined Risk-Parity,EQ_AMGN,0.024514953506851726
2022-05-02,Combined Risk-Parity,EQ_AMT,0.020401206501875713
2022-05-02,Combined Risk-Parity,EQ_BA,0.011518732869881561
2022-05-02,Combined Risk-Parity,EQ_CAT,0.01716969134877408
2022-05-02,Combined Risk-Parity,EQ_CCI,0.021233869540398558
2022-05-02,Combined Risk-Parity,EQ_CMCSA,0.016858877291016944
2022-05-02,Combined Risk-Parity,EQ_COP,0.013837827520879432
2022-05-02,Combined Risk-Parity,EQ_CVX,0.018925726158725554
2022-05-02,Combined Risk-Parity,EQ_D,0.02893358762427513
2022-05-02,Combined Risk-Parity,EQ_DD,0.012022961417034558
2022-05-02,Combined Risk-Parity,EQ_DIS,0.01611336970985484
2022-05-02,Combined Risk-Parity,EQ_DOW,0.01505113600232932
2022-05-02,Combined Risk-Parity,EQ_DUK,0.030747563428126953
2022-05-02,Combined Risk-Parity,EQ_EA,0.026450435653116097
2022-05-02,Combined Risk-Parity,EQ_GE,0.011561082535375689
2022-05-02,Combined Risk-Parity,EQ_GILD,0.03008686816947289
2022-05-02,Combined Risk-Parity,EQ_GS,0.012873677220547242
2022-05-02,Combined Risk-Parity,EQ_INTC,0.014581286113675334
2022-05-02,Combined Risk-Parity,EQ_KO,0.027055990186204033
2022-05-02,Combined Risk-Parity,EQ_MMM,0.018521814820636175
2022-05-02,Combined Risk-Parity,EQ_MRK,0.03080814845570132
2022-05-02,Combined Risk-Parity,EQ_MS,0.012475190056162636
2022-05-02,Combined Risk-Parity,EQ_NEE,0.02329530711701932
2022-05-02,Combined Risk-Parity,EQ_NEM,0.03274105234946088
2022-05-02,Combined Risk-Parity,EQ_NKE,0.014735762530596786
2022-05-02,Combined Risk-Parity,EQ_NUE,0.010851293713032733
2022-05-02,Combined Risk-Parity,EQ_NVDA,0.008332817309041703
2022-05-02,Combined Risk-Parity,EQ_O,0.0201519926189028
2022-05-02,Combined Risk-Parity,EQ_OXY,0.010595598398605995
2022-05-02,Combined Risk-Parity,EQ_PLD,0.01698114407365581
2022-05-02,Combined Risk-Parity,EQ_PSA,0.022576690661126428
2022-05-02,Combined Risk-Parity,EQ_QCOM,0.011147423482185916
2022-05-02,Combined Risk-Parity,EQ_SBUX,0.01524290987625054
2022-05-02,Combined Risk-Parity,EQ_SHW,0.02292716475149084
2022-05-02,Combined Risk-Parity,EQ_SLB,0.013974051056850475
2022-05-02,Combined Risk-Parity,EQ_SO,0.029633964154152023
2022-05-02,Combined Risk-Parity,EQ_T,0.02247005419483885
2022-05-02,Combined Risk-Parity,EQ_TMUS,0.01647258351827698
2022-05-02,Combined Risk-Parity,EQ_TTWO,0.02228865626942782
2022-05-02,Combined Risk-Parity,EQ_UPS,0.01655930668794518
2022-05-02,Combined Risk-Parity,EQ_USB,0.01429510231483276
2022-05-02,Combined Risk-Parity,EQ_V,0.014496767314250553
2022-05-02,Combined Risk-Parity,EQ_WFC,0.012840674940207708
2022-05-02,Combined Risk-Parity,EQ_WMT,0.0323740119586136
2022-05-02,Combined Risk-Parity,EQ_XOM,0.017783556681944
2022-05-02,Combined Risk-Parity,CR_ADA-USD,0.004191373032846774
2022-05-02,Combined Risk-Parity,CR_BCH-USD,0.004240455289249386
2022-05-02,Combined Risk-Parity,CR_BTC-USD,0.0067919503615586066
2022-05-02,Combined Risk-Parity,CR_EOS-USD,0.0036788843622151167
2022-05-02,Combined Risk-Parity,CR_ETC-USD,0.003772289378816806
2022-05-02,Combined Risk-Parity,CR_ETH-USD,0.0048129790998817385
2022-05-02,Combined Risk-Parity,CR_LTC-USD,0.004334961446280517
2022-05-02,Combined Risk-Parity,CR_TRX-USD,0.005356919812842608
2022-05-02,Combined Risk-Parity,CR_XLM-USD,0.004711779985679711
2022-05-02,Combined Risk-Parity,CR_XRP-USD,0.004554332917486185
2022-06-01,Combined Risk-Parity,EQ_ABBV,0.030584152797189696
2022-06-01,Combined Risk-Parity,EQ_ABT,0.019034887725664383
2022-06-01,Combined Risk-Parity,EQ_ADBE,0.013064832097379724
2022-06-01,Combined Risk-Parity,EQ_AEP,0.028963116831757653
2022-06-01,Combined Risk-Parity,EQ_AMD,0.007959218723275568
2022-06-01,Combined Risk-Parity,EQ_AMGN,0.028329646110493354
2022-06-01,Combined Risk-Parity,EQ_AMT,0.01869645820924052
2022-06-01,Combined Risk-Parity,EQ_BA,0.01027992679141126
2022-06-01,Combined Risk-Parity,EQ_CAT,0.015659665496963647
2022-06-01,Combined Risk-Parity,EQ_CCI,0.020546613431005906
2022-06-01,Combined Risk-Parity,EQ_CMCSA,0.01799832461505776
2022-06-01,Combined Risk-Parity,EQ_COP,0.013090625822130766
2022-06-01,Combined Risk-Parity,EQ_CVX,0.01812190279774906
2022-06-01,Combined Risk-Parity,EQ_D,0.029905369921190604
2022-06-01,Combined Risk-Parity,EQ_DD,0.012264878043114366
2022-06-01,Combined Risk-Parity,EQ_DIS,0.014622037688535592
2022-06-01,Combined Risk-Parity,EQ_DOW,0.015767964961867376
2022-06-01,Combined Risk-Parity,EQ_DUK,0.0336913509487528
2022-06-01,Combined Risk-Parity,EQ_EA,0.027054249969120408
2022-06-01,Combined Risk-Parity,EQ_GE,0.011286695313266952
2022-06-01,Combined Risk-Parity,EQ_GILD,0.03252252522853362
2022-06-01,Combined Risk-Parity,EQ_GS,0.01344054102697046
2022-06-01,Combined Risk-Parity,EQ_INTC,0.014146339965247102
2022-06-01,Combined Risk-Parity,EQ_KO,0.023544767544010827
2022-06-01,Combined Risk-Parity,EQ_MMM,0.019418998758552856
2022-06-01,Combined Risk-Parity,EQ_MRK,0.03270718695129278
2022-06-01,Combined Risk-Parity,EQ_MS,0.012354829798616055
2022-06-01,Combined Risk-Parity,EQ_NEE,0.021099446591236883
2022-06-01,Combined Risk-Parity,EQ_NEM,0.03243952530095981
2022-06-01,Combined Risk-Parity,EQ_NKE,0.01395997178873117
2022-06-01,Combined Risk-Parity,EQ_NUE,0.010873548594345105
2022-06-01,Combined Risk-Parity,EQ_NVDA,0.007648994141925601
2022-06-01,Combined Risk-Parity,EQ_O,0.02020399004589959
2022-06-01,Combined Risk-Parity,EQ_OXY,0.009957442686717782
2022-06-01,Combined Risk-Parity,EQ_PLD,0.014950343407124322
2022-06-01,Combined Risk-Parity,EQ_PSA,0.02005029816599555
2022-06-01,Combined Risk-Parity,EQ_QCOM,0.010901561911451484
2022-06-01,Combined Risk-Parity,EQ_SBUX,0.012957370056439953
2022-06-01,Combined Risk-Parity,EQ_SHW,0.022858675898560554
2022-06-01,Combined Risk-Parity,EQ_SLB,0.011780899445743473
2022-06-01,Combined Risk-Parity,EQ_SO,0.03159460572187536
2022-06-01,Combined Risk-Parity,EQ_T,0.022991353910523246
2022-06-01,Combined Risk-Parity,EQ_TMUS,0.016374951911367702
2022-06-01,Combined Risk-Parity,EQ_TTWO,0.016874068984021173
2022-06-01,Combined Risk-Parity,EQ_UPS,0.016871092136090105
2022-06-01,Combined Risk-Parity,EQ_USB,0.015237603171890771
2022-06-01,Combined Risk-Parity,EQ_V,0.01376045550717764
2022-06-01,Combined Risk-Parity,EQ_WFC,0.012549424776976572
2022-06-01,Combined Risk-Parity,EQ_WMT,0.03500262759795392
2022-06-01,Combined Risk-Parity,EQ_XOM,0.016653177545526237
2022-06-01,Combined Risk-Parity,CR_ADA-USD,0.004843114830220715
2022-06-01,Combined Risk-Parity,CR_BCH-USD,0.0059429704226511984
2022-06-01,Combined Risk-Parity,CR_BTC-USD,0.007740508991236969
2022-06-01,Combined Risk-Parity,CR_EOS-USD,0.005041530297449332
2022-06-01,Combined Risk-Parity,CR_ETC-USD,0.005172472483777686
2022-06-01,Combined Risk-Parity,CR_ETH-USD,0.005971041799686693
2022-06-01,Combined Risk-Parity,CR_LTC-USD,0.005244316320508023
2022-06-01,Combined Risk-Parity,CR_TRX-USD,0.006081432523911397
2022-06-01,Combined Risk-Parity,CR_XLM-USD,0.005834435607233137
2022-06-01,Combined Risk-Parity,CR_XRP-USD,0.005479639856399797
2022-07-01,Combined Risk-Parity,EQ_ABBV,0.0296232868477207
2022-07-01,Combined Risk-Parity,EQ_ABT,0.018447343375585276
2022-07-01,Combined Risk-Parity,EQ_ADBE,0.01239165390111338
2022-07-01,Combined Risk-Parity,EQ_AEP,0.027582090403113428
2022-07-01,Combined Risk-Parity,EQ_AMD,0.007746032345966504
2022-07-01,Combined Risk-Parity,EQ_AMGN,0.03020746238207818
2022-07-01,Combined Risk-Parity,EQ_AMT,0.01769906506587722
2022-07-01,Combined Risk-Parity,EQ_BA,0.010170397456719752
2022-07-01,Combined Risk-Parity,EQ_CAT,0.015698686306965807
2022-07-01,Combined Risk-Parity,EQ_CCI,0.018909511657961602
2022-07-01,Combined Risk-Parity,EQ_CMCSA,0.01861397489438771
2022-07-01,Combined Risk-Parity,EQ_COP,0.013480172701149299
2022-07-01,Combined Risk-Parity,EQ_CVX,0.018426288412218477
2022-07-01,Combined Risk-Parity,EQ_D,0.029802119806183004
2022-07-01,Combined Risk-Parity,EQ_DD,0.012304065472946126
2022-07-01,Combined Risk-Parity,EQ_DIS,0.014973093799531193
2022-07-01,Combined Risk-Parity,EQ_DOW,0.015838587415107287
2022-07-01,Combined Risk-Parity,EQ_DUK,0.032734084837211054
2022-07-01,Combined Risk-Parity,EQ_EA,0.025846295278927647
2022-07-01,Combined Risk-Parity,EQ_GE,0.01154226735868331
2022-07-01,Combined Risk-Parity,EQ_GILD,0.03259822928425382
2022-07-01,Combined Risk-Parity,EQ_GS,0.01396954541928127
2022-07-01,Combined Risk-Parity,EQ_INTC,0.014151915145691432
2022-07-01,Combined Risk-Parity,EQ_KO,0.025664538881543034
2022-07-01,Combined Risk-Parity,EQ_MMM,0.02057342558245473
2022-07-01,Combined Risk-Parity,EQ_MRK,0.03167048603756625
2022-07-01,Combined Risk-Parity,EQ_MS,0.013006966485705476
2022-07-01,Combined Risk-Parity,EQ_NEE,0.01938945698212075
2022-07-01,Combined Risk-Parity,EQ_NEM,0.03421609860078439
2022-07-01,Combined Risk-Parity,EQ_NKE,0.013289500867765324
2022-07-01,Combined Risk-Parity,EQ_NUE,0.011018040819704275
2022-07-01,Combined Risk-Parity,EQ_NVDA,0.007458304368870352
2022-07-01,Combined Risk-Parity,EQ_O,0.02078405895094483
2022-07-01,Combined Risk-Parity,EQ_OXY,0.01032726907698465
2022-07-01,Combined Risk-Parity,EQ_PLD,0.013902952536313132
2022-07-01,Combined Risk-Parity,EQ_PSA,0.019855607067709037
2022-07-01,Combined Risk-Parity,EQ_QCOM,0.011215272276410043
2022-07-01,Combined Risk-Parity,EQ_SBUX,0.012955892750137834
2022-07-01,Combined Risk-Parity,EQ_SHW,0.020313099462236698
2022-07-01,Combined Risk-Parity,EQ_SLB,0.012659035060325475
2022-07-01,Combined Risk-Parity,EQ_SO,0.029927781865466827
2022-07-01,Combined Risk-Parity,EQ_T,0.022251399563484958
2022-07-01,Combined Risk-Parity,EQ_TMUS,0.016638294610951978
2022-07-01,Combined Risk-Parity,EQ_TTWO,0.016839308509894364
2022-07-01,Combined Risk-Parity,EQ_UPS,0.018083105407155745
2022-07-01,Combined Risk-Parity,EQ_USB,0.015403428256065183
2022-07-01,Combined Risk-Parity,EQ_V,0.013553464922188188
2022-07-01,Combined Risk-Parity,EQ_WFC,0.012662664425810523
2022-07-01,Combined Risk-Parity,EQ_WMT,0.03755863552818657
2022-07-01,Combined Risk-Parity,EQ_XOM,0.016758765480993067
2022-07-01,Combined Risk-Parity,CR_ADA-USD,0.005218675897798599
2022-07-01,Combined Risk-Parity,CR_BCH-USD,0.006157879223170809
2022-07-01,Combined Risk-Parity,CR_BTC-USD,0.007620788792356262
2022-07-01,Combined Risk-Parity,CR_EOS-USD,0.005406369509903636
2022-07-01,Combined Risk-Parity,CR_ETC-USD,0.0054458425016767845
2022-07-01,Combined Risk-Parity,CR_ETH-USD,0.005885054458233079
2022-07-01,Combined Risk-Parity,CR_LTC-USD,0.005561048722819975
2022-07-01,Combined Risk-Parity,CR_TRX-USD,0.006162802456290873
2022-07-01,Combined Risk-Parity,CR_XLM-USD,0.006093115431395474
2022-07-01,Combined Risk-Parity,CR_XRP-USD,0.005715399059907282
2022-08-01,Combined Risk-Parity,EQ_ABBV,0.031754945298047954
2022-08-01,Combined Risk-Parity,EQ_ABT,0.01772172679805524
2022-08-01,Combined Risk-Parity,EQ_ADBE,0.011972928753617034
2022-08-01,Combined Risk-Parity,EQ_AEP,0.027720135168245102
2022-08-01,Combined Risk-Parity,EQ_AMD,0.007673762470698386
2022-08-01,Combined Risk-Parity,EQ_AMGN,0.030143309520963404
2022-08-01,Combined Risk-Parity,EQ_AMT,0.017195658604132552
2022-08-01,Combined Risk-Parity,EQ_BA,0.010380763406557393
2022-08-01,Combined Risk-Parity,EQ_CAT,0.015167088826151287
2022-08-01,Combined Risk-Parity,EQ_CCI,0.018300756685294392
2022-08-01,Combined Risk-Parity,EQ_CMCSA,0.01968321083635348
2022-08-01,Combined Risk-Parity,EQ_COP,0.013413795948716051
2022-08-01,Combined Risk-Parity,EQ_CVX,0.018262518364935594
2022-08-01,Combined Risk-Parity,EQ_D,0.029215610507446692
2022-08-01,Combined Risk-Parity,EQ_DD,0.012495076854230614
2022-08-01,Combined Risk-Parity,EQ_DIS,0.014716064931965433
2022-08-01,Combined Risk-Parity,EQ_DOW,0.016216752749123264
2022-08-01,Combined Risk-Parity,EQ_DUK,0.032324698070314635
2022-08-01,Combined Risk-Parity,EQ_EA,0.02557603631198517
2022-08-01,Combined Risk-Parity,EQ_GE,0.011826113908496567
2022-08-01,Combined Risk-Parity,EQ_GILD,0.032551833482874576
2022-08-01,Combined Risk-Parity,EQ_GS,0.013823741647117171
2022-08-01,Combined Risk-Parity,EQ_INTC,0.014244495427299305
2022-08-01,Combined Risk-Parity,EQ_KO,0.02591547182075462
2022-08-01,Combined Risk-Parity,EQ_MMM,0.02119826826159768
2022-08-01,Combined Risk-Parity,EQ_MRK,0.03295890719314589
2022-08-01,Combined Risk-Parity,EQ_MS,0.013006817393079127
2022-08-01,Combined Risk-Parity,EQ_NEE,0.018714446223144398
2022-08-01,Combined Risk-Parity,EQ_NEM,0.03466713337541948
2022-08-01,Combined Risk-Parity,EQ_NKE,0.012830248323555787
2022-08-01,Combined Risk-Parity,EQ_NUE,0.011094958988236857
2022-08-01,Combined Risk-Parity,EQ_NVDA,0.007352549636895143
2022-08-01,Combined Risk-Parity,EQ_O,0.020937022737194985
2022-08-01,Combined Risk-Parity,EQ_OXY,0.010481579531641735
2022-08-01,Combined Risk-Parity,EQ_PLD,0.013478807799844098
2022-08-01,Combined Risk-Parity,EQ_PSA,0.019484186832165535
2022-08-01,Combined Risk-Parity,EQ_QCOM,0.01165272908158703
2022-08-01,Combined Risk-Parity,EQ_SBUX,0.0129166723133612
2022-08-01,Combined Risk-Parity,EQ_SHW,0.021222575968302734
2022-08-01,Combined Risk-Parity,EQ_SLB,0.012944848797338992
2022-08-01,Combined Risk-Parity,EQ_SO,0.029358131562905513
2022-08-01,Combined Risk-Parity,EQ_T,0.022646168951909344
2022-08-01,Combined Risk-Parity,EQ_TMUS,0.016484903105418863
2022-08-01,Combined Risk-Parity,EQ_TTWO,0.016852175343666235
2022-08-01,Combined Risk-Parity,EQ_UPS,0.017046865906420832
2022-08-01,Combined Risk-Parity,EQ_USB,0.016222839562212595
2022-08-01,Combined Risk-Parity,EQ_V,0.013871071682358552
2022-08-01,Combined Risk-Parity,EQ_WFC,0.01278106570454489
2022-08-01,Combined Risk-Parity,EQ_WMT,0.034998677466008946
2022-08-01,Combined Risk-Parity,EQ_XOM,0.016840904261938162
2022-08-01,Combined Risk-Parity,CR_ADA-USD,0.005283057363684088
2022-08-01,Combined Risk-Parity,CR_BCH-USD,0.005937935174840653
2022-08-01,Combined Risk-Parity,CR_BTC-USD,0.007647047167474829
2022-08-01,Combined Risk-Parity,CR_EOS-USD,0.00558453572212772
2022-08-01,Combined Risk-Parity,CR_ETC-USD,0.005070051465227191
2022-08-01,Combined Risk-Parity,CR_ETH-USD,0.00595509849658123
2022-08-01,Combined Risk-Parity,CR_LTC-USD,0.005671791566901063
2022-08-01,Combined Risk-Parity,CR_TRX-USD,0.0064111184245405715
2022-08-01,Combined Risk-Parity,CR_XLM-USD,0.0061976965981765985
2022-08-01,Combined Risk-Parity,CR_XRP-USD,0.005900615623175484
2022-09-01,Combined Risk-Parity,EQ_ABBV,0.031392825808870053
2022-09-01,Combined Risk-Parity,EQ_ABT,0.017377640649501196
2022-09-01,Combined Risk-Parity,EQ_ADBE,0.011764654592338183
2022-09-01,Combined Risk-Parity,EQ_AEP,0.02731267073282594
2022-09-01,Combined Risk-Parity,EQ_AMD,0.00768432482350831
2022-09-01,Combined Risk-Parity,EQ_AMGN,0.03136737967001081
2022-09-01,Combined Risk-Parity,EQ_AMT,0.017090016411934646
2022-09-01,Combined Risk-Parity,EQ_BA,0.010496149503626317
2022-09-01,Combined Risk-Parity,EQ_CAT,0.014971346400123313
2022-09-01,Combined Risk-Parity,EQ_CCI,0.018196938187256703
2022-09-01,Combined Risk-Parity,EQ_CMCSA,0.01958292842743513
2022-09-01,Combined Risk-Parity,EQ_COP,0.014167659268422155
2022-09-01,Combined Risk-Parity,EQ_CVX,0.019029728974025325
2022-09-01,Combined Risk-Parity,EQ_D,0.029321222251647645
2022-09-01,Combined Risk-Parity,EQ_DD,0.012174137659672322
2022-09-01,Combined Risk-Parity,EQ_DIS,0.014268634064272418
2022-09-01,Combined Risk-Parity,EQ_DOW,0.01610445923016143
2022-09-01,Combined Risk-Parity,EQ_DUK,0.031863993323472804
2022-09-01,Combined Risk-Parity,EQ_EA,0.02606085731998176
2022-09-01,Combined Risk-Parity,EQ_GE,0.011679164153598248
2022-09-01,Combined Risk-Parity,EQ_GILD,0.032304572893772664
2022-09-01,Combined Risk-Parity,EQ_GS,0.014013920068652638
2022-09-01,Combined Risk-Parity,EQ_INTC,0.013699693100499514
2022-09-01,Combined Risk-Parity,EQ_KO,0.025744243379015933
2022-09-01,Combined Risk-Parity,EQ_MMM,0.019371150628776233
2022-09-01,Combined Risk-Parity,EQ_MRK,0.03290669328361838
2022-09-01,Combined Risk-Parity,EQ_MS,0.013082280611243714
2022-09-01,Combined Risk-Parity,EQ_NEE,0.01899849137892027
2022-09-01,Combined Risk-Parity,EQ_NEM,0.03370715235169303
2022-09-01,Combined Risk-Parity,EQ_NKE,0.012568024065103128
2022-09-01,Combined Risk-Parity,EQ_NUE,0.011280230657702122
2022-09-01,Combined Risk-Parity,EQ_NVDA,0.007176681972782304
2022-09-01,Combined Risk-Parity,EQ_O,0.021371623745721383
2022-09-01,Combined Risk-Parity,EQ_OXY,0.011421639247469816
2022-09-01,Combined Risk-Parity,EQ_PLD,0.013406561948789667
2022-09-01,Combined Risk-Parity,EQ_PSA,0.01914463745868233
2022-09-01,Combined Risk-Parity,EQ_QCOM,0.011367155042191332
2022-09-01,Combined Risk-Parity,EQ_SBUX,0.012789276746076265
2022-09-01,Combined Risk-Parity,EQ_SHW,0.020387952624396622
2022-09-01,Combined Risk-Parity,EQ_SLB,0.013596956264316293
2022-09-01,Combined Risk-Parity,EQ_SO,0.02968027179671488
2022-09-01,Combined Risk-Parity,EQ_T,0.023374258689638786
2022-09-01,Combined Risk-Parity,EQ_TMUS,0.016820253043317863
2022-09-01,Combined Risk-Parity,EQ_TTWO,0.016556614716329437
2022-09-01,Combined Risk-Parity,EQ_UPS,0.01705338125051174
2022-09-01,Combined Risk-Parity,EQ_USB,0.01660288113625363
2022-09-01,Combined Risk-Parity,EQ_V,0.013838160842432522
2022-09-01,Combined Risk-Parity,EQ_WFC,0.012910604923228115
2022-09-01,Combined Risk-Parity,EQ_WMT,0.03371812802507766
2022-09-01,Combined Risk-Parity,EQ_XOM,0.017427891241086246
2022-09-01,Combined Risk-Parity,CR_ADA-USD,0.0056198224922501296
2022-09-01,Combined Risk-Parity,CR_BCH-USD,0.006027781006458925
2022-09-01,Combined Risk-Parity,CR_BTC-USD,0.007688958389185651
2022-09-01,Combined Risk-Parity,CR_EOS-USD,0.005825938441938239
2022-09-01,Combined Risk-Parity,CR_ETC-USD,0.005086987419526953
2022-09-01,Combined Risk-Parity,CR_ETH-USD,0.005832277684635347
2022-09-01,Combined Risk-Parity,CR_LTC-USD,0.005863554121363933
2022-09-01,Combined Risk-Parity,CR_TRX-USD,0.006814172192276885
2022-09-01,Combined Risk-Parity,CR_XLM-USD,0.006565127040129547
2022-09-01,Combined Risk-Parity,CR_XRP-USD,0.006447266625535277
2022-10-03,Combined Risk-Parity,EQ_ABBV,0.031535131958637545
2022-10-03,Combined Risk-Parity,EQ_ABT,0.017789557117365958
2022-10-03,Combined Risk-Parity,EQ_ADBE,0.011115999730034914
2022-10-03,Combined Risk-Parity,EQ_AEP,0.02547587239751493
2022-10-03,Combined Risk-Parity,EQ_AMD,0.007759470438366115
2022-10-03,Combined Risk-Parity,EQ_AMGN,0.03140734074055394
2022-10-03,Combined Risk-Parity,EQ_AMT,0.017084793861972397
2022-10-03,Combined Risk-Parity,EQ_BA,0.010532398228728087
2022-10-03,Combined Risk-Parity,EQ_CAT,0.01513977878233288
2022-10-03,Combined Risk-Parity,EQ_CCI,0.017764813597448168
2022-10-03,Combined Risk-Parity,EQ_CMCSA,0.018260805308133645
2022-10-03,Combined Risk-Parity,EQ_COP,0.01447797561990799
2022-10-03,Combined Risk-Parity,EQ_CVX,0.019381636345177637
2022-10-03,Combined Risk-Parity,EQ_D,0.027480603499880157
2022-10-03,Combined Risk-Parity,EQ_DD,0.012308182462314377
2022-10-03,Combined Risk-Parity,EQ_DIS,0.013867524241487015
2022-10-03,Combined Risk-Parity,EQ_DOW,0.016138500519345515
2022-10-03,Combined Risk-Parity,EQ_DUK,0.02940301069216995
2022-10-03,Combined Risk-Parity,EQ_EA,0.024440135621935748
2022-10-03,Combined Risk-Parity,EQ_GE,0.012210479938026004
2022-10-03,Combined Risk-Parity,EQ_GILD,0.029231854682426315
2022-10-03,Combined Risk-Parity,EQ_GS,0.014439486423732308
2022-10-03,Combined Risk-Parity,EQ_INTC,0.013394435393336549
2022-10-03,Combined Risk-Parity,EQ_KO,0.026275828731908448
2022-10-03,Combined Risk-Parity,EQ_MMM,0.019982955800110842
2022-10-03,Combined Risk-Parity,EQ_MRK,0.03421519911610359
2022-10-03,Combined Risk-Parity,EQ_MS,0.013602924506730972
2022-10-03,Combined Risk-Parity,EQ_NEE,0.018972570421135856
2022-10-03,Combined Risk-Parity,EQ_NEM,0.03162416007438036
2022-10-03,Combined Risk-Parity,EQ_NKE,0.011787581405990824
2022-10-03,Combined Risk-Parity,EQ_NUE,0.012118659427706116
2022-10-03,Combined Risk-Parity,EQ_NVDA,0.007453518377941554
2022-10-03,Combined Risk-Parity,EQ_O,0.022222604669318087
2022-10-03,Combined Risk-Parity,EQ_OXY,0.012593271759243891
2022-10-03,Combined Risk-Parity,EQ_PLD,0.013683131625022736
2022-10-03,Combined Risk-Parity,EQ_PSA,0.01959444678214988
2022-10-03,Combined Risk-Parity,EQ_QCOM,0.011527548972962355
2022-10-03,Combined Risk-Parity,EQ_SBUX,0.01320553933268616
2022-10-03,Combined Risk-Parity,EQ_SHW,0.02012144583572472
2022-10-03,Combined Risk-Parity,EQ_SLB,0.013813631334468751
2022-10-03,Combined Risk-Parity,EQ_SO,0.027287180667086842
2022-10-03,Combined Risk-Parity,EQ_T,0.023526766603367513
2022-10-03,Combined Risk-Parity,EQ_TMUS,0.017120208656269068
2022-10-03,Combined Risk-Parity,EQ_TTWO,0.016165060655060157
2022-10-03,Combined Risk-Parity,EQ_UPS,0.016786012284960305
2022-10-03,Combined Risk-Parity,EQ_USB,0.01691919440642237
2022-10-03,Combined Risk-Parity,EQ_V,0.014256249784519047
2022-10-03,Combined Risk-Parity,EQ_WFC,0.013282137613435123
2022-10-03,Combined Risk-Parity,EQ_WMT,0.03352822753002274
2022-10-03,Combined Risk-Parity,EQ_XOM,0.01803869722797185
2022-10-03,Combined Risk-Parity,CR_ADA-USD,0.006329669482030146
2022-10-03,Combined Risk-Parity,CR_BCH-USD,0.006819408023932377
2022-10-03,Combined Risk-Parity,CR_BTC-USD,0.008168325930183677
2022-10-03,Combined Risk-Parity,CR_EOS-USD,0.006266086300127601
2022-10-03,Combined Risk-Parity,CR_ETC-USD,0.005553597400906617
2022-10-03,Combined Risk-Parity,CR_ETH-USD,0.006410001545663331
2022-10-03,Combined Risk-Parity,CR_LTC-USD,0.006712177564869005
2022-10-03,Combined Risk-Parity,CR_TRX-USD,0.00828979279633758
2022-10-03,Combined Risk-Parity,CR_XLM-USD,0.007590080515633057
2022-10-03,Combined Risk-Parity,CR_XRP-USD,0.0075163192367883
2022-11-01,Combined Risk-Parity,EQ_ABBV,0.03209417802720014
2022-11-01,Combined Risk-Parity,EQ_ABT,0.017587528202936305
2022-11-01,Combined Risk-Parity,EQ_ADBE,0.011425946357524796
2022-11-01,Combined Risk-Parity,EQ_AEP,0.02359803096531449
2022-11-01,Combined Risk-Parity,EQ_AMD,0.007735317551218978
2022-11-01,Combined Risk-Parity,EQ_AMGN,0.03175915774061961
2022-11-01,Combined Risk-Parity,EQ_AMT,0.016530126677248645
2022-11-01,Combined Risk-Parity,EQ_BA,0.010911955732933777
2022-11-01,Combined Risk-Parity,EQ_CAT,0.015109355569157832
2022-11-01,Combined Risk-Parity,EQ_CCI,0.01766406358584663
2022-11-01,Combined Risk-Parity,EQ_CMCSA,0.018637905357743824
2022-11-01,Combined Risk-Parity,EQ_COP,0.014756160155310756
2022-11-01,Combined Risk-Parity,EQ_CVX,0.01936016114253183
2022-11-01,Combined Risk-Parity,EQ_D,0.02572679250867062
2022-11-01,Combined Risk-Parity,EQ_DD,0.012498497311936458
2022-11-01,Combined Risk-Parity,EQ_DIS,0.013894297307628244
2022-11-01,Combined Risk-Parity,EQ_DOW,0.0163911654753973
2022-11-01,Combined Risk-Parity,EQ_DUK,0.026649223698936613
2022-11-01,Combined Risk-Parity,EQ_EA,0.024401072047671748
2022-11-01,Combined Risk-Parity,EQ_GE,0.01229224139963065
2022-11-01,Combined Risk-Parity,EQ_GILD,0.02520536823848167
2022-11-01,Combined Risk-Parity,EQ_GS,0.01428955828538729
2022-11-01,Combined Risk-Parity,EQ_INTC,0.01273455335273382
2022-11-01,Combined Risk-Parity,EQ_KO,0.025897793550411014
2022-11-01,Combined Risk-Parity,EQ_MMM,0.019264480921275355
2022-11-01,Combined Risk-Parity,EQ_MRK,0.03862462365573533
2022-11-01,Combined Risk-Parity,EQ_MS,0.013415639023788239
2022-11-01,Combined Risk-Parity,EQ_NEE,0.018351032742554722
2022-11-01,Combined Risk-Parity,EQ_NEM,0.02886288574880042
2022-11-01,Combined Risk-Parity,EQ_NKE,0.01195122335926982
2022-11-01,Combined Risk-Parity,EQ_NUE,0.012003195776813988
2022-11-01,Combined Risk-Parity,EQ_NVDA,0.00749558710844279
2022-11-01,Combined Risk-Parity,EQ_O,0.022374312061994195
2022-11-01,Combined Risk-Parity,EQ_OXY,0.013543495402403606
2022-11-01,Combined Risk-Parity,EQ_PLD,0.013859034940200663
2022-11-01,Combined Risk-Parity,EQ_PSA,0.020050358328060135
2022-11-01,Combined Risk-Parity,EQ_QCOM,0.01153425397720014
2022-11-01,Combined Risk-Parity,EQ_SBUX,0.013562054093333392
2022-11-01,Combined Risk-Parity,EQ_SHW,0.018632577482735852
2022-11-01,Combined Risk-Parity,EQ_SLB,0.014216937657448353
2022-11-01,Combined Risk-Parity,EQ_SO,0.025380128543605867
2022-11-01,Combined Risk-Parity,EQ_T,0.023018708869192068
2022-11-01,Combined Risk-Parity,EQ_TMUS,0.016955492103877784
2022-11-01,Combined Risk-Parity,EQ_TTWO,0.017109084909297294
2022-11-01,Combined Risk-Parity,EQ_UPS,0.017432340773559485
2022-11-01,Combined Risk-Parity,EQ_USB,0.017099475840556825
2022-11-01,Combined Risk-Parity,EQ_V,0.01502455097368399
2022-11-01,Combined Risk-Parity,EQ_WFC,0.013459213729825916
2022-11-01,Combined Risk-Parity,EQ_WMT,0.03270700429667134
2022-11-01,Combined Risk-Parity,EQ_XOM,0.018597147240607823
2022-11-01,Combined Risk-Parity,CR_ADA-USD,0.006797336202662959
2022-11-01,Combined Risk-Parity,CR_BCH-USD,0.007604789718370736
2022-11-01,Combined Risk-Parity,CR_BTC-USD,0.008863055655150193
2022-11-01,Combined Risk-Parity,CR_EOS-USD,0.007054321920562277
2022-11-01,Combined Risk-Parity,CR_ETC-USD,0.006131951115601569
2022-11-01,Combined Risk-Parity,CR_ETH-USD,0.00707150006689441
2022-11-01,Combined Risk-Parity,CR_LTC-USD,0.007548826230394622
2022-11-01,Combined Risk-Parity,CR_TRX-USD,0.0097351196111007
2022-11-01,Combined Risk-Parity,CR_XLM-USD,0.00891830205597565
2022-11-01,Combined Risk-Parity,CR_XRP-USD,0.00859950761987854
2022-12-01,Combined Risk-Parity,EQ_ABBV,0.03282391866680374
2022-12-01,Combined Risk-Parity,EQ_ABT,0.01720748296541292
2022-12-01,Combined Risk-Parity,EQ_ADBE,0.010890453335229328
2022-12-01,Combined Risk-Parity,EQ_AEP,0.02338953338347372
2022-12-01,Combined Risk-Parity,EQ_AMD,0.0074313473625188696
2022-12-01,Combined Risk-Parity,EQ_AMGN,0.03515771936572812
2022-12-01,Combined Risk-Parity,EQ_AMT,0.015590149887222224
2022-12-01,Combined Risk-Parity,EQ_BA,0.011439881909555995
2022-12-01,Combined Risk-Parity,EQ_CAT,0.015647930132994984
2022-12-01,Combined Risk-Parity,EQ_CCI,0.016680295709186978
2022-12-01,Combined Risk-Parity,EQ_CMCSA,0.018318872923887803
2022-12-01,Combined Risk-Parity,EQ_COP,0.015244934958008756
2022-12-01,Combined Risk-Parity,EQ_CVX,0.019457450651789113
2022-12-01,Combined Risk-Parity,EQ_D,0.025911990158857996
2022-12-01,Combined Risk-Parity,EQ_DD,0.013479234904685257
2022-12-01,Combined Risk-Parity,EQ_DIS,0.012961616171213945
2022-12-01,Combined Risk-Parity,EQ_DOW,0.01597598065617518
2022-12-01,Combined Risk-Parity,EQ_DUK,0.027064194062520586
2022-12-01,Combined Risk-Parity,EQ_EA,0.0240891083810293
2022-12-01,Combined Risk-Parity,EQ_GE,0.013094022346470554
2022-12-01,Combined Risk-Parity,EQ_GILD,0.026501269411274293
2022-12-01,Combined Risk-Parity,EQ_GS,0.014809443639658795
2022-12-01,Combined Risk-Parity,EQ_INTC,0.01204951475741589
2022-12-01,Combined Risk-Parity,EQ_KO,0.02641896163857482
2022-12-01,Combined Risk-Parity,EQ_MMM,0.019216106622994767
2022-12-01,Combined Risk-Parity,EQ_MRK,0.04371160026571655
2022-12-01,Combined Risk-Parity,EQ_MS,0.013618301384946312
2022-12-01,Combined Risk-Parity,EQ_NEE,0.018121199685579365
2022-12-01,Combined Risk-Parity,EQ_NEM,0.02316912834830212
2022-12-01,Combined Risk-Parity,EQ_NKE,0.01141237961616302
2022-12-01,Combined Risk-Parity,EQ_NUE,0.01205689392910516
2022-12-01,Combined Risk-Parity,EQ_NVDA,0.007139782398580017
2022-12-01,Combined Risk-Parity,EQ_O,0.022090041414955703
2022-12-01,Combined Risk-Parity,EQ_OXY,0.013687127019801813
2022-12-01,Combined Risk-Parity,EQ_PLD,0.013568359807894325
2022-12-01,Combined Risk-Parity,EQ_PSA,0.018981142407861782
2022-12-01,Combined Risk-Parity,EQ_QCOM,0.010808573345596609
2022-12-01,Combined Risk-Parity,EQ_SBUX,0.013520287404310707
2022-12-01,Combined Risk-Parity,EQ_SHW,0.017243055474994603
2022-12-01,Combined Risk-Parity,EQ_SLB,0.01550690961623455
2022-12-01,Combined Risk-Parity,EQ_SO,0.025211819977791365
2022-12-01,Combined Risk-Parity,EQ_T,0.023887413766212864
2022-12-01,Combined Risk-Parity,EQ_TMUS,0.018478807600724817
2022-12-01,Combined Risk-Parity,EQ_TTWO,0.016776445833338822
2022-12-01,Combined Risk-Parity,EQ_UPS,0.016631002402750776
2022-12-01,Combined Risk-Parity,EQ_USB,0.01725284284850201
2022-12-01,Combined Risk-Parity,EQ_V,0.014585938809641371
2022-12-01,Combined Risk-Parity,EQ_WFC,0.01412504257246438
2022-12-01,Combined Risk-Parity,EQ_WMT,0.032569857639818046
2022-12-01,Combined Risk-Parity,EQ_XOM,0.019330203401082692
2022-12-01,Combined Risk-Parity,CR_ADA-USD,0.0066257985563079195
2022-12-01,Combined Risk-Parity,CR_BCH-USD,0.0075293979427161085
2022-12-01,Combined Risk-Parity,CR_BTC-USD,0.008658156863564586
2022-12-01,Combined Risk-Parity,CR_EOS-USD,0.006947322061228621
2022-12-01,Combined Risk-Parity,CR_ETC-USD,0.005857228215532945
2022-12-01,Combined Risk-Parity,CR_ETH-USD,0.006569687983842655
2022-12-01,Combined Risk-Parity,CR_LTC-USD,0.007281317338482346
2022-12-01,Combined Risk-Parity,CR_TRX-USD,0.010130149716892082
2022-12-01,Combined Risk-Parity,CR_XLM-USD,0.008134273199514614
2022-12-01,Combined Risk-Parity,CR_XRP-USD,0.007931097146864487
2023-01-03,Combined Risk-Parity,EQ_ABBV,0.03313514759036215
2023-01-03,Combined Risk-Parity,EQ_ABT,0.01687070609995584
2023-01-03,Combined Risk-Parity,EQ_ADBE,0.010990285421019156
2023-01-03,Combined Risk-Parity,EQ_AEP,0.023126397353510807
2023-01-03,Combined Risk-Parity,EQ_AMD,0.007477374064411915
2023-01-03,Combined Risk-Parity,EQ_AMGN,0.03648557177302809
2023-01-03,Combined Risk-Parity,EQ_AMT,0.01567766158715344
2023-01-03,Combined Risk-Parity,EQ_BA,0.01184344430961233
2023-01-03,Combined Risk-Parity,EQ_CAT,0.01579762393536685
2023-01-03,Combined Risk-Parity,EQ_CCI,0.016708093971233802
2023-01-03,Combined Risk-Parity,EQ_CMCSA,0.018112874772052902
2023-01-03,Combined Risk-Parity,EQ_COP,0.015446683344683403
2023-01-03,Combined Risk-Parity,EQ_CVX,0.019354890572033552
2023-01-03,Combined Risk-Parity,EQ_D,0.02611398407677889
2023-01-03,Combined Risk-Parity,EQ_DD,0.013639752039116177
2023-01-03,Combined Risk-Parity,EQ_DIS,0.01288881183508022
2023-01-03,Combined Risk-Parity,EQ_DOW,0.016083147705753344
2023-01-03,Combined Risk-Parity,EQ_DUK,0.02675847785424991
2023-01-03,Combined Risk-Parity,EQ_EA,0.02402314560734366
2023-01-03,Combined Risk-Parity,EQ_GE,0.01317792994351328
2023-01-03,Combined Risk-Parity,EQ_GILD,0.02596916308395611
2023-01-03,Combined Risk-Parity,EQ_GS,0.015112332696353637
2023-01-03,Combined Risk-Parity,EQ_INTC,0.012228895041209597
2023-01-03,Combined Risk-Parity,EQ_KO,0.026430010547261587
2023-01-03,Combined Risk-Parity,EQ_MMM,0.019121615201247125
2023-01-03,Combined Risk-Parity,EQ_MRK,0.04139671340625102
2023-01-03,Combined Risk-Parity,EQ_MS,0.013752957420150085
2023-01-03,Combined Risk-Parity,EQ_NEE,0.01796143393030304
2023-01-03,Combined Risk-Parity,EQ_NEM,0.02266110708590585
2023-01-03,Combined Risk-Parity,EQ_NKE,0.01102879367724036
2023-01-03,Combined Risk-Parity,EQ_NUE,0.01151886874808399
2023-01-03,Combined Risk-Parity,EQ_NVDA,0.007209202478654766
2023-01-03,Combined Risk-Parity,EQ_O,0.022779900906589934
2023-01-03,Combined Risk-Parity,EQ_OXY,0.013915359361872126
2023-01-03,Combined Risk-Parity,EQ_PLD,0.01331920852836259
2023-01-03,Combined Risk-Parity,EQ_PSA,0.01866374300068879
2023-01-03,Combined Risk-Parity,EQ_QCOM,0.01057052022484116
2023-01-03,Combined Risk-Parity,EQ_SBUX,0.013836274088123228
2023-01-03,Combined Risk-Parity,EQ_SHW,0.017078728298457396
2023-01-03,Combined Risk-Parity,EQ_SLB,0.015242624553436585
2023-01-03,Combined Risk-Parity,EQ_SO,0.024960079092988488
2023-01-03,Combined Risk-Parity,EQ_T,0.024312023416880515
2023-01-03,Combined Risk-Parity,EQ_TMUS,0.019218886288044686
2023-01-03,Combined Risk-Parity,EQ_TTWO,0.016474805691122835
2023-01-03,Combined Risk-Parity,EQ_UPS,0.016524274407903286
2023-01-03,Combined Risk-Parity,EQ_USB,0.01738505148520156
2023-01-03,Combined Risk-Parity,EQ_V,0.014961173125321997
2023-01-03,Combined Risk-Parity,EQ_WFC,0.014760104206504313
2023-01-03,Combined Risk-Parity,EQ_WMT,0.031106923531535
2023-01-03,Combined Risk-Parity,EQ_XOM,0.01910341028215518
2023-01-03,Combined Risk-Parity,CR_ADA-USD,0.006924051127155688
2023-01-03,Combined Risk-Parity,CR_BCH-USD,0.007711131569100744
2023-01-03,Combined Risk-Parity,CR_BTC-USD,0.008855138999821034
2023-01-03,Combined Risk-Parity,CR_EOS-USD,0.007213483395034209
2023-01-03,Combined Risk-Parity,CR_ETC-USD,0.005806388011601377
2023-01-03,Combined Risk-Parity,CR_ETH-USD,0.006629404721552985
2023-01-03,Combined Risk-Parity,CR_LTC-USD,0.007391753608725694
2023-01-03,Combined Risk-Parity,CR_TRX-USD,0.0107393168246637
2023-01-03,Combined Risk-Parity,CR_XLM-USD,0.008437999539348932
2023-01-03,Combined Risk-Parity,CR_XRP-USD,0.007975144540089145
2023-02-01,Combined Risk-Parity,EQ_ABBV,0.033247705277751595
2023-02-01,Combined Risk-Parity,EQ_ABT,0.017057894908823378
2023-02-01,Combined Risk-Parity,EQ_ADBE,0.011153761253240411
2023-02-01,Combined Risk-Parity,EQ_AEP,0.022649366570379855
2023-02-01,Combined Risk-Parity,EQ_AMD,0.007563612481331825
2023-02-01,Combined Risk-Parity,EQ_AMGN,0.03703997058373267
2023-02-01,Combined Risk-Parity,EQ_AMT,0.015738253804051756
2023-02-01,Combined Risk-Parity,EQ_BA,0.012084825623214529
2023-02-01,Combined Risk-Parity,EQ_CAT,0.015546469638559183
2023-02-01,Combined Risk-Parity,EQ_CCI,0.016495948756513192
2023-02-01,Combined Risk-Parity,EQ_CMCSA,0.01782462045259746
2023-02-01,Combined Risk-Parity,EQ_COP,0.015877509188183626
2023-02-01,Combined Risk-Parity,EQ_CVX,0.01934270174532659
2023-02-01,Combined Risk-Parity,EQ_D,0.02554041894513573
2023-02-01,Combined Risk-Parity,EQ_DD,0.013742926254578248
2023-02-01,Combined Risk-Parity,EQ_DIS,0.012966766448635873
2023-02-01,Combined Risk-Parity,EQ_DOW,0.015817804453232644
2023-02-01,Combined Risk-Parity,EQ_DUK,0.026439407101615027
2023-02-01,Combined Risk-Parity,EQ_EA,0.0241516568183401
2023-02-01,Combined Risk-Parity,EQ_GE,0.013271345131506343
2023-02-01,Combined Risk-Parity,EQ_GILD,0.02646616062910157
2023-02-01,Combined Risk-Parity,EQ_GS,0.015544748960592013
2023-02-01,Combined Risk-Parity,EQ_INTC,0.011787096585272683
2023-02-01,Combined Risk-Parity,EQ_KO,0.026522278343819882
2023-02-01,Combined Risk-Parity,EQ_MMM,0.01788247165983697
2023-02-01,Combined Risk-Parity,EQ_MRK,0.04032015512850359
2023-02-01,Combined Risk-Parity,EQ_MS,0.013739577044971222
2023-02-01,Combined Risk-Parity,EQ_NEE,0.018504754762525253
2023-02-01,Combined Risk-Parity,EQ_NEM,0.021313611506054
2023-02-01,Combined Risk-Parity,EQ_NKE,0.011034697193837992
2023-02-01,Combined Risk-Parity,EQ_NUE,0.011550507120398202
2023-02-01,Combined Risk-Parity,EQ_NVDA,0.00721298157348848
2023-02-01,Combined Risk-Parity,EQ_O,0.02297515134981938
2023-02-01,Combined Risk-Parity,EQ_OXY,0.014645180895006682
2023-02-01,Combined Risk-Parity,EQ_PLD,0.013057417669987206
2023-02-01,Combined Risk-Parity,EQ_PSA,0.018675583284065798
2023-02-01,Combined Risk-Parity,EQ_QCOM,0.010541412889588176
2023-02-01,Combined Risk-Parity,EQ_SBUX,0.013771046434139487
2023-02-01,Combined Risk-Parity,EQ_SHW,0.016611302885624218
2023-02-01,Combined Risk-Parity,EQ_SLB,0.015623015443052947
2023-02-01,Combined Risk-Parity,EQ_SO,0.024307583324630254
2023-02-01,Combined Risk-Parity,EQ_T,0.024975144209369013
2023-02-01,Combined Risk-Parity,EQ_TMUS,0.020133373599582734
2023-02-01,Combined Risk-Parity,EQ_TTWO,0.01672721831787926
2023-02-01,Combined Risk-Parity,EQ_UPS,0.016253338356198473
2023-02-01,Combined Risk-Parity,EQ_USB,0.017286977698392245
2023-02-01,Combined Risk-Parity,EQ_V,0.015559104140579023
2023-02-01,Combined Risk-Parity,EQ_WFC,0.014919858054501522
2023-02-01,Combined Risk-Parity,EQ_WMT,0.030101137475417036
2023-02-01,Combined Risk-Parity,EQ_XOM,0.01916958682182734
2023-02-01,Combined Risk-Parity,CR_ADA-USD,0.007019251115093407
2023-02-01,Combined Risk-Parity,CR_BCH-USD,0.00783840233658416
2023-02-01,Combined Risk-Parity,CR_BTC-USD,0.00896411910263259
2023-02-01,Combined Risk-Parity,CR_EOS-USD,0.007322322169814016
2023-02-01,Combined Risk-Parity,CR_ETC-USD,0.005621176652361845
2023-02-01,Combined Risk-Parity,CR_ETH-USD,0.006845297149847471
2023-02-01,Combined Risk-Parity,CR_LTC-USD,0.007665522171936214
2023-02-01,Combined Risk-Parity,CR_TRX-USD,0.011208252525886277
2023-02-01,Combined Risk-Parity,CR_XLM-USD,0.008647886406641004
2023-02-01,Combined Risk-Parity,CR_XRP-USD,0.008102331574390336
2023-03-01,Combined Risk-Parity,EQ_ABBV,0.03400266305115739
2023-03-01,Combined Risk-Parity,EQ_ABT,0.017235854551162978
2023-03-01,Combined Risk-Parity,EQ_ADBE,0.011183730063977229
2023-03-01,Combined Risk-Parity,EQ_AEP,0.0221976071119453
2023-03-01,Combined Risk-Parity,EQ_AMD,0.0077927666733216515
2023-03-01,Combined Risk-Parity,EQ_AMGN,0.03781261792559132
2023-03-01,Combined Risk-Parity,EQ_AMT,0.015454240732906539
2023-03-01,Combined Risk-Parity,EQ_BA,0.01200119659447752
2023-03-01,Combined Risk-Parity,EQ_CAT,0.01570885586131975
2023-03-01,Combined Risk-Parity,EQ_CCI,0.016319676735271002
2023-03-01,Combined Risk-Parity,EQ_CMCSA,0.017859604074187723
2023-03-01,Combined Risk-Parity,EQ_COP,0.015578014512460688
2023-03-01,Combined Risk-Parity,EQ_CVX,0.019302871558990974
2023-03-01,Combined Risk-Parity,EQ_D,0.025147552802666926
2023-03-01,Combined Risk-Parity,EQ_DD,0.013844890639407529
2023-03-01,Combined Risk-Parity,EQ_DIS,0.01270564397036929
2023-03-01,Combined Risk-Parity,EQ_DOW,0.01585710271635486
2023-03-01,Combined Risk-Parity,EQ_DUK,0.026669341080361102
2023-03-01,Combined Risk-Parity,EQ_EA,0.024010562740616997
2023-03-01,Combined Risk-Parity,EQ_GE,0.013769521956091818
2023-03-01,Combined Risk-Parity,EQ_GILD,0.02582908388791234
2023-03-01,Combined Risk-Parity,EQ_GS,0.01581702413239901
2023-03-01,Combined Risk-Parity,EQ_INTC,0.01167398864119691
2023-03-01,Combined Risk-Parity,EQ_KO,0.026157961311029525
2023-03-01,Combined Risk-Parity,EQ_MMM,0.01813460142282034
2023-03-01,Combined Risk-Parity,EQ_MRK,0.04073178395385189
2023-03-01,Combined Risk-Parity,EQ_MS,0.014129219535653551
2023-03-01,Combined Risk-Parity,EQ_NEE,0.01856326018608116
2023-03-01,Combined Risk-Parity,EQ_NEM,0.01980612064145256
2023-03-01,Combined Risk-Parity,EQ_NKE,0.010880403364703447
2023-03-01,Combined Risk-Parity,EQ_NUE,0.01198316295175254
2023-03-01,Combined Risk-Parity,EQ_NVDA,0.007455476143299162
2023-03-01,Combined Risk-Parity,EQ_O,0.023123395491861754
2023-03-01,Combined Risk-Parity,EQ_OXY,0.013875201901207649
2023-03-01,Combined Risk-Parity,EQ_PLD,0.013183109848587359
2023-03-01,Combined Risk-Parity,EQ_PSA,0.018973665706520187
2023-03-01,Combined Risk-Parity,EQ_QCOM,0.010794378931224917
2023-03-01,Combined Risk-Parity,EQ_SBUX,0.013639907790541294
2023-03-01,Combined Risk-Parity,EQ_SHW,0.016841100264283204
2023-03-01,Combined Risk-Parity,EQ_SLB,0.01561096881709837
2023-03-01,Combined Risk-Parity,EQ_SO,0.023870714028722265
2023-03-01,Combined Risk-Parity,EQ_T,0.025070099321952272
2023-03-01,Combined Risk-Parity,EQ_TMUS,0.019887049534707976
2023-03-01,Combined Risk-Parity,EQ_TTWO,0.016227559053808696
2023-03-01,Combined Risk-Parity,EQ_UPS,0.016942610792790542
2023-03-01,Combined Risk-Parity,EQ_USB,0.017622350547146667
2023-03-01,Combined Risk-Parity,EQ_V,0.0156476923601513
2023-03-01,Combined Risk-Parity,EQ_WFC,0.015167647310088952
2023-03-01,Combined Risk-Parity,EQ_WMT,0.02913936509157805
2023-03-01,Combined Risk-Parity,EQ_XOM,0.019215174661730616
2023-03-01,Combined Risk-Parity,CR_ADA-USD,0.006976098955429371
2023-03-01,Combined Risk-Parity,CR_BCH-USD,0.007777614922726394
2023-03-01,Combined Risk-Parity,CR_BTC-USD,0.008931489984849434
2023-03-01,Combined Risk-Parity,CR_EOS-USD,0.007313188896176711
2023-03-01,Combined Risk-Parity,CR_ETC-USD,0.005602380577847445
2023-03-01,Combined Risk-Parity,CR_ETH-USD,0.007019508665571899
2023-03-01,Combined Risk-Parity,CR_LTC-USD,0.007777951845518693
2023-03-01,Combined Risk-Parity,CR_TRX-USD,0.010803934020286218
2023-03-01,Combined Risk-Parity,CR_XLM-USD,0.008758662059083043
2023-03-01,Combined Risk-Parity,CR_XRP-USD,0.008590777093717762
2023-04-03,Combined Risk-Parity,EQ_ABBV,0.033964336140961456
2023-04-03,Combined Risk-Parity,EQ_ABT,0.01742986254433498
2023-04-03,Combined Risk-Parity,EQ_ADBE,0.0114565900826201
2023-04-03,Combined Risk-Parity,EQ_AEP,0.022013990831538745
2023-04-03,Combined Risk-Parity,EQ_AMD,0.008247811271160083
2023-04-03,Combined Risk-Parity,EQ_AMGN,0.03811192016598086
2023-04-03,Combined Risk-Parity,EQ_AMT,0.015348208663716886
2023-04-03,Combined Risk-Parity,EQ_BA,0.012217902616674952
2023-04-03,Combined Risk-Parity,EQ_CAT,0.015062377832229997
2023-04-03,Combined Risk-Parity,EQ_CCI,0.01621739174308625
2023-04-03,Combined Risk-Parity,EQ_CMCSA,0.01789717412060808
2023-04-03,Combined Risk-Parity,EQ_COP,0.015089957184045585
2023-04-03,Combined Risk-Parity,EQ_CVX,0.018084766634472504
2023-04-03,Combined Risk-Parity,EQ_D,0.024811202258289703
2023-04-03,Combined Risk-Parity,EQ_DD,0.014290055023791624
2023-04-03,Combined Risk-Parity,EQ_DIS,0.01293562989187865
2023-04-03,Combined Risk-Parity,EQ_DOW,0.016144333401208126
2023-04-03,Combined Risk-Parity,EQ_DUK,0.025900732569861442
2023-04-03,Combined Risk-Parity,EQ_EA,0.02449512222372067
2023-04-03,Combined Risk-Parity,EQ_GE,0.014265175411066642
2023-04-03,Combined Risk-Parity,EQ_GILD,0.02549267174922078
2023-04-03,Combined Risk-Parity,EQ_GS,0.015833130535026427
2023-04-03,Combined Risk-Parity,EQ_INTC,0.012026972877959568
2023-04-03,Combined Risk-Parity,EQ_KO,0.027100283467055803
2023-04-03,Combined Risk-Parity,EQ_MMM,0.01831749346853191
2023-04-03,Combined Risk-Parity,EQ_MRK,0.04119369364369582
2023-04-03,Combined Risk-Parity,EQ_MS,0.014224205184353524
2023-04-03,Combined Risk-Parity,EQ_NEE,0.018135514427235967
2023-04-03,Combined Risk-Parity,EQ_NEM,0.01955215070920412
2023-04-03,Combined Risk-Parity,EQ_NKE,0.01125773264046204
2023-04-03,Combined Risk-Parity,EQ_NUE,0.011908284073729096
2023-04-03,Combined Risk-Parity,EQ_NVDA,0.007874608963812675
2023-04-03,Combined Risk-Parity,EQ_O,0.0229383046589788
2023-04-03,Combined Risk-Parity,EQ_OXY,0.013928281727680633
2023-04-03,Combined Risk-Parity,EQ_PLD,0.012890824443491029
2023-04-03,Combined Risk-Parity,EQ_PSA,0.018708025190721806
2023-04-03,Combined Risk-Parity,EQ_QCOM,0.011322589671899488
2023-04-03,Combined Risk-Parity,EQ_SBUX,0.014418651417930587
2023-04-03,Combined Risk-Parity,EQ_SHW,0.01680071385073231
2023-04-03,Combined Risk-Parity,EQ_SLB,0.014413071303174362
2023-04-03,Combined Risk-Parity,EQ_SO,0.023481716424849367
2023-04-03,Combined Risk-Parity,EQ_T,0.025306482624233944
2023-04-03,Combined Risk-Parity,EQ_TMUS,0.020480289107810967
2023-04-03,Combined Risk-Parity,EQ_TTWO,0.01607573693406498
2023-04-03,Combined Risk-Parity,EQ_UPS,0.01766813369393184
2023-04-03,Combined Risk-Parity,EQ_USB,0.016248168183477695
2023-04-03,Combined Risk-Parity,EQ_V,0.016325950442990796
2023-04-03,Combined Risk-Parity,EQ_WFC,0.015390605785505234
2023-04-03,Combined Risk-Parity,EQ_WMT,0.02928006361332027
2023-04-03,Combined Risk-Parity,EQ_XOM,0.017796563182681323
2023-04-03,Combined Risk-Parity,CR_ADA-USD,0.00709512754500974
2023-04-03,Combined Risk-Parity,CR_BCH-USD,0.008030924151470612
2023-04-03,Combined Risk-Parity,CR_BTC-USD,0.009151293937626455
2023-04-03,Combined Risk-Parity,CR_EOS-USD,0.007233985165078029
2023-04-03,Combined Risk-Parity,CR_ETC-USD,0.0057751502101901
2023-04-03,Combined Risk-Parity,CR_ETH-USD,0.007235065753457601
2023-04-03,Combined Risk-Parity,CR_LTC-USD,0.0079871726838548
2023-04-03,Combined Risk-Parity,CR_TRX-USD,0.010276259346564563
2023-04-03,Combined Risk-Parity,CR_XLM-USD,0.008621014088137865
2023-04-03,Combined Risk-Parity,CR_XRP-USD,0.008218552509599762
2023-05-01,Combined Risk-Parity,EQ_ABBV,0.034636123409952244
2023-05-01,Combined Risk-Parity,EQ_ABT,0.017952842526578087
2023-05-01,Combined Risk-Parity,EQ_ADBE,0.011569682353116624
2023-05-01,Combined Risk-Parity,EQ_AEP,0.021823421869296544
2023-05-01,Combined Risk-Parity,EQ_AMD,0.008513028784052405
2023-05-01,Combined Risk-Parity,EQ_AMGN,0.037757685898820906
2023-05-01,Combined Risk-Parity,EQ_AMT,0.015157583601033591
2023-05-01,Combined Risk-Parity,EQ_BA,0.012419850163810565
2023-05-01,Combined Risk-Parity,EQ_CAT,0.015306578891577348
2023-05-01,Combined Risk-Parity,EQ_CCI,0.015807844187846934
2023-05-01,Combined Risk-Parity,EQ_CMCSA,0.017497458070228695
2023-05-01,Combined Risk-Parity,EQ_COP,0.015041767179488325
2023-05-01,Combined Risk-Parity,EQ_CVX,0.018137921278067102
2023-05-01,Combined Risk-Parity,EQ_D,0.024399286221451322
2023-05-01,Combined Risk-Parity,EQ_DD,0.014402572963789951
2023-05-01,Combined Risk-Parity,EQ_DIS,0.012920755788622751
2023-05-01,Combined Risk-Parity,EQ_DOW,0.015644271673004334
2023-05-01,Combined Risk-Parity,EQ_DUK,0.025427633915936644
2023-05-01,Combined Risk-Parity,EQ_EA,0.023478796382850817
2023-05-01,Combined Risk-Parity,EQ_GE,0.014843592727790872
2023-05-01,Combined Risk-Parity,EQ_GILD,0.02589835040870187
2023-05-01,Combined Risk-Parity,EQ_GS,0.01624261921640185
2023-05-01,Combined Risk-Parity,EQ_INTC,0.012020086950025446
2023-05-01,Combined Risk-Parity,EQ_KO,0.02719609778810636
2023-05-01,Combined Risk-Parity,EQ_MMM,0.01811005541124428
2023-05-01,Combined Risk-Parity,EQ_MRK,0.04076518772964692
2023-05-01,Combined Risk-Parity,EQ_MS,0.014673441992688796
2023-05-01,Combined Risk-Parity,EQ_NEE,0.017985993240467516
2023-05-01,Combined Risk-Parity,EQ_NEM,0.019850818440480134
2023-05-01,Combined Risk-Parity,EQ_NKE,0.011591093545165215
2023-05-01,Combined Risk-Parity,EQ_NUE,0.011891574747799848
2023-05-01,Combined Risk-Parity,EQ_NVDA,0.008058744409227181
2023-05-01,Combined Risk-Parity,EQ_O,0.023136084982147448
2023-05-01,Combined Risk-Parity,EQ_OXY,0.014269352836974787
2023-05-01,Combined Risk-Parity,EQ_PLD,0.012772558780852471
2023-05-01,Combined Risk-Parity,EQ_PSA,0.018863583882464355
2023-05-01,Combined Risk-Parity,EQ_QCOM,0.011378211838587202
2023-05-01,Combined Risk-Parity,EQ_SBUX,0.014635069152947088
2023-05-01,Combined Risk-Parity,EQ_SHW,0.015886934352406533
2023-05-01,Combined Risk-Parity,EQ_SLB,0.013919243193148668
2023-05-01,Combined Risk-Parity,EQ_SO,0.023276703048937298
2023-05-01,Combined Risk-Parity,EQ_T,0.023441631491783292
2023-05-01,Combined Risk-Parity,EQ_TMUS,0.021337095381285937
2023-05-01,Combined Risk-Parity,EQ_TTWO,0.01592475445536126
2023-05-01,Combined Risk-Parity,EQ_UPS,0.01723959166087736
2023-05-01,Combined Risk-Parity,EQ_USB,0.01591022854057494
2023-05-01,Combined Risk-Parity,EQ_V,0.016789515224007644
2023-05-01,Combined Risk-Parity,EQ_WFC,0.015330357529508572
2023-05-01,Combined Risk-Parity,EQ_WMT,0.030017486490236216
2023-05-01,Combined Risk-Parity,EQ_XOM,0.017662035162516087
2023-05-01,Combined Risk-Parity,CR_ADA-USD,0.007259514945017632
2023-05-01,Combined Risk-Parity,CR_BCH-USD,0.00808330135182969
2023-05-01,Combined Risk-Parity,CR_BTC-USD,0.009357094668190482
2023-05-01,Combined Risk-Parity,CR_EOS-USD,0.007541362866039761
2023-05-01,Combined Risk-Parity,CR_ETC-USD,0.005847416407285501
2023-05-01,Combined Risk-Parity,CR_ETH-USD,0.00735209851672794
2023-05-01,Combined Risk-Parity,CR_LTC-USD,0.008151040434589673
2023-05-01,Combined Risk-Parity,CR_TRX-USD,0.010434612629160034
2023-05-01,Combined Risk-Parity,CR_XLM-USD,0.008750576285375313
2023-05-01,Combined Risk-Parity,CR_XRP-USD,0.008409782123895355
2023-06-01,Combined Risk-Parity,EQ_ABBV,0.033828668278881396
2023-06-01,Combined Risk-Parity,EQ_ABT,0.018808025145946143
2023-06-01,Combined Risk-Parity,EQ_ADBE,0.011375407239504283
2023-06-01,Combined Risk-Parity,EQ_AEP,0.02073762791152753
2023-06-01,Combined Risk-Parity,EQ_AMD,0.009226886774339933
2023-06-01,Combined Risk-Parity,EQ_AMGN,0.03266458784362779
2023-06-01,Combined Risk-Parity,EQ_AMT,0.014958303347193305
2023-06-01,Combined Risk-Parity,EQ_BA,0.013348409452287602
2023-06-01,Combined Risk-Parity,EQ_CAT,0.014790738373444157
2023-06-01,Combined Risk-Parity,EQ_CCI,0.015184526149837039
2023-06-01,Combined Risk-Parity,EQ_CMCSA,0.016695708359884147
2023-06-01,Combined Risk-Parity,EQ_COP,0.01556072512828928
2023-06-01,Combined Risk-Parity,EQ_CVX,0.01834122997170306
2023-06-01,Combined Risk-Parity,EQ_D,0.02267816542446919
2023-06-01,Combined Risk-Parity,EQ_DD,0.013914806329872326
2023-06-01,Combined Risk-Parity,EQ_DIS,0.012409293033110927
2023-06-01,Combined Risk-Parity,EQ_DOW,0.014779162198949695
2023-06-01,Combined Risk-Parity,EQ_DUK,0.023919455333472377
2023-06-01,Combined Risk-Parity,EQ_EA,0.023788295751337715
2023-06-01,Combined Risk-Parity,EQ_GE,0.015178253603635759
2023-06-01,Combined Risk-Parity,EQ_GILD,0.02475491947817565
2023-06-01,Combined Risk-Parity,EQ_GS,0.016135966216836863
2023-06-01,Combined Risk-Parity,EQ_INTC,0.012137081812304386
2023-06-01,Combined Risk-Parity,EQ_KO,0.02946080757844036
2023-06-01,Combined Risk-Parity,EQ_MMM,0.016836803522983213
2023-06-01,Combined Risk-Parity,EQ_MRK,0.0407975026324616
2023-06-01,Combined Risk-Parity,EQ_MS,0.014776049174432634
2023-06-01,Combined Risk-Parity,EQ_NEE,0.018230592944823442
2023-06-01,Combined Risk-Parity,EQ_NEM,0.01935025045389438
2023-06-01,Combined Risk-Parity,EQ_NKE,0.011523186928923825
2023-06-01,Combined Risk-Parity,EQ_NUE,0.012041355985804442
2023-06-01,Combined Risk-Parity,EQ_NVDA,0.008601526823864673
2023-06-01,Combined Risk-Parity,EQ_O,0.02317621258147685
2023-06-01,Combined Risk-Parity,EQ_OXY,0.015476856108681429
2023-06-01,Combined Risk-Parity,EQ_PLD,0.013249070657583024
2023-06-01,Combined Risk-Parity,EQ_PSA,0.01994732101805036
2023-06-01,Combined Risk-Parity,EQ_QCOM,0.011715949781975016
2023-06-01,Combined Risk-Parity,EQ_SBUX,0.01592772572038976
2023-06-01,Combined Risk-Parity,EQ_SHW,0.014969847462585041
2023-06-01,Combined Risk-Parity,EQ_SLB,0.014931866789012408
2023-06-01,Combined Risk-Parity,EQ_SO,0.022170005313895777
2023-06-01,Combined Risk-Parity,EQ_T,0.02276443611710233
2023-06-01,Combined Risk-Parity,EQ_TMUS,0.02459633677689114
2023-06-01,Combined Risk-Parity,EQ_TTWO,0.016945239566059166
2023-06-01,Combined Risk-Parity,EQ_UPS,0.017269988344708786
2023-06-01,Combined Risk-Parity,EQ_USB,0.013961114923487426
2023-06-01,Combined Risk-Parity,EQ_V,0.01734305865294839
2023-06-01,Combined Risk-Parity,EQ_WFC,0.01508935186976413
2023-06-01,Combined Risk-Parity,EQ_WMT,0.028599468423561484
2023-06-01,Combined Risk-Parity,EQ_XOM,0.017904047093067355
2023-06-01,Combined Risk-Parity,CR_ADA-USD,0.008241517032490757
2023-06-01,Combined Risk-Parity,CR_BCH-USD,0.008492964368932213
2023-06-01,Combined Risk-Parity,CR_BTC-USD,0.009357145468009219
2023-06-01,Combined Risk-Parity,CR_EOS-USD,0.007827325539178594
2023-06-01,Combined Risk-Parity,CR_ETC-USD,0.0060817339746677785
2023-06-01,Combined Risk-Parity,CR_ETH-USD,0.007195711829791649
2023-06-01,Combined Risk-Parity,CR_LTC-USD,0.008825151098082422
2023-06-01,Combined Risk-Parity,CR_TRX-USD,0.01280518106224813
2023-06-01,Combined Risk-Parity,CR_XLM-USD,0.009371032876843944
2023-06-01,Combined Risk-Parity,CR_XRP-USD,0.008930020344256362
2023-07-03,Combined Risk-Parity,EQ_ABBV,0.03492284704472192
2023-07-03,Combined Risk-Parity,EQ_ABT,0.019531280086128956
2023-07-03,Combined Risk-Parity,EQ_ADBE,0.011343506050305442
2023-07-03,Combined Risk-Parity,EQ_AEP,0.020505072177836616
2023-07-03,Combined Risk-Parity,EQ_AMD,0.00991212012144606
2023-07-03,Combined Risk-Parity,EQ_AMGN,0.031195306844235875
2023-07-03,Combined Risk-Parity,EQ_AMT,0.014948949077746094
2023-07-03,Combined Risk-Parity,EQ_BA,0.01405960901248305
2023-07-03,Combined Risk-Parity,EQ_CAT,0.013801390746239858
2023-07-03,Combined Risk-Parity,EQ_CCI,0.01525027878786788
2023-07-03,Combined Risk-Parity,EQ_CMCSA,0.01618229305745263
2023-07-03,Combined Risk-Parity,EQ_COP,0.015311773405491842
2023-07-03,Combined Risk-Parity,EQ_CVX,0.01792651909116244
2023-07-03,Combined Risk-Parity,EQ_D,0.022054994069588052
2023-07-03,Combined Risk-Parity,EQ_DD,0.013841289504638733
2023-07-03,Combined Risk-Parity,EQ_DIS,0.011752043376359855
2023-07-03,Combined Risk-Parity,EQ_DOW,0.014298123239680471
2023-07-03,Combined Risk-Parity,EQ_DUK,0.023235590196789738
2023-07-03,Combined Risk-Parity,EQ_EA,0.024058603700554418
2023-07-03,Combined Risk-Parity,EQ_GE,0.015911078458160137
2023-07-03,Combined Risk-Parity,EQ_GILD,0.02381014842118348
2023-07-03,Combined Risk-Parity,EQ_GS,0.016086834708356892
2023-07-03,Combined Risk-Parity,EQ_INTC,0.011685944953452727
2023-07-03,Combined Risk-Parity,EQ_KO,0.028266148569885068
2023-07-03,Combined Risk-Parity,EQ_MMM,0.015000341863968225
2023-07-03,Combined Risk-Parity,EQ_MRK,0.04465758294052522
2023-07-03,Combined Risk-Parity,EQ_MS,0.014498184549292975
2023-07-03,Combined Risk-Parity,EQ_NEE,0.01892169503044133
2023-07-03,Combined Risk-Parity,EQ_NEM,0.017168728587016693
2023-07-03,Combined Risk-Parity,EQ_NKE,0.011530525287698337
2023-07-03,Combined Risk-Parity,EQ_NUE,0.011816465216603884
2023-07-03,Combined Risk-Parity,EQ_NVDA,0.009081252648287089
2023-07-03,Combined Risk-Parity,EQ_O,0.02354057632195567
2023-07-03,Combined Risk-Parity,EQ_OXY,0.01564072208183323
2023-07-03,Combined Risk-Parity,EQ_PLD,0.013802423298458174
2023-07-03,Combined Risk-Parity,EQ_PSA,0.019195239578203387
2023-07-03,Combined Risk-Parity,EQ_QCOM,0.011394676916618702
2023-07-03,Combined Risk-Parity,EQ_SBUX,0.016629088277277836
2023-07-03,Combined Risk-Parity,EQ_SHW,0.014864208249670502
2023-07-03,Combined Risk-Parity,EQ_SLB,0.014457769994304655
2023-07-03,Combined Risk-Parity,EQ_SO,0.022096036702313634
2023-07-03,Combined Risk-Parity,EQ_T,0.023876057284182257
2023-07-03,Combined Risk-Parity,EQ_TMUS,0.02734873118880577
2023-07-03,Combined Risk-Parity,EQ_TTWO,0.0171902685542816
2023-07-03,Combined Risk-Parity,EQ_UPS,0.015937460275237122
2023-07-03,Combined Risk-Parity,EQ_USB,0.013026745814072331
2023-07-03,Combined Risk-Parity,EQ_V,0.018295835706753933
2023-07-03,Combined Risk-Parity,EQ_WFC,0.01508495753572609
2023-07-03,Combined Risk-Parity,EQ_WMT,0.02721625917109109
2023-07-03,Combined Risk-Parity,EQ_XOM,0.017649053397916753
2023-07-03,Combined Risk-Parity,CR_ADA-USD,0.008167602271998442
2023-07-03,Combined Risk-Parity,CR_BCH-USD,0.008096344649038485
2023-07-03,Combined Risk-Parity,CR_BTC-USD,0.010023695442473399
2023-07-03,Combined Risk-Parity,CR_EOS-USD,0.007713319430497307
2023-07-03,Combined Risk-Parity,CR_ETC-USD,0.005895727739748137
2023-07-03,Combined Risk-Parity,CR_ETH-USD,0.007641491136665193
2023-07-03,Combined Risk-Parity,CR_LTC-USD,0.008654459303908783
2023-07-03,Combined Risk-Parity,CR_TRX-USD,0.014809850717636054
2023-07-03,Combined Risk-Parity,CR_XLM-USD,0.009714227651086042
2023-07-03,Combined Risk-Parity,CR_XRP-USD,0.009470650482643485
2023-08-01,Combined Risk-Parity,EQ_ABBV,0.0347304216658412
2023-08-01,Combined Risk-Parity,EQ_ABT,0.019952308335198364
2023-08-01,Combined Risk-Parity,EQ_ADBE,0.01152704307934036
2023-08-01,Combined Risk-Parity,EQ_AEP,0.019950895874008008
2023-08-01,Combined Risk-Parity,EQ_AMD,0.010381179363676173
2023-08-01,Combined Risk-Parity,EQ_AMGN,0.030485912213821183
2023-08-01,Combined Risk-Parity,EQ_AMT,0.014970974601950956
2023-08-01,Combined Risk-Parity,EQ_BA,0.0142347202680036
2023-08-01,Combined Risk-Parity,EQ_CAT,0.014342110111374566
2023-08-01,Combined Risk-Parity,EQ_CCI,0.0154103515523752
2023-08-01,Combined Risk-Parity,EQ_CMCSA,0.015802077260749683
2023-08-01,Combined Risk-Parity,EQ_COP,0.0153843164453605
2023-08-01,Combined Risk-Parity,EQ_CVX,0.018267965439418013
2023-08-01,Combined Risk-Parity,EQ_D,0.021150652146860287
2023-08-01,Combined Risk-Parity,EQ_DD,0.01413868627685413
2023-08-01,Combined Risk-Parity,EQ_DIS,0.011981657324245805
2023-08-01,Combined Risk-Parity,EQ_DOW,0.014542229996248742
2023-08-01,Combined Risk-Parity,EQ_DUK,0.022242363222636865
2023-08-01,Combined Risk-Parity,EQ_EA,0.02435622198932353
2023-08-01,Combined Risk-Parity,EQ_GE,0.016499757292846362
2023-08-01,Combined Risk-Parity,EQ_GILD,0.023515039985706334
2023-08-01,Combined Risk-Parity,EQ_GS,0.01672869642286779
2023-08-01,Combined Risk-Parity,EQ_INTC,0.011680371651246106
2023-08-01,Combined Risk-Parity,EQ_KO,0.028136788197145646
2023-08-01,Combined Risk-Parity,EQ_MMM,0.014122530683694014
2023-08-01,Combined Risk-Parity,EQ_MRK,0.04352442366435319
2023-08-01,Combined Risk-Parity,EQ_MS,0.014833683450067412
2023-08-01,Combined Risk-Parity,EQ_NEE,0.018861798048590676
2023-08-01,Combined Risk-Parity,EQ_NEM,0.01690746395849804
2023-08-01,Combined Risk-Parity,EQ_NKE,0.011882810933749849
2023-08-01,Combined Risk-Parity,EQ_NUE,0.012279193898614775
2023-08-01,Combined Risk-Parity,EQ_NVDA,0.00928882177866886
2023-08-01,Combined Risk-Parity,EQ_O,0.023179629668601025
2023-08-01,Combined Risk-Parity,EQ_OXY,0.01597279712786809
2023-08-01,Combined Risk-Parity,EQ_PLD,0.014118796534390717
2023-08-01,Combined Risk-Parity,EQ_PSA,0.01963208736985815
2023-08-01,Combined Risk-Parity,EQ_QCOM,0.01115223101485618
2023-08-01,Combined Risk-Parity,EQ_SBUX,0.01702786631425087
2023-08-01,Combined Risk-Parity,EQ_SHW,0.014006152352320536
2023-08-01,Combined Risk-Parity,EQ_SLB,0.014752835230521483
2023-08-01,Combined Risk-Parity,EQ_SO,0.02177448611004832
2023-08-01,Combined Risk-Parity,EQ_T,0.02260860018309169
2023-08-01,Combined Risk-Parity,EQ_TMUS,0.028473207646371422
2023-08-01,Combined Risk-Parity,EQ_TTWO,0.01712045901751903
2023-08-01,Combined Risk-Parity,EQ_UPS,0.016243680303635377
2023-08-01,Combined Risk-Parity,EQ_USB,0.012523133023650657
2023-08-01,Combined Risk-Parity,EQ_V,0.018429904023232448
2023-08-01,Combined Risk-Parity,EQ_WFC,0.015623911624243314
2023-08-01,Combined Risk-Parity,EQ_WMT,0.028580549914356247
2023-08-01,Combined Risk-Parity,EQ_XOM,0.018146474118956306
2023-08-01,Combined Risk-Parity,CR_ADA-USD,0.007869373653880482
2023-08-01,Combined Risk-Parity,CR_BCH-USD,0.009146085795269923
2023-08-01,Combined Risk-Parity,CR_BTC-USD,0.01043666554722847
2023-08-01,Combined Risk-Parity,CR_EOS-USD,0.007759930316186269
2023-08-01,Combined Risk-Parity,CR_ETC-USD,0.006518093050862963
2023-08-01,Combined Risk-Parity,CR_ETH-USD,0.007886353149147653
2023-08-01,Combined Risk-Parity,CR_LTC-USD,0.008682087591235326
2023-08-01,Combined Risk-Parity,CR_TRX-USD,0.014775959326311814
2023-08-01,Combined Risk-Parity,CR_XLM-USD,0.007923329927327655
2023-08-01,Combined Risk-Parity,CR_XRP-USD,0.0075218529314413606
2023-09-01,Combined Risk-Parity,EQ_ABBV,0.034772657244774914
2023-09-01,Combined Risk-Parity,EQ_ABT,0.020235169748217516
2023-09-01,Combined Risk-Parity,EQ_ADBE,0.01171616914330984
2023-09-01,Combined Risk-Parity,EQ_AEP,0.0198708994757764
2023-09-01,Combined Risk-Parity,EQ_AMD,0.010237735635948467
2023-09-01,Combined Risk-Parity,EQ_AMGN,0.03107612245583858
2023-09-01,Combined Risk-Parity,EQ_AMT,0.014756972719470327
2023-09-01,Combined Risk-Parity,EQ_BA,0.01428148604367372
2023-09-01,Combined Risk-Parity,EQ_CAT,0.01498888247534736
2023-09-01,Combined Risk-Parity,EQ_CCI,0.015345066450249375
2023-09-01,Combined Risk-Parity,EQ_CMCSA,0.015832200683092143
2023-09-01,Combined Risk-Parity,EQ_COP,0.01518099323698988
2023-09-01,Combined Risk-Parity,EQ_CVX,0.01826185071067236
2023-09-01,Combined Risk-Parity,EQ_D,0.0205840787409486
2023-09-01,Combined Risk-Parity,EQ_DD,0.01487578682573971
2023-09-01,Combined Risk-Parity,EQ_DIS,0.012263728965792557
2023-09-01,Combined Risk-Parity,EQ_DOW,0.014862891049542994
2023-09-01,Combined Risk-Parity,EQ_DUK,0.021987744089240143
2023-09-01,Combined Risk-Parity,EQ_EA,0.022118487028623044
2023-09-01,Combined Risk-Parity,EQ_GE,0.017003617317554284
2023-09-01,Combined Risk-Parity,EQ_GILD,0.02295784789631426
2023-09-01,Combined Risk-Parity,EQ_GS,0.0168218930917679
2023-09-01,Combined Risk-Parity,EQ_INTC,0.011500645106141964
2023-09-01,Combined Risk-Parity,EQ_KO,0.029026908844865397
2023-09-01,Combined Risk-Parity,EQ_MMM,0.014832150684976139
2023-09-01,Combined Risk-Parity,EQ_MRK,0.0416953455308954
2023-09-01,Combined Risk-Parity,EQ_MS,0.015163977248277791
2023-09-01,Combined Risk-Parity,EQ_NEE,0.018521042214309818
2023-09-01,Combined Risk-Parity,EQ_NEM,0.017017678886699122
2023-09-01,Combined Risk-Parity,EQ_NKE,0.012193428501070856
2023-09-01,Combined Risk-Parity,EQ_NUE,0.012540510079604114
2023-09-01,Combined Risk-Parity,EQ_NVDA,0.009806639528791837
2023-09-01,Combined Risk-Parity,EQ_O,0.022763302658108546
2023-09-01,Combined Risk-Parity,EQ_OXY,0.015337181439635453
2023-09-01,Combined Risk-Parity,EQ_PLD,0.014172967932203118
2023-09-01,Combined Risk-Parity,EQ_PSA,0.01954459827562293
2023-09-01,Combined Risk-Parity,EQ_QCOM,0.011322079956308448
2023-09-01,Combined Risk-Parity,EQ_SBUX,0.017546354227775205
2023-09-01,Combined Risk-Parity,EQ_SHW,0.01429567478901222
2023-09-01,Combined Risk-Parity,EQ_SLB,0.014529000872094763
2023-09-01,Combined Risk-Parity,EQ_SO,0.021297629566998374
2023-09-01,Combined Risk-Parity,EQ_T,0.022117518198128867
2023-09-01,Combined Risk-Parity,EQ_TMUS,0.02802441663914858
2023-09-01,Combined Risk-Parity,EQ_TTWO,0.016717631713298636
2023-09-01,Combined Risk-Parity,EQ_UPS,0.016117964441653414
2023-09-01,Combined Risk-Parity,EQ_USB,0.012413215777245403
2023-09-01,Combined Risk-Parity,EQ_V,0.01882232418507736
2023-09-01,Combined Risk-Parity,EQ_WFC,0.015932872231892423
2023-09-01,Combined Risk-Parity,EQ_WMT,0.02996783403636924
2023-09-01,Combined Risk-Parity,EQ_XOM,0.018296488834439184
2023-09-01,Combined Risk-Parity,CR_ADA-USD,0.008000122251981002
2023-09-01,Combined Risk-Parity,CR_BCH-USD,0.008826660926354427
2023-09-01,Combined Risk-Parity,CR_BTC-USD,0.010627511021063699
2023-09-01,Combined Risk-Parity,CR_EOS-USD,0.0076872539198643815
2023-09-01,Combined Risk-Parity,CR_ETC-USD,0.006668439064434518
2023-09-01,Combined Risk-Parity,CR_ETH-USD,0.008415487000995458
2023-09-01,Combined Risk-Parity,CR_LTC-USD,0.008365458408102535
2023-09-01,Combined Risk-Parity,CR_TRX-USD,0.015052365678770883
2023-09-01,Combined Risk-Parity,CR_XLM-USD,0.007611670147021053
2023-09-01,Combined Risk-Parity,CR_XRP-USD,0.0071953681518830866
2023-10-02,Combined Risk-Parity,EQ_ABBV,0.033720722073321344
2023-10-02,Combined Risk-Parity,EQ_ABT,0.019862608328111566
2023-10-02,Combined Risk-Parity,EQ_ADBE,0.012531297817063289
2023-10-02,Combined Risk-Parity,EQ_AEP,0.01990597750648252
2023-10-02,Combined Risk-Parity,EQ_AMD,0.010144315744191796
2023-10-02,Combined Risk-Parity,EQ_AMGN,0.03230308039815601
2023-10-02,Combined Risk-Parity,EQ_AMT,0.014144528300457121
2023-10-02,Combined Risk-Parity,EQ_BA,0.015028401522017952
2023-10-02,Combined Risk-Parity,EQ_CAT,0.01508922131416425
2023-10-02,Combined Risk-Parity,EQ_CCI,0.014900715510315916
2023-10-02,Combined Risk-Parity,EQ_CMCSA,0.017058318132055866
2023-10-02,Combined Risk-Parity,EQ_COP,0.015200264281564735
2023-10-02,Combined Risk-Parity,EQ_CVX,0.018555665513206993
2023-10-02,Combined Risk-Parity,EQ_D,0.01991345867200075
2023-10-02,Combined Risk-Parity,EQ_DD,0.015317664553817507
2023-10-02,Combined Risk-Parity,EQ_DIS,0.012341564280280555
2023-10-02,Combined Risk-Parity,EQ_DOW,0.014805643457364842
2023-10-02,Combined Risk-Parity,EQ_DUK,0.022280845865870015
2023-10-02,Combined Risk-Parity,EQ_EA,0.02262035581551389
2023-10-02,Combined Risk-Parity,EQ_GE,0.016983428508019306
2023-10-02,Combined Risk-Parity,EQ_GILD,0.024001811999567104
2023-10-02,Combined Risk-Parity,EQ_GS,0.016480637604175598
2023-10-02,Combined Risk-Parity,EQ_INTC,0.011363002525901328
2023-10-02,Combined Risk-Parity,EQ_KO,0.03008659103681705
2023-10-02,Combined Risk-Parity,EQ_MMM,0.014483886345418315
2023-10-02,Combined Risk-Parity,EQ_MRK,0.04160785138846438
2023-10-02,Combined Risk-Parity,EQ_MS,0.014536622802011191
2023-10-02,Combined Risk-Parity,EQ_NEE,0.018075416407704468
2023-10-02,Combined Risk-Parity,EQ_NEM,0.017054728867296094
2023-10-02,Combined Risk-Parity,EQ_NKE,0.012343662581904438
2023-10-02,Combined Risk-Parity,EQ_NUE,0.011791048304733402
2023-10-02,Combined Risk-Parity,EQ_NVDA,0.009644188407828188
2023-10-02,Combined Risk-Parity,EQ_O,0.021773716574437996
2023-10-02,Combined Risk-Parity,EQ_OXY,0.015064194093232995
2023-10-02,Combined Risk-Parity,EQ_PLD,0.013594530859042898
2023-10-02,Combined Risk-Parity,EQ_PSA,0.018986943477423572
2023-10-02,Combined Risk-Parity,EQ_QCOM,0.010933908597207545
2023-10-02,Combined Risk-Parity,EQ_SBUX,0.016921248026991926
2023-10-02,Combined Risk-Parity,EQ_SHW,0.013938627712131888
2023-10-02,Combined Risk-Parity,EQ_SLB,0.015251880248994135
2023-10-02,Combined Risk-Parity,EQ_SO,0.02108288970552213
2023-10-02,Combined Risk-Parity,EQ_T,0.022161670619161643
2023-10-02,Combined Risk-Parity,EQ_TMUS,0.030966110879225777
2023-10-02,Combined Risk-Parity,EQ_TTWO,0.01692191176958811
2023-10-02,Combined Risk-Parity,EQ_UPS,0.01576337150513943
2023-10-02,Combined Risk-Parity,EQ_USB,0.011754864142339424
2023-10-02,Combined Risk-Parity,EQ_V,0.018911859368626497
2023-10-02,Combined Risk-Parity,EQ_WFC,0.015725398053516918
2023-10-02,Combined Risk-Parity,EQ_WMT,0.029982377372814156
2023-10-02,Combined Risk-Parity,EQ_XOM,0.018292758618763835
2023-10-02,Combined Risk-Parity,CR_ADA-USD,0.007658150799548902
2023-10-02,Combined Risk-Parity,CR_BCH-USD,0.008565482591645452
2023-10-02,Combined Risk-Parity,CR_BTC-USD,0.011102653018239062
2023-10-02,Combined Risk-Parity,CR_EOS-USD,0.008295561530636559
2023-10-02,Combined Risk-Parity,CR_ETC-USD,0.006672941788372119
2023-10-02,Combined Risk-Parity,CR_ETH-USD,0.00854292692444279
2023-10-02,Combined Risk-Parity,CR_LTC-USD,0.008045765901384396
2023-10-02,Combined Risk-Parity,CR_TRX-USD,0.014554352651577599
2023-10-02,Combined Risk-Parity,CR_XLM-USD,0.007437502738382799
2023-10-02,Combined Risk-Parity,CR_XRP-USD,0.006918874565811693
2023-11-01,Combined Risk-Parity,EQ_ABBV,0.035415774880566436
2023-11-01,Combined Risk-Parity,EQ_ABT,0.021647415399481864
2023-11-01,Combined Risk-Parity,EQ_ADBE,0.011815065518244112
2023-11-01,Combined Risk-Parity,EQ_AEP,0.020752632146588706
2023-11-01,Combined Risk-Parity,EQ_AMD,0.010581152976905478
2023-11-01,Combined Risk-Parity,EQ_AMGN,0.03101056023295858
2023-11-01,Combined Risk-Parity,EQ_AMT,0.014026725502596323
2023-11-01,Combined Risk-Parity,EQ_BA,0.014787130355696187
2023-11-01,Combined Risk-Parity,EQ_CAT,0.015036788974481392
2023-11-01,Combined Risk-Parity,EQ_CCI,0.014341726627784662
2023-11-01,Combined Risk-Parity,EQ_CMCSA,0.017129804690974606
2023-11-01,Combined Risk-Parity,EQ_COP,0.015229324775673863
2023-11-01,Combined Risk-Parity,EQ_CVX,0.018957951369311596
2023-11-01,Combined Risk-Parity,EQ_D,0.020391756043743763
2023-11-01,Combined Risk-Parity,EQ_DD,0.015751459835241368
2023-11-01,Combined Risk-Parity,EQ_DIS,0.012272440626716894
2023-11-01,Combined Risk-Parity,EQ_DOW,0.014513500720138694
2023-11-01,Combined Risk-Parity,EQ_DUK,0.024136915988215255
2023-11-01,Combined Risk-Parity,EQ_EA,0.022147780367336993
2023-11-01,Combined Risk-Parity,EQ_GE,0.017209366089748875
2023-11-01,Combined Risk-Parity,EQ_GILD,0.027894098843942675
2023-11-01,Combined Risk-Parity,EQ_GS,0.01650173642619582
2023-11-01,Combined Risk-Parity,EQ_INTC,0.012239470720958892
2023-11-01,Combined Risk-Parity,EQ_KO,0.029205561367264914
2023-11-01,Combined Risk-Parity,EQ_MMM,0.013652276575050215
2023-11-01,Combined Risk-Parity,EQ_MRK,0.043643107911781324
2023-11-01,Combined Risk-Parity,EQ_MS,0.014595087774359236
2023-11-01,Combined Risk-Parity,EQ_NEE,0.01772517638013645
2023-11-01,Combined Risk-Parity,EQ_NEM,0.015975732167737646
2023-11-01,Combined Risk-Parity,EQ_NKE,0.012599587484104226
2023-11-01,Combined Risk-Parity,EQ_NUE,0.011581510928847278
2023-11-01,Combined Risk-Parity,EQ_NVDA,0.009984556845207437
2023-11-01,Combined Risk-Parity,EQ_O,0.022240682322618454
2023-11-01,Combined Risk-Parity,EQ_OXY,0.014071127661982704
2023-11-01,Combined Risk-Parity,EQ_PLD,0.012744353704107468
2023-11-01,Combined Risk-Parity,EQ_PSA,0.01753482509474287
2023-11-01,Combined Risk-Parity,EQ_QCOM,0.010905096374246404
2023-11-01,Combined Risk-Parity,EQ_SBUX,0.016832200466929053
2023-11-01,Combined Risk-Parity,EQ_SHW,0.014543583837378938
2023-11-01,Combined Risk-Parity,EQ_SLB,0.015388190734678918
2023-11-01,Combined Risk-Parity,EQ_SO,0.022531074915697075
2023-11-01,Combined Risk-Parity,EQ_T,0.02305453880574852
2023-11-01,Combined Risk-Parity,EQ_TMUS,0.03357342662822414
2023-11-01,Combined Risk-Parity,EQ_TTWO,0.015639116030626288
2023-11-01,Combined Risk-Parity,EQ_UPS,0.01479542582965701
2023-11-01,Combined Risk-Parity,EQ_USB,0.0105034089099574
2023-11-01,Combined Risk-Parity,EQ_V,0.018883326286839912
2023-11-01,Combined Risk-Parity,EQ_WFC,0.015225127168160962
2023-11-01,Combined Risk-Parity,EQ_WMT,0.031576294321380885
2023-11-01,Combined Risk-Parity,EQ_XOM,0.018551101379776894
2023-11-01,Combined Risk-Parity,CR_ADA-USD,0.007354192127287972
2023-11-01,Combined Risk-Parity,CR_BCH-USD,0.007689274560937268
2023-11-01,Combined Risk-Parity,CR_BTC-USD,0.010510559933396668
2023-11-01,Combined Risk-Parity,CR_EOS-USD,0.007483215025630932
2023-11-01,Combined Risk-Parity,CR_ETC-USD,0.005953197386425399
2023-11-01,Combined Risk-Parity,CR_ETH-USD,0.007937891113722777
2023-11-01,Combined Risk-Parity,CR_LTC-USD,0.007196087940639008
2023-11-01,Combined Risk-Parity,CR_TRX-USD,0.012272778164542184
2023-11-01,Combined Risk-Parity,CR_XLM-USD,0.006266351496849928
2023-11-01,Combined Risk-Parity,CR_XRP-USD,0.0059903752298223305
2023-12-01,Combined Risk-Parity,EQ_ABBV,0.03742876468892098
2023-12-01,Combined Risk-Parity,EQ_ABT,0.022886669318517402
2023-12-01,Combined Risk-Parity,EQ_ADBE,0.012584864140420397
2023-12-01,Combined Risk-Parity,EQ_AEP,0.01983016482315423
2023-12-01,Combined Risk-Parity,EQ_AMD,0.012397679659991162
2023-12-01,Combined Risk-Parity,EQ_AMGN,0.025199064437548036
2023-12-01,Combined Risk-Parity,EQ_AMT,0.014170823437491153
2023-12-01,Combined Risk-Parity,EQ_BA,0.014061417331388897
2023-12-01,Combined Risk-Parity,EQ_CAT,0.014025707959451303
2023-12-01,Combined Risk-Parity,EQ_CCI,0.014354277728308587
2023-12-01,Combined Risk-Parity,EQ_CMCSA,0.01677499322192658
2023-12-01,Combined Risk-Parity,EQ_COP,0.015483685683093766
2023-12-01,Combined Risk-Parity,EQ_CVX,0.01915501818320164
2023-12-01,Combined Risk-Parity,EQ_D,0.01827643327990593
2023-12-01,Combined Risk-Parity,EQ_DD,0.014509194659980934
2023-12-01,Combined Risk-Parity,EQ_DIS,0.013708253097939408
2023-12-01,Combined Risk-Parity,EQ_DOW,0.015264713756017718
2023-12-01,Combined Risk-Parity,EQ_DUK,0.0235233810811911
2023-12-01,Combined Risk-Parity,EQ_EA,0.021439730209515097
2023-12-01,Combined Risk-Parity,EQ_GE,0.017351238737969732
2023-12-01,Combined Risk-Parity,EQ_GILD,0.02376588904995614
2023-12-01,Combined Risk-Parity,EQ_GS,0.015137242391132882
2023-12-01,Combined Risk-Parity,EQ_INTC,0.013124767359351534
2023-12-01,Combined Risk-Parity,EQ_KO,0.03193531016595407
2023-12-01,Combined Risk-Parity,EQ_MMM,0.01293000271289252
2023-12-01,Combined Risk-Parity,EQ_MRK,0.03805861353778001
2023-12-01,Combined Risk-Parity,EQ_MS,0.01359591203076305
2023-12-01,Combined Risk-Parity,EQ_NEE,0.01716277435275442
2023-12-01,Combined Risk-Parity,EQ_NEM,0.017776440892286978
2023-12-01,Combined Risk-Parity,EQ_NKE,0.013540023990658654
2023-12-01,Combined Risk-Parity,EQ_NUE,0.011508276376613249
2023-12-01,Combined Risk-Parity,EQ_NVDA,0.011883886681542109
2023-12-01,Combined Risk-Parity,EQ_O,0.021043843420662216
2023-12-01,Combined Risk-Parity,EQ_OXY,0.016204358466282678
2023-12-01,Combined Risk-Parity,EQ_PLD,0.01235755760054637
2023-12-01,Combined Risk-Parity,EQ_PSA,0.017961688128843103
2023-12-01,Combined Risk-Parity,EQ_QCOM,0.011102058356005792
2023-12-01,Combined Risk-Parity,EQ_SBUX,0.016309785137619524
2023-12-01,Combined Risk-Parity,EQ_SHW,0.01479111518890068
2023-12-01,Combined Risk-Parity,EQ_SLB,0.014079896096914839
2023-12-01,Combined Risk-Parity,EQ_SO,0.02166919725035642
2023-12-01,Combined Risk-Parity,EQ_T,0.022194300683053256
2023-12-01,Combined Risk-Parity,EQ_TMUS,0.03167512782873164
2023-12-01,Combined Risk-Parity,EQ_TTWO,0.014944215209420537
2023-12-01,Combined Risk-Parity,EQ_UPS,0.015174749003262118
2023-12-01,Combined Risk-Parity,EQ_USB,0.009151347461082211
2023-12-01,Combined Risk-Parity,EQ_V,0.020950171456725654
2023-12-01,Combined Risk-Parity,EQ_WFC,0.01418250406487477
2023-12-01,Combined Risk-Parity,EQ_WMT,0.03369223357159435
2023-12-01,Combined Risk-Parity,EQ_XOM,0.01877870041596577
2023-12-01,Combined Risk-Parity,CR_ADA-USD,0.007919436764806338
2023-12-01,Combined Risk-Parity,CR_BCH-USD,0.008933216210871175
2023-12-01,Combined Risk-Parity,CR_BTC-USD,0.012466146761576265
2023-12-01,Combined Risk-Parity,CR_EOS-USD,0.008205077907222278
2023-12-01,Combined Risk-Parity,CR_ETC-USD,0.007108420948039735
2023-12-01,Combined Risk-Parity,CR_ETH-USD,0.01093526628337102
2023-12-01,Combined Risk-Parity,CR_LTC-USD,0.008537075137121286
2023-12-01,Combined Risk-Parity,CR_TRX-USD,0.013023238851100412
2023-12-01,Combined Risk-Parity,CR_XLM-USD,0.006940344175554758
2023-12-01,Combined Risk-Parity,CR_XRP-USD,0.006823712641875214
2021-01-04,Equity Max-Sharpe,EQ_ABBV,2.5466177493746683e-17
2021-01-04,Equity Max-Sharpe,EQ_ABT,0.0
2021-01-04,Equity Max-Sharpe,EQ_ADBE,2.6036053265201268e-17
2021-01-04,Equity Max-Sharpe,EQ_AEP,3.215276128048261e-18
2021-01-04,Equity Max-Sharpe,EQ_AMD,1.993002145554053e-17
2021-01-04,Equity Max-Sharpe,EQ_AMGN,0.0
2021-01-04,Equity Max-Sharpe,EQ_AMT,0.0
2021-01-04,Equity Max-Sharpe,EQ_BA,0.0
2021-01-04,Equity Max-Sharpe,EQ_CAT,0.0
2021-01-04,Equity Max-Sharpe,EQ_CCI,1.176823818554409e-18
2021-01-04,Equity Max-Sharpe,EQ_CMCSA,6.652803597208948e-19
2021-01-04,Equity Max-Sharpe,EQ_COP,3.468119312584711e-18
2021-01-04,Equity Max-Sharpe,EQ_CVX,7.61440207702594e-18
2021-01-04,Equity Max-Sharpe,EQ_D,9.951508315631898e-19
2021-01-04,Equity Max-Sharpe,EQ_DD,0.0
2021-01-04,Equity Max-Sharpe,EQ_DIS,0.0
2021-01-04,Equity Max-Sharpe,EQ_DOW,0.0
2021-01-04,Equity Max-Sharpe,EQ_DUK,0.0
2021-01-04,Equity Max-Sharpe,EQ_EA,0.0
2021-01-04,Equity Max-Sharpe,EQ_GE,0.0
2021-01-04,Equity Max-Sharpe,EQ_GILD,0.0
2021-01-04,Equity Max-Sharpe,EQ_GS,0.0
2021-01-04,Equity Max-Sharpe,EQ_INTC,3.482969139071446e-18
2021-01-04,Equity Max-Sharpe,EQ_KO,0.0
2021-01-04,Equity Max-Sharpe,EQ_MMM,3.752636702419437e-19
2021-01-04,Equity Max-Sharpe,EQ_MRK,3.874459277846396e-19
2021-01-04,Equity Max-Sharpe,EQ_MS,0.0
2021-01-04,Equity Max-Sharpe,EQ_NEE,5.9835780831236366e-18
2021-01-04,Equity Max-Sharpe,EQ_NEM,0.16230075636738067
2021-01-04,Equity Max-Sharpe,EQ_NKE,4.182256538130088e-18
2021-01-04,Equity Max-Sharpe,EQ_NUE,0.0
2021-01-04,Equity Max-Sharpe,EQ_NVDA,0.19713094015759294
2021-01-04,Equity Max-Sharpe,EQ_O,3.0835919502782057e-18
2021-01-04,Equity Max-Sharpe,EQ_OXY,1.5442848227684572e-17
2021-01-04,Equity Max-Sharpe,EQ_PLD,0.0
2021-01-04,Equity Max-Sharpe,EQ_PSA,0.0
2021-01-04,Equity Max-Sharpe,EQ_QCOM,0.001986130959040055
2021-01-04,Equity Max-Sharpe,EQ_SBUX,0.0
2021-01-04,Equity Max-Sharpe,EQ_SHW,0.0
2021-01-04,Equity Max-Sharpe,EQ_SLB,1.339142034187203e-17
2021-01-04,Equity Max-Sharpe,EQ_SO,0.0
2021-01-04,Equity Max-Sharpe,EQ_T,5.69170081991572e-18
2021-01-04,Equity Max-Sharpe,EQ_TMUS,0.29137234147374874
2021-01-04,Equity Max-Sharpe,EQ_TTWO,0.23939239853202515
2021-01-04,Equity Max-Sharpe,EQ_UPS,0.10781743251021242
2021-01-04,Equity Max-Sharpe,EQ_USB,1.2060759202927425e-17
2021-01-04,Equity Max-Sharpe,EQ_V,0.0
2021-01-04,Equity Max-Sharpe,EQ_WFC,1.8002512817258496e-17
2021-01-04,Equity Max-Sharpe,EQ_WMT,1.366313157716633e-17
2021-01-04,Equity Max-Sharpe,EQ_XOM,1.6896083692490114e-17
2021-02-01,Equity Max-Sharpe,EQ_ABBV,0.0008372279958477236
2021-02-01,Equity Max-Sharpe,EQ_ABT,0.0
2021-02-01,Equity Max-Sharpe,EQ_ADBE,3.0485945869677486e-17
2021-02-01,Equity Max-Sharpe,EQ_AEP,0.0
2021-02-01,Equity Max-Sharpe,EQ_AMD,0.0
2021-02-01,Equity Max-Sharpe,EQ_AMGN,2.4262153476667338e-17
2021-02-01,Equity Max-Sharpe,EQ_AMT,4.0236547943212684e-18
2021-02-01,Equity Max-Sharpe,EQ_BA,0.0
2021-02-01,Equity Max-Sharpe,EQ_CAT,0.0
2021-02-01,Equity Max-Sharpe,EQ_CCI,1.483964786560703e-17
2021-02-01,Equity Max-Sharpe,EQ_CMCSA,2.4053611091880782e-17
2021-02-01,Equity Max-Sharpe,EQ_COP,0.0
2021-02-01,Equity Max-Sharpe,EQ_CVX,0.0
2021-02-01,Equity Max-Sharpe,EQ_D,0.0
2021-02-01,Equity Max-Sharpe,EQ_DD,0.11223088398593441
2021-02-01,Equity Max-Sharpe,EQ_DIS,2.4565987034921657e-17
2021-02-01,Equity Max-Sharpe,EQ_DOW,2.902529281069364e-17
2021-02-01,Equity Max-Sharpe,EQ_DUK,2.8772614511078282e-18
2021-02-01,Equity Max-Sharpe,EQ_EA,0.0
2021-02-01,Equity Max-Sharpe,EQ_GE,1.4407537287568216e-18
2021-02-01,Equity Max-Sharpe,EQ_GILD,6.487171100827821e-18
2021-02-01,Equity Max-Sharpe,EQ_GS,1.0166665284085275e-17
2021-02-01,Equity Max-Sharpe,EQ_INTC,0.0
2021-02-01,Equity Max-Sharpe,EQ_KO,9.838433711506975e-20
2021-02-01,Equity Max-Sharpe,EQ_MMM,2.402945158932686e-17
2021-02-01,Equity Max-Sharpe,EQ_MRK,0.0
2021-02-01,Equity Max-Sharpe,EQ_MS,1.961139345964265e-17
2021-02-01,Equity Max-Sharpe,EQ_NEE,3.403908591850903e-17
2021-02-01,Equity Max-Sharpe,EQ_NEM,0.14477890976670182
2021-02-01,Equity Max-Sharpe,EQ_NKE,0.0
2021-02-01,Equity Max-Sharpe,EQ_NUE,0.0
2021-02-01,Equity Max-Sharpe,EQ_NVDA,0.2555974898463429
2021-02-01,Equity Max-Sharpe,EQ_O,6.326411526801509e-19
2021-02-01,Equity Max-Sharpe,EQ_OXY,0.0
2021-02-01,Equity Max-Sharpe,EQ_PLD,9.250641149733521e-18
2021-02-01,Equity Max-Sharpe,EQ_PSA,1.8253588384139117e-17
2021-02-01,Equity Max-Sharpe,EQ_QCOM,0.11655971348201569
2021-02-01,Equity Max-Sharpe,EQ_SBUX,2.353483234164391e-17
2021-02-01,Equity Max-Sharpe,EQ_SHW,3.151939293478525e-17
2021-02-01,Equity Max-Sharpe,EQ_SLB,0.0
2021-02-01,Equity Max-Sharpe,EQ_SO,0.0
2021-02-01,Equity Max-Sharpe,EQ_T,3.068701483832244e-18
2021-02-01,Equity Max-Sharpe,EQ_TMUS,0.07670263527466994
2021-02-01,Equity Max-Sharpe,EQ_TTWO,0.18780219549465377
2021-02-01,Equity Max-Sharpe,EQ_UPS,0.10549094415383374
2021-02-01,Equity Max-Sharpe,EQ_USB,0.0
2021-02-01,Equity Max-Sharpe,EQ_V,0.0
2021-02-01,Equity Max-Sharpe,EQ_WFC,0.0
2021-02-01,Equity Max-Sharpe,EQ_WMT,0.0
2021-02-01,Equity Max-Sharpe,EQ_XOM,3.306016516401562e-18
2021-03-01,Equity Max-Sharpe,EQ_ABBV,0.0
2021-03-01,Equity Max-Sharpe,EQ_ABT,1.5690671162713448e-17
2021-03-01,Equity Max-Sharpe,EQ_ADBE,2.6914601273330714e-18
2021-03-01,Equity Max-Sharpe,EQ_AEP,0.0
2021-03-01,Equity Max-Sharpe,EQ_AMD,0.0
2021-03-01,Equity Max-Sharpe,EQ_AMGN,0.0
2021-03-01,Equity Max-Sharpe,EQ_AMT,0.0
2021-03-01,Equity Max-Sharpe,EQ_BA,0.0
2021-03-01,Equity Max-Sharpe,EQ_CAT,0.3009842249123601
2021-03-01,Equity Max-Sharpe,EQ_CCI,0.0
2021-03-01,Equity Max-Sharpe,EQ_CMCSA,0.0
2021-03-01,Equity Max-Sharpe,EQ_COP,0.0
2021-03-01,Equity Max-Sharpe,EQ_CVX,7.306874118076706e-19
2021-03-01,Equity Max-Sharpe,EQ_D,0.0
2021-03-01,Equity Max-Sharpe,EQ_DD,2.0896241142054822e-17
2021-03-01,Equity Max-Sharpe,EQ_DIS,0.0
2021-03-01,Equity Max-Sharpe,EQ_DOW,8.48106917966617e-18
2021-03-01,Equity Max-Sharpe,EQ_DUK,1.8920826658225095e-18
2021-03-01,Equity Max-Sharpe,EQ_EA,0.0
2021-03-01,Equity Max-Sharpe,EQ_GE,0.0
2021-03-01,Equity Max-Sharpe,EQ_GILD,0.0
2021-03-01,Equity Max-Sharpe,EQ_GS,3.276695054393242e-17
2021-03-01,Equity Max-Sharpe,EQ_INTC,1.3141882813397588e-18
2021-03-01,Equity Max-Sharpe,EQ_KO,0.0
2021-03-01,Equity Max-Sharpe,EQ_MMM,0.0
2021-03-01,Equity Max-Sharpe,EQ_MRK,2.4786205476131005e-18
2021-03-01,Equity Max-Sharpe,EQ_MS,0.0
2021-03-01,Equity Max-Sharpe,EQ_NEE,0.0
2021-03-01,Equity Max-Sharpe,EQ_NEM,0.0
2021-03-01,Equity Max-Sharpe,EQ_NKE,4.337001651730694e-18
2021-03-01,Equity Max-Sharpe,EQ_NUE,7.459557856185356e-18
2021-03-01,Equity Max-Sharpe,EQ_NVDA,0.08776432352275934
2021-03-01,Equity Max-Sharpe,EQ_O,0.0
2021-03-01,Equity Max-Sharpe,EQ_OXY,1.448609237284451e-18
2021-03-01,Equity Max-Sharpe,EQ_PLD,0.0
2021-03-01,Equity Max-Sharpe,EQ_PSA,1.1594797898641945e-17
2021-03-01,Equity Max-Sharpe,EQ_QCOM,0.0
2021-03-01,Equity Max-Sharpe,EQ_SBUX,1.4052319365508993e-17
2021-03-01,Equity Max-Sharpe,EQ_SHW,0.0
2021-03-01,Equity Max-Sharpe,EQ_SLB,0.0
2021-03-01,Equity Max-Sharpe,EQ_SO,0.0
2021-03-01,Equity Max-Sharpe,EQ_T,0.0
2021-03-01,Equity Max-Sharpe,EQ_TMUS,6.649140762318369e-18
2021-03-01,Equity Max-Sharpe,EQ_TTWO,0.32971471939733515
2021-03-01,Equity Max-Sharpe,EQ_UPS,0.28153673216754554
2021-03-01,Equity Max-Sharpe,EQ_USB,0.0
2021-03-01,Equity Max-Sharpe,EQ_V,0.0
2021-03-01,Equity Max-Sharpe,EQ_WFC,0.0
2021-03-01,Equity Max-Sharpe,EQ_WMT,0.0
2021-03-01,Equity Max-Sharpe,EQ_XOM,3.435269716954648e-18
2021-04-01,Equity Max-Sharpe,EQ_ABBV,0.11331574684447367
2021-04-01,Equity Max-Sharpe,EQ_ABT,0.0660689904758561
2021-04-01,Equity Max-Sharpe,EQ_ADBE,0.0
2021-04-01,Equity Max-Sharpe,EQ_AEP,0.0
2021-04-01,Equity Max-Sharpe,EQ_AMD,3.690309074526674e-18
2021-04-01,Equity Max-Sharpe,EQ_AMGN,0.0
2021-04-01,Equity Max-Sharpe,EQ_AMT,1.0534680143265666e-17
2021-04-01,Equity Max-Sharpe,EQ_BA,9.077701421410542e-18
2021-04-01,Equity Max-Sharpe,EQ_CAT,0.028097128145324324
2021-04-01,Equity Max-Sharpe,EQ_CCI,0.0
2021-04-01,Equity Max-Sharpe,EQ_CMCSA,3.0410025581804618e-18
2021-04-01,Equity Max-Sharpe,EQ_COP,0.0
2021-04-01,Equity Max-Sharpe,EQ_CVX,1.5706168513804321e-18
2021-04-01,Equity Max-Sharpe,EQ_D,2.366548805468358e-18
2021-04-01,Equity Max-Sharpe,EQ_DD,0.09702163572652076
2021-04-01,Equity Max-Sharpe,EQ_DIS,0.05362614535825191
2021-04-01,Equity Max-Sharpe,EQ_DOW,0.0
2021-04-01,Equity Max-Sharpe,EQ_DUK,0.0
2021-04-01,Equity Max-Sharpe,EQ_EA,0.06634196644084134
2021-04-01,Equity Max-Sharpe,EQ_GE,8.831305110877193e-18
2021-04-01,Equity Max-Sharpe,EQ_GILD,1.3359652036038844e-17
2021-04-01,Equity Max-Sharpe,EQ_GS,0.10694412617251581
2021-04-01,Equity Max-Sharpe,EQ_INTC,2.2187214515603427e-18
2021-04-01,Equity Max-Sharpe,EQ_KO,1.1975852265284478e-17
2021-04-01,Equity Max-Sharpe,EQ_MMM,1.64455758934553e-17
2021-04-01,Equity Max-Sharpe,EQ_MRK,1.1450433473836243e-17
2021-04-01,Equity Max-Sharpe,EQ_MS,0.028809152878671994
2021-04-01,Equity Max-Sharpe,EQ_NEE,0.0
2021-04-01,Equity Max-Sharpe,EQ_NEM,0.01267493241817356
2021-04-01,Equity Max-Sharpe,EQ_NKE,0.0
2021-04-01,Equity Max-Sharpe,EQ_NUE,0.14229450840646932
2021-04-01,Equity Max-Sharpe,EQ_NVDA,0.017825763795548163
2021-04-01,Equity Max-Sharpe,EQ_O,6.656064939951046e-18
2021-04-01,Equity Max-Sharpe,EQ_OXY,0.0
2021-04-01,Equity Max-Sharpe,EQ_PLD,0.0
2021-04-01,Equity Max-Sharpe,EQ_PSA,0.0030618300962270556
2021-04-01,Equity Max-Sharpe,EQ_QCOM,0.0
2021-04-01,Equity Max-Sharpe,EQ_SBUX,2.4023628929258857e-17
2021-04-01,Equity Max-Sharpe,EQ_SHW,3.5402237823348063e-19
2021-04-01,Equity Max-Sharpe,EQ_SLB,0.0
2021-04-01,Equity Max-Sharpe,EQ_SO,0.0
2021-04-01,Equity Max-Sharpe,EQ_T,7.479140400098732e-18
2021-04-01,Equity Max-Sharpe,EQ_TMUS,2.7061565007505206e-18
2021-04-01,Equity Max-Sharpe,EQ_TTWO,0.1755228131565613
2021-04-01,Equity Max-Sharpe,EQ_UPS,0.0883952600845647
2021-04-01,Equity Max-Sharpe,EQ_USB,7.464750732969456e-19
2021-04-01,Equity Max-Sharpe,EQ_V,2.9265180501432908e-18
2021-04-01,Equity Max-Sharpe,EQ_WFC,1.6882180706112932e-17
2021-04-01,Equity Max-Sharpe,EQ_WMT,0.0
2021-04-01,Equity Max-Sharpe,EQ_XOM,6.4003582997644e-19
2021-05-03,Equity Max-Sharpe,EQ_ABBV,0.1331829417599615
2021-05-03,Equity Max-Sharpe,EQ_ABT,0.0
2021-05-03,Equity Max-Sharpe,EQ_ADBE,0.0
2021-05-03,Equity Max-Sharpe,EQ_AEP,4.965555127717378e-18
2021-05-03,Equity Max-Sharpe,EQ_AMD,0.0
2021-05-03,Equity Max-Sharpe,EQ_AMGN,0.0
2021-05-03,Equity Max-Sharpe,EQ_AMT,0.0
2021-05-03,Equity Max-Sharpe,EQ_BA,4.1797072605954475e-18
2021-05-03,Equity Max-Sharpe,EQ_CAT,0.15103321704687797
2021-05-03,Equity Max-Sharpe,EQ_CCI,5.843900033925988e-18
2021-05-03,Equity Max-Sharpe,EQ_CMCSA,0.0
2021-05-03,Equity Max-Sharpe,EQ_COP,1.1925980535292255e-18
2021-05-03,Equity Max-Sharpe,EQ_CVX,3.1959235753204394e-18
2021-05-03,Equity Max-Sharpe,EQ_D,3.319353144072388e-18
2021-05-03,Equity Max-Sharpe,EQ_DD,0.0
2021-05-03,Equity Max-Sharpe,EQ_DIS,1.4954698115041543e-17
2021-05-03,Equity Max-Sharpe,EQ_DOW,3.0615474540835754e-18
2021-05-03,Equity Max-Sharpe,EQ_DUK,6.176514607132232e-18
2021-05-03,Equity Max-Sharpe,EQ_EA,1.5540965920285235e-17
2021-05-03,Equity Max-Sharpe,EQ_GE,0.005950119740762317
2021-05-03,Equity Max-Sharpe,EQ_GILD,1.554654999413614e-17
2021-05-03,Equity Max-Sharpe,EQ_GS,0.0
2021-05-03,Equity Max-Sharpe,EQ_INTC,1.0558284083393118e-18
2021-05-03,Equity Max-Sharpe,EQ_KO,0.0
2021-05-03,Equity Max-Sharpe,EQ_MMM,5.038935489628467e-18
2021-05-03,Equity Max-Sharpe,EQ_MRK,0.0
2021-05-03,Equity Max-Sharpe,EQ_MS,0.12125048344400985
2021-05-03,Equity Max-Sharpe,EQ_NEE,0.0
2021-05-03,Equity Max-Sharpe,EQ_NEM,2.031125185484655e-18
2021-05-03,Equity Max-Sharpe,EQ_NKE,0.0
2021-05-03,Equity Max-Sharpe,EQ_NUE,0.003743914966454936
2021-05-03,Equity Max-Sharpe,EQ_NVDA,0.06869128562330995
2021-05-03,Equity Max-Sharpe,EQ_O,4.18559273385442e-18
2021-05-03,Equity Max-Sharpe,EQ_OXY,1.0719170565263073e-17
2021-05-03,Equity Max-Sharpe,EQ_PLD,2.8129285295196217e-18
2021-05-03,Equity Max-Sharpe,EQ_PSA,0.19998534210129432
2021-05-03,Equity Max-Sharpe,EQ_QCOM,0.0
2021-05-03,Equity Max-Sharpe,EQ_SBUX,5.1446691798506966e-18
2021-05-03,Equity Max-Sharpe,EQ_SHW,0.029038049025365668
2021-05-03,Equity Max-Sharpe,EQ_SLB,9.353252007278986e-18
2021-05-03,Equity Max-Sharpe,EQ_SO,3.2842025209892e-18
2021-05-03,Equity Max-Sharpe,EQ_T,0.0
2021-05-03,Equity Max-Sharpe,EQ_TMUS,0.0
2021-05-03,Equity Max-Sharpe,EQ_TTWO,0.10239851135191025
2021-05-03,Equity Max-Sharpe,EQ_UPS,0.1847261349400532
2021-05-03,Equity Max-Sharpe,EQ_USB,5.8365387525120895e-18
2021-05-03,Equity Max-Sharpe,EQ_V,3.933158838002523e-18
2021-05-03,Equity Max-Sharpe,EQ_WFC,0.0
2021-05-03,Equity Max-Sharpe,EQ_WMT,0.0
2021-05-03,Equity Max-Sharpe,EQ_XOM,0.0
2021-06-01,Equity Max-Sharpe,EQ_ABBV,5.465911629967944e-18
2021-06-01,Equity Max-Sharpe,EQ_ABT,1.5465057252582428e-17
2021-06-01,Equity Max-Sharpe,EQ_ADBE,0.0
2021-06-01,Equity Max-Sharpe,EQ_AEP,0.0
2021-06-01,Equity Max-Sharpe,EQ_AMD,7.771364669477404e-18
2021-06-01,Equity Max-Sharpe,EQ_AMGN,0.0
2021-06-01,Equity Max-Sharpe,EQ_AMT,0.0
2021-06-01,Equity Max-Sharpe,EQ_BA,0.0
2021-06-01,Equity Max-Sharpe,EQ_CAT,0.12187566258443239
2021-06-01,Equity Max-Sharpe,EQ_CCI,0.0
2021-06-01,Equity Max-Sharpe,EQ_CMCSA,1.150028904480557e-17
2021-06-01,Equity Max-Sharpe,EQ_COP,0.0
2021-06-01,Equity Max-Sharpe,EQ_CVX,0.0
2021-06-01,Equity Max-Sharpe,EQ_D,0.0
2021-06-01,Equity Max-Sharpe,EQ_DD,0.0
2021-06-01,Equity Max-Sharpe,EQ_DIS,5.376512240986474e-18
2021-06-01,Equity Max-Sharpe,EQ_DOW,0.0
2021-06-01,Equity Max-Sharpe,EQ_DUK,1.9253689131664464e-17
2021-06-01,Equity Max-Sharpe,EQ_EA,1.2890597102464813e-17
2021-06-01,Equity Max-Sharpe,EQ_GE,0.07018025390454619
2021-06-01,Equity Max-Sharpe,EQ_GILD,4.40916822372408e-18
2021-06-01,Equity Max-Sharpe,EQ_GS,1.5022816850749812e-18
2021-06-01,Equity Max-Sharpe,EQ_INTC,0.0
2021-06-01,Equity Max-Sharpe,EQ_KO,0.0
2021-06-01,Equity Max-Sharpe,EQ_MMM,3.727437694780464e-18
2021-06-01,Equity Max-Sharpe,EQ_MRK,3.758813053702603e-18
2021-06-01,Equity Max-Sharpe,EQ_MS,0.12708005369659708
2021-06-01,Equity Max-Sharpe,EQ_NEE,1.6160658851388293e-18
2021-06-01,Equity Max-Sharpe,EQ_NEM,4.638420342815782e-18
2021-06-01,Equity Max-Sharpe,EQ_NKE,3.0811529963474204e-18
2021-06-01,Equity Max-Sharpe,EQ_NUE,0.09467163027035058
2021-06-01,Equity Max-Sharpe,EQ_NVDA,0.05447764641310666
2021-06-01,Equity Max-Sharpe,EQ_O,2.2007365441729802e-18
2021-06-01,Equity Max-Sharpe,EQ_OXY,0.0
2021-06-01,Equity Max-Sharpe,EQ_PLD,0.0
2021-06-01,Equity Max-Sharpe,EQ_PSA,0.20736927909245315
2021-06-01,Equity Max-Sharpe,EQ_QCOM,1.7168342232133544e-18
2021-06-01,Equity Max-Sharpe,EQ_SBUX,0.0
2021-06-01,Equity Max-Sharpe,EQ_SHW,8.583916158124254e-18
2021-06-01,Equity Max-Sharpe,EQ_SLB,0.0
2021-06-01,Equity Max-Sharpe,EQ_SO,0.0
2021-06-01,Equity Max-Sharpe,EQ_T,0.0
2021-06-01,Equity Max-Sharpe,EQ_TMUS,2.197847676455906e-17
2021-06-01,Equity Max-Sharpe,EQ_TTWO,0.11420184744944978
2021-06-01,Equity Max-Sharpe,EQ_UPS,0.21014362658906421
2021-06-01,Equity Max-Sharpe,EQ_USB,6.2908345135325435e-18
2021-06-01,Equity Max-Sharpe,EQ_V,0.0
2021-06-01,Equity Max-Sharpe,EQ_WFC,0.0
2021-06-01,Equity Max-Sharpe,EQ_WMT,1.1940094231103432e-17
2021-06-01,Equity Max-Sharpe,EQ_XOM,3.303201344681163e-19
2021-07-01,Equity Max-Sharpe,EQ_ABBV,0.0
2021-07-01,Equity Max-Sharpe,EQ_ABT,0.0209513313388621
2021-07-01,Equity Max-Sharpe,EQ_ADBE,0.0
2021-07-01,Equity Max-Sharpe,EQ_AEP,1.8537291778872275e-19
2021-07-01,Equity Max-Sharpe,EQ_AMD,0.03625445880017972
2021-07-01,Equity Max-Sharpe,EQ_AMGN,3.0143273113906594e-18
2021-07-01,Equity Max-Sharpe,EQ_AMT,4.3093809547662146e-18
2021-07-01,Equity Max-Sharpe,EQ_BA,0.0
2021-07-01,Equity Max-Sharpe,EQ_CAT,3.0411960840274664e-17
2021-07-01,Equity Max-Sharpe,EQ_CCI,0.0
2021-07-01,Equity Max-Sharpe,EQ_CMCSA,2.5238943307915766e-18
2021-07-01,Equity Max-Sharpe,EQ_COP,0.0
2021-07-01,Equity Max-Sharpe,EQ_CVX,0.0
2021-07-01,Equity Max-Sharpe,EQ_D,2.9821855575137193e-18
2021-07-01,Equity Max-Sharpe,EQ_DD,0.0
2021-07-01,Equity Max-Sharpe,EQ_DIS,0.005693435699879011
2021-07-01,Equity Max-Sharpe,EQ_DOW,0.0
2021-07-01,Equity Max-Sharpe,EQ_DUK,0.0
2021-07-01,Equity Max-Sharpe,EQ_EA,9.248315374533596e-19
2021-07-01,Equity Max-Sharpe,EQ_GE,0.0790564973218534
2021-07-01,Equity Max-Sharpe,EQ_GILD,1.0181823223455112e-19
2021-07-01,Equity Max-Sharpe,EQ_GS,0.17464633825780623
2021-07-01,Equity Max-Sharpe,EQ_INTC,0.0
2021-07-01,Equity Max-Sharpe,EQ_KO,4.3171365019693495e-18
2021-07-01,Equity Max-Sharpe,EQ_MMM,7.859878044215929e-18
2021-07-01,Equity Max-Sharpe,EQ_MRK,1.3226285935290296e-18
2021-07-01,Equity Max-Sharpe,EQ_MS,0.0
2021-07-01,Equity Max-Sharpe,EQ_NEE,8.085220661782157e-19
2021-07-01,Equity Max-Sharpe,EQ_NEM,1.1845929368988473e-18
2021-07-01,Equity Max-Sharpe,EQ_NKE,0.06640700546082197
2021-07-01,Equity Max-Sharpe,EQ_NUE,0.099755986574714
2021-07-01,Equity Max-Sharpe,EQ_NVDA,0.0925178892516428
2021-07-01,Equity Max-Sharpe,EQ_O,0.0
2021-07-01,Equity Max-Sharpe,EQ_OXY,0.0
2021-07-01,Equity Max-Sharpe,EQ_PLD,3.054297686566537e-18
2021-07-01,Equity Max-Sharpe,EQ_PSA,0.33750099698725206
2021-07-01,Equity Max-Sharpe,EQ_QCOM,0.0
2021-07-01,Equity Max-Sharpe,EQ_SBUX,3.375640332487012e-18
2021-07-01,Equity Max-Sharpe,EQ_SHW,7.855216337846558e-18
2021-07-01,Equity Max-Sharpe,EQ_SLB,0.0
2021-07-01,Equity Max-Sharpe,EQ_SO,0.0
2021-07-01,Equity Max-Sharpe,EQ_T,0.0
2021-07-01,Equity Max-Sharpe,EQ_TMUS,2.8999074026491876e-18
2021-07-01,Equity Max-Sharpe,EQ_TTWO,1.0281069132021405e-17
2021-07-01,Equity Max-Sharpe,EQ_UPS,0.08721606030698884
2021-07-01,Equity Max-Sharpe,EQ_USB,0.0
2021-07-01,Equity Max-Sharpe,EQ_V,8.908628468696486e-18
2021-07-01,Equity Max-Sharpe,EQ_WFC,7.952218611926472e-18
2021-07-01,Equity Max-Sharpe,EQ_WMT,6.430984774589028e-18
2021-07-01,Equity Max-Sharpe,EQ_XOM,9.088001204380346e-18
2021-08-02,Equity Max-Sharpe,EQ_ABBV,0.0029679975392391668
2021-08-02,Equity Max-Sharpe,EQ_ABT,0.0
2021-08-02,Equity Max-Sharpe,EQ_ADBE,0.007223663285023852
2021-08-02,Equity Max-Sharpe,EQ_AEP,0.0
2021-08-02,Equity Max-Sharpe,EQ_AMD,4.842948268073435e-18
2021-08-02,Equity Max-Sharpe,EQ_AMGN,4.887250208153202e-18
2021-08-02,Equity Max-Sharpe,EQ_AMT,3.1045977234512398e-18
2021-08-02,Equity Max-Sharpe,EQ_BA,0.0
2021-08-02,Equity Max-Sharpe,EQ_CAT,0.0
2021-08-02,Equity Max-Sharpe,EQ_CCI,8.017139039717486e-19
2021-08-02,Equity Max-Sharpe,EQ_CMCSA,0.0
2021-08-02,Equity Max-Sharpe,EQ_COP,0.0
2021-08-02,Equity Max-Sharpe,EQ_CVX,7.611946962482198e-18
2021-08-02,Equity Max-Sharpe,EQ_D,0.0
2021-08-02,Equity Max-Sharpe,EQ_DD,0.0
2021-08-02,Equity Max-Sharpe,EQ_DIS,1.705600719125478e-18
2021-08-02,Equity Max-Sharpe,EQ_DOW,1.0150971475405842e-17
2021-08-02,Equity Max-Sharpe,EQ_DUK,0.004277378892550271
2021-08-02,Equity Max-Sharpe,EQ_EA,3.2748250216686465e-18
2021-08-02,Equity Max-Sharpe,EQ_GE,0.07118061268140777
2021-08-02,Equity Max-Sharpe,EQ_GILD,0.0
2021-08-02,Equity Max-Sharpe,EQ_GS,0.12615818248753902
2021-08-02,Equity Max-Sharpe,EQ_INTC,0.0
2021-08-02,Equity Max-Sharpe,EQ_KO,0.0
2021-08-02,Equity Max-Sharpe,EQ_MMM,1.0763116231754564e-17
2021-08-02,Equity Max-Sharpe,EQ_MRK,7.071901123000247e-18
2021-08-02,Equity Max-Sharpe,EQ_MS,0.026205265168174348
2021-08-02,Equity Max-Sharpe,EQ_NEE,2.08485890903385e-18
2021-08-02,Equity Max-Sharpe,EQ_NEM,2.7790342007934015e-18
2021-08-02,Equity Max-Sharpe,EQ_NKE,0.13138004211508542
2021-08-02,Equity Max-Sharpe,EQ_NUE,0.11955991915646128
2021-08-02,Equity Max-Sharpe,EQ_NVDA,0.09107325972465033
2021-08-02,Equity Max-Sharpe,EQ_O,3.9251711457480604e-18
2021-08-02,Equity Max-Sharpe,EQ_OXY,0.0
2021-08-02,Equity Max-Sharpe,EQ_PLD,0.0
2021-08-02,Equity Max-Sharpe,EQ_PSA,0.3885679404377907
2021-08-02,Equity Max-Sharpe,EQ_QCOM,2.9944385036532358e-18
2021-08-02,Equity Max-Sharpe,EQ_SBUX,0.031405738512078014
2021-08-02,Equity Max-Sharpe,EQ_SHW,2.8538853642148465e-18
2021-08-02,Equity Max-Sharpe,EQ_SLB,0.0
2021-08-02,Equity Max-Sharpe,EQ_SO,1.4278135366366462e-19
2021-08-02,Equity Max-Sharpe,EQ_T,0.0
2021-08-02,Equity Max-Sharpe,EQ_TMUS,0.0
2021-08-02,Equity Max-Sharpe,EQ_TTWO,0.0
2021-08-02,Equity Max-Sharpe,EQ_UPS,0.0
2021-08-02,Equity Max-Sharpe,EQ_USB,9.278657360339126e-19
2021-08-02,Equity Max-Sharpe,EQ_V,7.375976305109947e-18
2021-08-02,Equity Max-Sharpe,EQ_WFC,0.0
2021-08-02,Equity Max-Sharpe,EQ_WMT,2.8809722969365093e-18
2021-08-02,Equity Max-Sharpe,EQ_XOM,2.9198009162067202e-19
2021-09-01,Equity Max-Sharpe,EQ_ABBV,0.022478037752114443
2021-09-01,Equity Max-Sharpe,EQ_ABT,0.0
2021-09-01,Equity Max-Sharpe,EQ_ADBE,0.0
2021-09-01,Equity Max-Sharpe,EQ_AEP,1.7071754189850947e-17
2021-09-01,Equity Max-Sharpe,EQ_AMD,0.0
2021-09-01,Equity Max-Sharpe,EQ_AMGN,0.0
2021-09-01,Equity Max-Sharpe,EQ_AMT,6.127230463769951e-18
2021-09-01,Equity Max-Sharpe,EQ_BA,0.0
2021-09-01,Equity Max-Sharpe,EQ_CAT,9.392779176512272e-18
2021-09-01,Equity Max-Sharpe,EQ_CCI,1.8043401453413113e-17
2021-09-01,Equity Max-Sharpe,EQ_CMCSA,2.6151213671854667e-18
2021-09-01,Equity Max-Sharpe,EQ_COP,0.0
2021-09-01,Equity Max-Sharpe,EQ_CVX,0.0
2021-09-01,Equity Max-Sharpe,EQ_D,0.0
2021-09-01,Equity Max-Sharpe,EQ_DD,0.0
2021-09-01,Equity Max-Sharpe,EQ_DIS,8.709335522598468e-18
2021-09-01,Equity Max-Sharpe,EQ_DOW,4.7129431329936074e-18
2021-09-01,Equity Max-Sharpe,EQ_DUK,0.052642685434385814
2021-09-01,Equity Max-Sharpe,EQ_EA,4.1258948089568765e-19
2021-09-01,Equity Max-Sharpe,EQ_GE,0.0649128999722124
2021-09-01,Equity Max-Sharpe,EQ_GILD,1.0973883161131317e-18
2021-09-01,Equity Max-Sharpe,EQ_GS,0.19997656891000737
2021-09-01,Equity Max-Sharpe,EQ_INTC,0.0
2021-09-01,Equity Max-Sharpe,EQ_KO,0.0
2021-09-01,Equity Max-Sharpe,EQ_MMM,5.6793092544897495e-18
2021-09-01,Equity Max-Sharpe,EQ_MRK,1.4037483505244057e-18
2021-09-01,Equity Max-Sharpe,EQ_MS,0.0
2021-09-01,Equity Max-Sharpe,EQ_NEE,1.1134743564058816e-18
2021-09-01,Equity Max-Sharpe,EQ_NEM,0.0
2021-09-01,Equity Max-Sharpe,EQ_NKE,0.06493169244810956
2021-09-01,Equity Max-Sharpe,EQ_NUE,0.11338060477116975
2021-09-01,Equity Max-Sharpe,EQ_NVDA,0.0881223920809275
2021-09-01,Equity Max-Sharpe,EQ_O,2.948679070452192e-18
2021-09-01,Equity Max-Sharpe,EQ_OXY,0.0
2021-09-01,Equity Max-Sharpe,EQ_PLD,0.0
2021-09-01,Equity Max-Sharpe,EQ_PSA,0.3935551186310732
2021-09-01,Equity Max-Sharpe,EQ_QCOM,0.0
2021-09-01,Equity Max-Sharpe,EQ_SBUX,5.063816087363687e-18
2021-09-01,Equity Max-Sharpe,EQ_SHW,1.3398135640523593e-17
2021-09-01,Equity Max-Sharpe,EQ_SLB,0.0
2021-09-01,Equity Max-Sharpe,EQ_SO,0.0
2021-09-01,Equity Max-Sharpe,EQ_T,0.0
2021-09-01,Equity Max-Sharpe,EQ_TMUS,0.0
2021-09-01,Equity Max-Sharpe,EQ_TTWO,0.0
2021-09-01,Equity Max-Sharpe,EQ_UPS,4.797035120527658e-18
2021-09-01,Equity Max-Sharpe,EQ_USB,7.712414943653767e-18
2021-09-01,Equity Max-Sharpe,EQ_V,0.0
2021-09-01,Equity Max-Sharpe,EQ_WFC,1.9884094016250627e-17
2021-09-01,Equity Max-Sharpe,EQ_WMT,4.1342750192705826e-18
2021-09-01,Equity Max-Sharpe,EQ_XOM,0.0
2021-10-01,Equity Max-Sharpe,EQ_ABBV,0.008950386979980721
2021-10-01,Equity Max-Sharpe,EQ_ABT,0.0023633149146809838
2021-10-01,Equity Max-Sharpe,EQ_ADBE,0.0
2021-10-01,Equity Max-Sharpe,EQ_AEP,0.0
2021-10-01,Equity Max-Sharpe,EQ_AMD,0.0
2021-10-01,Equity Max-Sharpe,EQ_AMGN,0.0
2021-10-01,Equity Max-Sharpe,EQ_AMT,3.997013087116826e-17
2021-10-01,Equity Max-Sharpe,EQ_BA,0.0
2021-10-01,Equity Max-Sharpe,EQ_CAT,8.489927363966287e-18
2021-10-01,Equity Max-Sharpe,EQ_CCI,0.0
2021-10-01,Equity Max-Sharpe,EQ_CMCSA,0.0
2021-10-01,Equity Max-Sharpe,EQ_COP,0.0
2021-10-01,Equity Max-Sharpe,EQ_CVX,0.0
2021-10-01,Equity Max-Sharpe,EQ_D,0.0
2021-10-01,Equity Max-Sharpe,EQ_DD,0.0
2021-10-01,Equity Max-Sharpe,EQ_DIS,0.0
2021-10-01,Equity Max-Sharpe,EQ_DOW,0.0
2021-10-01,Equity Max-Sharpe,EQ_DUK,0.0
2021-10-01,Equity Max-Sharpe,EQ_EA,0.0
2021-10-01,Equity Max-Sharpe,EQ_GE,0.10899116670354259
2021-10-01,Equity Max-Sharpe,EQ_GILD,0.012049343586851669
2021-10-01,Equity Max-Sharpe,EQ_GS,0.04341458269001368
2021-10-01,Equity Max-Sharpe,EQ_INTC,0.0
2021-10-01,Equity Max-Sharpe,EQ_KO,0.0
2021-10-01,Equity Max-Sharpe,EQ_MMM,7.64666996724763e-18
2021-10-01,Equity Max-Sharpe,EQ_MRK,3.4208826980770477e-18
2021-10-01,Equity Max-Sharpe,EQ_MS,0.161502169761237
2021-10-01,Equity Max-Sharpe,EQ_NEE,0.0
2021-10-01,Equity Max-Sharpe,EQ_NEM,0.0
2021-10-01,Equity Max-Sharpe,EQ_NKE,3.3554860880734183e-18
2021-10-01,Equity Max-Sharpe,EQ_NUE,0.054876184552998405
2021-10-01,Equity Max-Sharpe,EQ_NVDA,0.11764131375553812
2021-10-01,Equity Max-Sharpe,EQ_O,3.534728432107603e-18
2021-10-01,Equity Max-Sharpe,EQ_OXY,0.04681246163244115
2021-10-01,Equity Max-Sharpe,EQ_PLD,0.0
2021-10-01,Equity Max-Sharpe,EQ_PSA,0.4368980559693376
2021-10-01,Equity Max-Sharpe,EQ_QCOM,0.0
2021-10-01,Equity Max-Sharpe,EQ_SBUX,0.0
2021-10-01,Equity Max-Sharpe,EQ_SHW,0.0
2021-10-01,Equity Max-Sharpe,EQ_SLB,0.0
2021-10-01,Equity Max-Sharpe,EQ_SO,0.0
2021-10-01,Equity Max-Sharpe,EQ_T,0.0
2021-10-01,Equity Max-Sharpe,EQ_TMUS,0.0
2021-10-01,Equity Max-Sharpe,EQ_TTWO,9.502847168277884e-19
2021-10-01,Equity Max-Sharpe,EQ_UPS,5.1143330371121815e-18
2021-10-01,Equity Max-Sharpe,EQ_USB,0.0
2021-10-01,Equity Max-Sharpe,EQ_V,0.0
2021-10-01,Equity Max-Sharpe,EQ_WFC,0.006501019453378222
2021-10-01,Equity Max-Sharpe,EQ_WMT,7.6208044000600405e-19
2021-10-01,Equity Max-Sharpe,EQ_XOM,0.0
2021-11-01,Equity Max-Sharpe,EQ_ABBV,0.05124908672786518
2021-11-01,Equity Max-Sharpe,EQ_ABT,0.08558550880456833
2021-11-01,Equity Max-Sharpe,EQ_ADBE,5.0798865303512006e-18
2021-11-01,Equity Max-Sharpe,EQ_AEP,3.860073261136414e-18
2021-11-01,Equity Max-Sharpe,EQ_AMD,0.011906017138908228
2021-11-01,Equity Max-Sharpe,EQ_AMGN,5.820308043367801e-18
2021-11-01,Equity Max-Sharpe,EQ_AMT,2.3564782434499904e-18
2021-11-01,Equity Max-Sharpe,EQ_BA,0.0
2021-11-01,Equity Max-Sharpe,EQ_CAT,3.4765123243265154e-19
2021-11-01,Equity Max-Sharpe,EQ_CCI,1.3404493565186206e-18
2021-11-01,Equity Max-Sharpe,EQ_CMCSA,0.0
2021-11-01,Equity Max-Sharpe,EQ_COP,0.0008082808752847111
2021-11-01,Equity Max-Sharpe,EQ_CVX,0.0
2021-11-01,Equity Max-Sharpe,EQ_D,4.844933495794898e-18
2021-11-01,Equity Max-Sharpe,EQ_DD,0.0
2021-11-01,Equity Max-Sharpe,EQ_DIS,0.0
2021-11-01,Equity Max-Sharpe,EQ_DOW,3.726167641524782e-19
2021-11-01,Equity Max-Sharpe,EQ_DUK,7.937247554130315e-18
2021-11-01,Equity Max-Sharpe,EQ_EA,1.6246527943408258e-17
2021-11-01,Equity Max-Sharpe,EQ_GE,0.0
2021-11-01,Equity Max-Sharpe,EQ_GILD,3.904874098109897e-19
2021-11-01,Equity Max-Sharpe,EQ_GS,0.17458842482737127
2021-11-01,Equity Max-Sharpe,EQ_INTC,0.0
2021-11-01,Equity Max-Sharpe,EQ_KO,3.534232506308617e-18
2021-11-01,Equity Max-Sharpe,EQ_MMM,0.0
2021-11-01,Equity Max-Sharpe,EQ_MRK,0.03267979432100208
2021-11-01,Equity Max-Sharpe,EQ_MS,0.0
2021-11-01,Equity Max-Sharpe,EQ_NEE,2.349293123423807e-18
2021-11-01,Equity Max-Sharpe,EQ_NEM,4.604676745398404e-18
2021-11-01,Equity Max-Sharpe,EQ_NKE,3.8531593782588715e-18
2021-11-01,Equity Max-Sharpe,EQ_NUE,0.022835277798311363
2021-11-01,Equity Max-Sharpe,EQ_NVDA,0.08606434889786745
2021-11-01,Equity Max-Sharpe,EQ_O,3.3895099350368935e-18
2021-11-01,Equity Max-Sharpe,EQ_OXY,0.05751469516037979
2021-11-01,Equity Max-Sharpe,EQ_PLD,0.03228396842478039
2021-11-01,Equity Max-Sharpe,EQ_PSA,0.33778025622086894
2021-11-01,Equity Max-Sharpe,EQ_QCOM,0.0
2021-11-01,Equity Max-Sharpe,EQ_SBUX,0.0
2021-11-01,Equity Max-Sharpe,EQ_SHW,0.025924610915597574
2021-11-01,Equity Max-Sharpe,EQ_SLB,0.0
2021-11-01,Equity Max-Sharpe,EQ_SO,0.0
2021-11-01,Equity Max-Sharpe,EQ_T,0.0
2021-11-01,Equity Max-Sharpe,EQ_TMUS,0.0
2021-11-01,Equity Max-Sharpe,EQ_TTWO,9.453968658254696e-18
2021-11-01,Equity Max-Sharpe,EQ_UPS,9.231250589332233e-19
2021-11-01,Equity Max-Sharpe,EQ_USB,1.7068712878993006e-18
2021-11-01,Equity Max-Sharpe,EQ_V,1.1510287735944437e-17
2021-11-01,Equity Max-Sharpe,EQ_WFC,0.08077972988719488
2021-11-01,Equity Max-Sharpe,EQ_WMT,2.53352779397305e-19
2021-11-01,Equity Max-Sharpe,EQ_XOM,1.1241687350913071e-17
2021-12-01,Equity Max-Sharpe,EQ_ABBV,0.0
2021-12-01,Equity Max-Sharpe,EQ_ABT,0.019689553338495983
2021-12-01,Equity Max-Sharpe,EQ_ADBE,0.0
2021-12-01,Equity Max-Sharpe,EQ_AEP,6.023202425425096e-18
2021-12-01,Equity Max-Sharpe,EQ_AMD,0.0
2021-12-01,Equity Max-Sharpe,EQ_AMGN,0.0
2021-12-01,Equity Max-Sharpe,EQ_AMT,0.0
2021-12-01,Equity Max-Sharpe,EQ_BA,0.0
2021-12-01,Equity Max-Sharpe,EQ_CAT,4.6127347363040486e-18
2021-12-01,Equity Max-Sharpe,EQ_CCI,0.0
2021-12-01,Equity Max-Sharpe,EQ_CMCSA,0.0
2021-12-01,Equity Max-Sharpe,EQ_COP,0.04064516236935309
2021-12-01,Equity Max-Sharpe,EQ_CVX,0.0
2021-12-01,Equity Max-Sharpe,EQ_D,0.0
2021-12-01,Equity Max-Sharpe,EQ_DD,1.4027415513875218e-18
2021-12-01,Equity Max-Sharpe,EQ_DIS,0.0
2021-12-01,Equity Max-Sharpe,EQ_DOW,0.0
2021-12-01,Equity Max-Sharpe,EQ_DUK,5.20077764517159e-18
2021-12-01,Equity Max-Sharpe,EQ_EA,4.290594505932652e-18
2021-12-01,Equity Max-Sharpe,EQ_GE,0.0
2021-12-01,Equity Max-Sharpe,EQ_GILD,0.09035394002312204
2021-12-01,Equity Max-Sharpe,EQ_GS,0.12350992776676252
2021-12-01,Equity Max-Sharpe,EQ_INTC,0.0
2021-12-01,Equity Max-Sharpe,EQ_KO,2.751218003416368e-18
2021-12-01,Equity Max-Sharpe,EQ_MMM,9.34226452437487e-19
2021-12-01,Equity Max-Sharpe,EQ_MRK,0.0
2021-12-01,Equity Max-Sharpe,EQ_MS,0.0
2021-12-01,Equity Max-Sharpe,EQ_NEE,0.0
2021-12-01,Equity Max-Sharpe,EQ_NEM,0.0
2021-12-01,Equity Max-Sharpe,EQ_NKE,0.0
2021-12-01,Equity Max-Sharpe,EQ_NUE,0.05224298252625075
2021-12-01,Equity Max-Sharpe,EQ_NVDA,0.14917630014416106
2021-12-01,Equity Max-Sharpe,EQ_O,0.0
2021-12-01,Equity Max-Sharpe,EQ_OXY,0.0
2021-12-01,Equity Max-Sharpe,EQ_PLD,0.03442046249891767
2021-12-01,Equity Max-Sharpe,EQ_PSA,0.3728069027932094
2021-12-01,Equity Max-Sharpe,EQ_QCOM,5.456323599591383e-18
2021-12-01,Equity Max-Sharpe,EQ_SBUX,7.366560174904215e-19
2021-12-01,Equity Max-Sharpe,EQ_SHW,0.025796494074418135
2021-12-01,Equity Max-Sharpe,EQ_SLB,0.0
2021-12-01,Equity Max-Sharpe,EQ_SO,0.0
2021-12-01,Equity Max-Sharpe,EQ_T,0.0
2021-12-01,Equity Max-Sharpe,EQ_TMUS,0.0
2021-12-01,Equity Max-Sharpe,EQ_TTWO,0.0
2021-12-01,Equity Max-Sharpe,EQ_UPS,3.1057012918422926e-18
2021-12-01,Equity Max-Sharpe,EQ_USB,0.0
2021-12-01,Equity Max-Sharpe,EQ_V,0.0
2021-12-01,Equity Max-Sharpe,EQ_WFC,0.06149596722706532
2021-12-01,Equity Max-Sharpe,EQ_WMT,1.4188351773853535e-18
2021-12-01,Equity Max-Sharpe,EQ_XOM,0.02986230723824416
2022-01-03,Equity Max-Sharpe,EQ_ABBV,0.0
2022-01-03,Equity Max-Sharpe,EQ_ABT,0.07314601364880795
2022-01-03,Equity Max-Sharpe,EQ_ADBE,1.0438305966491316e-17
2022-01-03,Equity Max-Sharpe,EQ_AEP,1.3706091228265058e-18
2022-01-03,Equity Max-Sharpe,EQ_AMD,0.0
2022-01-03,Equity Max-Sharpe,EQ_AMGN,5.202122817387747e-18
2022-01-03,Equity Max-Sharpe,EQ_AMT,0.0
2022-01-03,Equity Max-Sharpe,EQ_BA,0.0
2022-01-03,Equity Max-Sharpe,EQ_CAT,5.843669539700971e-18
2022-01-03,Equity Max-Sharpe,EQ_CCI,0.0
2022-01-03,Equity Max-Sharpe,EQ_CMCSA,6.2275123734440806e-18
2022-01-03,Equity Max-Sharpe,EQ_COP,0.08686944842620505
2022-01-03,Equity Max-Sharpe,EQ_CVX,4.837908470995653e-19
2022-01-03,Equity Max-Sharpe,EQ_D,0.0
2022-01-03,Equity Max-Sharpe,EQ_DD,3.82761743442313e-18
2022-01-03,Equity Max-Sharpe,EQ_DIS,1.1940072036539194e-18
2022-01-03,Equity Max-Sharpe,EQ_DOW,4.786563876654246e-18
2022-01-03,Equity Max-Sharpe,EQ_DUK,0.0
2022-01-03,Equity Max-Sharpe,EQ_EA,2.027896956260955e-18
2022-01-03,Equity Max-Sharpe,EQ_GE,1.3359846402327123e-18
2022-01-03,Equity Max-Sharpe,EQ_GILD,0.11584320175757648
2022-01-03,Equity Max-Sharpe,EQ_GS,0.0
2022-01-03,Equity Max-Sharpe,EQ_INTC,1.0846673953610568e-18
2022-01-03,Equity Max-Sharpe,EQ_KO,0.0
2022-01-03,Equity Max-Sharpe,EQ_MMM,1.1463839137600819e-18
2022-01-03,Equity Max-Sharpe,EQ_MRK,0.0
2022-01-03,Equity Max-Sharpe,EQ_MS,2.7452401478817927e-18
2022-01-03,Equity Max-Sharpe,EQ_NEE,8.957997123888689e-19
2022-01-03,Equity Max-Sharpe,EQ_NEM,3.5617749002513647e-19
2022-01-03,Equity Max-Sharpe,EQ_NKE,1.602594518477524e-18
2022-01-03,Equity Max-Sharpe,EQ_NUE,0.10526298104117991
2022-01-03,Equity Max-Sharpe,EQ_NVDA,0.09393390342263398
2022-01-03,Equity Max-Sharpe,EQ_O,0.0
2022-01-03,Equity Max-Sharpe,EQ_OXY,1.3986101508912171e-18
2022-01-03,Equity Max-Sharpe,EQ_PLD,0.10157778707585378
2022-01-03,Equity Max-Sharpe,EQ_PSA,0.36698303000520843
2022-01-03,Equity Max-Sharpe,EQ_QCOM,1.6747780536461343e-18
2022-01-03,Equity Max-Sharpe,EQ_SBUX,2.3729826348128733e-18
2022-01-03,Equity Max-Sharpe,EQ_SHW,0.028801476940144708
2022-01-03,Equity Max-Sharpe,EQ_SLB,4.156922595690513e-19
2022-01-03,Equity Max-Sharpe,EQ_SO,4.2219797053202524e-18
2022-01-03,Equity Max-Sharpe,EQ_T,0.0
2022-01-03,Equity Max-Sharpe,EQ_TMUS,0.0
2022-01-03,Equity Max-Sharpe,EQ_TTWO,3.267434224313374e-19
2022-01-03,Equity Max-Sharpe,EQ_UPS,5.450577474582474e-18
2022-01-03,Equity Max-Sharpe,EQ_USB,1.1771709057218152e-18
2022-01-03,Equity Max-Sharpe,EQ_V,1.4914013233344443e-19
2022-01-03,Equity Max-Sharpe,EQ_WFC,0.027582157682389714
2022-01-03,Equity Max-Sharpe,EQ_WMT,4.667080873449552e-18
2022-01-03,Equity Max-Sharpe,EQ_XOM,0.0
2022-02-01,Equity Max-Sharpe,EQ_ABBV,0.11400097739157902
2022-02-01,Equity Max-Sharpe,EQ_ABT,5.167578125280412e-18
2022-02-01,Equity Max-Sharpe,EQ_ADBE,1.0009479300678927e-17
2022-02-01,Equity Max-Sharpe,EQ_AEP,8.65893660275339e-18
2022-02-01,Equity Max-Sharpe,EQ_AMD,0.0
2022-02-01,Equity Max-Sharpe,EQ_AMGN,0.0
2022-02-01,Equity Max-Sharpe,EQ_AMT,0.0
2022-02-01,Equity Max-Sharpe,EQ_BA,9.631481232521052e-18
2022-02-01,Equity Max-Sharpe,EQ_CAT,1.2124174735791115e-18
2022-02-01,Equity Max-Sharpe,EQ_CCI,3.281002468995852e-18
2022-02-01,Equity Max-Sharpe,EQ_CMCSA,0.0
2022-02-01,Equity Max-Sharpe,EQ_COP,0.1650272975859063
2022-02-01,Equity Max-Sharpe,EQ_CVX,0.0
2022-02-01,Equity Max-Sharpe,EQ_D,1.7797834201440658e-18
2022-02-01,Equity Max-Sharpe,EQ_DD,5.362158011978344e-18
2022-02-01,Equity Max-Sharpe,EQ_DIS,5.81067653471378e-18
2022-02-01,Equity Max-Sharpe,EQ_DOW,0.0
2022-02-01,Equity Max-Sharpe,EQ_DUK,0.0
2022-02-01,Equity Max-Sharpe,EQ_EA,1.2468603634123904e-18
2022-02-01,Equity Max-Sharpe,EQ_GE,6.527833522164942e-18
2022-02-01,Equity Max-Sharpe,EQ_GILD,2.5174188946870242e-18
2022-02-01,Equity Max-Sharpe,EQ_GS,0.0
2022-02-01,Equity Max-Sharpe,EQ_INTC,1.0213489821786588e-17
2022-02-01,Equity Max-Sharpe,EQ_KO,4.3349224949720546e-18
2022-02-01,Equity Max-Sharpe,EQ_MMM,1.0319541131948405e-18
2022-02-01,Equity Max-Sharpe,EQ_MRK,1.1597813057250545e-17
2022-02-01,Equity Max-Sharpe,EQ_MS,0.004032434499438742
2022-02-01,Equity Max-Sharpe,EQ_NEE,0.0
2022-02-01,Equity Max-Sharpe,EQ_NEM,2.9365451355099494e-18
2022-02-01,Equity Max-Sharpe,EQ_NKE,1.497017123332981e-18
2022-02-01,Equity Max-Sharpe,EQ_NUE,0.07335496077862035
2022-02-01,Equity Max-Sharpe,EQ_NVDA,0.06726420228178007
2022-02-01,Equity Max-Sharpe,EQ_O,4.4248896267296416e-18
2022-02-01,Equity Max-Sharpe,EQ_OXY,0.0
2022-02-01,Equity Max-Sharpe,EQ_PLD,0.07236867116739623
2022-02-01,Equity Max-Sharpe,EQ_PSA,0.4040809019788014
2022-02-01,Equity Max-Sharpe,EQ_QCOM,0.0
2022-02-01,Equity Max-Sharpe,EQ_SBUX,5.650276035217958e-18
2022-02-01,Equity Max-Sharpe,EQ_SHW,1.506540068245823e-18
2022-02-01,Equity Max-Sharpe,EQ_SLB,0.0
2022-02-01,Equity Max-Sharpe,EQ_SO,0.03822469001532521
2022-02-01,Equity Max-Sharpe,EQ_T,0.0
2022-02-01,Equity Max-Sharpe,EQ_TMUS,6.496900391451937e-18
2022-02-01,Equity Max-Sharpe,EQ_TTWO,7.942097748680551e-18
2022-02-01,Equity Max-Sharpe,EQ_UPS,0.0
2022-02-01,Equity Max-Sharpe,EQ_USB,5.029948380947152e-19
2022-02-01,Equity Max-Sharpe,EQ_V,0.0
2022-02-01,Equity Max-Sharpe,EQ_WFC,0.06164586430115262
2022-02-01,Equity Max-Sharpe,EQ_WMT,7.786980410952589e-18
2022-02-01,Equity Max-Sharpe,EQ_XOM,0.0
2022-03-01,Equity Max-Sharpe,EQ_ABBV,0.1812886004955143
2022-03-01,Equity Max-Sharpe,EQ_ABT,1.03051617558764e-18
2022-03-01,Equity Max-Sharpe,EQ_ADBE,0.0
2022-03-01,Equity Max-Sharpe,EQ_AEP,0.03955946863776589
2022-03-01,Equity Max-Sharpe,EQ_AMD,2.0798866020528462e-17
2022-03-01,Equity Max-Sharpe,EQ_AMGN,0.0
2022-03-01,Equity Max-Sharpe,EQ_AMT,1.2765969506270405e-20
2022-03-01,Equity Max-Sharpe,EQ_BA,0.0
2022-03-01,Equity Max-Sharpe,EQ_CAT,0.0
2022-03-01,Equity Max-Sharpe,EQ_CCI,0.0
2022-03-01,Equity Max-Sharpe,EQ_CMCSA,9.575493741801929e-18
2022-03-01,Equity Max-Sharpe,EQ_COP,0.1548540462400012
2022-03-01,Equity Max-Sharpe,EQ_CVX,0.0
2022-03-01,Equity Max-Sharpe,EQ_D,0.0
2022-03-01,Equity Max-Sharpe,EQ_DD,0.0
2022-03-01,Equity Max-Sharpe,EQ_DIS,5.239721384971361e-18
2022-03-01,Equity Max-Sharpe,EQ_DOW,0.0
2022-03-01,Equity Max-Sharpe,EQ_DUK,0.0
2022-03-01,Equity Max-Sharpe,EQ_EA,0.0
2022-03-01,Equity Max-Sharpe,EQ_GE,0.0
2022-03-01,Equity Max-Sharpe,EQ_GILD,0.0
2022-03-01,Equity Max-Sharpe,EQ_GS,0.0
2022-03-01,Equity Max-Sharpe,EQ_INTC,0.0
2022-03-01,Equity Max-Sharpe,EQ_KO,0.034343935186182596
2022-03-01,Equity Max-Sharpe,EQ_MMM,0.0
2022-03-01,Equity Max-Sharpe,EQ_MRK,0.0
2022-03-01,Equity Max-Sharpe,EQ_MS,0.0
2022-03-01,Equity Max-Sharpe,EQ_NEE,0.0
2022-03-01,Equity Max-Sharpe,EQ_NEM,0.025295292475532867
2022-03-01,Equity Max-Sharpe,EQ_NKE,0.0
2022-03-01,Equity Max-Sharpe,EQ_NUE,0.09894366698240513
2022-03-01,Equity Max-Sharpe,EQ_NVDA,0.06458692966447448
2022-03-01,Equity Max-Sharpe,EQ_O,0.0
2022-03-01,Equity Max-Sharpe,EQ_OXY,0.0
2022-03-01,Equity Max-Sharpe,EQ_PLD,7.663126220378141e-18
2022-03-01,Equity Max-Sharpe,EQ_PSA,0.40112806031812365
2022-03-01,Equity Max-Sharpe,EQ_QCOM,3.128854312322286e-18
2022-03-01,Equity Max-Sharpe,EQ_SBUX,8.514521756460828e-19
2022-03-01,Equity Max-Sharpe,EQ_SHW,0.0
2022-03-01,Equity Max-Sharpe,EQ_SLB,1.541806663341341e-17
2022-03-01,Equity Max-Sharpe,EQ_SO,0.0
2022-03-01,Equity Max-Sharpe,EQ_T,0.0
2022-03-01,Equity Max-Sharpe,EQ_TMUS,0.0
2022-03-01,Equity Max-Sharpe,EQ_TTWO,0.0
2022-03-01,Equity Max-Sharpe,EQ_UPS,1.5260647039197075e-18
2022-03-01,Equity Max-Sharpe,EQ_USB,0.0
2022-03-01,Equity Max-Sharpe,EQ_V,0.0
2022-03-01,Equity Max-Sharpe,EQ_WFC,1.8896467109691272e-17
2022-03-01,Equity Max-Sharpe,EQ_WMT,0.0
2022-03-01,Equity Max-Sharpe,EQ_XOM,0.0
2022-04-01,Equity Max-Sharpe,EQ_ABBV,0.2989049449729381
2022-04-01,Equity Max-Sharpe,EQ_ABT,0.0
2022-04-01,Equity Max-Sharpe,EQ_ADBE,0.0
2022-04-01,Equity Max-Sharpe,EQ_AEP,0.0
2022-04-01,Equity Max-Sharpe,EQ_AMD,1.1992119936694864e-17
2022-04-01,Equity Max-Sharpe,EQ_AMGN,0.0
2022-04-01,Equity Max-Sharpe,EQ_AMT,0.0
2022-04-01,Equity Max-Sharpe,EQ_BA,6.475168362489037e-19
2022-04-01,Equity Max-Sharpe,EQ_CAT,0.0
2022-04-01,Equity Max-Sharpe,EQ_CCI,9.382125144034252e-18
2022-04-01,Equity Max-Sharpe,EQ_CMCSA,3.66958073299502e-18
2022-04-01,Equity Max-Sharpe,EQ_COP,0.07759671516130923
2022-04-01,Equity Max-Sharpe,EQ_CVX,0.10668201892983153
2022-04-01,Equity Max-Sharpe,EQ_D,1.0491933491668658e-18
2022-04-01,Equity Max-Sharpe,EQ_DD,6.892374153074186e-19
2022-04-01,Equity Max-Sharpe,EQ_DIS,1.1237531080194038e-18
2022-04-01,Equity Max-Sharpe,EQ_DOW,0.0
2022-04-01,Equity Max-Sharpe,EQ_DUK,1.7295029979955802e-19
2022-04-01,Equity Max-Sharpe,EQ_EA,8.170486793683565e-19
2022-04-01,Equity Max-Sharpe,EQ_GE,4.180714666280072e-18
2022-04-01,Equity Max-Sharpe,EQ_GILD,0.0
2022-04-01,Equity Max-Sharpe,EQ_GS,0.0
2022-04-01,Equity Max-Sharpe,EQ_INTC,3.4820496964884544e-18
2022-04-01,Equity Max-Sharpe,EQ_KO,0.0
2022-04-01,Equity Max-Sharpe,EQ_MMM,3.346820779096734e-18
2022-04-01,Equity Max-Sharpe,EQ_MRK,9.488178318598181e-18
2022-04-01,Equity Max-Sharpe,EQ_MS,0.0
2022-04-01,Equity Max-Sharpe,EQ_NEE,1.3477145894201315e-18
2022-04-01,Equity Max-Sharpe,EQ_NEM,0.0584533285642319
2022-04-01,Equity Max-Sharpe,EQ_NKE,1.5567863342607857e-19
2022-04-01,Equity Max-Sharpe,EQ_NUE,0.03611185832532901
2022-04-01,Equity Max-Sharpe,EQ_NVDA,0.07092891404953265
2022-04-01,Equity Max-Sharpe,EQ_O,1.2544669973248842e-17
2022-04-01,Equity Max-Sharpe,EQ_OXY,0.004774180613900838
2022-04-01,Equity Max-Sharpe,EQ_PLD,0.026099905735580957
2022-04-01,Equity Max-Sharpe,EQ_PSA,0.3204481336473461
2022-04-01,Equity Max-Sharpe,EQ_QCOM,3.058492873728303e-18
2022-04-01,Equity Max-Sharpe,EQ_SBUX,3.592228541734809e-18
2022-04-01,Equity Max-Sharpe,EQ_SHW,0.0
2022-04-01,Equity Max-Sharpe,EQ_SLB,1.0957513645281908e-18
2022-04-01,Equity Max-Sharpe,EQ_SO,0.0
2022-04-01,Equity Max-Sharpe,EQ_T,0.0
2022-04-01,Equity Max-Sharpe,EQ_TMUS,0.0
2022-04-01,Equity Max-Sharpe,EQ_TTWO,0.0
2022-04-01,Equity Max-Sharpe,EQ_UPS,0.0
2022-04-01,Equity Max-Sharpe,EQ_USB,0.0
2022-04-01,Equity Max-Sharpe,EQ_V,0.0
2022-04-01,Equity Max-Sharpe,EQ_WFC,0.0
2022-04-01,Equity Max-Sharpe,EQ_WMT,0.0
2022-04-01,Equity Max-Sharpe,EQ_XOM,8.46742265699949e-18
2022-05-02,Equity Max-Sharpe,EQ_ABBV,0.19775446166421323
2022-05-02,Equity Max-Sharpe,EQ_ABT,0.0
2022-05-02,Equity Max-Sharpe,EQ_ADBE,0.0
2022-05-02,Equity Max-Sharpe,EQ_AEP,1.4505691636109976e-17
2022-05-02,Equity Max-Sharpe,EQ_AMD,2.314975683090446e-18
2022-05-02,Equity Max-Sharpe,EQ_AMGN,1.8184103155148457e-18
2022-05-02,Equity Max-Sharpe,EQ_AMT,0.0
2022-05-02,Equity Max-Sharpe,EQ_BA,0.0
2022-05-02,Equity Max-Sharpe,EQ_CAT,0.0
2022-05-02,Equity Max-Sharpe,EQ_CCI,2.4319511520798693e-19
2022-05-02,Equity Max-Sharpe,EQ_CMCSA,0.0
2022-05-02,Equity Max-Sharpe,EQ_COP,0.17409323606235966
2022-05-02,Equity Max-Sharpe,EQ_CVX,0.08472138763303297
2022-05-02,Equity Max-Sharpe,EQ_D,1.2058669598595012e-19
2022-05-02,Equity Max-Sharpe,EQ_DD,5.76618448607004e-19
2022-05-02,Equity Max-Sharpe,EQ_DIS,0.0
2022-05-02,Equity Max-Sharpe,EQ_DOW,8.614529801713111e-19
2022-05-02,Equity Max-Sharpe,EQ_DUK,0.0
2022-05-02,Equity Max-Sharpe,EQ_EA,0.0
2022-05-02,Equity Max-Sharpe,EQ_GE,2.026689327069002e-18
2022-05-02,Equity Max-Sharpe,EQ_GILD,2.1502984713280396e-18
2022-05-02,Equity Max-Sharpe,EQ_GS,1.936805176142537e-18
2022-05-02,Equity Max-Sharpe,EQ_INTC,0.0
2022-05-02,Equity Max-Sharpe,EQ_KO,0.022683842108813097
2022-05-02,Equity Max-Sharpe,EQ_MMM,0.0
2022-05-02,Equity Max-Sharpe,EQ_MRK,0.08067105033272105
2022-05-02,Equity Max-Sharpe,EQ_MS,0.0
2022-05-02,Equity Max-Sharpe,EQ_NEE,0.0
2022-05-02,Equity Max-Sharpe,EQ_NEM,1.0425454026847824e-17
2022-05-02,Equity Max-Sharpe,EQ_NKE,7.5872395663295345e-19
2022-05-02,Equity Max-Sharpe,EQ_NUE,0.1048176464256034
2022-05-02,Equity Max-Sharpe,EQ_NVDA,7.223277752574585e-18
2022-05-02,Equity Max-Sharpe,EQ_O,1.9521240900670426e-18
2022-05-02,Equity Max-Sharpe,EQ_OXY,0.01292515531657498
2022-05-02,Equity Max-Sharpe,EQ_PLD,0.22373134282266585
2022-05-02,Equity Max-Sharpe,EQ_PSA,0.09860187763401573
2022-05-02,Equity Max-Sharpe,EQ_QCOM,4.640106421047473e-19
2022-05-02,Equity Max-Sharpe,EQ_SBUX,1.9028889772099564e-18
2022-05-02,Equity Max-Sharpe,EQ_SHW,0.0
2022-05-02,Equity Max-Sharpe,EQ_SLB,2.189055030324924e-17
2022-05-02,Equity Max-Sharpe,EQ_SO,0.0
2022-05-02,Equity Max-Sharpe,EQ_T,0.0
2022-05-02,Equity Max-Sharpe,EQ_TMUS,0.0
2022-05-02,Equity Max-Sharpe,EQ_TTWO,0.0
2022-05-02,Equity Max-Sharpe,EQ_UPS,3.4208291769249354e-18
2022-05-02,Equity Max-Sharpe,EQ_USB,0.0
2022-05-02,Equity Max-Sharpe,EQ_V,2.4339914511125493e-18
2022-05-02,Equity Max-Sharpe,EQ_WFC,3.899803319021403e-18
2022-05-02,Equity Max-Sharpe,EQ_WMT,6.7662724284444074e-18
2022-05-02,Equity Max-Sharpe,EQ_XOM,3.0509260815247787e-18
2022-06-01,Equity Max-Sharpe,EQ_ABBV,0.25413750574470806
2022-06-01,Equity Max-Sharpe,EQ_ABT,1.5917958704083888e-17
2022-06-01,Equity Max-Sharpe,EQ_ADBE,5.458622148177661e-18
2022-06-01,Equity Max-Sharpe,EQ_AEP,0.11002974543532291
2022-06-01,Equity Max-Sharpe,EQ_AMD,0.040224104750744075
2022-06-01,Equity Max-Sharpe,EQ_AMGN,1.0465027218547363e-17
2022-06-01,Equity Max-Sharpe,EQ_AMT,0.0
2022-06-01,Equity Max-Sharpe,EQ_BA,1.7161748975416645e-18
2022-06-01,Equity Max-Sharpe,EQ_CAT,4.7401289861307056e-18
2022-06-01,Equity Max-Sharpe,EQ_CCI,0.0
2022-06-01,Equity Max-Sharpe,EQ_CMCSA,7.564471162113123e-18
2022-06-01,Equity Max-Sharpe,EQ_COP,0.049921915381303555
2022-06-01,Equity Max-Sharpe,EQ_CVX,0.19432088341267403
2022-06-01,Equity Max-Sharpe,EQ_D,2.305040924258299e-17
2022-06-01,Equity Max-Sharpe,EQ_DD,1.6414468078866046e-18
2022-06-01,Equity Max-Sharpe,EQ_DIS,1.4065921520124169e-18
2022-06-01,Equity Max-Sharpe,EQ_DOW,0.0
2022-06-01,Equity Max-Sharpe,EQ_DUK,2.400884652743008e-18
2022-06-01,Equity Max-Sharpe,EQ_EA,0.0
2022-06-01,Equity Max-Sharpe,EQ_GE,2.027620797443857e-18
2022-06-01,Equity Max-Sharpe,EQ_GILD,1.140092879153522e-17
2022-06-01,Equity Max-Sharpe,EQ_GS,0.0
2022-06-01,Equity Max-Sharpe,EQ_INTC,6.659500457735832e-18
2022-06-01,Equity Max-Sharpe,EQ_KO,1.5984043380316973e-17
2022-06-01,Equity Max-Sharpe,EQ_MMM,4.835532520657928e-18
2022-06-01,Equity Max-Sharpe,EQ_MRK,0.13378869344484964
2022-06-01,Equity Max-Sharpe,EQ_MS,0.0
2022-06-01,Equity Max-Sharpe,EQ_NEE,0.0
2022-06-01,Equity Max-Sharpe,EQ_NEM,0.0
2022-06-01,Equity Max-Sharpe,EQ_NKE,4.3286138501673237e-19
2022-06-01,Equity Max-Sharpe,EQ_NUE,0.0
2022-06-01,Equity Max-Sharpe,EQ_NVDA,0.0
2022-06-01,Equity Max-Sharpe,EQ_O,0.0
2022-06-01,Equity Max-Sharpe,EQ_OXY,0.06760699372125065
2022-06-01,Equity Max-Sharpe,EQ_PLD,0.0
2022-06-01,Equity Max-Sharpe,EQ_PSA,4.294236467576207e-18
2022-06-01,Equity Max-Sharpe,EQ_QCOM,0.0
2022-06-01,Equity Max-Sharpe,EQ_SBUX,1.9559757979557963e-18
2022-06-01,Equity Max-Sharpe,EQ_SHW,0.0
2022-06-01,Equity Max-Sharpe,EQ_SLB,0.0
2022-06-01,Equity Max-Sharpe,EQ_SO,0.14997015810914713
2022-06-01,Equity Max-Sharpe,EQ_T,0.0
2022-06-01,Equity Max-Sharpe,EQ_TMUS,0.0
2022-06-01,Equity Max-Sharpe,EQ_TTWO,4.186675474449797e-18
2022-06-01,Equity Max-Sharpe,EQ_UPS,0.0
2022-06-01,Equity Max-Sharpe,EQ_USB,0.0
2022-06-01,Equity Max-Sharpe,EQ_V,0.0
2022-06-01,Equity Max-Sharpe,EQ_WFC,0.0
2022-06-01,Equity Max-Sharpe,EQ_WMT,0.0
2022-06-01,Equity Max-Sharpe,EQ_XOM,4.257057108891392e-17
2022-07-01,Equity Max-Sharpe,EQ_ABBV,0.02
2022-07-01,Equity Max-Sharpe,EQ_ABT,0.02
2022-07-01,Equity Max-Sharpe,EQ_ADBE,0.02
2022-07-01,Equity Max-Sharpe,EQ_AEP,0.02
2022-07-01,Equity Max-Sharpe,EQ_AMD,0.02
2022-07-01,Equity Max-Sharpe,EQ_AMGN,0.02
2022-07-01,Equity Max-Sharpe,EQ_AMT,0.02
2022-07-01,Equity Max-Sharpe,EQ_BA,0.02
2022-07-01,Equity Max-Sharpe,EQ_CAT,0.02
2022-07-01,Equity Max-Sharpe,EQ_CCI,0.02
2022-07-01,Equity Max-Sharpe,EQ_CMCSA,0.02
2022-07-01,Equity Max-Sharpe,EQ_COP,0.02
2022-07-01,Equity Max-Sharpe,EQ_CVX,0.02
2022-07-01,Equity Max-Sharpe,EQ_D,0.02
2022-07-01,Equity Max-Sharpe,EQ_DD,0.02
2022-07-01,Equity Max-Sharpe,EQ_DIS,0.02
2022-07-01,Equity Max-Sharpe,EQ_DOW,0.02
2022-07-01,Equity Max-Sharpe,EQ_DUK,0.02
2022-07-01,Equity Max-Sharpe,EQ_EA,0.02
2022-07-01,Equity Max-Sharpe,EQ_GE,0.02
2022-07-01,Equity Max-Sharpe,EQ_GILD,0.02
2022-07-01,Equity Max-Sharpe,EQ_GS,0.02
2022-07-01,Equity Max-Sharpe,EQ_INTC,0.02
2022-07-01,Equity Max-Sharpe,EQ_KO,0.02
2022-07-01,Equity Max-Sharpe,EQ_MMM,0.02
2022-07-01,Equity Max-Sharpe,EQ_MRK,0.02
2022-07-01,Equity Max-Sharpe,EQ_MS,0.02
2022-07-01,Equity Max-Sharpe,EQ_NEE,0.02
2022-07-01,Equity Max-Sharpe,EQ_NEM,0.02
2022-07-01,Equity Max-Sharpe,EQ_NKE,0.02
2022-07-01,Equity Max-Sharpe,EQ_NUE,0.02
2022-07-01,Equity Max-Sharpe,EQ_NVDA,0.02
2022-07-01,Equity Max-Sharpe,EQ_O,0.02
2022-07-01,Equity Max-Sharpe,EQ_OXY,0.02
2022-07-01,Equity Max-Sharpe,EQ_PLD,0.02
2022-07-01,Equity Max-Sharpe,EQ_PSA,0.02
2022-07-01,Equity Max-Sharpe,EQ_QCOM,0.02
2022-07-01,Equity Max-Sharpe,EQ_SBUX,0.02
2022-07-01,Equity Max-Sharpe,EQ_SHW,0.02
2022-07-01,Equity Max-Sharpe,EQ_SLB,0.02
2022-07-01,Equity Max-Sharpe,EQ_SO,0.02
2022-07-01,Equity Max-Sharpe,EQ_T,0.02
2022-07-01,Equity Max-Sharpe,EQ_TMUS,0.02
2022-07-01,Equity Max-Sharpe,EQ_TTWO,0.02
2022-07-01,Equity Max-Sharpe,EQ_UPS,0.02
2022-07-01,Equity Max-Sharpe,EQ_USB,0.02
2022-07-01,Equity Max-Sharpe,EQ_V,0.02
2022-07-01,Equity Max-Sharpe,EQ_WFC,0.02
2022-07-01,Equity Max-Sharpe,EQ_WMT,0.02
2022-07-01,Equity Max-Sharpe,EQ_XOM,0.02
2022-08-01,Equity Max-Sharpe,EQ_ABBV,0.24024273168449164
2022-08-01,Equity Max-Sharpe,EQ_ABT,0.0
2022-08-01,Equity Max-Sharpe,EQ_ADBE,1.0818047268711457e-18
2022-08-01,Equity Max-Sharpe,EQ_AEP,1.3133698150350159e-17
2022-08-01,Equity Max-Sharpe,EQ_AMD,4.0176171069716175e-18
2022-08-01,Equity Max-Sharpe,EQ_AMGN,4.340649212964043e-18
2022-08-01,Equity Max-Sharpe,EQ_AMT,0.0
2022-08-01,Equity Max-Sharpe,EQ_BA,1.0267507842570112e-18
2022-08-01,Equity Max-Sharpe,EQ_CAT,6.7875917638466164e-18
2022-08-01,Equity Max-Sharpe,EQ_CCI,0.0
2022-08-01,Equity Max-Sharpe,EQ_CMCSA,0.0
2022-08-01,Equity Max-Sharpe,EQ_COP,0.0
2022-08-01,Equity Max-Sharpe,EQ_CVX,0.21044200116994602
2022-08-01,Equity Max-Sharpe,EQ_D,2.7349990638327865e-17
2022-08-01,Equity Max-Sharpe,EQ_DD,0.0
2022-08-01,Equity Max-Sharpe,EQ_DIS,1.8837374420208867e-18
2022-08-01,Equity Max-Sharpe,EQ_DOW,2.0509631938288526e-18
2022-08-01,Equity Max-Sharpe,EQ_DUK,1.3679955353552402e-17
2022-08-01,Equity Max-Sharpe,EQ_EA,9.984181719585283e-19
2022-08-01,Equity Max-Sharpe,EQ_GE,0.0
2022-08-01,Equity Max-Sharpe,EQ_GILD,5.939913571522699e-18
2022-08-01,Equity Max-Sharpe,EQ_GS,5.426895216387088e-19
2022-08-01,Equity Max-Sharpe,EQ_INTC,0.0
2022-08-01,Equity Max-Sharpe,EQ_KO,1.1374015884262209e-17
2022-08-01,Equity Max-Sharpe,EQ_MMM,0.0
2022-08-01,Equity Max-Sharpe,EQ_MRK,0.057572711653608374
2022-08-01,Equity Max-Sharpe,EQ_MS,5.011436310647847e-18
2022-08-01,Equity Max-Sharpe,EQ_NEE,1.9153242194747224e-17
2022-08-01,Equity Max-Sharpe,EQ_NEM,0.0
2022-08-01,Equity Max-Sharpe,EQ_NKE,0.0
2022-08-01,Equity Max-Sharpe,EQ_NUE,0.022227445324922976
2022-08-01,Equity Max-Sharpe,EQ_NVDA,1.976433264137222e-18
2022-08-01,Equity Max-Sharpe,EQ_O,0.0
2022-08-01,Equity Max-Sharpe,EQ_OXY,0.16718074680004508
2022-08-01,Equity Max-Sharpe,EQ_PLD,1.855772844475267e-17
2022-08-01,Equity Max-Sharpe,EQ_PSA,4.7963361902571424e-18
2022-08-01,Equity Max-Sharpe,EQ_QCOM,0.0
2022-08-01,Equity Max-Sharpe,EQ_SBUX,0.0
2022-08-01,Equity Max-Sharpe,EQ_SHW,6.229044081506908e-18
2022-08-01,Equity Max-Sharpe,EQ_SLB,5.787840856889281e-17
2022-08-01,Equity Max-Sharpe,EQ_SO,0.30233436336698594
2022-08-01,Equity Max-Sharpe,EQ_T,3.474780059891822e-18
2022-08-01,Equity Max-Sharpe,EQ_TMUS,1.8525468812523313e-18
2022-08-01,Equity Max-Sharpe,EQ_TTWO,0.0
2022-08-01,Equity Max-Sharpe,EQ_UPS,2.937019023175573e-18
2022-08-01,Equity Max-Sharpe,EQ_USB,8.154367044193081e-19
2022-08-01,Equity Max-Sharpe,EQ_V,3.964349948141909e-18
2022-08-01,Equity Max-Sharpe,EQ_WFC,5.804965390734058e-18
2022-08-01,Equity Max-Sharpe,EQ_WMT,7.12776525293592e-19
2022-08-01,Equity Max-Sharpe,EQ_XOM,2.025756908842727e-17
2022-09-01,Equity Max-Sharpe,EQ_ABBV,0.02
2022-09-01,Equity Max-Sharpe,EQ_ABT,0.02
2022-09-01,Equity Max-Sharpe,EQ_ADBE,0.02
2022-09-01,Equity Max-Sharpe,EQ_AEP,0.02
2022-09-01,Equity Max-Sharpe,EQ_AMD,0.02
2022-09-01,Equity Max-Sharpe,EQ_AMGN,0.02
2022-09-01,Equity Max-Sharpe,EQ_AMT,0.02
2022-09-01,Equity Max-Sharpe,EQ_BA,0.02
2022-09-01,Equity Max-Sharpe,EQ_CAT,0.02
2022-09-01,Equity Max-Sharpe,EQ_CCI,0.02
2022-09-01,Equity Max-Sharpe,EQ_CMCSA,0.02
2022-09-01,Equity Max-Sharpe,EQ_COP,0.02
2022-09-01,Equity Max-Sharpe,EQ_CVX,0.02
2022-09-01,Equity Max-Sharpe,EQ_D,0.02
2022-09-01,Equity Max-Sharpe,EQ_DD,0.02
2022-09-01,Equity Max-Sharpe,EQ_DIS,0.02
2022-09-01,Equity Max-Sharpe,EQ_DOW,0.02
2022-09-01,Equity Max-Sharpe,EQ_DUK,0.02
2022-09-01,Equity Max-Sharpe,EQ_EA,0.02
2022-09-01,Equity Max-Sharpe,EQ_GE,0.02
2022-09-01,Equity Max-Sharpe,EQ_GILD,0.02
2022-09-01,Equity Max-Sharpe,EQ_GS,0.02
2022-09-01,Equity Max-Sharpe,EQ_INTC,0.02
2022-09-01,Equity Max-Sharpe,EQ_KO,0.02
2022-09-01,Equity Max-Sharpe,EQ_MMM,0.02
2022-09-01,Equity Max-Sharpe,EQ_MRK,0.02
2022-09-01,Equity Max-Sharpe,EQ_MS,0.02
2022-09-01,Equity Max-Sharpe,EQ_NEE,0.02
2022-09-01,Equity Max-Sharpe,EQ_NEM,0.02
2022-09-01,Equity Max-Sharpe,EQ_NKE,0.02
2022-09-01,Equity Max-Sharpe,EQ_NUE,0.02
2022-09-01,Equity Max-Sharpe,EQ_NVDA,0.02
2022-09-01,Equity Max-Sharpe,EQ_O,0.02
2022-09-01,Equity Max-Sharpe,EQ_OXY,0.02
2022-09-01,Equity Max-Sharpe,EQ_PLD,0.02
2022-09-01,Equity Max-Sharpe,EQ_PSA,0.02
2022-09-01,Equity Max-Sharpe,EQ_QCOM,0.02
2022-09-01,Equity Max-Sharpe,EQ_SBUX,0.02
2022-09-01,Equity Max-Sharpe,EQ_SHW,0.02
2022-09-01,Equity Max-Sharpe,EQ_SLB,0.02
2022-09-01,Equity Max-Sharpe,EQ_SO,0.02
2022-09-01,Equity Max-Sharpe,EQ_T,0.02
2022-09-01,Equity Max-Sharpe,EQ_TMUS,0.02
2022-09-01,Equity Max-Sharpe,EQ_TTWO,0.02
2022-09-01,Equity Max-Sharpe,EQ_UPS,0.02
2022-09-01,Equity Max-Sharpe,EQ_USB,0.02
2022-09-01,Equity Max-Sharpe,EQ_V,0.02
2022-09-01,Equity Max-Sharpe,EQ_WFC,0.02
2022-09-01,Equity Max-Sharpe,EQ_WMT,0.02
2022-09-01,Equity Max-Sharpe,EQ_XOM,0.02
2022-10-03,Equity Max-Sharpe,EQ_ABBV,0.02
2022-10-03,Equity Max-Sharpe,EQ_ABT,0.02
2022-10-03,Equity Max-Sharpe,EQ_ADBE,0.02
2022-10-03,Equity Max-Sharpe,EQ_AEP,0.02
2022-10-03,Equity Max-Sharpe,EQ_AMD,0.02
2022-10-03,Equity Max-Sharpe,EQ_AMGN,0.02
2022-10-03,Equity Max-Sharpe,EQ_AMT,0.02
2022-10-03,Equity Max-Sharpe,EQ_BA,0.02
2022-10-03,Equity Max-Sharpe,EQ_CAT,0.02
2022-10-03,Equity Max-Sharpe,EQ_CCI,0.02
2022-10-03,Equity Max-Sharpe,EQ_CMCSA,0.02
2022-10-03,Equity Max-Sharpe,EQ_COP,0.02
2022-10-03,Equity Max-Sharpe,EQ_CVX,0.02
2022-10-03,Equity Max-Sharpe,EQ_D,0.02
2022-10-03,Equity Max-Sharpe,EQ_DD,0.02
2022-10-03,Equity Max-Sharpe,EQ_DIS,0.02
2022-10-03,Equity Max-Sharpe,EQ_DOW,0.02
2022-10-03,Equity Max-Sharpe,EQ_DUK,0.02
2022-10-03,Equity Max-Sharpe,EQ_EA,0.02
2022-10-03,Equity Max-Sharpe,EQ_GE,0.02
2022-10-03,Equity Max-Sharpe,EQ_GILD,0.02
2022-10-03,Equity Max-Sharpe,EQ_GS,0.02
2022-10-03,Equity Max-Sharpe,EQ_INTC,0.02
2022-10-03,Equity Max-Sharpe,EQ_KO,0.02
2022-10-03,Equity Max-Sharpe,EQ_MMM,0.02
2022-10-03,Equity Max-Sharpe,EQ_MRK,0.02
2022-10-03,Equity Max-Sharpe,EQ_MS,0.02
2022-10-03,Equity Max-Sharpe,EQ_NEE,0.02
2022-10-03,Equity Max-Sharpe,EQ_NEM,0.02
2022-10-03,Equity Max-Sharpe,EQ_NKE,0.02
2022-10-03,Equity Max-Sharpe,EQ_NUE,0.02
2022-10-03,Equity Max-Sharpe,EQ_NVDA,0.02
2022-10-03,Equity Max-Sharpe,EQ_O,0.02
2022-10-03,Equity Max-Sharpe,EQ_OXY,0.02
2022-10-03,Equity Max-Sharpe,EQ_PLD,0.02
2022-10-03,Equity Max-Sharpe,EQ_PSA,0.02
2022-10-03,Equity Max-Sharpe,EQ_QCOM,0.02
2022-10-03,Equity Max-Sharpe,EQ_SBUX,0.02
2022-10-03,Equity Max-Sharpe,EQ_SHW,0.02
2022-10-03,Equity Max-Sharpe,EQ_SLB,0.02
2022-10-03,Equity Max-Sharpe,EQ_SO,0.02
2022-10-03,Equity Max-Sharpe,EQ_T,0.02
2022-10-03,Equity Max-Sharpe,EQ_TMUS,0.02
2022-10-03,Equity Max-Sharpe,EQ_TTWO,0.02
2022-10-03,Equity Max-Sharpe,EQ_UPS,0.02
2022-10-03,Equity Max-Sharpe,EQ_USB,0.02
2022-10-03,Equity Max-Sharpe,EQ_V,0.02
2022-10-03,Equity Max-Sharpe,EQ_WFC,0.02
2022-10-03,Equity Max-Sharpe,EQ_WMT,0.02
2022-10-03,Equity Max-Sharpe,EQ_XOM,0.02
2022-11-01,Equity Max-Sharpe,EQ_ABBV,0.02
2022-11-01,Equity Max-Sharpe,EQ_ABT,0.02
2022-11-01,Equity Max-Sharpe,EQ_ADBE,0.02
2022-11-01,Equity Max-Sharpe,EQ_AEP,0.02
2022-11-01,Equity Max-Sharpe,EQ_AMD,0.02
2022-11-01,Equity Max-Sharpe,EQ_AMGN,0.02
2022-11-01,Equity Max-Sharpe,EQ_AMT,0.02
2022-11-01,Equity Max-Sharpe,EQ_BA,0.02
2022-11-01,Equity Max-Sharpe,EQ_CAT,0.02
2022-11-01,Equity Max-Sharpe,EQ_CCI,0.02
2022-11-01,Equity Max-Sharpe,EQ_CMCSA,0.02
2022-11-01,Equity Max-Sharpe,EQ_COP,0.02
2022-11-01,Equity Max-Sharpe,EQ_CVX,0.02
2022-11-01,Equity Max-Sharpe,EQ_D,0.02
2022-11-01,Equity Max-Sharpe,EQ_DD,0.02
2022-11-01,Equity Max-Sharpe,EQ_DIS,0.02
2022-11-01,Equity Max-Sharpe,EQ_DOW,0.02
2022-11-01,Equity Max-Sharpe,EQ_DUK,0.02
2022-11-01,Equity Max-Sharpe,EQ_EA,0.02
2022-11-01,Equity Max-Sharpe,EQ_GE,0.02
2022-11-01,Equity Max-Sharpe,EQ_GILD,0.02
2022-11-01,Equity Max-Sharpe,EQ_GS,0.02
2022-11-01,Equity Max-Sharpe,EQ_INTC,0.02
2022-11-01,Equity Max-Sharpe,EQ_KO,0.02
2022-11-01,Equity Max-Sharpe,EQ_MMM,0.02
2022-11-01,Equity Max-Sharpe,EQ_MRK,0.02
2022-11-01,Equity Max-Sharpe,EQ_MS,0.02
2022-11-01,Equity Max-Sharpe,EQ_NEE,0.02
2022-11-01,Equity Max-Sharpe,EQ_NEM,0.02
2022-11-01,Equity Max-Sharpe,EQ_NKE,0.02
2022-11-01,Equity Max-Sharpe,EQ_NUE,0.02
2022-11-01,Equity Max-Sharpe,EQ_NVDA,0.02
2022-11-01,Equity Max-Sharpe,EQ_O,0.02
2022-11-01,Equity Max-Sharpe,EQ_OXY,0.02
2022-11-01,Equity Max-Sharpe,EQ_PLD,0.02
2022-11-01,Equity Max-Sharpe,EQ_PSA,0.02
2022-11-01,Equity Max-Sharpe,EQ_QCOM,0.02
2022-11-01,Equity Max-Sharpe,EQ_SBUX,0.02
2022-11-01,Equity Max-Sharpe,EQ_SHW,0.02
2022-11-01,Equity Max-Sharpe,EQ_SLB,0.02
2022-11-01,Equity Max-Sharpe,EQ_SO,0.02
2022-11-01,Equity Max-Sharpe,EQ_T,0.02
2022-11-01,Equity Max-Sharpe,EQ_TMUS,0.02
2022-11-01,Equity Max-Sharpe,EQ_TTWO,0.02
2022-11-01,Equity Max-Sharpe,EQ_UPS,0.02
2022-11-01,Equity Max-Sharpe,EQ_USB,0.02
2022-11-01,Equity Max-Sharpe,EQ_V,0.02
2022-11-01,Equity Max-Sharpe,EQ_WFC,0.02
2022-11-01,Equity Max-Sharpe,EQ_WMT,0.02
2022-11-01,Equity Max-Sharpe,EQ_XOM,0.02
2022-12-01,Equity Max-Sharpe,EQ_ABBV,0.06203897482810557
2022-12-01,Equity Max-Sharpe,EQ_ABT,0.0
2022-12-01,Equity Max-Sharpe,EQ_ADBE,4.818462307429575e-18
2022-12-01,Equity Max-Sharpe,EQ_AEP,7.45979432738838e-17
2022-12-01,Equity Max-Sharpe,EQ_AMD,1.0534240635501596e-17
2022-12-01,Equity Max-Sharpe,EQ_AMGN,0.2711822568109087
2022-12-01,Equity Max-Sharpe,EQ_AMT,0.0
2022-12-01,Equity Max-Sharpe,EQ_BA,0.0
2022-12-01,Equity Max-Sharpe,EQ_CAT,0.0
2022-12-01,Equity Max-Sharpe,EQ_CCI,5.830551263472409e-18
2022-12-01,Equity Max-Sharpe,EQ_CMCSA,2.1088866994497334e-18
2022-12-01,Equity Max-Sharpe,EQ_COP,1.2390172613222432e-17
2022-12-01,Equity Max-Sharpe,EQ_CVX,1.3757260738501915e-17
2022-12-01,Equity Max-Sharpe,EQ_D,0.0
2022-12-01,Equity Max-Sharpe,EQ_DD,0.0
2022-12-01,Equity Max-Sharpe,EQ_DIS,1.3635311045686253e-17
2022-12-01,Equity Max-Sharpe,EQ_DOW,0.0
2022-12-01,Equity Max-Sharpe,EQ_DUK,0.0
2022-12-01,Equity Max-Sharpe,EQ_EA,0.0
2022-12-01,Equity Max-Sharpe,EQ_GE,0.0
2022-12-01,Equity Max-Sharpe,EQ_GILD,1.650484926968603e-16
2022-12-01,Equity Max-Sharpe,EQ_GS,3.345554802441012e-18
2022-12-01,Equity Max-Sharpe,EQ_INTC,4.210488540424727e-18
2022-12-01,Equity Max-Sharpe,EQ_KO,8.623530195619633e-18
2022-12-01,Equity Max-Sharpe,EQ_MMM,4.893597042995113e-19
2022-12-01,Equity Max-Sharpe,EQ_MRK,0.3881355606193392
2022-12-01,Equity Max-Sharpe,EQ_MS,0.0
2022-12-01,Equity Max-Sharpe,EQ_NEE,0.0
2022-12-01,Equity Max-Sharpe,EQ_NEM,0.0
2022-12-01,Equity Max-Sharpe,EQ_NKE,4.0635047546858983e-19
2022-12-01,Equity Max-Sharpe,EQ_NUE,0.0
2022-12-01,Equity Max-Sharpe,EQ_NVDA,5.103065377707021e-18
2022-12-01,Equity Max-Sharpe,EQ_O,0.0
2022-12-01,Equity Max-Sharpe,EQ_OXY,0.08254469789511532
2022-12-01,Equity Max-Sharpe,EQ_PLD,1.1585157326304084e-18
2022-12-01,Equity Max-Sharpe,EQ_PSA,0.0
2022-12-01,Equity Max-Sharpe,EQ_QCOM,4.677090595524772e-18
2022-12-01,Equity Max-Sharpe,EQ_SBUX,3.726265565172049e-18
2022-12-01,Equity Max-Sharpe,EQ_SHW,0.0
2022-12-01,Equity Max-Sharpe,EQ_SLB,0.0
2022-12-01,Equity Max-Sharpe,EQ_SO,0.0
2022-12-01,Equity Max-Sharpe,EQ_T,2.602570899812216e-17
2022-12-01,Equity Max-Sharpe,EQ_TMUS,0.02466126969209189
2022-12-01,Equity Max-Sharpe,EQ_TTWO,6.831942413339712e-18
2022-12-01,Equity Max-Sharpe,EQ_UPS,0.0
2022-12-01,Equity Max-Sharpe,EQ_USB,0.0
2022-12-01,Equity Max-Sharpe,EQ_V,0.0
2022-12-01,Equity Max-Sharpe,EQ_WFC,0.0
2022-12-01,Equity Max-Sharpe,EQ_WMT,1.2526494886127115e-18
2022-12-01,Equity Max-Sharpe,EQ_XOM,0.17143724015443934
2023-01-03,Equity Max-Sharpe,EQ_ABBV,0.02
2023-01-03,Equity Max-Sharpe,EQ_ABT,0.02
2023-01-03,Equity Max-Sharpe,EQ_ADBE,0.02
2023-01-03,Equity Max-Sharpe,EQ_AEP,0.02
2023-01-03,Equity Max-Sharpe,EQ_AMD,0.02
2023-01-03,Equity Max-Sharpe,EQ_AMGN,0.02
2023-01-03,Equity Max-Sharpe,EQ_AMT,0.02
2023-01-03,Equity Max-Sharpe,EQ_BA,0.02
2023-01-03,Equity Max-Sharpe,EQ_CAT,0.02
2023-01-03,Equity Max-Sharpe,EQ_CCI,0.02
2023-01-03,Equity Max-Sharpe,EQ_CMCSA,0.02
2023-01-03,Equity Max-Sharpe,EQ_COP,0.02
2023-01-03,Equity Max-Sharpe,EQ_CVX,0.02
2023-01-03,Equity Max-Sharpe,EQ_D,0.02
2023-01-03,Equity Max-Sharpe,EQ_DD,0.02
2023-01-03,Equity Max-Sharpe,EQ_DIS,0.02
2023-01-03,Equity Max-Sharpe,EQ_DOW,0.02
2023-01-03,Equity Max-Sharpe,EQ_DUK,0.02
2023-01-03,Equity Max-Sharpe,EQ_EA,0.02
2023-01-03,Equity Max-Sharpe,EQ_GE,0.02
2023-01-03,Equity Max-Sharpe,EQ_GILD,0.02
2023-01-03,Equity Max-Sharpe,EQ_GS,0.02
2023-01-03,Equity Max-Sharpe,EQ_INTC,0.02
2023-01-03,Equity Max-Sharpe,EQ_KO,0.02
2023-01-03,Equity Max-Sharpe,EQ_MMM,0.02
2023-01-03,Equity Max-Sharpe,EQ_MRK,0.02
2023-01-03,Equity Max-Sharpe,EQ_MS,0.02
2023-01-03,Equity Max-Sharpe,EQ_NEE,0.02
2023-01-03,Equity Max-Sharpe,EQ_NEM,0.02
2023-01-03,Equity Max-Sharpe,EQ_NKE,0.02
2023-01-03,Equity Max-Sharpe,EQ_NUE,0.02
2023-01-03,Equity Max-Sharpe,EQ_NVDA,0.02
2023-01-03,Equity Max-Sharpe,EQ_O,0.02
2023-01-03,Equity Max-Sharpe,EQ_OXY,0.02
2023-01-03,Equity Max-Sharpe,EQ_PLD,0.02
2023-01-03,Equity Max-Sharpe,EQ_PSA,0.02
2023-01-03,Equity Max-Sharpe,EQ_QCOM,0.02
2023-01-03,Equity Max-Sharpe,EQ_SBUX,0.02
2023-01-03,Equity Max-Sharpe,EQ_SHW,0.02
2023-01-03,Equity Max-Sharpe,EQ_SLB,0.02
2023-01-03,Equity Max-Sharpe,EQ_SO,0.02
2023-01-03,Equity Max-Sharpe,EQ_T,0.02
2023-01-03,Equity Max-Sharpe,EQ_TMUS,0.02
2023-01-03,Equity Max-Sharpe,EQ_TTWO,0.02
2023-01-03,Equity Max-Sharpe,EQ_UPS,0.02
2023-01-03,Equity Max-Sharpe,EQ_USB,0.02
2023-01-03,Equity Max-Sharpe,EQ_V,0.02
2023-01-03,Equity Max-Sharpe,EQ_WFC,0.02
2023-01-03,Equity Max-Sharpe,EQ_WMT,0.02
2023-01-03,Equity Max-Sharpe,EQ_XOM,0.02
2023-02-01,Equity Max-Sharpe,EQ_ABBV,7.353248888483995e-18
2023-02-01,Equity Max-Sharpe,EQ_ABT,6.515230873871998e-18
2023-02-01,Equity Max-Sharpe,EQ_ADBE,7.164054099773394e-18
2023-02-01,Equity Max-Sharpe,EQ_AEP,0.0
2023-02-01,Equity Max-Sharpe,EQ_AMD,1.9635767215145712e-17
2023-02-01,Equity Max-Sharpe,EQ_AMGN,4.633119653377544e-18
2023-02-01,Equity Max-Sharpe,EQ_AMT,0.0
2023-02-01,Equity Max-Sharpe,EQ_BA,8.54587127821805e-18
2023-02-01,Equity Max-Sharpe,EQ_CAT,1.2195429806463938e-17
2023-02-01,Equity Max-Sharpe,EQ_CCI,3.339478260584588e-18
2023-02-01,Equity Max-Sharpe,EQ_CMCSA,0.0
2023-02-01,Equity Max-Sharpe,EQ_COP,2.6518216353059794e-17
2023-02-01,Equity Max-Sharpe,EQ_CVX,1.6566744764907742e-17
2023-02-01,Equity Max-Sharpe,EQ_D,0.0
2023-02-01,Equity Max-Sharpe,EQ_DD,8.517767723356596e-20
2023-02-01,Equity Max-Sharpe,EQ_DIS,0.0
2023-02-01,Equity Max-Sharpe,EQ_DOW,0.0
2023-02-01,Equity Max-Sharpe,EQ_DUK,0.0
2023-02-01,Equity Max-Sharpe,EQ_EA,0.0
2023-02-01,Equity Max-Sharpe,EQ_GE,0.0
2023-02-01,Equity Max-Sharpe,EQ_GILD,0.04471995750927824
2023-02-01,Equity Max-Sharpe,EQ_GS,0.0
2023-02-01,Equity Max-Sharpe,EQ_INTC,1.1821041243777537e-17
2023-02-01,Equity Max-Sharpe,EQ_KO,0.0
2023-02-01,Equity Max-Sharpe,EQ_MMM,0.0
2023-02-01,Equity Max-Sharpe,EQ_MRK,0.49578778210313273
2023-02-01,Equity Max-Sharpe,EQ_MS,0.0
2023-02-01,Equity Max-Sharpe,EQ_NEE,0.0
2023-02-01,Equity Max-Sharpe,EQ_NEM,0.0
2023-02-01,Equity Max-Sharpe,EQ_NKE,0.0
2023-02-01,Equity Max-Sharpe,EQ_NUE,0.11351288165341626
2023-02-01,Equity Max-Sharpe,EQ_NVDA,4.962147506829402e-19
2023-02-01,Equity Max-Sharpe,EQ_O,0.0
2023-02-01,Equity Max-Sharpe,EQ_OXY,0.06716847095852724
2023-02-01,Equity Max-Sharpe,EQ_PLD,0.0
2023-02-01,Equity Max-Sharpe,EQ_PSA,0.0
2023-02-01,Equity Max-Sharpe,EQ_QCOM,2.3857191619762457e-18
2023-02-01,Equity Max-Sharpe,EQ_SBUX,5.67390106321744e-18
2023-02-01,Equity Max-Sharpe,EQ_SHW,0.0
2023-02-01,Equity Max-Sharpe,EQ_SLB,2.000168544835957e-17
2023-02-01,Equity Max-Sharpe,EQ_SO,0.0
2023-02-01,Equity Max-Sharpe,EQ_T,1.8261339183224875e-17
2023-02-01,Equity Max-Sharpe,EQ_TMUS,0.1254654598686993
2023-02-01,Equity Max-Sharpe,EQ_TTWO,4.110806766394532e-18
2023-02-01,Equity Max-Sharpe,EQ_UPS,0.0
2023-02-01,Equity Max-Sharpe,EQ_USB,0.0
2023-02-01,Equity Max-Sharpe,EQ_V,1.774161374058641e-18
2023-02-01,Equity Max-Sharpe,EQ_WFC,7.147117452523706e-18
2023-02-01,Equity Max-Sharpe,EQ_WMT,1.775428495695827e-17
2023-02-01,Equity Max-Sharpe,EQ_XOM,0.15334544790694613
2023-03-01,Equity Max-Sharpe,EQ_ABBV,8.066209842874336e-18
2023-03-01,Equity Max-Sharpe,EQ_ABT,0.0
2023-03-01,Equity Max-Sharpe,EQ_ADBE,0.0
2023-03-01,Equity Max-Sharpe,EQ_AEP,0.0
2023-03-01,Equity Max-Sharpe,EQ_AMD,0.0
2023-03-01,Equity Max-Sharpe,EQ_AMGN,2.523309044534157e-19
2023-03-01,Equity Max-Sharpe,EQ_AMT,2.5940276131292627e-18
2023-03-01,Equity Max-Sharpe,EQ_BA,0.0
2023-03-01,Equity Max-Sharpe,EQ_CAT,5.923049883237653e-17
2023-03-01,Equity Max-Sharpe,EQ_CCI,5.426519403527188e-18
2023-03-01,Equity Max-Sharpe,EQ_CMCSA,2.4232763482661875e-18
2023-03-01,Equity Max-Sharpe,EQ_COP,7.022315861374744e-18
2023-03-01,Equity Max-Sharpe,EQ_CVX,1.2252223703663132e-18
2023-03-01,Equity Max-Sharpe,EQ_D,9.502860529909588e-19
2023-03-01,Equity Max-Sharpe,EQ_DD,0.0
2023-03-01,Equity Max-Sharpe,EQ_DIS,6.698251633058642e-18
2023-03-01,Equity Max-Sharpe,EQ_DOW,0.0
2023-03-01,Equity Max-Sharpe,EQ_DUK,0.0
2023-03-01,Equity Max-Sharpe,EQ_EA,8.276274013793402e-18
2023-03-01,Equity Max-Sharpe,EQ_GE,5.572195455675383e-18
2023-03-01,Equity Max-Sharpe,EQ_GILD,0.18121348784659116
2023-03-01,Equity Max-Sharpe,EQ_GS,0.0
2023-03-01,Equity Max-Sharpe,EQ_INTC,9.933070458622814e-18
2023-03-01,Equity Max-Sharpe,EQ_KO,0.0
2023-03-01,Equity Max-Sharpe,EQ_MMM,0.0
2023-03-01,Equity Max-Sharpe,EQ_MRK,0.603657850790144
2023-03-01,Equity Max-Sharpe,EQ_MS,0.0
2023-03-01,Equity Max-Sharpe,EQ_NEE,7.50497120992374e-19
2023-03-01,Equity Max-Sharpe,EQ_NEM,6.733062792388026e-19
2023-03-01,Equity Max-Sharpe,EQ_NKE,0.0
2023-03-01,Equity Max-Sharpe,EQ_NUE,0.02362741959975102
2023-03-01,Equity Max-Sharpe,EQ_NVDA,0.0
2023-03-01,Equity Max-Sharpe,EQ_O,0.0
2023-03-01,Equity Max-Sharpe,EQ_OXY,0.04561522508911232
2023-03-01,Equity Max-Sharpe,EQ_PLD,2.129853558033906e-18
2023-03-01,Equity Max-Sharpe,EQ_PSA,0.0
2023-03-01,Equity Max-Sharpe,EQ_QCOM,3.408375665922939e-18
2023-03-01,Equity Max-Sharpe,EQ_SBUX,9.537506072255056e-18
2023-03-01,Equity Max-Sharpe,EQ_SHW,2.2670728954891028e-18
2023-03-01,Equity Max-Sharpe,EQ_SLB,5.390432762498001e-18
2023-03-01,Equity Max-Sharpe,EQ_SO,0.0
2023-03-01,Equity Max-Sharpe,EQ_T,0.0
2023-03-01,Equity Max-Sharpe,EQ_TMUS,0.0
2023-03-01,Equity Max-Sharpe,EQ_TTWO,1.7723232474520614e-17
2023-03-01,Equity Max-Sharpe,EQ_UPS,0.0
2023-03-01,Equity Max-Sharpe,EQ_USB,6.741100922886317e-18
2023-03-01,Equity Max-Sharpe,EQ_V,0.0
2023-03-01,Equity Max-Sharpe,EQ_WFC,0.0
2023-03-01,Equity Max-Sharpe,EQ_WMT,0.0
2023-03-01,Equity Max-Sharpe,EQ_XOM,0.1458860166744014
2023-04-03,Equity Max-Sharpe,EQ_ABBV,0.02
2023-04-03,Equity Max-Sharpe,EQ_ABT,0.02
2023-04-03,Equity Max-Sharpe,EQ_ADBE,0.02
2023-04-03,Equity Max-Sharpe,EQ_AEP,0.02
2023-04-03,Equity Max-Sharpe,EQ_AMD,0.02
2023-04-03,Equity Max-Sharpe,EQ_AMGN,0.02
2023-04-03,Equity Max-Sharpe,EQ_AMT,0.02
2023-04-03,Equity Max-Sharpe,EQ_BA,0.02
2023-04-03,Equity Max-Sharpe,EQ_CAT,0.02
2023-04-03,Equity Max-Sharpe,EQ_CCI,0.02
2023-04-03,Equity Max-Sharpe,EQ_CMCSA,0.02
2023-04-03,Equity Max-Sharpe,EQ_COP,0.02
2023-04-03,Equity Max-Sharpe,EQ_CVX,0.02
2023-04-03,Equity Max-Sharpe,EQ_D,0.02
2023-04-03,Equity Max-Sharpe,EQ_DD,0.02
2023-04-03,Equity Max-Sharpe,EQ_DIS,0.02
2023-04-03,Equity Max-Sharpe,EQ_DOW,0.02
2023-04-03,Equity Max-Sharpe,EQ_DUK,0.02
2023-04-03,Equity Max-Sharpe,EQ_EA,0.02
2023-04-03,Equity Max-Sharpe,EQ_GE,0.02
2023-04-03,Equity Max-Sharpe,EQ_GILD,0.02
2023-04-03,Equity Max-Sharpe,EQ_GS,0.02
2023-04-03,Equity Max-Sharpe,EQ_INTC,0.02
2023-04-03,Equity Max-Sharpe,EQ_KO,0.02
2023-04-03,Equity Max-Sharpe,EQ_MMM,0.02
2023-04-03,Equity Max-Sharpe,EQ_MRK,0.02
2023-04-03,Equity Max-Sharpe,EQ_MS,0.02
2023-04-03,Equity Max-Sharpe,EQ_NEE,0.02
2023-04-03,Equity Max-Sharpe,EQ_NEM,0.02
2023-04-03,Equity Max-Sharpe,EQ_NKE,0.02
2023-04-03,Equity Max-Sharpe,EQ_NUE,0.02
2023-04-03,Equity Max-Sharpe,EQ_NVDA,0.02
2023-04-03,Equity Max-Sharpe,EQ_O,0.02
2023-04-03,Equity Max-Sharpe,EQ_OXY,0.02
2023-04-03,Equity Max-Sharpe,EQ_PLD,0.02
2023-04-03,Equity Max-Sharpe,EQ_PSA,0.02
2023-04-03,Equity Max-Sharpe,EQ_QCOM,0.02
2023-04-03,Equity Max-Sharpe,EQ_SBUX,0.02
2023-04-03,Equity Max-Sharpe,EQ_SHW,0.02
2023-04-03,Equity Max-Sharpe,EQ_SLB,0.02
2023-04-03,Equity Max-Sharpe,EQ_SO,0.02
2023-04-03,Equity Max-Sharpe,EQ_T,0.02
2023-04-03,Equity Max-Sharpe,EQ_TMUS,0.02
2023-04-03,Equity Max-Sharpe,EQ_TTWO,0.02
2023-04-03,Equity Max-Sharpe,EQ_UPS,0.02
2023-04-03,Equity Max-Sharpe,EQ_USB,0.02
2023-04-03,Equity Max-Sharpe,EQ_V,0.02
2023-04-03,Equity Max-Sharpe,EQ_WFC,0.02
2023-04-03,Equity Max-Sharpe,EQ_WMT,0.02
2023-04-03,Equity Max-Sharpe,EQ_XOM,0.02
2023-05-01,Equity Max-Sharpe,EQ_ABBV,0.0
2023-05-01,Equity Max-Sharpe,EQ_ABT,0.0
2023-05-01,Equity Max-Sharpe,EQ_ADBE,0.0
2023-05-01,Equity Max-Sharpe,EQ_AEP,6.328107789361505e-18
2023-05-01,Equity Max-Sharpe,EQ_AMD,2.7154953896450243e-17
2023-05-01,Equity Max-Sharpe,EQ_AMGN,0.0
2023-05-01,Equity Max-Sharpe,EQ_AMT,0.0
2023-05-01,Equity Max-Sharpe,EQ_BA,0.0
2023-05-01,Equity Max-Sharpe,EQ_CAT,4.3494388245754596e-18
2023-05-01,Equity Max-Sharpe,EQ_CCI,0.0
2023-05-01,Equity Max-Sharpe,EQ_CMCSA,0.0
2023-05-01,Equity Max-Sharpe,EQ_COP,0.0
2023-05-01,Equity Max-Sharpe,EQ_CVX,0.0
2023-05-01,Equity Max-Sharpe,EQ_D,0.0
2023-05-01,Equity Max-Sharpe,EQ_DD,4.43425117560838e-18
2023-05-01,Equity Max-Sharpe,EQ_DIS,0.0
2023-05-01,Equity Max-Sharpe,EQ_DOW,0.0
2023-05-01,Equity Max-Sharpe,EQ_DUK,0.0
2023-05-01,Equity Max-Sharpe,EQ_EA,0.0
2023-05-01,Equity Max-Sharpe,EQ_GE,0.24198597736562694
2023-05-01,Equity Max-Sharpe,EQ_GILD,0.07910014467235901
2023-05-01,Equity Max-Sharpe,EQ_GS,0.0
2023-05-01,Equity Max-Sharpe,EQ_INTC,0.0
2023-05-01,Equity Max-Sharpe,EQ_KO,1.3733315993794434e-17
2023-05-01,Equity Max-Sharpe,EQ_MMM,1.77123323169674e-20
2023-05-01,Equity Max-Sharpe,EQ_MRK,0.47120991857942707
2023-05-01,Equity Max-Sharpe,EQ_MS,0.0
2023-05-01,Equity Max-Sharpe,EQ_NEE,1.448944439811141e-17
2023-05-01,Equity Max-Sharpe,EQ_NEM,0.0
2023-05-01,Equity Max-Sharpe,EQ_NKE,2.3030072240090696e-18
2023-05-01,Equity Max-Sharpe,EQ_NUE,0.0
2023-05-01,Equity Max-Sharpe,EQ_NVDA,0.0
2023-05-01,Equity Max-Sharpe,EQ_O,0.0
2023-05-01,Equity Max-Sharpe,EQ_OXY,7.080447208478046e-18
2023-05-01,Equity Max-Sharpe,EQ_PLD,0.0
2023-05-01,Equity Max-Sharpe,EQ_PSA,3.014514899702682e-18
2023-05-01,Equity Max-Sharpe,EQ_QCOM,0.0
2023-05-01,Equity Max-Sharpe,EQ_SBUX,0.1410443649181182
2023-05-01,Equity Max-Sharpe,EQ_SHW,0.0
2023-05-01,Equity Max-Sharpe,EQ_SLB,0.0
2023-05-01,Equity Max-Sharpe,EQ_SO,0.0
2023-05-01,Equity Max-Sharpe,EQ_T,2.1241925947975462e-17
2023-05-01,Equity Max-Sharpe,EQ_TMUS,0.0
2023-05-01,Equity Max-Sharpe,EQ_TTWO,1.7261718128827505e-17
2023-05-01,Equity Max-Sharpe,EQ_UPS,1.6207493222808353e-17
2023-05-01,Equity Max-Sharpe,EQ_USB,0.0
2023-05-01,Equity Max-Sharpe,EQ_V,6.774934322184464e-18
2023-05-01,Equity Max-Sharpe,EQ_WFC,3.593212564632093e-18
2023-05-01,Equity Max-Sharpe,EQ_WMT,0.0
2023-05-01,Equity Max-Sharpe,EQ_XOM,0.06665959446446897
2023-06-01,Equity Max-Sharpe,EQ_ABBV,0.02
2023-06-01,Equity Max-Sharpe,EQ_ABT,0.02
2023-06-01,Equity Max-Sharpe,EQ_ADBE,0.02
2023-06-01,Equity Max-Sharpe,EQ_AEP,0.02
2023-06-01,Equity Max-Sharpe,EQ_AMD,0.02
2023-06-01,Equity Max-Sharpe,EQ_AMGN,0.02
2023-06-01,Equity Max-Sharpe,EQ_AMT,0.02
2023-06-01,Equity Max-Sharpe,EQ_BA,0.02
2023-06-01,Equity Max-Sharpe,EQ_CAT,0.02
2023-06-01,Equity Max-Sharpe,EQ_CCI,0.02
2023-06-01,Equity Max-Sharpe,EQ_CMCSA,0.02
2023-06-01,Equity Max-Sharpe,EQ_COP,0.02
2023-06-01,Equity Max-Sharpe,EQ_CVX,0.02
2023-06-01,Equity Max-Sharpe,EQ_D,0.02
2023-06-01,Equity Max-Sharpe,EQ_DD,0.02
2023-06-01,Equity Max-Sharpe,EQ_DIS,0.02
2023-06-01,Equity Max-Sharpe,EQ_DOW,0.02
2023-06-01,Equity Max-Sharpe,EQ_DUK,0.02
2023-06-01,Equity Max-Sharpe,EQ_EA,0.02
2023-06-01,Equity Max-Sharpe,EQ_GE,0.02
2023-06-01,Equity Max-Sharpe,EQ_GILD,0.02
2023-06-01,Equity Max-Sharpe,EQ_GS,0.02
2023-06-01,Equity Max-Sharpe,EQ_INTC,0.02
2023-06-01,Equity Max-Sharpe,EQ_KO,0.02
2023-06-01,Equity Max-Sharpe,EQ_MMM,0.02
2023-06-01,Equity Max-Sharpe,EQ_MRK,0.02
2023-06-01,Equity Max-Sharpe,EQ_MS,0.02
2023-06-01,Equity Max-Sharpe,EQ_NEE,0.02
2023-06-01,Equity Max-Sharpe,EQ_NEM,0.02
2023-06-01,Equity Max-Sharpe,EQ_NKE,0.02
2023-06-01,Equity Max-Sharpe,EQ_NUE,0.02
2023-06-01,Equity Max-Sharpe,EQ_NVDA,0.02
2023-06-01,Equity Max-Sharpe,EQ_O,0.02
2023-06-01,Equity Max-Sharpe,EQ_OXY,0.02
2023-06-01,Equity Max-Sharpe,EQ_PLD,0.02
2023-06-01,Equity Max-Sharpe,EQ_PSA,0.02
2023-06-01,Equity Max-Sharpe,EQ_QCOM,0.02
2023-06-01,Equity Max-Sharpe,EQ_SBUX,0.02
2023-06-01,Equity Max-Sharpe,EQ_SHW,0.02
2023-06-01,Equity Max-Sharpe,EQ_SLB,0.02
2023-06-01,Equity Max-Sharpe,EQ_SO,0.02
2023-06-01,Equity Max-Sharpe,EQ_T,0.02
2023-06-01,Equity Max-Sharpe,EQ_TMUS,0.02
2023-06-01,Equity Max-Sharpe,EQ_TTWO,0.02
2023-06-01,Equity Max-Sharpe,EQ_UPS,0.02
2023-06-01,Equity Max-Sharpe,EQ_USB,0.02
2023-06-01,Equity Max-Sharpe,EQ_V,0.02
2023-06-01,Equity Max-Sharpe,EQ_WFC,0.02
2023-06-01,Equity Max-Sharpe,EQ_WMT,0.02
2023-06-01,Equity Max-Sharpe,EQ_XOM,0.02
2023-07-03,Equity Max-Sharpe,EQ_ABBV,0.0
2023-07-03,Equity Max-Sharpe,EQ_ABT,0.0
2023-07-03,Equity Max-Sharpe,EQ_ADBE,0.0
2023-07-03,Equity Max-Sharpe,EQ_AEP,4.707332885142588e-18
2023-07-03,Equity Max-Sharpe,EQ_AMD,0.0
2023-07-03,Equity Max-Sharpe,EQ_AMGN,0.0
2023-07-03,Equity Max-Sharpe,EQ_AMT,3.724455942709901e-19
2023-07-03,Equity Max-Sharpe,EQ_BA,1.8023481727089153e-17
2023-07-03,Equity Max-Sharpe,EQ_CAT,5.415996473594446e-18
2023-07-03,Equity Max-Sharpe,EQ_CCI,8.870720306910992e-18
2023-07-03,Equity Max-Sharpe,EQ_CMCSA,6.311447528544744e-18
2023-07-03,Equity Max-Sharpe,EQ_COP,0.0
2023-07-03,Equity Max-Sharpe,EQ_CVX,4.853747830779372e-18
2023-07-03,Equity Max-Sharpe,EQ_D,0.0
2023-07-03,Equity Max-Sharpe,EQ_DD,0.0
2023-07-03,Equity Max-Sharpe,EQ_DIS,5.309211606302175e-19
2023-07-03,Equity Max-Sharpe,EQ_DOW,0.0
2023-07-03,Equity Max-Sharpe,EQ_DUK,5.405631740725362e-18
2023-07-03,Equity Max-Sharpe,EQ_EA,4.550485155658582e-18
2023-07-03,Equity Max-Sharpe,EQ_GE,0.48790694040592913
2023-07-03,Equity Max-Sharpe,EQ_GILD,1.0459442169550832e-16
2023-07-03,Equity Max-Sharpe,EQ_GS,0.0
2023-07-03,Equity Max-Sharpe,EQ_INTC,2.067271552683704e-18
2023-07-03,Equity Max-Sharpe,EQ_KO,0.0
2023-07-03,Equity Max-Sharpe,EQ_MMM,2.1554472720480843e-18
2023-07-03,Equity Max-Sharpe,EQ_MRK,0.3187565231138307
2023-07-03,Equity Max-Sharpe,EQ_MS,2.5485170948920545e-19
2023-07-03,Equity Max-Sharpe,EQ_NEE,0.0
2023-07-03,Equity Max-Sharpe,EQ_NEM,6.633105292190362e-18
2023-07-03,Equity Max-Sharpe,EQ_NKE,0.0
2023-07-03,Equity Max-Sharpe,EQ_NUE,1.304676937059182e-18
2023-07-03,Equity Max-Sharpe,EQ_NVDA,0.11051508415914887
2023-07-03,Equity Max-Sharpe,EQ_O,0.0
2023-07-03,Equity Max-Sharpe,EQ_OXY,0.0
2023-07-03,Equity Max-Sharpe,EQ_PLD,1.630663806040858e-18
2023-07-03,Equity Max-Sharpe,EQ_PSA,5.3587877406228895e-18
2023-07-03,Equity Max-Sharpe,EQ_QCOM,1.3378286940985598e-18
2023-07-03,Equity Max-Sharpe,EQ_SBUX,0.0
2023-07-03,Equity Max-Sharpe,EQ_SHW,6.818728961380562e-18
2023-07-03,Equity Max-Sharpe,EQ_SLB,0.0
2023-07-03,Equity Max-Sharpe,EQ_SO,1.4261166218672123e-17
2023-07-03,Equity Max-Sharpe,EQ_T,1.795781266808463e-18
2023-07-03,Equity Max-Sharpe,EQ_TMUS,0.0
2023-07-03,Equity Max-Sharpe,EQ_TTWO,0.0
2023-07-03,Equity Max-Sharpe,EQ_UPS,0.0
2023-07-03,Equity Max-Sharpe,EQ_USB,1.1431574822407612e-17
2023-07-03,Equity Max-Sharpe,EQ_V,1.895617603461133e-18
2023-07-03,Equity Max-Sharpe,EQ_WFC,3.3904622394006963e-18
2023-07-03,Equity Max-Sharpe,EQ_WMT,0.08282145232109131
2023-07-03,Equity Max-Sharpe,EQ_XOM,0.0
2023-08-01,Equity Max-Sharpe,EQ_ABBV,0.0
2023-08-01,Equity Max-Sharpe,EQ_ABT,4.234770996741738e-18
2023-08-01,Equity Max-Sharpe,EQ_ADBE,0.0
2023-08-01,Equity Max-Sharpe,EQ_AEP,9.181158511337174e-18
2023-08-01,Equity Max-Sharpe,EQ_AMD,5.631052898201809e-18
2023-08-01,Equity Max-Sharpe,EQ_AMGN,0.0
2023-08-01,Equity Max-Sharpe,EQ_AMT,0.0
2023-08-01,Equity Max-Sharpe,EQ_BA,2.3439570595015448e-17
2023-08-01,Equity Max-Sharpe,EQ_CAT,0.0
2023-08-01,Equity Max-Sharpe,EQ_CCI,0.0
2023-08-01,Equity Max-Sharpe,EQ_CMCSA,0.0
2023-08-01,Equity Max-Sharpe,EQ_COP,0.0
2023-08-01,Equity Max-Sharpe,EQ_CVX,6.744952219816311e-18
2023-08-01,Equity Max-Sharpe,EQ_D,0.0
2023-08-01,Equity Max-Sharpe,EQ_DD,0.0
2023-08-01,Equity Max-Sharpe,EQ_DIS,0.0
2023-08-01,Equity Max-Sharpe,EQ_DOW,6.682958404955408e-18
2023-08-01,Equity Max-Sharpe,EQ_DUK,6.6878684204525455e-18
2023-08-01,Equity Max-Sharpe,EQ_EA,7.287250220569114e-18
2023-08-01,Equity Max-Sharpe,EQ_GE,0.4710464874451054
2023-08-01,Equity Max-Sharpe,EQ_GILD,0.04656678854625724
2023-08-01,Equity Max-Sharpe,EQ_GS,2.056745528221124e-18
2023-08-01,Equity Max-Sharpe,EQ_INTC,6.097790736492633e-18
2023-08-01,Equity Max-Sharpe,EQ_KO,3.461773259978353e-18
2023-08-01,Equity Max-Sharpe,EQ_MMM,0.0
2023-08-01,Equity Max-Sharpe,EQ_MRK,0.2663566442037172
2023-08-01,Equity Max-Sharpe,EQ_MS,1.5300734122240696e-18
2023-08-01,Equity Max-Sharpe,EQ_NEE,4.482959149180698e-18
2023-08-01,Equity Max-Sharpe,EQ_NEM,5.8143378928215486e-18
2023-08-01,Equity Max-Sharpe,EQ_NKE,4.492407567171586e-18
2023-08-01,Equity Max-Sharpe,EQ_NUE,0.0
2023-08-01,Equity Max-Sharpe,EQ_NVDA,0.14431439314012257
2023-08-01,Equity Max-Sharpe,EQ_O,5.0521227821996046e-18
2023-08-01,Equity Max-Sharpe,EQ_OXY,4.9373662876336675e-18
2023-08-01,Equity Max-Sharpe,EQ_PLD,2.675548396845258e-18
2023-08-01,Equity Max-Sharpe,EQ_PSA,6.2386471001413585e-18
2023-08-01,Equity Max-Sharpe,EQ_QCOM,4.7301680018279925e-18
2023-08-01,Equity Max-Sharpe,EQ_SBUX,0.0
2023-08-01,Equity Max-Sharpe,EQ_SHW,1.6592198566206007e-17
2023-08-01,Equity Max-Sharpe,EQ_SLB,0.06925361576636883
2023-08-01,Equity Max-Sharpe,EQ_SO,7.839848958975113e-18
2023-08-01,Equity Max-Sharpe,EQ_T,1.3413786173056197e-18
2023-08-01,Equity Max-Sharpe,EQ_TMUS,6.698659067518509e-18
2023-08-01,Equity Max-Sharpe,EQ_TTWO,0.0
2023-08-01,Equity Max-Sharpe,EQ_UPS,8.572389165639894e-18
2023-08-01,Equity Max-Sharpe,EQ_USB,7.323678071485312e-18
2023-08-01,Equity Max-Sharpe,EQ_V,1.570738167415996e-18
2023-08-01,Equity Max-Sharpe,EQ_WFC,0.0
2023-08-01,Equity Max-Sharpe,EQ_WMT,0.002462070898428698
2023-08-01,Equity Max-Sharpe,EQ_XOM,0.0
2023-09-01,Equity Max-Sharpe,EQ_ABBV,1.2144075173653188e-17
2023-09-01,Equity Max-Sharpe,EQ_ABT,8.073164391817835e-18
2023-09-01,Equity Max-Sharpe,EQ_ADBE,4.585232314115796e-18
2023-09-01,Equity Max-Sharpe,EQ_AEP,0.0
2023-09-01,Equity Max-Sharpe,EQ_AMD,2.525855037896116e-17
2023-09-01,Equity Max-Sharpe,EQ_AMGN,0.0
2023-09-01,Equity Max-Sharpe,EQ_AMT,0.0
2023-09-01,Equity Max-Sharpe,EQ_BA,0.0
2023-09-01,Equity Max-Sharpe,EQ_CAT,0.0
2023-09-01,Equity Max-Sharpe,EQ_CCI,0.0
2023-09-01,Equity Max-Sharpe,EQ_CMCSA,0.0
2023-09-01,Equity Max-Sharpe,EQ_COP,1.0316671675700889e-17
2023-09-01,Equity Max-Sharpe,EQ_CVX,4.546491902688036e-18
2023-09-01,Equity Max-Sharpe,EQ_D,0.0
2023-09-01,Equity Max-Sharpe,EQ_DD,0.0
2023-09-01,Equity Max-Sharpe,EQ_DIS,2.2019883255928423e-18
2023-09-01,Equity Max-Sharpe,EQ_DOW,7.492688030315365e-18
2023-09-01,Equity Max-Sharpe,EQ_DUK,0.0
2023-09-01,Equity Max-Sharpe,EQ_EA,3.328646440576853e-20
2023-09-01,Equity Max-Sharpe,EQ_GE,0.3992485154951981
2023-09-01,Equity Max-Sharpe,EQ_GILD,0.0
2023-09-01,Equity Max-Sharpe,EQ_GS,6.3533079743091075e-18
2023-09-01,Equity Max-Sharpe,EQ_INTC,1.0912505231449591e-17
2023-09-01,Equity Max-Sharpe,EQ_KO,2.5060090690621975e-18
2023-09-01,Equity Max-Sharpe,EQ_MMM,2.217774000387203e-18
2023-09-01,Equity Max-Sharpe,EQ_MRK,0.3463704168263737
2023-09-01,Equity Max-Sharpe,EQ_MS,8.43474839573796e-18
2023-09-01,Equity Max-Sharpe,EQ_NEE,0.0
2023-09-01,Equity Max-Sharpe,EQ_NEM,9.80018229975048e-18
2023-09-01,Equity Max-Sharpe,EQ_NKE,0.0
2023-09-01,Equity Max-Sharpe,EQ_NUE,1.0013770516559178e-17
2023-09-01,Equity Max-Sharpe,EQ_NVDA,0.19220298143942705
2023-09-01,Equity Max-Sharpe,EQ_O,0.0
2023-09-01,Equity Max-Sharpe,EQ_OXY,0.0
2023-09-01,Equity Max-Sharpe,EQ_PLD,5.492557820669784e-18
2023-09-01,Equity Max-Sharpe,EQ_PSA,2.886413645407949e-18
2023-09-01,Equity Max-Sharpe,EQ_QCOM,0.0
2023-09-01,Equity Max-Sharpe,EQ_SBUX,5.56248784376708e-18
2023-09-01,Equity Max-Sharpe,EQ_SHW,1.3745796544671512e-18
2023-09-01,Equity Max-Sharpe,EQ_SLB,0.024325747045047582
2023-09-01,Equity Max-Sharpe,EQ_SO,8.691769850094064e-19
2023-09-01,Equity Max-Sharpe,EQ_T,0.0
2023-09-01,Equity Max-Sharpe,EQ_TMUS,7.880969049561865e-18
2023-09-01,Equity Max-Sharpe,EQ_TTWO,8.77270891913204e-18
2023-09-01,Equity Max-Sharpe,EQ_UPS,1.5590725092843297e-18
2023-09-01,Equity Max-Sharpe,EQ_USB,0.0
2023-09-01,Equity Max-Sharpe,EQ_V,0.0
2023-09-01,Equity Max-Sharpe,EQ_WFC,2.574232216465492e-19
2023-09-01,Equity Max-Sharpe,EQ_WMT,0.037852339193953685
2023-09-01,Equity Max-Sharpe,EQ_XOM,0.0
2023-10-02,Equity Max-Sharpe,EQ_ABBV,1.2338555027101628e-18
2023-10-02,Equity Max-Sharpe,EQ_ABT,0.0
2023-10-02,Equity Max-Sharpe,EQ_ADBE,3.651533614895165e-17
2023-10-02,Equity Max-Sharpe,EQ_AEP,0.0
2023-10-02,Equity Max-Sharpe,EQ_AMD,0.0
2023-10-02,Equity Max-Sharpe,EQ_AMGN,0.08980211629887704
2023-10-02,Equity Max-Sharpe,EQ_AMT,1.8282667298404098e-18
2023-10-02,Equity Max-Sharpe,EQ_BA,1.0492541870408682e-17
2023-10-02,Equity Max-Sharpe,EQ_CAT,0.017895919456040996
2023-10-02,Equity Max-Sharpe,EQ_CCI,0.0
2023-10-02,Equity Max-Sharpe,EQ_CMCSA,0.0
2023-10-02,Equity Max-Sharpe,EQ_COP,0.0
2023-10-02,Equity Max-Sharpe,EQ_CVX,0.0
2023-10-02,Equity Max-Sharpe,EQ_D,0.0
2023-10-02,Equity Max-Sharpe,EQ_DD,6.719441371987413e-18
2023-10-02,Equity Max-Sharpe,EQ_DIS,0.0
2023-10-02,Equity Max-Sharpe,EQ_DOW,0.0
2023-10-02,Equity Max-Sharpe,EQ_DUK,0.0
2023-10-02,Equity Max-Sharpe,EQ_EA,0.0
2023-10-02,Equity Max-Sharpe,EQ_GE,0.49402629100153456
2023-10-02,Equity Max-Sharpe,EQ_GILD,2.214185195683026e-18
2023-10-02,Equity Max-Sharpe,EQ_GS,0.0
2023-10-02,Equity Max-Sharpe,EQ_INTC,0.0
2023-10-02,Equity Max-Sharpe,EQ_KO,0.0
2023-10-02,Equity Max-Sharpe,EQ_MMM,0.0
2023-10-02,Equity Max-Sharpe,EQ_MRK,0.1838909715326115
2023-10-02,Equity Max-Sharpe,EQ_MS,0.0
2023-10-02,Equity Max-Sharpe,EQ_NEE,0.0
2023-10-02,Equity Max-Sharpe,EQ_NEM,0.0
2023-10-02,Equity Max-Sharpe,EQ_NKE,0.0
2023-10-02,Equity Max-Sharpe,EQ_NUE,9.740440130595997e-18
2023-10-02,Equity Max-Sharpe,EQ_NVDA,0.1730591946122133
2023-10-02,Equity Max-Sharpe,EQ_O,1.6668298673626373e-18
2023-10-02,Equity Max-Sharpe,EQ_OXY,0.0
2023-10-02,Equity Max-Sharpe,EQ_PLD,8.302793863027143e-19
2023-10-02,Equity Max-Sharpe,EQ_PSA,1.932973150968271e-18
2023-10-02,Equity Max-Sharpe,EQ_QCOM,0.0
2023-10-02,Equity Max-Sharpe,EQ_SBUX,8.975441591752327e-19
2023-10-02,Equity Max-Sharpe,EQ_SHW,0.0
2023-10-02,Equity Max-Sharpe,EQ_SLB,0.041325507098722805
2023-10-02,Equity Max-Sharpe,EQ_SO,2.8736658208191913e-18
2023-10-02,Equity Max-Sharpe,EQ_T,0.0
2023-10-02,Equity Max-Sharpe,EQ_TMUS,0.0
2023-10-02,Equity Max-Sharpe,EQ_TTWO,7.510420609646535e-18
2023-10-02,Equity Max-Sharpe,EQ_UPS,0.0
2023-10-02,Equity Max-Sharpe,EQ_USB,0.0
2023-10-02,Equity Max-Sharpe,EQ_V,2.4699098083879262e-17
2023-10-02,Equity Max-Sharpe,EQ_WFC,7.73283845296648e-18
2023-10-02,Equity Max-Sharpe,EQ_WMT,1.7032972807884113e-17
2023-10-02,Equity Max-Sharpe,EQ_XOM,6.390177086831839e-18
2023-11-01,Equity Max-Sharpe,EQ_ABBV,3.861413389568258e-18
2023-11-01,Equity Max-Sharpe,EQ_ABT,0.0
2023-11-01,Equity Max-Sharpe,EQ_ADBE,0.0
2023-11-01,Equity Max-Sharpe,EQ_AEP,4.541883126689088e-19
2023-11-01,Equity Max-Sharpe,EQ_AMD,7.73406958121703e-17
2023-11-01,Equity Max-Sharpe,EQ_AMGN,0.0
2023-11-01,Equity Max-Sharpe,EQ_AMT,0.0
2023-11-01,Equity Max-Sharpe,EQ_BA,0.0
2023-11-01,Equity Max-Sharpe,EQ_CAT,0.0
2023-11-01,Equity Max-Sharpe,EQ_CCI,0.0
2023-11-01,Equity Max-Sharpe,EQ_CMCSA,1.0979029640022315e-17
2023-11-01,Equity Max-Sharpe,EQ_COP,0.0
2023-11-01,Equity Max-Sharpe,EQ_CVX,3.08822147100332e-18
2023-11-01,Equity Max-Sharpe,EQ_D,4.864201742130887e-18
2023-11-01,Equity Max-Sharpe,EQ_DD,0.0
2023-11-01,Equity Max-Sharpe,EQ_DIS,2.204715705857909e-18
2023-11-01,Equity Max-Sharpe,EQ_DOW,0.0
2023-11-01,Equity Max-Sharpe,EQ_DUK,0.0
2023-11-01,Equity Max-Sharpe,EQ_EA,0.0
2023-11-01,Equity Max-Sharpe,EQ_GE,0.5159260243947459
2023-11-01,Equity Max-Sharpe,EQ_GILD,9.723209794832015e-18
2023-11-01,Equity Max-Sharpe,EQ_GS,1.6199687500996143e-19
2023-11-01,Equity Max-Sharpe,EQ_INTC,6.7396608624575385e-18
2023-11-01,Equity Max-Sharpe,EQ_KO,0.0
2023-11-01,Equity Max-Sharpe,EQ_MMM,1.4978865552522396e-18
2023-11-01,Equity Max-Sharpe,EQ_MRK,0.10693655902408289
2023-11-01,Equity Max-Sharpe,EQ_MS,0.0
2023-11-01,Equity Max-Sharpe,EQ_NEE,5.733713091044935e-18
2023-11-01,Equity Max-Sharpe,EQ_NEM,1.0883388701720327e-19
2023-11-01,Equity Max-Sharpe,EQ_NKE,0.0
2023-11-01,Equity Max-Sharpe,EQ_NUE,0.0
2023-11-01,Equity Max-Sharpe,EQ_NVDA,0.24118379610109403
2023-11-01,Equity Max-Sharpe,EQ_O,0.0
2023-11-01,Equity Max-Sharpe,EQ_OXY,0.0
2023-11-01,Equity Max-Sharpe,EQ_PLD,0.0
2023-11-01,Equity Max-Sharpe,EQ_PSA,2.505818467400384e-19
2023-11-01,Equity Max-Sharpe,EQ_QCOM,0.0
2023-11-01,Equity Max-Sharpe,EQ_SBUX,0.0
2023-11-01,Equity Max-Sharpe,EQ_SHW,0.0
2023-11-01,Equity Max-Sharpe,EQ_SLB,9.5112774966578e-18
2023-11-01,Equity Max-Sharpe,EQ_SO,1.9022476081271096e-17
2023-11-01,Equity Max-Sharpe,EQ_T,0.0
2023-11-01,Equity Max-Sharpe,EQ_TMUS,1.0214441087200339e-19
2023-11-01,Equity Max-Sharpe,EQ_TTWO,8.129645363541009e-19
2023-11-01,Equity Max-Sharpe,EQ_UPS,0.0
2023-11-01,Equity Max-Sharpe,EQ_USB,0.0
2023-11-01,Equity Max-Sharpe,EQ_V,1.3077876140682568e-17
2023-11-01,Equity Max-Sharpe,EQ_WFC,0.0
2023-11-01,Equity Max-Sharpe,EQ_WMT,0.13595362048007725
2023-11-01,Equity Max-Sharpe,EQ_XOM,0.0
2023-12-01,Equity Max-Sharpe,EQ_ABBV,0.0
2023-12-01,Equity Max-Sharpe,EQ_ABT,7.99164999661933e-18
2023-12-01,Equity Max-Sharpe,EQ_ADBE,0.09080570339189457
2023-12-01,Equity Max-Sharpe,EQ_AEP,2.449863713359203e-18
2023-12-01,Equity Max-Sharpe,EQ_AMD,0.0
2023-12-01,Equity Max-Sharpe,EQ_AMGN,0.0
2023-12-01,Equity Max-Sharpe,EQ_AMT,3.9810315716302337e-19
2023-12-01,Equity Max-Sharpe,EQ_BA,6.355518088596957e-18
2023-12-01,Equity Max-Sharpe,EQ_CAT,3.398259063064404e-18
2023-12-01,Equity Max-Sharpe,EQ_CCI,1.999043646224151e-18
2023-12-01,Equity Max-Sharpe,EQ_CMCSA,0.0
2023-12-01,Equity Max-Sharpe,EQ_COP,0.0
2023-12-01,Equity Max-Sharpe,EQ_CVX,2.339818904758083e-18
2023-12-01,Equity Max-Sharpe,EQ_D,1.4372034737700767e-18
2023-12-01,Equity Max-Sharpe,EQ_DD,0.0
2023-12-01,Equity Max-Sharpe,EQ_DIS,3.059787293899591e-18
2023-12-01,Equity Max-Sharpe,EQ_DOW,6.762562282443933e-18
2023-12-01,Equity Max-Sharpe,EQ_DUK,4.010517060309004e-18
2023-12-01,Equity Max-Sharpe,EQ_EA,0.0
2023-12-01,Equity Max-Sharpe,EQ_GE,0.503801389434232
2023-12-01,Equity Max-Sharpe,EQ_GILD,5.310983732833357e-19
2023-12-01,Equity Max-Sharpe,EQ_GS,7.00670346746397e-19
2023-12-01,Equity Max-Sharpe,EQ_INTC,0.04674455332997584
2023-12-01,Equity Max-Sharpe,EQ_KO,3.1770619822999495e-18
2023-12-01,Equity Max-Sharpe,EQ_MMM,0.0
2023-12-01,Equity Max-Sharpe,EQ_MRK,0.0
2023-12-01,Equity Max-Sharpe,EQ_MS,3.0784130357502244e-18
2023-12-01,Equity Max-Sharpe,EQ_NEE,3.1892570650136116e-18
2023-12-01,Equity Max-Sharpe,EQ_NEM,2.5149778019276486e-18
2023-12-01,Equity Max-Sharpe,EQ_NKE,0.0
2023-12-01,Equity Max-Sharpe,EQ_NUE,5.245781216639969e-18
2023-12-01,Equity Max-Sharpe,EQ_NVDA,0.21010733289401345
2023-12-01,Equity Max-Sharpe,EQ_O,7.493077503914888e-19
2023-12-01,Equity Max-Sharpe,EQ_OXY,1.5050371940236254e-18
2023-12-01,Equity Max-Sharpe,EQ_PLD,0.0
2023-12-01,Equity Max-Sharpe,EQ_PSA,2.3546543027979807e-19
2023-12-01,Equity Max-Sharpe,EQ_QCOM,0.0
2023-12-01,Equity Max-Sharpe,EQ_SBUX,5.82185611258178e-19
2023-12-01,Equity Max-Sharpe,EQ_SHW,1.67088483441625e-19
2023-12-01,Equity Max-Sharpe,EQ_SLB,3.769585915871354e-18
2023-12-01,Equity Max-Sharpe,EQ_SO,0.08483873874453897
2023-12-01,Equity Max-Sharpe,EQ_T,0.0
2023-12-01,Equity Max-Sharpe,EQ_TMUS,0.0
2023-12-01,Equity Max-Sharpe,EQ_TTWO,0.06370228220534502
2023-12-01,Equity Max-Sharpe,EQ_UPS,7.834263022923912e-19
2023-12-01,Equity Max-Sharpe,EQ_USB,1.6227492260690658e-18
2023-12-01,Equity Max-Sharpe,EQ_V,1.3364700098125518e-17
2023-12-01,Equity Max-Sharpe,EQ_WFC,1.8031659170776104e-18
2023-12-01,Equity Max-Sharpe,EQ_WMT,0.0
2023-12-01,Equity Max-Sharpe,EQ_XOM,2.7055907805073443e-18
2020-10-01,Crypto Min-Variance,ADA-USD,1.2224350982423573e-14
2020-10-01,Crypto Min-Variance,BCH-USD,0.0
2020-10-01,Crypto Min-Variance,BTC-USD,0.6213637378308875
2020-10-01,Crypto Min-Variance,EOS-USD,0.0
2020-10-01,Crypto Min-Variance,ETC-USD,1.1915096752110802e-15
2020-10-01,Crypto Min-Variance,ETH-USD,0.0
2020-10-01,Crypto Min-Variance,LTC-USD,0.0
2020-10-01,Crypto Min-Variance,TRX-USD,3.672944871783843e-15
2020-10-01,Crypto Min-Variance,XLM-USD,4.855245656474097e-15
2020-10-01,Crypto Min-Variance,XRP-USD,0.378636262169107
2020-11-01,Crypto Min-Variance,ADA-USD,4.2964390044366474e-16
2020-11-01,Crypto Min-Variance,BCH-USD,7.47956010681341e-15
2020-11-01,Crypto Min-Variance,BTC-USD,0.5303083028534255
2020-11-01,Crypto Min-Variance,EOS-USD,8.459775346780984e-16
2020-11-01,Crypto Min-Variance,ETC-USD,0.0
2020-11-01,Crypto Min-Variance,ETH-USD,7.299148865311821e-15
2020-11-01,Crypto Min-Variance,LTC-USD,4.426446789094228e-15
2020-11-01,Crypto Min-Variance,TRX-USD,0.0
2020-11-01,Crypto Min-Variance,XLM-USD,0.0
2020-11-01,Crypto Min-Variance,XRP-USD,0.4696916971465715
2020-12-01,Crypto Min-Variance,ADA-USD,4.536684048615837e-16
2020-12-01,Crypto Min-Variance,BCH-USD,3.1741919400393906e-17
2020-12-01,Crypto Min-Variance,BTC-USD,0.7695041995861704
2020-12-01,Crypto Min-Variance,EOS-USD,1.4452913134220252e-16
2020-12-01,Crypto Min-Variance,ETC-USD,0.09195581527870372
2020-12-01,Crypto Min-Variance,ETH-USD,0.0
2020-12-01,Crypto Min-Variance,LTC-USD,0.0
2020-12-01,Crypto Min-Variance,TRX-USD,0.13853998513512597
2020-12-01,Crypto Min-Variance,XLM-USD,3.8817786065060107e-16
2020-12-01,Crypto Min-Variance,XRP-USD,0.0
2021-01-01,Crypto Min-Variance,ADA-USD,1.8113361909954985e-15
2021-01-01,Crypto Min-Variance,BCH-USD,1.9120877491789215e-15
2021-01-01,Crypto Min-Variance,BTC-USD,0.8053136500877125
2021-01-01,Crypto Min-Variance,EOS-USD,0.0
2021-01-01,Crypto Min-Variance,ETC-USD,0.04132825763593877
2021-01-01,Crypto Min-Variance,ETH-USD,2.5179733787700905e-15
2021-01-01,Crypto Min-Variance,LTC-USD,1.1105624366996497e-14
2021-01-01,Crypto Min-Variance,TRX-USD,0.15335809227633518
2021-01-01,Crypto Min-Variance,XLM-USD,0.0
2021-01-01,Crypto Min-Variance,XRP-USD,0.0
2021-02-01,Crypto Min-Variance,ADA-USD,3.1238609163042932e-15
2021-02-01,Crypto Min-Variance,BCH-USD,3.893498183842227e-16
2021-02-01,Crypto Min-Variance,BTC-USD,0.7424073730087642
2021-02-01,Crypto Min-Variance,EOS-USD,0.0
2021-02-01,Crypto Min-Variance,ETC-USD,0.0729821686676475
2021-02-01,Crypto Min-Variance,ETH-USD,2.40881074569152e-15
2021-02-01,Crypto Min-Variance,LTC-USD,1.1069849839908617e-14
2021-02-01,Crypto Min-Variance,TRX-USD,0.18461045832357442
2021-02-01,Crypto Min-Variance,XLM-USD,2.393492855698924e-15
2021-02-01,Crypto Min-Variance,XRP-USD,0.0
2021-03-01,Crypto Min-Variance,ADA-USD,0.027157133066850515
2021-03-01,Crypto Min-Variance,BCH-USD,1.4094406487961531e-14
2021-03-01,Crypto Min-Variance,BTC-USD,0.7734813750999354
2021-03-01,Crypto Min-Variance,EOS-USD,0.0
2021-03-01,Crypto Min-Variance,ETC-USD,0.039615219762799796
2021-03-01,Crypto Min-Variance,ETH-USD,4.043950313675212e-15
2021-03-01,Crypto Min-Variance,LTC-USD,2.633498764513887e-14
2021-03-01,Crypto Min-Variance,TRX-USD,0.14705258725568976
2021-03-01,Crypto Min-Variance,XLM-USD,1.9936470351111844e-14
2021-03-01,Crypto Min-Variance,XRP-USD,0.012693684814669358
2021-04-01,Crypto Min-Variance,ADA-USD,0.03706859159293698
2021-04-01,Crypto Min-Variance,BCH-USD,3.2720587926828895e-15
2021-04-01,Crypto Min-Variance,BTC-USD,0.7777403731987761
2021-04-01,Crypto Min-Variance,EOS-USD,5.364979181144957e-16
2021-04-01,Crypto Min-Variance,ETC-USD,0.03551202057312378
2021-04-01,Crypto Min-Variance,ETH-USD,3.0033269228452832e-15
2021-04-01,Crypto Min-Variance,LTC-USD,9.9478438020333e-15
2021-04-01,Crypto Min-Variance,TRX-USD,0.11934210340349428
2021-04-01,Crypto Min-Variance,XLM-USD,6.3114017634296584e-15
2021-04-01,Crypto Min-Variance,XRP-USD,0.030336911231645773
2021-05-01,Crypto Min-Variance,ADA-USD,0.03092736725757636
2021-05-01,Crypto Min-Variance,BCH-USD,0.0
2021-05-01,Crypto Min-Variance,BTC-USD,0.8228735701872206
2021-05-01,Crypto Min-Variance,EOS-USD,0.0
2021-05-01,Crypto Min-Variance,ETC-USD,0.07679949215101192
2021-05-01,Crypto Min-Variance,ETH-USD,1.154715266818657e-15
2021-05-01,Crypto Min-Variance,LTC-USD,0.0
2021-05-01,Crypto Min-Variance,TRX-USD,0.06939957040419718
2021-05-01,Crypto Min-Variance,XLM-USD,0.0
2021-05-01,Crypto Min-Variance,XRP-USD,1.7027926678080797e-15
2021-06-01,Crypto Min-Variance,ADA-USD,0.02797368527739014
2021-06-01,Crypto Min-Variance,BCH-USD,0.0
2021-06-01,Crypto Min-Variance,BTC-USD,0.9671114151096452
2021-06-01,Crypto Min-Variance,EOS-USD,0.0
2021-06-01,Crypto Min-Variance,ETC-USD,0.0049148996129784964
2021-06-01,Crypto Min-Variance,ETH-USD,4.327260343401322e-16
2021-06-01,Crypto Min-Variance,LTC-USD,0.0
2021-06-01,Crypto Min-Variance,TRX-USD,2.352417370287749e-15
2021-06-01,Crypto Min-Variance,XLM-USD,0.0
2021-06-01,Crypto Min-Variance,XRP-USD,4.846615496763029e-15
2021-07-01,Crypto Min-Variance,ADA-USD,0.035609378527327526
2021-07-01,Crypto Min-Variance,BCH-USD,1.3108644621275624e-14
2021-07-01,Crypto Min-Variance,BTC-USD,0.9521314024120917
2021-07-01,Crypto Min-Variance,EOS-USD,1.3581975056613327e-14
2021-07-01,Crypto Min-Variance,ETC-USD,0.0
2021-07-01,Crypto Min-Variance,ETH-USD,0.012259219060560527
2021-07-01,Crypto Min-Variance,LTC-USD,1.7999653832300378e-14
2021-07-01,Crypto Min-Variance,TRX-USD,0.0
2021-07-01,Crypto Min-Variance,XLM-USD,6.311146411946083e-15
2021-07-01,Crypto Min-Variance,XRP-USD,0.0
2021-08-01,Crypto Min-Variance,ADA-USD,0.0335395425969365
2021-08-01,Crypto Min-Variance,BCH-USD,2.562289047591945e-14
2021-08-01,Crypto Min-Variance,BTC-USD,0.9664604574030448
2021-08-01,Crypto Min-Variance,EOS-USD,2.2891368576734943e-14
2021-08-01,Crypto Min-Variance,ETC-USD,0.0
2021-08-01,Crypto Min-Variance,ETH-USD,0.0
2021-08-01,Crypto Min-Variance,LTC-USD,2.8990456967870924e-14
2021-08-01,Crypto Min-Variance,TRX-USD,0.0
2021-08-01,Crypto Min-Variance,XLM-USD,9.773538250079659e-15
2021-08-01,Crypto Min-Variance,XRP-USD,0.0
2021-09-01,Crypto Min-Variance,ADA-USD,0.030148157830007873
2021-09-01,Crypto Min-Variance,BCH-USD,0.0
2021-09-01,Crypto Min-Variance,BTC-USD,0.9698518421700063
2021-09-01,Crypto Min-Variance,EOS-USD,0.0
2021-09-01,Crypto Min-Variance,ETC-USD,1.054484188385539e-14
2021-09-01,Crypto Min-Variance,ETH-USD,6.1887167254917655e-15
2021-09-01,Crypto Min-Variance,LTC-USD,0.0
2021-09-01,Crypto Min-Variance,TRX-USD,6.494820492599652e-15
2021-09-01,Crypto Min-Variance,XLM-USD,0.0
2021-09-01,Crypto Min-Variance,XRP-USD,1.0411172919900937e-14
2021-10-01,Crypto Min-Variance,ADA-USD,0.01889890942928325
2021-10-01,Crypto Min-Variance,BCH-USD,5.787462007929535e-14
2021-10-01,Crypto Min-Variance,BTC-USD,0.9811010905706492
2021-10-01,Crypto Min-Variance,EOS-USD,1.1260615134392882e-13
2021-10-01,Crypto Min-Variance,ETC-USD,0.0
2021-10-01,Crypto Min-Variance,ETH-USD,0.0
2021-10-01,Crypto Min-Variance,LTC-USD,2.59991698618181e-14
2021-10-01,Crypto Min-Variance,TRX-USD,1.8410425793495005e-14
2021-10-01,Crypto Min-Variance,XLM-USD,0.0
2021-10-01,Crypto Min-Variance,XRP-USD,0.0
2021-11-01,Crypto Min-Variance,ADA-USD,0.0
2021-11-01,Crypto Min-Variance,BCH-USD,5.409672746505605e-14
2021-11-01,Crypto Min-Variance,BTC-USD,1.0
2021-11-01,Crypto Min-Variance,EOS-USD,1.4534792519288777e-13
2021-11-01,Crypto Min-Variance,ETC-USD,0.0
2021-11-01,Crypto Min-Variance,ETH-USD,0.0
2021-11-01,Crypto Min-Variance,LTC-USD,2.0996676610021188e-14
2021-11-01,Crypto Min-Variance,TRX-USD,0.0
2021-11-01,Crypto Min-Variance,XLM-USD,0.0
2021-11-01,Crypto Min-Variance,XRP-USD,1.2431037486429241e-14
2021-12-01,Crypto Min-Variance,ADA-USD,2.933862317208509e-14
2021-12-01,Crypto Min-Variance,BCH-USD,1.441743128779002e-17
2021-12-01,Crypto Min-Variance,BTC-USD,0.999999999999981
2021-12-01,Crypto Min-Variance,EOS-USD,1.4867595867339922e-17
2021-12-01,Crypto Min-Variance,ETC-USD,2.420072442861011e-14
2021-12-01,Crypto Min-Variance,ETH-USD,1.0339648507822044e-14
2021-12-01,Crypto Min-Variance,LTC-USD,7.518848339529117e-18
2021-12-01,Crypto Min-Variance,TRX-USD,5.137877041260304e-15
2021-12-01,Crypto Min-Variance,XLM-USD,1.4575424465799358e-14
2021-12-01,Crypto Min-Variance,XRP-USD,1.725829269817287e-17
2022-01-01,Crypto Min-Variance,ADA-USD,3.607299445551078e-14
2022-01-01,Crypto Min-Variance,BCH-USD,0.0
2022-01-01,Crypto Min-Variance,BTC-USD,0.9999999999999833
2022-01-01,Crypto Min-Variance,EOS-USD,0.0
2022-01-01,Crypto Min-Variance,ETC-USD,5.42016336001584e-15
2022-01-01,Crypto Min-Variance,ETH-USD,8.856485072613466e-15
2022-01-01,Crypto Min-Variance,LTC-USD,0.0
2022-01-01,Crypto Min-Variance,TRX-USD,1.1454928305236429e-14
2022-01-01,Crypto Min-Variance,XLM-USD,1.8669043387690428e-14
2022-01-01,Crypto Min-Variance,XRP-USD,0.0
2022-02-01,Crypto Min-Variance,ADA-USD,0.0
2022-02-01,Crypto Min-Variance,BCH-USD,6.769886837340859e-16
2022-02-01,Crypto Min-Variance,BTC-USD,0.9177171981889849
2022-02-01,Crypto Min-Variance,EOS-USD,1.4284899111744637e-15
2022-02-01,Crypto Min-Variance,ETC-USD,2.408020435832178e-15
2022-02-01,Crypto Min-Variance,ETH-USD,6.308812127806491e-16
2022-02-01,Crypto Min-Variance,LTC-USD,5.788390810590942e-15
2022-02-01,Crypto Min-Variance,TRX-USD,0.08228280181101039
2022-02-01,Crypto Min-Variance,XLM-USD,0.0
2022-02-01,Crypto Min-Variance,XRP-USD,1.9380384526929972e-16
2022-03-01,Crypto Min-Variance,ADA-USD,1.3090600222534423e-15
2022-03-01,Crypto Min-Variance,BCH-USD,0.0
2022-03-01,Crypto Min-Variance,BTC-USD,0.829920384432554
2022-03-01,Crypto Min-Variance,EOS-USD,0.0
2022-03-01,Crypto Min-Variance,ETC-USD,1.1473789251489207e-16
2022-03-01,Crypto Min-Variance,ETH-USD,2.3749012137061453e-16
2022-03-01,Crypto Min-Variance,LTC-USD,4.539482189936338e-15
2022-03-01,Crypto Min-Variance,TRX-USD,0.17007961556744494
2022-03-01,Crypto Min-Variance,XLM-USD,0.0
2022-03-01,Crypto Min-Variance,XRP-USD,0.0
2022-04-01,Crypto Min-Variance,ADA-USD,0.0
2022-04-01,Crypto Min-Variance,BCH-USD,2.1892330604183066e-15
2022-04-01,Crypto Min-Variance,BTC-USD,0.7291409558881192
2022-04-01,Crypto Min-Variance,EOS-USD,0.0
2022-04-01,Crypto Min-Variance,ETC-USD,4.562429726563176e-16
2022-04-01,Crypto Min-Variance,ETH-USD,0.0
2022-04-01,Crypto Min-Variance,LTC-USD,0.0
2022-04-01,Crypto Min-Variance,TRX-USD,0.27085904411188033
2022-04-01,Crypto Min-Variance,XLM-USD,5.303036970747032e-16
2022-04-01,Crypto Min-Variance,XRP-USD,5.762196834575702e-16
2022-05-01,Crypto Min-Variance,ADA-USD,4.735956148823339e-16
2022-05-01,Crypto Min-Variance,BCH-USD,8.915591463123458e-16
2022-05-01,Crypto Min-Variance,BTC-USD,0.7896132405066801
2022-05-01,Crypto Min-Variance,EOS-USD,1.7104334533051906e-15
2022-05-01,Crypto Min-Variance,ETC-USD,1.1681521514819567e-17
2022-05-01,Crypto Min-Variance,ETH-USD,4.750580898730028e-16
2022-05-01,Crypto Min-Variance,LTC-USD,0.0
2022-05-01,Crypto Min-Variance,TRX-USD,0.21038675949331864
2022-05-01,Crypto Min-Variance,XLM-USD,0.0
2022-05-01,Crypto Min-Variance,XRP-USD,0.0
2022-06-01,Crypto Min-Variance,ADA-USD,0.0
2022-06-01,Crypto Min-Variance,BCH-USD,0.0
2022-06-01,Crypto Min-Variance,BTC-USD,0.7660751913315632
2022-06-01,Crypto Min-Variance,EOS-USD,0.0
2022-06-01,Crypto Min-Variance,ETC-USD,5.745630151055282e-16
2022-06-01,Crypto Min-Variance,ETH-USD,4.340189752638654e-16
2022-06-01,Crypto Min-Variance,LTC-USD,0.0
2022-06-01,Crypto Min-Variance,TRX-USD,0.2339248086684466
2022-06-01,Crypto Min-Variance,XLM-USD,2.5986557616814005e-15
2022-06-01,Crypto Min-Variance,XRP-USD,8.332658520393445e-15
2022-07-01,Crypto Min-Variance,ADA-USD,5.512545701029087e-16
2022-07-01,Crypto Min-Variance,BCH-USD,1.1910474605151106e-15
2022-07-01,Crypto Min-Variance,BTC-USD,0.7746095082495732
2022-07-01,Crypto Min-Variance,EOS-USD,5.105968678556083e-15
2022-07-01,Crypto Min-Variance,ETC-USD,1.4054360034078305e-14
2022-07-01,Crypto Min-Variance,ETH-USD,0.0
2022-07-01,Crypto Min-Variance,LTC-USD,1.399383589649175e-14
2022-07-01,Crypto Min-Variance,TRX-USD,0.22539049175039771
2022-07-01,Crypto Min-Variance,XLM-USD,3.1070803317785495e-16
2022-07-01,Crypto Min-Variance,XRP-USD,0.0
2022-08-01,Crypto Min-Variance,ADA-USD,6.684291783545412e-15
2022-08-01,Crypto Min-Variance,BCH-USD,0.0
2022-08-01,Crypto Min-Variance,BTC-USD,0.6867196675379513
2022-08-01,Crypto Min-Variance,EOS-USD,0.0
2022-08-01,Crypto Min-Variance,ETC-USD,1.2709038296723895e-14
2022-08-01,Crypto Min-Variance,ETH-USD,4.909072903841498e-15
2022-08-01,Crypto Min-Variance,LTC-USD,2.021854576532588e-15
2022-08-01,Crypto Min-Variance,TRX-USD,0.3132803324620533
2022-08-01,Crypto Min-Variance,XLM-USD,0.0
2022-08-01,Crypto Min-Variance,XRP-USD,0.0
2022-09-01,Crypto Min-Variance,ADA-USD,2.245514312075561e-14
2022-09-01,Crypto Min-Variance,BCH-USD,1.9248528486958896e-19
2022-09-01,Crypto Min-Variance,BTC-USD,0.6768060012159947
2022-09-01,Crypto Min-Variance,EOS-USD,1.6320979707199611e-19
2022-09-01,Crypto Min-Variance,ETC-USD,3.39351934940014e-14
2022-09-01,Crypto Min-Variance,ETH-USD,1.6601414538255268e-14
2022-09-01,Crypto Min-Variance,LTC-USD,1.4654464500694085e-19
2022-09-01,Crypto Min-Variance,TRX-USD,0.32319399878401484
2022-09-01,Crypto Min-Variance,XLM-USD,5.028743806008158e-19
2022-09-01,Crypto Min-Variance,XRP-USD,7.434287737034573e-19
2022-10-01,Crypto Min-Variance,ADA-USD,1.1282549187182773e-14
2022-10-01,Crypto Min-Variance,BCH-USD,0.0
2022-10-01,Crypto Min-Variance,BTC-USD,0.6231213694414119
2022-10-01,Crypto Min-Variance,EOS-USD,0.0
2022-10-01,Crypto Min-Variance,ETC-USD,2.1111031376523965e-14
2022-10-01,Crypto Min-Variance,ETH-USD,7.728379309948166e-15
2022-10-01,Crypto Min-Variance,LTC-USD,0.0
2022-10-01,Crypto Min-Variance,TRX-USD,0.37687863055859216
2022-10-01,Crypto Min-Variance,XLM-USD,0.0
2022-10-01,Crypto Min-Variance,XRP-USD,0.0
2022-11-01,Crypto Min-Variance,ADA-USD,0.0
2022-11-01,Crypto Min-Variance,BCH-USD,2.3073861575406667e-15
2022-11-01,Crypto Min-Variance,BTC-USD,0.5823872370013032
2022-11-01,Crypto Min-Variance,EOS-USD,4.0273499334734343e-17
2022-11-01,Crypto Min-Variance,ETC-USD,7.23154686944509e-15
2022-11-01,Crypto Min-Variance,ETH-USD,1.5203674998413478e-15
2022-11-01,Crypto Min-Variance,LTC-USD,0.0
2022-11-01,Crypto Min-Variance,TRX-USD,0.3649454208008409
2022-11-01,Crypto Min-Variance,XLM-USD,0.0
2022-11-01,Crypto Min-Variance,XRP-USD,0.052667342197855314
2022-12-01,Crypto Min-Variance,ADA-USD,1.6063800263591782e-14
2022-12-01,Crypto Min-Variance,BCH-USD,1.781234171523331e-15
2022-12-01,Crypto Min-Variance,BTC-USD,0.6591075920882551
2022-12-01,Crypto Min-Variance,EOS-USD,0.0
2022-12-01,Crypto Min-Variance,ETC-USD,0.0
2022-12-01,Crypto Min-Variance,ETH-USD,0.0
2022-12-01,Crypto Min-Variance,LTC-USD,7.207677888726544e-17
2022-12-01,Crypto Min-Variance,TRX-USD,0.340892407911738
2022-12-01,Crypto Min-Variance,XLM-USD,1.6455066366317963e-15
2022-12-01,Crypto Min-Variance,XRP-USD,0.0
2023-01-01,Crypto Min-Variance,ADA-USD,1.4813674007092292e-14
2023-01-01,Crypto Min-Variance,BCH-USD,0.0
2023-01-01,Crypto Min-Variance,BTC-USD,0.6135685425380575
2023-01-01,Crypto Min-Variance,EOS-USD,0.0
2023-01-01,Crypto Min-Variance,ETC-USD,2.3353944888288573e-14
2023-01-01,Crypto Min-Variance,ETH-USD,7.394091296780913e-15
2023-01-01,Crypto Min-Variance,LTC-USD,0.0
2023-01-01,Crypto Min-Variance,TRX-USD,0.3864314574619362
2023-01-01,Crypto Min-Variance,XLM-USD,0.0
2023-01-01,Crypto Min-Variance,XRP-USD,0.0
2023-02-01,Crypto Min-Variance,ADA-USD,0.0
2023-02-01,Crypto Min-Variance,BCH-USD,0.0
2023-02-01,Crypto Min-Variance,BTC-USD,0.2521667092441783
2023-02-01,Crypto Min-Variance,EOS-USD,0.0
2023-02-01,Crypto Min-Variance,ETC-USD,1.7461441029205872e-14
2023-02-01,Crypto Min-Variance,ETH-USD,1.1685331248664544e-14
2023-02-01,Crypto Min-Variance,LTC-USD,0.0
2023-02-01,Crypto Min-Variance,TRX-USD,0.7478332907558233
2023-02-01,Crypto Min-Variance,XLM-USD,0.0
2023-02-01,Crypto Min-Variance,XRP-USD,0.0
2023-03-01,Crypto Min-Variance,ADA-USD,0.0
2023-03-01,Crypto Min-Variance,BCH-USD,0.0
2023-03-01,Crypto Min-Variance,BTC-USD,0.07392233755972674
2023-03-01,Crypto Min-Variance,EOS-USD,0.0
2023-03-01,Crypto Min-Variance,ETC-USD,2.2024385987268335e-15
2023-03-01,Crypto Min-Variance,ETH-USD,0.0
2023-03-01,Crypto Min-Variance,LTC-USD,0.0
2023-03-01,Crypto Min-Variance,TRX-USD,0.9260776624402738
2023-03-01,Crypto Min-Variance,XLM-USD,0.0
2023-03-01,Crypto Min-Variance,XRP-USD,0.0
2023-04-01,Crypto Min-Variance,ADA-USD,0.0
2023-04-01,Crypto Min-Variance,BCH-USD,3.094691863290169e-15
2023-04-01,Crypto Min-Variance,BTC-USD,0.22886208095029204
2023-04-01,Crypto Min-Variance,EOS-USD,2.352749960186315e-16
2023-04-01,Crypto Min-Variance,ETC-USD,0.0
2023-04-01,Crypto Min-Variance,ETH-USD,0.0
2023-04-01,Crypto Min-Variance,LTC-USD,3.338822174233549e-15
2023-04-01,Crypto Min-Variance,TRX-USD,0.7711379190497051
2023-04-01,Crypto Min-Variance,XLM-USD,5.86281336290832e-15
2023-04-01,Crypto Min-Variance,XRP-USD,4.274162813151014e-15
2023-05-01,Crypto Min-Variance,ADA-USD,0.0
2023-05-01,Crypto Min-Variance,BCH-USD,3.5336905541681116e-16
2023-05-01,Crypto Min-Variance,BTC-USD,0.2678987060269802
2023-05-01,Crypto Min-Variance,EOS-USD,0.0
2023-05-01,Crypto Min-Variance,ETC-USD,3.030911880823971e-16
2023-05-01,Crypto Min-Variance,ETH-USD,0.0
2023-05-01,Crypto Min-Variance,LTC-USD,2.506373624144879e-16
2023-05-01,Crypto Min-Variance,TRX-USD,0.7321012939730203
2023-05-01,Crypto Min-Variance,XLM-USD,5.22819168133048e-16
2023-05-01,Crypto Min-Variance,XRP-USD,2.573582161828729e-16
2023-06-01,Crypto Min-Variance,ADA-USD,1.2959271323260892e-16
2023-06-01,Crypto Min-Variance,BCH-USD,0.0
2023-06-01,Crypto Min-Variance,BTC-USD,0.337328347138836
2023-06-01,Crypto Min-Variance,EOS-USD,0.0
2023-06-01,Crypto Min-Variance,ETC-USD,1.8708071792862823e-15
2023-06-01,Crypto Min-Variance,ETH-USD,0.0
2023-06-01,Crypto Min-Variance,LTC-USD,0.0
2023-06-01,Crypto Min-Variance,TRX-USD,0.6246865259819266
2023-06-01,Crypto Min-Variance,XLM-USD,0.037985126879236976
2023-06-01,Crypto Min-Variance,XRP-USD,3.248235245250478e-16
2023-07-01,Crypto Min-Variance,ADA-USD,2.0991462492023361e-16
2023-07-01,Crypto Min-Variance,BCH-USD,7.930585822151847e-16
2023-07-01,Crypto Min-Variance,BTC-USD,0.35911815259055174
2023-07-01,Crypto Min-Variance,EOS-USD,5.33397898050035e-16
2023-07-01,Crypto Min-Variance,ETC-USD,0.0
2023-07-01,Crypto Min-Variance,ETH-USD,0.0
2023-07-01,Crypto Min-Variance,LTC-USD,2.014530567495333e-16
2023-07-01,Crypto Min-Variance,TRX-USD,0.5671375107401095
2023-07-01,Crypto Min-Variance,XLM-USD,0.07374433666934102
2023-07-01,Crypto Min-Variance,XRP-USD,5.681432811489045e-16
2023-08-01,Crypto Min-Variance,ADA-USD,0.0
2023-08-01,Crypto Min-Variance,BCH-USD,0.0
2023-08-01,Crypto Min-Variance,BTC-USD,0.5465495751680465
2023-08-01,Crypto Min-Variance,EOS-USD,1.4039556675486939e-16
2023-08-01,Crypto Min-Variance,ETC-USD,0.0
2023-08-01,Crypto Min-Variance,ETH-USD,0.0
2023-08-01,Crypto Min-Variance,LTC-USD,4.1823572128196943e-16
2023-08-01,Crypto Min-Variance,TRX-USD,0.4534504248319544
2023-08-01,Crypto Min-Variance,XLM-USD,0.0
2023-08-01,Crypto Min-Variance,XRP-USD,0.0
2023-09-01,Crypto Min-Variance,ADA-USD,7.423526499328238e-17
2023-09-01,Crypto Min-Variance,BCH-USD,0.0
2023-09-01,Crypto Min-Variance,BTC-USD,0.4620091313256481
2023-09-01,Crypto Min-Variance,EOS-USD,2.5391275166544207e-16
2023-09-01,Crypto Min-Variance,ETC-USD,0.0
2023-09-01,Crypto Min-Variance,ETH-USD,0.05494218800452402
2023-09-01,Crypto Min-Variance,LTC-USD,0.0
2023-09-01,Crypto Min-Variance,TRX-USD,0.48304868066982776
2023-09-01,Crypto Min-Variance,XLM-USD,2.3108800224154307e-16
2023-09-01,Crypto Min-Variance,XRP-USD,0.0
2023-10-01,Crypto Min-Variance,ADA-USD,7.419228073159943e-17
2023-10-01,Crypto Min-Variance,BCH-USD,4.3691656736943424e-16
2023-10-01,Crypto Min-Variance,BTC-USD,0.5017090138296925
2023-10-01,Crypto Min-Variance,EOS-USD,5.91992872862121e-17
2023-10-01,Crypto Min-Variance,ETC-USD,3.441679946722107e-16
2023-10-01,Crypto Min-Variance,ETH-USD,0.033539751517607325
2023-10-01,Crypto Min-Variance,LTC-USD,1.5760052529256483e-15
2023-10-01,Crypto Min-Variance,TRX-USD,0.46475123465269963
2023-10-01,Crypto Min-Variance,XLM-USD,0.0
2023-10-01,Crypto Min-Variance,XRP-USD,0.0
2023-11-01,Crypto Min-Variance,ADA-USD,0.0
2023-11-01,Crypto Min-Variance,BCH-USD,5.77909914817189e-16
2023-11-01,Crypto Min-Variance,BTC-USD,0.358766823643793
2023-11-01,Crypto Min-Variance,EOS-USD,0.0
2023-11-01,Crypto Min-Variance,ETC-USD,0.0
2023-11-01,Crypto Min-Variance,ETH-USD,0.1287321516988313
2023-11-01,Crypto Min-Variance,LTC-USD,9.017673341237029e-16
2023-11-01,Crypto Min-Variance,TRX-USD,0.512501024657376
2023-11-01,Crypto Min-Variance,XLM-USD,0.0
2023-11-01,Crypto Min-Variance,XRP-USD,0.0
2023-12-01,Crypto Min-Variance,ADA-USD,5.175388286768281e-16
2023-12-01,Crypto Min-Variance,BCH-USD,0.0
2023-12-01,Crypto Min-Variance,BTC-USD,0.3915172602660175
2023-12-01,Crypto Min-Variance,EOS-USD,8.681768730092793e-16
2023-12-01,Crypto Min-Variance,ETC-USD,0.0
2023-12-01,Crypto Min-Variance,ETH-USD,0.04391679843708786
2023-12-01,Crypto Min-Variance,LTC-USD,0.0
2023-12-01,Crypto Min-Variance,TRX-USD,0.5645659412968947
2023-12-01,Crypto Min-Variance,XLM-USD,0.0
2023-12-01,Crypto Min-Variance,XRP-USD,3.5211022767279044e-16
2021-01-04,Equity Min-Variance,EQ_ABBV,0.1631237506112645
2021-01-04,Equity Min-Variance,EQ_ABT,7.254544367388053e-16
2021-01-04,Equity Min-Variance,EQ_ADBE,3.5380243069541748e-15
2021-01-04,Equity Min-Variance,EQ_AEP,0.0
2021-01-04,Equity Min-Variance,EQ_AMD,4.2339340098233715e-15
2021-01-04,Equity Min-Variance,EQ_AMGN,1.3139091057747914e-15
2021-01-04,Equity Min-Variance,EQ_AMT,2.4787666965099922e-15
2021-01-04,Equity Min-Variance,EQ_BA,0.0
2021-01-04,Equity Min-Variance,EQ_CAT,0.0
2021-01-04,Equity Min-Variance,EQ_CCI,1.909734446007782e-15
2021-01-04,Equity Min-Variance,EQ_CMCSA,0.0
2021-01-04,Equity Min-Variance,EQ_COP,1.5586036719685645e-16
2021-01-04,Equity Min-Variance,EQ_CVX,5.570533266475062e-16
2021-01-04,Equity Min-Variance,EQ_D,1.4944163638086376e-15
2021-01-04,Equity Min-Variance,EQ_DD,0.0
2021-01-04,Equity Min-Variance,EQ_DIS,0.0
2021-01-04,Equity Min-Variance,EQ_DOW,1.0536578757456154e-15
2021-01-04,Equity Min-Variance,EQ_DUK,1.4690600989794142e-15
2021-01-04,Equity Min-Variance,EQ_EA,0.07297945118663401
2021-01-04,Equity Min-Variance,EQ_GE,0.0
2021-01-04,Equity Min-Variance,EQ_GILD,0.1274784309154465
2021-01-04,Equity Min-Variance,EQ_GS,8.564087923414108e-16
2021-01-04,Equity Min-Variance,EQ_INTC,2.291344875163115e-15
2021-01-04,Equity Min-Variance,EQ_KO,0.0
2021-01-04,Equity Min-Variance,EQ_MMM,0.07764057145226713
2021-01-04,Equity Min-Variance,EQ_MRK,0.05769309576788835
2021-01-04,Equity Min-Variance,EQ_MS,1.7434458369832471e-15
2021-01-04,Equity Min-Variance,EQ_NEE,2.0390363362412012e-15
2021-01-04,Equity Min-Variance,EQ_NEM,0.13709407073277846
2021-01-04,Equity Min-Variance,EQ_NKE,0.00510368011135383
2021-01-04,Equity Min-Variance,EQ_NUE,0.0
2021-01-04,Equity Min-Variance,EQ_NVDA,1.7197293259822892e-15
2021-01-04,Equity Min-Variance,EQ_O,0.0
2021-01-04,Equity Min-Variance,EQ_OXY,0.0
2021-01-04,Equity Min-Variance,EQ_PLD,1.7228528467258514e-15
2021-01-04,Equity Min-Variance,EQ_PSA,0.07628169530732279
2021-01-04,Equity Min-Variance,EQ_QCOM,9.612944815966534e-16
2021-01-04,Equity Min-Variance,EQ_SBUX,0.0
2021-01-04,Equity Min-Variance,EQ_SHW,6.863845240040759e-16
2021-01-04,Equity Min-Variance,EQ_SLB,0.0
2021-01-04,Equity Min-Variance,EQ_SO,1.4308832741563788e-15
2021-01-04,Equity Min-Variance,EQ_T,0.0
2021-01-04,Equity Min-Variance,EQ_TMUS,0.0
2021-01-04,Equity Min-Variance,EQ_TTWO,0.037474411371366145
2021-01-04,Equity Min-Variance,EQ_UPS,0.014081311249804763
2021-01-04,Equity Min-Variance,EQ_USB,0.0
2021-01-04,Equity Min-Variance,EQ_V,0.0
2021-01-04,Equity Min-Variance,EQ_WFC,0.0
2021-01-04,Equity Min-Variance,EQ_WMT,0.2310495312938607
2021-01-04,Equity Min-Variance,EQ_XOM,0.0
2021-02-01,Equity Min-Variance,EQ_ABBV,0.14909316240501067
2021-02-01,Equity Min-Variance,EQ_ABT,0.0
2021-02-01,Equity Min-Variance,EQ_ADBE,1.4162039299145818e-15
2021-02-01,Equity Min-Variance,EQ_AEP,0.0
2021-02-01,Equity Min-Variance,EQ_AMD,9.06683307353099e-16
2021-02-01,Equity Min-Variance,EQ_AMGN,0.0
2021-02-01,Equity Min-Variance,EQ_AMT,1.0499661716927455e-16
2021-02-01,Equity Min-Variance,EQ_BA,0.0
2021-02-01,Equity Min-Variance,EQ_CAT,9.365557175601865e-16
2021-02-01,Equity Min-Variance,EQ_CCI,0.0
2021-02-01,Equity Min-Variance,EQ_CMCSA,6.659023271408128e-16
2021-02-01,Equity Min-Variance,EQ_COP,6.6966510073140845e-16
2021-02-01,Equity Min-Variance,EQ_CVX,0.0
2021-02-01,Equity Min-Variance,EQ_D,0.0
2021-02-01,Equity Min-Variance,EQ_DD,5.997001909552965e-16
2021-02-01,Equity Min-Variance,EQ_DIS,9.240270687834397e-16
2021-02-01,Equity Min-Variance,EQ_DOW,1.3938005574528137e-15
2021-02-01,Equity Min-Variance,EQ_DUK,0.0
2021-02-01,Equity Min-Variance,EQ_EA,0.08637887806266055
2021-02-01,Equity Min-Variance,EQ_GE,9.171680875881669e-17
2021-02-01,Equity Min-Variance,EQ_GILD,0.12023925441329458
2021-02-01,Equity Min-Variance,EQ_GS,0.0
2021-02-01,Equity Min-Variance,EQ_INTC,0.0
2021-02-01,Equity Min-Variance,EQ_KO,3.729572991270816e-16
2021-02-01,Equity Min-Variance,EQ_MMM,0.10034820716425391
2021-02-01,Equity Min-Variance,EQ_MRK,0.06687218391149648
2021-02-01,Equity Min-Variance,EQ_MS,0.0
2021-02-01,Equity Min-Variance,EQ_NEE,0.0
2021-02-01,Equity Min-Variance,EQ_NEM,0.12818873901120847
2021-02-01,Equity Min-Variance,EQ_NKE,0.0
2021-02-01,Equity Min-Variance,EQ_NUE,1.3857565170520735e-16
2021-02-01,Equity Min-Variance,EQ_NVDA,0.0
2021-02-01,Equity Min-Variance,EQ_O,7.689771536229843e-16
2021-02-01,Equity Min-Variance,EQ_OXY,0.0
2021-02-01,Equity Min-Variance,EQ_PLD,0.0
2021-02-01,Equity Min-Variance,EQ_PSA,0.0816226499895512
2021-02-01,Equity Min-Variance,EQ_QCOM,5.504316274472868e-16
2021-02-01,Equity Min-Variance,EQ_SBUX,2.1060869248808191e-16
2021-02-01,Equity Min-Variance,EQ_SHW,2.0514172211345882e-16
2021-02-01,Equity Min-Variance,EQ_SLB,7.787765566044222e-16
2021-02-01,Equity Min-Variance,EQ_SO,0.0
2021-02-01,Equity Min-Variance,EQ_T,9.257342104295072e-17
2021-02-01,Equity Min-Variance,EQ_TMUS,2.3211681262923144e-16
2021-02-01,Equity Min-Variance,EQ_TTWO,0.031926331773333545
2021-02-01,Equity Min-Variance,EQ_UPS,0.007303962864629583
2021-02-01,Equity Min-Variance,EQ_USB,2.855827001370739e-16
2021-02-01,Equity Min-Variance,EQ_V,0.0
2021-02-01,Equity Min-Variance,EQ_WFC,0.0
2021-02-01,Equity Min-Variance,EQ_WMT,0.22802663040456442
2021-02-01,Equity Min-Variance,EQ_XOM,4.769685086170426e-16
2021-03-01,Equity Min-Variance,EQ_ABBV,0.18050823187107737
2021-03-01,Equity Min-Variance,EQ_ABT,0.0
2021-03-01,Equity Min-Variance,EQ_ADBE,1.8574615688842455e-15
2021-03-01,Equity Min-Variance,EQ_AEP,4.631296091317814e-16
2021-03-01,Equity Min-Variance,EQ_AMD,3.682164328309909e-15
2021-03-01,Equity Min-Variance,EQ_AMGN,4.584451597263298e-16
2021-03-01,Equity Min-Variance,EQ_AMT,3.7286695040692475e-15
2021-03-01,Equity Min-Variance,EQ_BA,2.8974026621731153e-16
2021-03-01,Equity Min-Variance,EQ_CAT,0.0
2021-03-01,Equity Min-Variance,EQ_CCI,2.389394552062986e-15
2021-03-01,Equity Min-Variance,EQ_CMCSA,0.0
2021-03-01,Equity Min-Variance,EQ_COP,0.0
2021-03-01,Equity Min-Variance,EQ_CVX,0.0
2021-03-01,Equity Min-Variance,EQ_D,3.404906130979514e-15
2021-03-01,Equity Min-Variance,EQ_DD,0.0
2021-03-01,Equity Min-Variance,EQ_DIS,0.0
2021-03-01,Equity Min-Variance,EQ_DOW,0.0
2021-03-01,Equity Min-Variance,EQ_DUK,1.8499274650680646e-15
2021-03-01,Equity Min-Variance,EQ_EA,0.09346587400759211
2021-03-01,Equity Min-Variance,EQ_GE,0.0
2021-03-01,Equity Min-Variance,EQ_GILD,0.13209175143116642
2021-03-01,Equity Min-Variance,EQ_GS,0.0
2021-03-01,Equity Min-Variance,EQ_INTC,1.1268986840245172e-15
2021-03-01,Equity Min-Variance,EQ_KO,0.0
2021-03-01,Equity Min-Variance,EQ_MMM,0.07758069415487191
2021-03-01,Equity Min-Variance,EQ_MRK,0.021914648422478485
2021-03-01,Equity Min-Variance,EQ_MS,4.458636909665598e-16
2021-03-01,Equity Min-Variance,EQ_NEE,1.5491867889534003e-15
2021-03-01,Equity Min-Variance,EQ_NEM,0.13212419738693254
2021-03-01,Equity Min-Variance,EQ_NKE,0.0
2021-03-01,Equity Min-Variance,EQ_NUE,0.0
2021-03-01,Equity Min-Variance,EQ_NVDA,6.872794550211627e-15
2021-03-01,Equity Min-Variance,EQ_O,0.0
2021-03-01,Equity Min-Variance,EQ_OXY,1.6249262947622394e-16
2021-03-01,Equity Min-Variance,EQ_PLD,1.2294188455050084e-15
2021-03-01,Equity Min-Variance,EQ_PSA,0.11707987614564691
2021-03-01,Equity Min-Variance,EQ_QCOM,2.2553792174851234e-15
2021-03-01,Equity Min-Variance,EQ_SBUX,0.0
2021-03-01,Equity Min-Variance,EQ_SHW,1.131514510439136e-15
2021-03-01,Equity Min-Variance,EQ_SLB,0.0
2021-03-01,Equity Min-Variance,EQ_SO,1.6240765389147141e-15
2021-03-01,Equity Min-Variance,EQ_T,0.0
2021-03-01,Equity Min-Variance,EQ_TMUS,2.2309382723153495e-16
2021-03-01,Equity Min-Variance,EQ_TTWO,0.014457921629199635
2021-03-01,Equity Min-Variance,EQ_UPS,0.021118218677146864
2021-03-01,Equity Min-Variance,EQ_USB,0.0
2021-03-01,Equity Min-Variance,EQ_V,0.0
2021-03-01,Equity Min-Variance,EQ_WFC,6.979096995424699e-16
2021-03-01,Equity Min-Variance,EQ_WMT,0.2096585862738701
2021-03-01,Equity Min-Variance,EQ_XOM,0.0
2021-04-01,Equity Min-Variance,EQ_ABBV,0.10847542692019943
2021-04-01,Equity Min-Variance,EQ_ABT,0.0
2021-04-01,Equity Min-Variance,EQ_ADBE,0.0
2021-04-01,Equity Min-Variance,EQ_AEP,5.243844559104191e-16
2021-04-01,Equity Min-Variance,EQ_AMD,2.8316760622859373e-16
2021-04-01,Equity Min-Variance,EQ_AMGN,0.0
2021-04-01,Equity Min-Variance,EQ_AMT,0.0
2021-04-01,Equity Min-Variance,EQ_BA,0.0
2021-04-01,Equity Min-Variance,EQ_CAT,1.9126687569607299e-16
2021-04-01,Equity Min-Variance,EQ_CCI,2.199990360892905e-16
2021-04-01,Equity Min-Variance,EQ_CMCSA,0.0
2021-04-01,Equity Min-Variance,EQ_COP,1.1622820805672275e-16
2021-04-01,Equity Min-Variance,EQ_CVX,1.0336414475009962e-16
2021-04-01,Equity Min-Variance,EQ_D,0.05951331863902933
2021-04-01,Equity Min-Variance,EQ_DD,1.8117313478576579e-16
2021-04-01,Equity Min-Variance,EQ_DIS,0.00700280437876089
2021-04-01,Equity Min-Variance,EQ_DOW,0.0
2021-04-01,Equity Min-Variance,EQ_DUK,8.837219150519367e-17
2021-04-01,Equity Min-Variance,EQ_EA,0.08975950532429464
2021-04-01,Equity Min-Variance,EQ_GE,0.0
2021-04-01,Equity Min-Variance,EQ_GILD,0.054132617717264374
2021-04-01,Equity Min-Variance,EQ_GS,4.413333045165332e-17
2021-04-01,Equity Min-Variance,EQ_INTC,1.5452134218106174e-16
2021-04-01,Equity Min-Variance,EQ_KO,6.021690618555597e-17
2021-04-01,Equity Min-Variance,EQ_MMM,0.10498267678943955
2021-04-01,Equity Min-Variance,EQ_MRK,0.04687877848821135
2021-04-01,Equity Min-Variance,EQ_MS,3.1652048648812794e-16
2021-04-01,Equity Min-Variance,EQ_NEE,1.636333074844228e-16
2021-04-01,Equity Min-Variance,EQ_NEM,0.0006560178926188498
2021-04-01,Equity Min-Variance,EQ_NKE,8.356050566126638e-17
2021-04-01,Equity Min-Variance,EQ_NUE,5.19076437955876e-18
2021-04-01,Equity Min-Variance,EQ_NVDA,0.0
2021-04-01,Equity Min-Variance,EQ_O,1.9722436769134924e-16
2021-04-01,Equity Min-Variance,EQ_OXY,0.0
2021-04-01,Equity Min-Variance,EQ_PLD,0.0
2021-04-01,Equity Min-Variance,EQ_PSA,0.1236620657854506
2021-04-01,Equity Min-Variance,EQ_QCOM,0.0
2021-04-01,Equity Min-Variance,EQ_SBUX,7.550799719422739e-17
2021-04-01,Equity Min-Variance,EQ_SHW,0.0
2021-04-01,Equity Min-Variance,EQ_SLB,2.6927733555251975e-16
2021-04-01,Equity Min-Variance,EQ_SO,0.0
2021-04-01,Equity Min-Variance,EQ_T,0.0960918065501687
2021-04-01,Equity Min-Variance,EQ_TMUS,0.0
2021-04-01,Equity Min-Variance,EQ_TTWO,0.07730919359612805
2021-04-01,Equity Min-Variance,EQ_UPS,0.0
2021-04-01,Equity Min-Variance,EQ_USB,0.0
2021-04-01,Equity Min-Variance,EQ_V,8.615921454479166e-17
2021-04-01,Equity Min-Variance,EQ_WFC,7.897613459644933e-17
2021-04-01,Equity Min-Variance,EQ_WMT,0.231535787918435
2021-04-01,Equity Min-Variance,EQ_XOM,4.0011151687441755e-16
2021-05-03,Equity Min-Variance,EQ_ABBV,0.08695120910524264
2021-05-03,Equity Min-Variance,EQ_ABT,0.0
2021-05-03,Equity Min-Variance,EQ_ADBE,1.508947340481383e-17
2021-05-03,Equity Min-Variance,EQ_AEP,0.05809516396949746
2021-05-03,Equity Min-Variance,EQ_AMD,0.0
2021-05-03,Equity Min-Variance,EQ_AMGN,0.0
2021-05-03,Equity Min-Variance,EQ_AMT,0.0
2021-05-03,Equity Min-Variance,EQ_BA,5.449463697747307e-16
2021-05-03,Equity Min-Variance,EQ_CAT,0.0
2021-05-03,Equity Min-Variance,EQ_CCI,0.0
2021-05-03,Equity Min-Variance,EQ_CMCSA,2.755126216432303e-16
2021-05-03,Equity Min-Variance,EQ_COP,5.985768280406592e-17
2021-05-03,Equity Min-Variance,EQ_CVX,0.0
2021-05-03,Equity Min-Variance,EQ_D,0.08272563423546869
2021-05-03,Equity Min-Variance,EQ_DD,0.0
2021-05-03,Equity Min-Variance,EQ_DIS,0.0
2021-05-03,Equity Min-Variance,EQ_DOW,2.661938907310758e-16
2021-05-03,Equity Min-Variance,EQ_DUK,0.012201482094878563
2021-05-03,Equity Min-Variance,EQ_EA,0.06148955019898106
2021-05-03,Equity Min-Variance,EQ_GE,1.2498835620783308e-16
2021-05-03,Equity Min-Variance,EQ_GILD,0.04451896416762303
2021-05-03,Equity Min-Variance,EQ_GS,0.0
2021-05-03,Equity Min-Variance,EQ_INTC,1.0180690003149341e-16
2021-05-03,Equity Min-Variance,EQ_KO,1.3924437323104684e-16
2021-05-03,Equity Min-Variance,EQ_MMM,0.07080852273776139
2021-05-03,Equity Min-Variance,EQ_MRK,0.10696835570849028
2021-05-03,Equity Min-Variance,EQ_MS,0.0
2021-05-03,Equity Min-Variance,EQ_NEE,7.495891764339545e-17
2021-05-03,Equity Min-Variance,EQ_NEM,0.0017020241523916587
2021-05-03,Equity Min-Variance,EQ_NKE,0.026883208140380237
2021-05-03,Equity Min-Variance,EQ_NUE,0.0
2021-05-03,Equity Min-Variance,EQ_NVDA,0.0
2021-05-03,Equity Min-Variance,EQ_O,0.0
2021-05-03,Equity Min-Variance,EQ_OXY,0.0
2021-05-03,Equity Min-Variance,EQ_PLD,1.4293733806935227e-16
2021-05-03,Equity Min-Variance,EQ_PSA,0.0659301050233184
2021-05-03,Equity Min-Variance,EQ_QCOM,1.791997175451919e-16
2021-05-03,Equity Min-Variance,EQ_SBUX,2.574995116006851e-17
2021-05-03,Equity Min-Variance,EQ_SHW,0.0
2021-05-03,Equity Min-Variance,EQ_SLB,0.0
2021-05-03,Equity Min-Variance,EQ_SO,0.0
2021-05-03,Equity Min-Variance,EQ_T,0.11450739703725259
2021-05-03,Equity Min-Variance,EQ_TMUS,0.0
2021-05-03,Equity Min-Variance,EQ_TTWO,0.062786894847209
2021-05-03,Equity Min-Variance,EQ_UPS,3.770760527989547e-18
2021-05-03,Equity Min-Variance,EQ_USB,0.0
2021-05-03,Equity Min-Variance,EQ_V,1.447419792290218e-16
2021-05-03,Equity Min-Variance,EQ_WFC,2.927326101180324e-16
2021-05-03,Equity Min-Variance,EQ_WMT,0.20443148858150506
2021-05-03,Equity Min-Variance,EQ_XOM,6.636525090091404e-17
2021-06-01,Equity Min-Variance,EQ_ABBV,0.048957868437265926
2021-06-01,Equity Min-Variance,EQ_ABT,0.0
2021-06-01,Equity Min-Variance,EQ_ADBE,0.0
2021-06-01,Equity Min-Variance,EQ_AEP,0.09241043637405633
2021-06-01,Equity Min-Variance,EQ_AMD,0.0
2021-06-01,Equity Min-Variance,EQ_AMGN,0.0
2021-06-01,Equity Min-Variance,EQ_AMT,0.0
2021-06-01,Equity Min-Variance,EQ_BA,0.0
2021-06-01,Equity Min-Variance,EQ_CAT,0.0
2021-06-01,Equity Min-Variance,EQ_CCI,0.0
2021-06-01,Equity Min-Variance,EQ_CMCSA,6.940883080975766e-18
2021-06-01,Equity Min-Variance,EQ_COP,0.0
2021-06-01,Equity Min-Variance,EQ_CVX,0.0
2021-06-01,Equity Min-Variance,EQ_D,0.05075174896812755
2021-06-01,Equity Min-Variance,EQ_DD,0.0
2021-06-01,Equity Min-Variance,EQ_DIS,0.009849628256573935
2021-06-01,Equity Min-Variance,EQ_DOW,2.0815546046677045e-16
2021-06-01,Equity Min-Variance,EQ_DUK,0.011107987340270908
2021-06-01,Equity Min-Variance,EQ_EA,0.06244705263332225
2021-06-01,Equity Min-Variance,EQ_GE,0.0
2021-06-01,Equity Min-Variance,EQ_GILD,0.05908744332251503
2021-06-01,Equity Min-Variance,EQ_GS,1.2890139721128004e-16
2021-06-01,Equity Min-Variance,EQ_INTC,0.0
2021-06-01,Equity Min-Variance,EQ_KO,0.0
2021-06-01,Equity Min-Variance,EQ_MMM,0.08498796706252866
2021-06-01,Equity Min-Variance,EQ_MRK,0.11729911909148337
2021-06-01,Equity Min-Variance,EQ_MS,1.1136086021494124e-16
2021-06-01,Equity Min-Variance,EQ_NEE,0.0
2021-06-01,Equity Min-Variance,EQ_NEM,1.6063092855473956e-16
2021-06-01,Equity Min-Variance,EQ_NKE,0.025851196320260936
2021-06-01,Equity Min-Variance,EQ_NUE,0.0
2021-06-01,Equity Min-Variance,EQ_NVDA,1.0068135352598217e-16
2021-06-01,Equity Min-Variance,EQ_O,0.0
2021-06-01,Equity Min-Variance,EQ_OXY,5.933788340536016e-16
2021-06-01,Equity Min-Variance,EQ_PLD,0.0
2021-06-01,Equity Min-Variance,EQ_PSA,0.0891009839374379
2021-06-01,Equity Min-Variance,EQ_QCOM,0.0
2021-06-01,Equity Min-Variance,EQ_SBUX,2.3942387207504772e-17
2021-06-01,Equity Min-Variance,EQ_SHW,6.987296322598465e-17
2021-06-01,Equity Min-Variance,EQ_SLB,0.0
2021-06-01,Equity Min-Variance,EQ_SO,3.9760888057489e-17
2021-06-01,Equity Min-Variance,EQ_T,0.1163150193137908
2021-06-01,Equity Min-Variance,EQ_TMUS,0.0
2021-06-01,Equity Min-Variance,EQ_TTWO,0.05687322332210132
2021-06-01,Equity Min-Variance,EQ_UPS,0.0
2021-06-01,Equity Min-Variance,EQ_USB,0.0
2021-06-01,Equity Min-Variance,EQ_V,4.400965124759541e-17
2021-06-01,Equity Min-Variance,EQ_WFC,0.0
2021-06-01,Equity Min-Variance,EQ_WMT,0.1749603256202666
2021-06-01,Equity Min-Variance,EQ_XOM,2.1356337764226908e-17
2021-07-01,Equity Min-Variance,EQ_ABBV,0.03769738442291895
2021-07-01,Equity Min-Variance,EQ_ABT,0.0016302514225762289
2021-07-01,Equity Min-Variance,EQ_ADBE,8.855899822623822e-17
2021-07-01,Equity Min-Variance,EQ_AEP,0.07315262275030036
2021-07-01,Equity Min-Variance,EQ_AMD,0.007271235123206996
2021-07-01,Equity Min-Variance,EQ_AMGN,1.5904038395351043e-16
2021-07-01,Equity Min-Variance,EQ_AMT,0.0
2021-07-01,Equity Min-Variance,EQ_BA,0.0
2021-07-01,Equity Min-Variance,EQ_CAT,4.555535019866522e-17
2021-07-01,Equity Min-Variance,EQ_CCI,0.05407638141716802
2021-07-01,Equity Min-Variance,EQ_CMCSA,4.298183873016699e-17
2021-07-01,Equity Min-Variance,EQ_COP,1.4277627211573807e-16
2021-07-01,Equity Min-Variance,EQ_CVX,0.0
2021-07-01,Equity Min-Variance,EQ_D,0.022771172073938892
2021-07-01,Equity Min-Variance,EQ_DD,0.0
2021-07-01,Equity Min-Variance,EQ_DIS,0.015027671395800586
2021-07-01,Equity Min-Variance,EQ_DOW,0.0
2021-07-01,Equity Min-Variance,EQ_DUK,3.715567842351081e-18
2021-07-01,Equity Min-Variance,EQ_EA,0.025568178766623154
2021-07-01,Equity Min-Variance,EQ_GE,0.0
2021-07-01,Equity Min-Variance,EQ_GILD,0.03079666840059925
2021-07-01,Equity Min-Variance,EQ_GS,0.020859640982438643
2021-07-01,Equity Min-Variance,EQ_INTC,0.0
2021-07-01,Equity Min-Variance,EQ_KO,0.0
2021-07-01,Equity Min-Variance,EQ_MMM,0.09462542475912081
2021-07-01,Equity Min-Variance,EQ_MRK,0.13526746670837692
2021-07-01,Equity Min-Variance,EQ_MS,1.3756951965187556e-16
2021-07-01,Equity Min-Variance,EQ_NEE,0.0
2021-07-01,Equity Min-Variance,EQ_NEM,0.0
2021-07-01,Equity Min-Variance,EQ_NKE,0.036226996588175145
2021-07-01,Equity Min-Variance,EQ_NUE,0.0
2021-07-01,Equity Min-Variance,EQ_NVDA,0.0
2021-07-01,Equity Min-Variance,EQ_O,0.0
2021-07-01,Equity Min-Variance,EQ_OXY,3.7882532325474766e-17
2021-07-01,Equity Min-Variance,EQ_PLD,4.268181688242691e-17
2021-07-01,Equity Min-Variance,EQ_PSA,0.1044328991647276
2021-07-01,Equity Min-Variance,EQ_QCOM,0.0
2021-07-01,Equity Min-Variance,EQ_SBUX,0.02187822249795354
2021-07-01,Equity Min-Variance,EQ_SHW,0.0
2021-07-01,Equity Min-Variance,EQ_SLB,3.0091081293548415e-17
2021-07-01,Equity Min-Variance,EQ_SO,1.9982699818018902e-17
2021-07-01,Equity Min-Variance,EQ_T,0.163388645786426
2021-07-01,Equity Min-Variance,EQ_TMUS,1.5573034928613744e-16
2021-07-01,Equity Min-Variance,EQ_TTWO,0.04892017936460986
2021-07-01,Equity Min-Variance,EQ_UPS,1.4165044556411402e-17
2021-07-01,Equity Min-Variance,EQ_USB,3.861001023128006e-17
2021-07-01,Equity Min-Variance,EQ_V,0.0
2021-07-01,Equity Min-Variance,EQ_WFC,4.425280528249244e-17
2021-07-01,Equity Min-Variance,EQ_WMT,0.1064089583750397
2021-07-01,Equity Min-Variance,EQ_XOM,0.0
2021-08-02,Equity Min-Variance,EQ_ABBV,0.030289757509680153
2021-08-02,Equity Min-Variance,EQ_ABT,0.00986143922395882
2021-08-02,Equity Min-Variance,EQ_ADBE,4.509095924184984e-18
2021-08-02,Equity Min-Variance,EQ_AEP,0.08521568478739651
2021-08-02,Equity Min-Variance,EQ_AMD,0.0020039418824158634
2021-08-02,Equity Min-Variance,EQ_AMGN,1.8738632852496363e-17
2021-08-02,Equity Min-Variance,EQ_AMT,3.8162864870082574e-17
2021-08-02,Equity Min-Variance,EQ_BA,8.228457909448729e-17
2021-08-02,Equity Min-Variance,EQ_CAT,0.006226891712491994
2021-08-02,Equity Min-Variance,EQ_CCI,0.06421183517398578
2021-08-02,Equity Min-Variance,EQ_CMCSA,6.610931993298352e-17
2021-08-02,Equity Min-Variance,EQ_COP,9.908603883577069e-18
2021-08-02,Equity Min-Variance,EQ_CVX,1.1976719346459447e-16
2021-08-02,Equity Min-Variance,EQ_D,4.718109574500829e-17
2021-08-02,Equity Min-Variance,EQ_DD,7.287459040064988e-17
2021-08-02,Equity Min-Variance,EQ_DIS,0.014234883139934694
2021-08-02,Equity Min-Variance,EQ_DOW,1.7952572192293917e-17
2021-08-02,Equity Min-Variance,EQ_DUK,0.006491589945028377
2021-08-02,Equity Min-Variance,EQ_EA,0.023061696926464596
2021-08-02,Equity Min-Variance,EQ_GE,9.225082801790234e-18
2021-08-02,Equity Min-Variance,EQ_GILD,0.024932483110440495
2021-08-02,Equity Min-Variance,EQ_GS,0.02252253816233927
2021-08-02,Equity Min-Variance,EQ_INTC,1.5987010333333987e-17
2021-08-02,Equity Min-Variance,EQ_KO,1.6276628389303644e-16
2021-08-02,Equity Min-Variance,EQ_MMM,0.0818893266248131
2021-08-02,Equity Min-Variance,EQ_MRK,0.14404992335340044
2021-08-02,Equity Min-Variance,EQ_MS,4.5765265791247836e-17
2021-08-02,Equity Min-Variance,EQ_NEE,5.3502515586393675e-17
2021-08-02,Equity Min-Variance,EQ_NEM,8.12192648722491e-17
2021-08-02,Equity Min-Variance,EQ_NKE,0.03323871235849793
2021-08-02,Equity Min-Variance,EQ_NUE,8.817017872219364e-17
2021-08-02,Equity Min-Variance,EQ_NVDA,5.994152361568504e-18
2021-08-02,Equity Min-Variance,EQ_O,9.852370347913719e-18
2021-08-02,Equity Min-Variance,EQ_OXY,4.7250573893483924e-17
2021-08-02,Equity Min-Variance,EQ_PLD,6.191831118670546e-17
2021-08-02,Equity Min-Variance,EQ_PSA,0.10569521563431887
2021-08-02,Equity Min-Variance,EQ_QCOM,1.4717800921465123e-17
2021-08-02,Equity Min-Variance,EQ_SBUX,0.014372056170602884
2021-08-02,Equity Min-Variance,EQ_SHW,3.8456420421724705e-17
2021-08-02,Equity Min-Variance,EQ_SLB,4.356725552867301e-17
2021-08-02,Equity Min-Variance,EQ_SO,5.727497635158678e-17
2021-08-02,Equity Min-Variance,EQ_T,0.16403037817418997
2021-08-02,Equity Min-Variance,EQ_TMUS,2.1072831813765194e-17
2021-08-02,Equity Min-Variance,EQ_TTWO,0.05646372116690729
2021-08-02,Equity Min-Variance,EQ_UPS,3.296238081741836e-17
2021-08-02,Equity Min-Variance,EQ_USB,1.764934129432401e-17
2021-08-02,Equity Min-Variance,EQ_V,6.690257340558912e-18
2021-08-02,Equity Min-Variance,EQ_WFC,3.5984356570551015e-17
2021-08-02,Equity Min-Variance,EQ_WMT,0.1112079249431325
2021-08-02,Equity Min-Variance,EQ_XOM,9.461773786636517e-17
2021-09-01,Equity Min-Variance,EQ_ABBV,0.019999414038772683
2021-09-01,Equity Min-Variance,EQ_ABT,0.011690760957688565
2021-09-01,Equity Min-Variance,EQ_ADBE,0.0
2021-09-01,Equity Min-Variance,EQ_AEP,0.09590592856525
2021-09-01,Equity Min-Variance,EQ_AMD,0.011082002090240538
2021-09-01,Equity Min-Variance,EQ_AMGN,0.0
2021-09-01,Equity Min-Variance,EQ_AMT,0.0
2021-09-01,Equity Min-Variance,EQ_BA,0.0
2021-09-01,Equity Min-Variance,EQ_CAT,0.003996108627758083
2021-09-01,Equity Min-Variance,EQ_CCI,0.06868457126934642
2021-09-01,Equity Min-Variance,EQ_CMCSA,0.0
2021-09-01,Equity Min-Variance,EQ_COP,0.0
2021-09-01,Equity Min-Variance,EQ_CVX,1.0297361713162392e-16
2021-09-01,Equity Min-Variance,EQ_D,0.0
2021-09-01,Equity Min-Variance,EQ_DD,1.0546123056376723e-16
2021-09-01,Equity Min-Variance,EQ_DIS,0.013734744324501606
2021-09-01,Equity Min-Variance,EQ_DOW,0.0
2021-09-01,Equity Min-Variance,EQ_DUK,0.0042043368368183615
2021-09-01,Equity Min-Variance,EQ_EA,0.022562147478545888
2021-09-01,Equity Min-Variance,EQ_GE,0.0
2021-09-01,Equity Min-Variance,EQ_GILD,0.018855692039867186
2021-09-01,Equity Min-Variance,EQ_GS,0.031210738861628153
2021-09-01,Equity Min-Variance,EQ_INTC,0.0
2021-09-01,Equity Min-Variance,EQ_KO,0.0
2021-09-01,Equity Min-Variance,EQ_MMM,0.07446233291090569
2021-09-01,Equity Min-Variance,EQ_MRK,0.13036860671021017
2021-09-01,Equity Min-Variance,EQ_MS,0.0
2021-09-01,Equity Min-Variance,EQ_NEE,0.0
2021-09-01,Equity Min-Variance,EQ_NEM,7.284896691812533e-17
2021-09-01,Equity Min-Variance,EQ_NKE,0.029204791555325692
2021-09-01,Equity Min-Variance,EQ_NUE,0.0
2021-09-01,Equity Min-Variance,EQ_NVDA,1.2743291488296674e-16
2021-09-01,Equity Min-Variance,EQ_O,9.533737865759706e-18
2021-09-01,Equity Min-Variance,EQ_OXY,9.336550234845561e-17
2021-09-01,Equity Min-Variance,EQ_PLD,2.7492744541061667e-16
2021-09-01,Equity Min-Variance,EQ_PSA,0.1167921376134486
2021-09-01,Equity Min-Variance,EQ_QCOM,0.0
2021-09-01,Equity Min-Variance,EQ_SBUX,0.003946394187817857
2021-09-01,Equity Min-Variance,EQ_SHW,2.575141935298957e-19
2021-09-01,Equity Min-Variance,EQ_SLB,8.683052339667302e-17
2021-09-01,Equity Min-Variance,EQ_SO,0.0
2021-09-01,Equity Min-Variance,EQ_T,0.16327572613470576
2021-09-01,Equity Min-Variance,EQ_TMUS,1.9315537877724406e-16
2021-09-01,Equity Min-Variance,EQ_TTWO,0.05675063616485256
2021-09-01,Equity Min-Variance,EQ_UPS,1.8543656513298304e-17
2021-09-01,Equity Min-Variance,EQ_USB,0.0
2021-09-01,Equity Min-Variance,EQ_V,0.0
2021-09-01,Equity Min-Variance,EQ_WFC,6.299295239836617e-17
2021-09-01,Equity Min-Variance,EQ_WMT,0.12327292963231623
2021-09-01,Equity Min-Variance,EQ_XOM,0.0
2021-10-01,Equity Min-Variance,EQ_ABBV,1.6177098950393153e-17
2021-10-01,Equity Min-Variance,EQ_ABT,0.03342525376963844
2021-10-01,Equity Min-Variance,EQ_ADBE,1.835926777167781e-17
2021-10-01,Equity Min-Variance,EQ_AEP,0.05421057732497628
2021-10-01,Equity Min-Variance,EQ_AMD,0.01967186205662545
2021-10-01,Equity Min-Variance,EQ_AMGN,4.956918100971176e-17
2021-10-01,Equity Min-Variance,EQ_AMT,4.2025067861535757e-17
2021-10-01,Equity Min-Variance,EQ_BA,2.3570981201102746e-17
2021-10-01,Equity Min-Variance,EQ_CAT,6.355693671804288e-18
2021-10-01,Equity Min-Variance,EQ_CCI,0.09101538631336831
2021-10-01,Equity Min-Variance,EQ_CMCSA,9.045026108925932e-17
2021-10-01,Equity Min-Variance,EQ_COP,1.6112779356409072e-17
2021-10-01,Equity Min-Variance,EQ_CVX,2.6856605770943102e-17
2021-10-01,Equity Min-Variance,EQ_D,2.3452764782162348e-18
2021-10-01,Equity Min-Variance,EQ_DD,0.0008493244286634543
2021-10-01,Equity Min-Variance,EQ_DIS,0.0075371559274134475
2021-10-01,Equity Min-Variance,EQ_DOW,1.8867766120973476e-17
2021-10-01,Equity Min-Variance,EQ_DUK,0.043545013061963934
2021-10-01,Equity Min-Variance,EQ_EA,0.04549884938467265
2021-10-01,Equity Min-Variance,EQ_GE,5.0297964496170356e-17
2021-10-01,Equity Min-Variance,EQ_GILD,0.006243192762895519
2021-10-01,Equity Min-Variance,EQ_GS,0.044150344235164174
2021-10-01,Equity Min-Variance,EQ_INTC,0.0020575910725250056
2021-10-01,Equity Min-Variance,EQ_KO,6.340427916897687e-17
2021-10-01,Equity Min-Variance,EQ_MMM,0.08285964129406483
2021-10-01,Equity Min-Variance,EQ_MRK,0.1459566568992246
2021-10-01,Equity Min-Variance,EQ_MS,2.204317007301349e-17
2021-10-01,Equity Min-Variance,EQ_NEE,6.42268834237038e-17
2021-10-01,Equity Min-Variance,EQ_NEM,0.0
2021-10-01,Equity Min-Variance,EQ_NKE,6.276603914508121e-18
2021-10-01,Equity Min-Variance,EQ_NUE,4.023757014482761e-17
2021-10-01,Equity Min-Variance,EQ_NVDA,2.2459248335985926e-18
2021-10-01,Equity Min-Variance,EQ_O,4.920394981355997e-18
2021-10-01,Equity Min-Variance,EQ_OXY,0.0025337413553578997
2021-10-01,Equity Min-Variance,EQ_PLD,2.2464788310190376e-17
2021-10-01,Equity Min-Variance,EQ_PSA,0.09444785029661812
2021-10-01,Equity Min-Variance,EQ_QCOM,3.871747251333822e-17
2021-10-01,Equity Min-Variance,EQ_SBUX,0.020333996205966248
2021-10-01,Equity Min-Variance,EQ_SHW,2.5391122435949504e-17
2021-10-01,Equity Min-Variance,EQ_SLB,0.0019814147806887813
2021-10-01,Equity Min-Variance,EQ_SO,2.5615859532563654e-17
2021-10-01,Equity Min-Variance,EQ_T,0.13466986764738872
2021-10-01,Equity Min-Variance,EQ_TMUS,3.4422869483189766e-17
2021-10-01,Equity Min-Variance,EQ_TTWO,0.040587476174643936
2021-10-01,Equity Min-Variance,EQ_UPS,2.047359021420627e-17
2021-10-01,Equity Min-Variance,EQ_USB,9.795842326186795e-18
2021-10-01,Equity Min-Variance,EQ_V,1.3272420792963487e-17
2021-10-01,Equity Min-Variance,EQ_WFC,5.601056640549477e-17
2021-10-01,Equity Min-Variance,EQ_WMT,0.12842480500813977
2021-10-01,Equity Min-Variance,EQ_XOM,5.115421093741911e-17
2021-11-01,Equity Min-Variance,EQ_ABBV,0.015937751548098858
2021-11-01,Equity Min-Variance,EQ_ABT,0.055758533112121936
2021-11-01,Equity Min-Variance,EQ_ADBE,4.4085419008906476e-17
2021-11-01,Equity Min-Variance,EQ_AEP,0.047989388307029805
2021-11-01,Equity Min-Variance,EQ_AMD,0.03525156563168094
2021-11-01,Equity Min-Variance,EQ_AMGN,0.0
2021-11-01,Equity Min-Variance,EQ_AMT,1.5858589268427248e-17
2021-11-01,Equity Min-Variance,EQ_BA,0.0
2021-11-01,Equity Min-Variance,EQ_CAT,0.0
2021-11-01,Equity Min-Variance,EQ_CCI,0.055392590701944
2021-11-01,Equity Min-Variance,EQ_CMCSA,0.0
2021-11-01,Equity Min-Variance,EQ_COP,0.000491968107451458
2021-11-01,Equity Min-Variance,EQ_CVX,0.0
2021-11-01,Equity Min-Variance,EQ_D,4.573573137567766e-17
2021-11-01,Equity Min-Variance,EQ_DD,0.0
2021-11-01,Equity Min-Variance,EQ_DIS,0.0
2021-11-01,Equity Min-Variance,EQ_DOW,0.0
2021-11-01,Equity Min-Variance,EQ_DUK,0.053202861827075926
2021-11-01,Equity Min-Variance,EQ_EA,0.052669381547147266
2021-11-01,Equity Min-Variance,EQ_GE,0.0
2021-11-01,Equity Min-Variance,EQ_GILD,0.044984769210028676
2021-11-01,Equity Min-Variance,EQ_GS,0.06295329732363937
2021-11-01,Equity Min-Variance,EQ_INTC,7.198584023147864e-05
2021-11-01,Equity Min-Variance,EQ_KO,0.06522792494853163
2021-11-01,Equity Min-Variance,EQ_MMM,0.06318771993280442
2021-11-01,Equity Min-Variance,EQ_MRK,0.07297815190685211
2021-11-01,Equity Min-Variance,EQ_MS,0.0
2021-11-01,Equity Min-Variance,EQ_NEE,0.0
2021-11-01,Equity Min-Variance,EQ_NEM,0.001207711451937683
2021-11-01,Equity Min-Variance,EQ_NKE,1.5413100233358468e-18
2021-11-01,Equity Min-Variance,EQ_NUE,1.1478509145213935e-16
2021-11-01,Equity Min-Variance,EQ_NVDA,0.0
2021-11-01,Equity Min-Variance,EQ_O,0.0
2021-11-01,Equity Min-Variance,EQ_OXY,0.004346044036580448
2021-11-01,Equity Min-Variance,EQ_PLD,8.672808057546386e-17
2021-11-01,Equity Min-Variance,EQ_PSA,0.10253493847430581
2021-11-01,Equity Min-Variance,EQ_QCOM,0.0
2021-11-01,Equity Min-Variance,EQ_SBUX,0.012960885232001609
2021-11-01,Equity Min-Variance,EQ_SHW,0.0
2021-11-01,Equity Min-Variance,EQ_SLB,4.553621399989436e-18
2021-11-01,Equity Min-Variance,EQ_SO,0.0
2021-11-01,Equity Min-Variance,EQ_T,0.11052829946256715
2021-11-01,Equity Min-Variance,EQ_TMUS,0.0008580316815534092
2021-11-01,Equity Min-Variance,EQ_TTWO,0.026945007792942594
2021-11-01,Equity Min-Variance,EQ_UPS,0.007619990914105613
2021-11-01,Equity Min-Variance,EQ_USB,1.469094916990616e-17
2021-11-01,Equity Min-Variance,EQ_V,0.0
2021-11-01,Equity Min-Variance,EQ_WFC,0.0
2021-11-01,Equity Min-Variance,EQ_WMT,0.106901201009368
2021-11-01,Equity Min-Variance,EQ_XOM,2.29602096298307e-17
2021-12-01,Equity Min-Variance,EQ_ABBV,0.031192391333466973
2021-12-01,Equity Min-Variance,EQ_ABT,0.07819653751305197
2021-12-01,Equity Min-Variance,EQ_ADBE,0.0
2021-12-01,Equity Min-Variance,EQ_AEP,0.05644853370051781
2021-12-01,Equity Min-Variance,EQ_AMD,0.02559133713043382
2021-12-01,Equity Min-Variance,EQ_AMGN,0.0
2021-12-01,Equity Min-Variance,EQ_AMT,0.0
2021-12-01,Equity Min-Variance,EQ_BA,4.527628183733993e-17
2021-12-01,Equity Min-Variance,EQ_CAT,0.0
2021-12-01,Equity Min-Variance,EQ_CCI,0.00044876052248973006
2021-12-01,Equity Min-Variance,EQ_CMCSA,0.0
2021-12-01,Equity Min-Variance,EQ_COP,0.01193121111011189
2021-12-01,Equity Min-Variance,EQ_CVX,0.014369933376389967
2021-12-01,Equity Min-Variance,EQ_D,0.0
2021-12-01,Equity Min-Variance,EQ_DD,1.643493960530816e-17
2021-12-01,Equity Min-Variance,EQ_DIS,0.004958791461321294
2021-12-01,Equity Min-Variance,EQ_DOW,0.0
2021-12-01,Equity Min-Variance,EQ_DUK,0.06556323835281051
2021-12-01,Equity Min-Variance,EQ_EA,0.06809884786700904
2021-12-01,Equity Min-Variance,EQ_GE,9.812118989102543e-18
2021-12-01,Equity Min-Variance,EQ_GILD,0.039345335341918225
2021-12-01,Equity Min-Variance,EQ_GS,0.0515808076882198
2021-12-01,Equity Min-Variance,EQ_INTC,0.00650824276256217
2021-12-01,Equity Min-Variance,EQ_KO,0.032832206870154354
2021-12-01,Equity Min-Variance,EQ_MMM,0.06330568963691666
2021-12-01,Equity Min-Variance,EQ_MRK,0.03318978180099259
2021-12-01,Equity Min-Variance,EQ_MS,0.0
2021-12-01,Equity Min-Variance,EQ_NEE,8.776089127403669e-17
2021-12-01,Equity Min-Variance,EQ_NEM,0.014433669810064637
2021-12-01,Equity Min-Variance,EQ_NKE,0.0007977834380490221
2021-12-01,Equity Min-Variance,EQ_NUE,2.3718493155547844e-18
2021-12-01,Equity Min-Variance,EQ_NVDA,0.0
2021-12-01,Equity Min-Variance,EQ_O,0.0040965041735050835
2021-12-01,Equity Min-Variance,EQ_OXY,0.0
2021-12-01,Equity Min-Variance,EQ_PLD,1.1986457321793272e-17
2021-12-01,Equity Min-Variance,EQ_PSA,0.12709271491664142
2021-12-01,Equity Min-Variance,EQ_QCOM,0.0
2021-12-01,Equity Min-Variance,EQ_SBUX,0.011922380872461771
2021-12-01,Equity Min-Variance,EQ_SHW,0.027325731173043735
2021-12-01,Equity Min-Variance,EQ_SLB,2.7783791540070675e-17
2021-12-01,Equity Min-Variance,EQ_SO,0.008569036516847855
2021-12-01,Equity Min-Variance,EQ_T,0.08830320769907278
2021-12-01,Equity Min-Variance,EQ_TMUS,0.0
2021-12-01,Equity Min-Variance,EQ_TTWO,0.021573222667165697
2021-12-01,Equity Min-Variance,EQ_UPS,0.00040449681631730315
2021-12-01,Equity Min-Variance,EQ_USB,0.0
2021-12-01,Equity Min-Variance,EQ_V,1.2690572433686643e-17
2021-12-01,Equity Min-Variance,EQ_WFC,0.0
2021-12-01,Equity Min-Variance,EQ_WMT,0.11191960544846427
2021-12-01,Equity Min-Variance,EQ_XOM,0.0
2022-01-03,Equity Min-Variance,EQ_ABBV,0.021793490370682345
2022-01-03,Equity Min-Variance,EQ_ABT,0.06922174940919104
2022-01-03,Equity Min-Variance,EQ_ADBE,0.011227631380917362
2022-01-03,Equity Min-Variance,EQ_AEP,0.0557870443080519
2022-01-03,Equity Min-Variance,EQ_AMD,0.02253753489822656
2022-01-03,Equity Min-Variance,EQ_AMGN,6.408026196812647e-17
2022-01-03,Equity Min-Variance,EQ_AMT,0.0
2022-01-03,Equity Min-Variance,EQ_BA,0.0
2022-01-03,Equity Min-Variance,EQ_CAT,2.091920290313153e-17
2022-01-03,Equity Min-Variance,EQ_CCI,0.0
2022-01-03,Equity Min-Variance,EQ_CMCSA,1.367552334174675e-16
2022-01-03,Equity Min-Variance,EQ_COP,0.0
2022-01-03,Equity Min-Variance,EQ_CVX,0.01808108319673423
2022-01-03,Equity Min-Variance,EQ_D,0.0
2022-01-03,Equity Min-Variance,EQ_DD,2.5079392068369228e-17
2022-01-03,Equity Min-Variance,EQ_DIS,0.02478444002887771
2022-01-03,Equity Min-Variance,EQ_DOW,0.0
2022-01-03,Equity Min-Variance,EQ_DUK,0.0722157854825198
2022-01-03,Equity Min-Variance,EQ_EA,0.059771407761875055
2022-01-03,Equity Min-Variance,EQ_GE,4.4408705254644105e-18
2022-01-03,Equity Min-Variance,EQ_GILD,0.06951365051302316
2022-01-03,Equity Min-Variance,EQ_GS,0.04465372645492835
2022-01-03,Equity Min-Variance,EQ_INTC,0.007757433276483284
2022-01-03,Equity Min-Variance,EQ_KO,0.024348386019422595
2022-01-03,Equity Min-Variance,EQ_MMM,0.07630203055501983
2022-01-03,Equity Min-Variance,EQ_MRK,0.04845241913687794
2022-01-03,Equity Min-Variance,EQ_MS,5.392748917855372e-17
2022-01-03,Equity Min-Variance,EQ_NEE,0.0
2022-01-03,Equity Min-Variance,EQ_NEM,0.01404251816383058
2022-01-03,Equity Min-Variance,EQ_NKE,0.009151842543528271
2022-01-03,Equity Min-Variance,EQ_NUE,0.0
2022-01-03,Equity Min-Variance,EQ_NVDA,0.0
2022-01-03,Equity Min-Variance,EQ_O,0.006374797214626439
2022-01-03,Equity Min-Variance,EQ_OXY,0.0038463950677991954
2022-01-03,Equity Min-Variance,EQ_PLD,0.0
2022-01-03,Equity Min-Variance,EQ_PSA,0.11451540711716056
2022-01-03,Equity Min-Variance,EQ_QCOM,0.0
2022-01-03,Equity Min-Variance,EQ_SBUX,0.0
2022-01-03,Equity Min-Variance,EQ_SHW,0.007511444083871512
2022-01-03,Equity Min-Variance,EQ_SLB,6.387366677229875e-17
2022-01-03,Equity Min-Variance,EQ_SO,0.008021261839680754
2022-01-03,Equity Min-Variance,EQ_T,0.07343349408022128
2022-01-03,Equity Min-Variance,EQ_TMUS,0.0
2022-01-03,Equity Min-Variance,EQ_TTWO,0.019374571887802942
2022-01-03,Equity Min-Variance,EQ_UPS,0.0034022272021236037
2022-01-03,Equity Min-Variance,EQ_USB,5.9127051948369154e-18
2022-01-03,Equity Min-Variance,EQ_V,0.0
2022-01-03,Equity Min-Variance,EQ_WFC,1.3496432351085056e-17
2022-01-03,Equity Min-Variance,EQ_WMT,0.1138782280065238
2022-01-03,Equity Min-Variance,EQ_XOM,0.0
2022-02-01,Equity Min-Variance,EQ_ABBV,0.04750494692184521
2022-02-01,Equity Min-Variance,EQ_ABT,0.03583805928873677
2022-02-01,Equity Min-Variance,EQ_ADBE,0.006709984735879234
2022-02-01,Equity Min-Variance,EQ_AEP,0.03522202232112733
2022-02-01,Equity Min-Variance,EQ_AMD,0.008683969817309593
2022-02-01,Equity Min-Variance,EQ_AMGN,0.0
2022-02-01,Equity Min-Variance,EQ_AMT,3.0106808420102344e-17
2022-02-01,Equity Min-Variance,EQ_BA,9.018299361760382e-17
2022-02-01,Equity Min-Variance,EQ_CAT,0.01643343756084894
2022-02-01,Equity Min-Variance,EQ_CCI,7.207951505864517e-18
2022-02-01,Equity Min-Variance,EQ_CMCSA,0.0
2022-02-01,Equity Min-Variance,EQ_COP,0.0
2022-02-01,Equity Min-Variance,EQ_CVX,0.07630264548350373
2022-02-01,Equity Min-Variance,EQ_D,0.0
2022-02-01,Equity Min-Variance,EQ_DD,0.0
2022-02-01,Equity Min-Variance,EQ_DIS,0.014685574689970742
2022-02-01,Equity Min-Variance,EQ_DOW,0.0
2022-02-01,Equity Min-Variance,EQ_DUK,0.05556356460593017
2022-02-01,Equity Min-Variance,EQ_EA,0.06327770410065152
2022-02-01,Equity Min-Variance,EQ_GE,2.74084480023413e-17
2022-02-01,Equity Min-Variance,EQ_GILD,0.06833722925774498
2022-02-01,Equity Min-Variance,EQ_GS,0.0023730869640230783
2022-02-01,Equity Min-Variance,EQ_INTC,0.013727843167013636
2022-02-01,Equity Min-Variance,EQ_KO,0.029315175484993468
2022-02-01,Equity Min-Variance,EQ_MMM,0.01734926106468686
2022-02-01,Equity Min-Variance,EQ_MRK,0.06284303588426077
2022-02-01,Equity Min-Variance,EQ_MS,0.021323233166058934
2022-02-01,Equity Min-Variance,EQ_NEE,2.3208740324143468e-17
2022-02-01,Equity Min-Variance,EQ_NEM,0.012808942939280317
2022-02-01,Equity Min-Variance,EQ_NKE,0.017391745032365784
2022-02-01,Equity Min-Variance,EQ_NUE,0.0
2022-02-01,Equity Min-Variance,EQ_NVDA,1.1660228247565358e-16
2022-02-01,Equity Min-Variance,EQ_O,0.008071859304246597
2022-02-01,Equity Min-Variance,EQ_OXY,2.982162295693439e-17
2022-02-01,Equity Min-Variance,EQ_PLD,5.933243509635015e-17
2022-02-01,Equity Min-Variance,EQ_PSA,0.10471607370035775
2022-02-01,Equity Min-Variance,EQ_QCOM,0.0
2022-02-01,Equity Min-Variance,EQ_SBUX,0.024473504622034015
2022-02-01,Equity Min-Variance,EQ_SHW,0.011384597484477703
2022-02-01,Equity Min-Variance,EQ_SLB,1.1412823712208617e-17
2022-02-01,Equity Min-Variance,EQ_SO,0.10875142096797887
2022-02-01,Equity Min-Variance,EQ_T,0.009090731216789945
2022-02-01,Equity Min-Variance,EQ_TMUS,0.0
2022-02-01,Equity Min-Variance,EQ_TTWO,0.031341904743529304
2022-02-01,Equity Min-Variance,EQ_UPS,0.002394815875931063
2022-02-01,Equity Min-Variance,EQ_USB,3.3705857299342274e-18
2022-02-01,Equity Min-Variance,EQ_V,0.0
2022-02-01,Equity Min-Variance,EQ_WFC,3.3839480512245695e-17
2022-02-01,Equity Min-Variance,EQ_WMT,0.09408362959842384
2022-02-01,Equity Min-Variance,EQ_XOM,0.0
2022-03-01,Equity Min-Variance,EQ_ABBV,0.034502748055511
2022-03-01,Equity Min-Variance,EQ_ABT,0.01288664781399536
2022-03-01,Equity Min-Variance,EQ_ADBE,0.010172456434493467
2022-03-01,Equity Min-Variance,EQ_AEP,0.04156683074651966
2022-03-01,Equity Min-Variance,EQ_AMD,0.0
2022-03-01,Equity Min-Variance,EQ_AMGN,0.0
2022-03-01,Equity Min-Variance,EQ_AMT,2.9910755611545214e-17
2022-03-01,Equity Min-Variance,EQ_BA,5.0080655250802656e-17
2022-03-01,Equity Min-Variance,EQ_CAT,0.013199035384602386
2022-03-01,Equity Min-Variance,EQ_CCI,0.0
2022-03-01,Equity Min-Variance,EQ_CMCSA,8.031290331304655e-17
2022-03-01,Equity Min-Variance,EQ_COP,4.679284602657499e-17
2022-03-01,Equity Min-Variance,EQ_CVX,0.05853349238474852
2022-03-01,Equity Min-Variance,EQ_D,0.0
2022-03-01,Equity Min-Variance,EQ_DD,3.452889687447004e-17
2022-03-01,Equity Min-Variance,EQ_DIS,0.0678163802145126
2022-03-01,Equity Min-Variance,EQ_DOW,0.0
2022-03-01,Equity Min-Variance,EQ_DUK,0.003782268683137155
2022-03-01,Equity Min-Variance,EQ_EA,0.06825944023665917
2022-03-01,Equity Min-Variance,EQ_GE,0.0
2022-03-01,Equity Min-Variance,EQ_GILD,0.14105801681247787
2022-03-01,Equity Min-Variance,EQ_GS,0.0011946037404822552
2022-03-01,Equity Min-Variance,EQ_INTC,8.383072874098894e-06
2022-03-01,Equity Min-Variance,EQ_KO,0.08960288961437804
2022-03-01,Equity Min-Variance,EQ_MMM,2.0831649800724167e-17
2022-03-01,Equity Min-Variance,EQ_MRK,0.047388659883497344
2022-03-01,Equity Min-Variance,EQ_MS,0.011028284908599494
2022-03-01,Equity Min-Variance,EQ_NEE,2.876706823134708e-17
2022-03-01,Equity Min-Variance,EQ_NEM,0.021575807819798322
2022-03-01,Equity Min-Variance,EQ_NKE,0.02210877186657449
2022-03-01,Equity Min-Variance,EQ_NUE,2.0713778043003989e-16
2022-03-01,Equity Min-Variance,EQ_NVDA,1.8916692752638253e-17
2022-03-01,Equity Min-Variance,EQ_O,0.0053462530360977156
2022-03-01,Equity Min-Variance,EQ_OXY,0.004197660185626463
2022-03-01,Equity Min-Variance,EQ_PLD,0.0
2022-03-01,Equity Min-Variance,EQ_PSA,0.06967390471865491
2022-03-01,Equity Min-Variance,EQ_QCOM,2.795241346098206e-17
2022-03-01,Equity Min-Variance,EQ_SBUX,5.4653792865592486e-18
2022-03-01,Equity Min-Variance,EQ_SHW,0.0
2022-03-01,Equity Min-Variance,EQ_SLB,0.0
2022-03-01,Equity Min-Variance,EQ_SO,0.09242169395687744
2022-03-01,Equity Min-Variance,EQ_T,0.0
2022-03-01,Equity Min-Variance,EQ_TMUS,0.0
2022-03-01,Equity Min-Variance,EQ_TTWO,0.04038595356585483
2022-03-01,Equity Min-Variance,EQ_UPS,0.011864000348672979
2022-03-01,Equity Min-Variance,EQ_USB,0.0
2022-03-01,Equity Min-Variance,EQ_V,0.0
2022-03-01,Equity Min-Variance,EQ_WFC,1.2650122142613128e-17
2022-03-01,Equity Min-Variance,EQ_WMT,0.13142581651535465
2022-03-01,Equity Min-Variance,EQ_XOM,9.239340859410938e-18
2022-04-01,Equity Min-Variance,EQ_ABBV,0.04551213025544735
2022-04-01,Equity Min-Variance,EQ_ABT,0.0
2022-04-01,Equity Min-Variance,EQ_ADBE,0.01061993300195972
2022-04-01,Equity Min-Variance,EQ_AEP,0.011939379611273181
2022-04-01,Equity Min-Variance,EQ_AMD,0.002817266537930822
2022-04-01,Equity Min-Variance,EQ_AMGN,8.942978808413577e-17
2022-04-01,Equity Min-Variance,EQ_AMT,0.0
2022-04-01,Equity Min-Variance,EQ_BA,1.1146126567873278e-18
2022-04-01,Equity Min-Variance,EQ_CAT,0.02803915057329109
2022-04-01,Equity Min-Variance,EQ_CCI,0.0
2022-04-01,Equity Min-Variance,EQ_CMCSA,3.102290991866086e-17
2022-04-01,Equity Min-Variance,EQ_COP,0.0
2022-04-01,Equity Min-Variance,EQ_CVX,0.08616221934116679
2022-04-01,Equity Min-Variance,EQ_D,3.8753641958902745e-17
2022-04-01,Equity Min-Variance,EQ_DD,2.3369762271751924e-16
2022-04-01,Equity Min-Variance,EQ_DIS,0.04941213279650152
2022-04-01,Equity Min-Variance,EQ_DOW,0.0
2022-04-01,Equity Min-Variance,EQ_DUK,0.012381549341150013
2022-04-01,Equity Min-Variance,EQ_EA,0.07477496149259998
2022-04-01,Equity Min-Variance,EQ_GE,1.1187961330449223e-16
2022-04-01,Equity Min-Variance,EQ_GILD,0.1420214869085513
2022-04-01,Equity Min-Variance,EQ_GS,0.0
2022-04-01,Equity Min-Variance,EQ_INTC,0.001420774836869369
2022-04-01,Equity Min-Variance,EQ_KO,0.08692892072017538
2022-04-01,Equity Min-Variance,EQ_MMM,3.565103243618436e-17
2022-04-01,Equity Min-Variance,EQ_MRK,0.051126313269592695
2022-04-01,Equity Min-Variance,EQ_MS,0.0
2022-04-01,Equity Min-Variance,EQ_NEE,0.018653835441792322
2022-04-01,Equity Min-Variance,EQ_NEM,0.03480589636174369
2022-04-01,Equity Min-Variance,EQ_NKE,0.013163797347545778
2022-04-01,Equity Min-Variance,EQ_NUE,0.0
2022-04-01,Equity Min-Variance,EQ_NVDA,3.8843448908547386e-17
2022-04-01,Equity Min-Variance,EQ_O,0.0083253793722638
2022-04-01,Equity Min-Variance,EQ_OXY,1.8158067376011306e-16
2022-04-01,Equity Min-Variance,EQ_PLD,0.0
2022-04-01,Equity Min-Variance,EQ_PSA,0.0482120617529051
2022-04-01,Equity Min-Variance,EQ_QCOM,5.017132283160399e-17
2022-04-01,Equity Min-Variance,EQ_SBUX,1.4755368011796458e-17
2022-04-01,Equity Min-Variance,EQ_SHW,0.008648872435713969
2022-04-01,Equity Min-Variance,EQ_SLB,6.794915611110656e-17
2022-04-01,Equity Min-Variance,EQ_SO,0.10027021882629127
2022-04-01,Equity Min-Variance,EQ_T,0.0
2022-04-01,Equity Min-Variance,EQ_TMUS,0.014943214845004538
2022-04-01,Equity Min-Variance,EQ_TTWO,0.03344202407706534
2022-04-01,Equity Min-Variance,EQ_UPS,2.8948698335495405e-17
2022-04-01,Equity Min-Variance,EQ_USB,2.5928609714049312e-18
2022-04-01,Equity Min-Variance,EQ_V,2.9495920477286726e-17
2022-04-01,Equity Min-Variance,EQ_WFC,0.0
2022-04-01,Equity Min-Variance,EQ_WMT,0.1163784808531651
2022-04-01,Equity Min-Variance,EQ_XOM,1.2490628331431251e-17
2022-05-02,Equity Min-Variance,EQ_ABBV,0.018807088985784946
2022-05-02,Equity Min-Variance,EQ_ABT,0.0
2022-05-02,Equity Min-Variance,EQ_ADBE,0.016337524781512878
2022-05-02,Equity Min-Variance,EQ_AEP,0.0
2022-05-02,Equity Min-Variance,EQ_AMD,1.1540364849420088e-16
2022-05-02,Equity Min-Variance,EQ_AMGN,0.008946068362097635
2022-05-02,Equity Min-Variance,EQ_AMT,4.712619426576493e-17
2022-05-02,Equity Min-Variance,EQ_BA,2.44529584127313e-17
2022-05-02,Equity Min-Variance,EQ_CAT,0.043108668783988904
2022-05-02,Equity Min-Variance,EQ_CCI,0.0
2022-05-02,Equity Min-Variance,EQ_CMCSA,0.0
2022-05-02,Equity Min-Variance,EQ_COP,8.611118294633143e-17
2022-05-02,Equity Min-Variance,EQ_CVX,0.06458689751558265
2022-05-02,Equity Min-Variance,EQ_D,0.0
2022-05-02,Equity Min-Variance,EQ_DD,9.580548076906955e-17
2022-05-02,Equity Min-Variance,EQ_DIS,0.03937496628014446
2022-05-02,Equity Min-Variance,EQ_DOW,0.0
2022-05-02,Equity Min-Variance,EQ_DUK,0.09004668232178645
2022-05-02,Equity Min-Variance,EQ_EA,0.09419397772105172
2022-05-02,Equity Min-Variance,EQ_GE,7.473452387179633e-17
2022-05-02,Equity Min-Variance,EQ_GILD,0.12896406435875032
2022-05-02,Equity Min-Variance,EQ_GS,2.1643870401484652e-17
2022-05-02,Equity Min-Variance,EQ_INTC,4.891403461861899e-17
2022-05-02,Equity Min-Variance,EQ_KO,0.11073967241178485
2022-05-02,Equity Min-Variance,EQ_MMM,0.0
2022-05-02,Equity Min-Variance,EQ_MRK,0.055243687930868875
2022-05-02,Equity Min-Variance,EQ_MS,1.0556607224518242e-16
2022-05-02,Equity Min-Variance,EQ_NEE,0.0
2022-05-02,Equity Min-Variance,EQ_NEM,0.04800655752728831
2022-05-02,Equity Min-Variance,EQ_NKE,2.966278332867653e-17
2022-05-02,Equity Min-Variance,EQ_NUE,0.0
2022-05-02,Equity Min-Variance,EQ_NVDA,0.0
2022-05-02,Equity Min-Variance,EQ_O,0.0
2022-05-02,Equity Min-Variance,EQ_OXY,0.0
2022-05-02,Equity Min-Variance,EQ_PLD,1.081277537262896e-16
2022-05-02,Equity Min-Variance,EQ_PSA,0.0
2022-05-02,Equity Min-Variance,EQ_QCOM,3.395743721373454e-17
2022-05-02,Equity Min-Variance,EQ_SBUX,9.835832778277127e-17
2022-05-02,Equity Min-Variance,EQ_SHW,0.06816862951953477
2022-05-02,Equity Min-Variance,EQ_SLB,5.5197558702649627e-17
2022-05-02,Equity Min-Variance,EQ_SO,0.06721787913361107
2022-05-02,Equity Min-Variance,EQ_T,1.5704189132648632e-17
2022-05-02,Equity Min-Variance,EQ_TMUS,2.2187899851059066e-17
2022-05-02,Equity Min-Variance,EQ_TTWO,0.0386240387665043
2022-05-02,Equity Min-Variance,EQ_UPS,9.85454307757009e-18
2022-05-02,Equity Min-Variance,EQ_USB,2.115583182705845e-17
2022-05-02,Equity Min-Variance,EQ_V,4.413732499218748e-17
2022-05-02,Equity Min-Variance,EQ_WFC,0.0
2022-05-02,Equity Min-Variance,EQ_WMT,0.10763359559970828
2022-05-02,Equity Min-Variance,EQ_XOM,1.36905581424872e-16
2022-06-01,Equity Min-Variance,EQ_ABBV,0.06721151586565598
2022-06-01,Equity Min-Variance,EQ_ABT,1.07637814509845e-17
2022-06-01,Equity Min-Variance,EQ_ADBE,0.004688754694403656
2022-06-01,Equity Min-Variance,EQ_AEP,1.3768676484280188e-16
2022-06-01,Equity Min-Variance,EQ_AMD,0.0
2022-06-01,Equity Min-Variance,EQ_AMGN,0.03457962139219751
2022-06-01,Equity Min-Variance,EQ_AMT,1.3700586680593781e-17
2022-06-01,Equity Min-Variance,EQ_BA,0.0
2022-06-01,Equity Min-Variance,EQ_CAT,0.018092175291447046
2022-06-01,Equity Min-Variance,EQ_CCI,0.0
2022-06-01,Equity Min-Variance,EQ_CMCSA,9.026568500451528e-17
2022-06-01,Equity Min-Variance,EQ_COP,7.736855677997834e-17
2022-06-01,Equity Min-Variance,EQ_CVX,0.03616923000839337
2022-06-01,Equity Min-Variance,EQ_D,7.599907694572968e-17
2022-06-01,Equity Min-Variance,EQ_DD,7.467572062688747e-17
2022-06-01,Equity Min-Variance,EQ_DIS,0.05795355803846136
2022-06-01,Equity Min-Variance,EQ_DOW,0.0
2022-06-01,Equity Min-Variance,EQ_DUK,0.16962021144383463
2022-06-01,Equity Min-Variance,EQ_EA,0.09250514440486904
2022-06-01,Equity Min-Variance,EQ_GE,0.0
2022-06-01,Equity Min-Variance,EQ_GILD,0.17028425041434528
2022-06-01,Equity Min-Variance,EQ_GS,7.157953545815928e-17
2022-06-01,Equity Min-Variance,EQ_INTC,0.003099409087630241
2022-06-01,Equity Min-Variance,EQ_KO,0.0
2022-06-01,Equity Min-Variance,EQ_MMM,2.3716830883628905e-17
2022-06-01,Equity Min-Variance,EQ_MRK,0.07333856753549264
2022-06-01,Equity Min-Variance,EQ_MS,0.0
2022-06-01,Equity Min-Variance,EQ_NEE,1.8198464278311893e-17
2022-06-01,Equity Min-Variance,EQ_NEM,0.06282130986335281
2022-06-01,Equity Min-Variance,EQ_NKE,0.0
2022-06-01,Equity Min-Variance,EQ_NUE,4.52782229635011e-16
2022-06-01,Equity Min-Variance,EQ_NVDA,1.905113880237681e-18
2022-06-01,Equity Min-Variance,EQ_O,3.152075353602387e-17
2022-06-01,Equity Min-Variance,EQ_OXY,3.5881764284965117e-17
2022-06-01,Equity Min-Variance,EQ_PLD,0.0
2022-06-01,Equity Min-Variance,EQ_PSA,2.6376398152532553e-17
2022-06-01,Equity Min-Variance,EQ_QCOM,3.5517762253282265e-17
2022-06-01,Equity Min-Variance,EQ_SBUX,2.9617977226291792e-18
2022-06-01,Equity Min-Variance,EQ_SHW,0.052914649970151335
2022-06-01,Equity Min-Variance,EQ_SLB,2.442398467695102e-16
2022-06-01,Equity Min-Variance,EQ_SO,0.044997584785718886
2022-06-01,Equity Min-Variance,EQ_T,0.0
2022-06-01,Equity Min-Variance,EQ_TMUS,7.479314726649199e-17
2022-06-01,Equity Min-Variance,EQ_TTWO,0.026291395575300143
2022-06-01,Equity Min-Variance,EQ_UPS,1.1717024571506241e-17
2022-06-01,Equity Min-Variance,EQ_USB,5.039651008923718e-17
2022-06-01,Equity Min-Variance,EQ_V,7.36074701794035e-17
2022-06-01,Equity Min-Variance,EQ_WFC,0.0
2022-06-01,Equity Min-Variance,EQ_WMT,0.08543262162874551
2022-06-01,Equity Min-Variance,EQ_XOM,0.0
2022-07-01,Equity Min-Variance,EQ_ABBV,0.0434183332971752
2022-07-01,Equity Min-Variance,EQ_ABT,4.420572125642033e-17
2022-07-01,Equity Min-Variance,EQ_ADBE,1.7259730301621746e-16
2022-07-01,Equity Min-Variance,EQ_AEP,2.4808236515156537e-17
2022-07-01,Equity Min-Variance,EQ_AMD,1.0258859880305466e-16
2022-07-01,Equity Min-Variance,EQ_AMGN,0.06977957140395626
2022-07-01,Equity Min-Variance,EQ_AMT,0.0
2022-07-01,Equity Min-Variance,EQ_BA,3.143387207754945e-17
2022-07-01,Equity Min-Variance,EQ_CAT,0.008210959893458651
2022-07-01,Equity Min-Variance,EQ_CCI,1.5901785762310518e-17
2022-07-01,Equity Min-Variance,EQ_CMCSA,0.0
2022-07-01,Equity Min-Variance,EQ_COP,0.0
2022-07-01,Equity Min-Variance,EQ_CVX,0.04727791863802669
2022-07-01,Equity Min-Variance,EQ_D,9.200929141558603e-17
2022-07-01,Equity Min-Variance,EQ_DD,0.0
2022-07-01,Equity Min-Variance,EQ_DIS,0.05260609974398748
2022-07-01,Equity Min-Variance,EQ_DOW,4.311743597286143e-17
2022-07-01,Equity Min-Variance,EQ_DUK,0.1784726731529677
2022-07-01,Equity Min-Variance,EQ_EA,0.09116529030567058
2022-07-01,Equity Min-Variance,EQ_GE,0.0
2022-07-01,Equity Min-Variance,EQ_GILD,0.17563990323073447
2022-07-01,Equity Min-Variance,EQ_GS,1.5162726017723758e-16
2022-07-01,Equity Min-Variance,EQ_INTC,0.0
2022-07-01,Equity Min-Variance,EQ_KO,0.029654727123534144
2022-07-01,Equity Min-Variance,EQ_MMM,0.0025674723641402842
2022-07-01,Equity Min-Variance,EQ_MRK,0.061680745692969524
2022-07-01,Equity Min-Variance,EQ_MS,5.925714892046918e-17
2022-07-01,Equity Min-Variance,EQ_NEE,7.410143270286665e-17
2022-07-01,Equity Min-Variance,EQ_NEM,0.06176950763852922
2022-07-01,Equity Min-Variance,EQ_NKE,5.886894831235758e-17
2022-07-01,Equity Min-Variance,EQ_NUE,0.0
2022-07-01,Equity Min-Variance,EQ_NVDA,0.0
2022-07-01,Equity Min-Variance,EQ_O,3.490139778156235e-17
2022-07-01,Equity Min-Variance,EQ_OXY,0.0
2022-07-01,Equity Min-Variance,EQ_PLD,1.9982035606018902e-16
2022-07-01,Equity Min-Variance,EQ_PSA,5.2862014454961744e-17
2022-07-01,Equity Min-Variance,EQ_QCOM,0.0
2022-07-01,Equity Min-Variance,EQ_SBUX,3.7288024761233173e-17
2022-07-01,Equity Min-Variance,EQ_SHW,0.02725230823417535
2022-07-01,Equity Min-Variance,EQ_SLB,0.0
2022-07-01,Equity Min-Variance,EQ_SO,0.0032868130697322573
2022-07-01,Equity Min-Variance,EQ_T,0.0
2022-07-01,Equity Min-Variance,EQ_TMUS,4.7669604320674296e-17
2022-07-01,Equity Min-Variance,EQ_TTWO,0.02745445079136818
2022-07-01,Equity Min-Variance,EQ_UPS,0.008364107883258474
2022-07-01,Equity Min-Variance,EQ_USB,4.9712585751315996e-17
2022-07-01,Equity Min-Variance,EQ_V,0.0
2022-07-01,Equity Min-Variance,EQ_WFC,0.0
2022-07-01,Equity Min-Variance,EQ_WMT,0.11139911753631561
2022-07-01,Equity Min-Variance,EQ_XOM,1.7253517415769053e-16
2022-08-01,Equity Min-Variance,EQ_ABBV,0.05450848971679755
2022-08-01,Equity Min-Variance,EQ_ABT,0.0
2022-08-01,Equity Min-Variance,EQ_ADBE,0.0
2022-08-01,Equity Min-Variance,EQ_AEP,8.663272293558015e-17
2022-08-01,Equity Min-Variance,EQ_AMD,0.0
2022-08-01,Equity Min-Variance,EQ_AMGN,0.07513835039961514
2022-08-01,Equity Min-Variance,EQ_AMT,5.107957002401743e-17
2022-08-01,Equity Min-Variance,EQ_BA,7.437089436154022e-17
2022-08-01,Equity Min-Variance,EQ_CAT,0.0
2022-08-01,Equity Min-Variance,EQ_CCI,1.1687551691877204e-17
2022-08-01,Equity Min-Variance,EQ_CMCSA,0.0
2022-08-01,Equity Min-Variance,EQ_COP,6.597795317039403e-17
2022-08-01,Equity Min-Variance,EQ_CVX,0.04802896186552593
2022-08-01,Equity Min-Variance,EQ_D,1.2534990229912074e-17
2022-08-01,Equity Min-Variance,EQ_DD,0.0
2022-08-01,Equity Min-Variance,EQ_DIS,0.05188213395743357
2022-08-01,Equity Min-Variance,EQ_DOW,0.0
2022-08-01,Equity Min-Variance,EQ_DUK,0.16426081802683767
2022-08-01,Equity Min-Variance,EQ_EA,0.09566745280819859
2022-08-01,Equity Min-Variance,EQ_GE,0.0
2022-08-01,Equity Min-Variance,EQ_GILD,0.16902346592715994
2022-08-01,Equity Min-Variance,EQ_GS,9.165680830926577e-17
2022-08-01,Equity Min-Variance,EQ_INTC,7.785596689406795e-17
2022-08-01,Equity Min-Variance,EQ_KO,0.02606376395078273
2022-08-01,Equity Min-Variance,EQ_MMM,0.03210457826719177
2022-08-01,Equity Min-Variance,EQ_MRK,0.061997574565327083
2022-08-01,Equity Min-Variance,EQ_MS,1.9018340344008056e-17
2022-08-01,Equity Min-Variance,EQ_NEE,1.0570826425475499e-16
2022-08-01,Equity Min-Variance,EQ_NEM,0.059460418420768144
2022-08-01,Equity Min-Variance,EQ_NKE,2.088023506497469e-17
2022-08-01,Equity Min-Variance,EQ_NUE,0.0
2022-08-01,Equity Min-Variance,EQ_NVDA,1.3713749896548875e-16
2022-08-01,Equity Min-Variance,EQ_O,0.0
2022-08-01,Equity Min-Variance,EQ_OXY,4.556503893239425e-16
2022-08-01,Equity Min-Variance,EQ_PLD,0.0
2022-08-01,Equity Min-Variance,EQ_PSA,0.0
2022-08-01,Equity Min-Variance,EQ_QCOM,0.0
2022-08-01,Equity Min-Variance,EQ_SBUX,0.0
2022-08-01,Equity Min-Variance,EQ_SHW,0.02299669404919301
2022-08-01,Equity Min-Variance,EQ_SLB,5.049050764478822e-17
2022-08-01,Equity Min-Variance,EQ_SO,0.002530733252207601
2022-08-01,Equity Min-Variance,EQ_T,5.084893062368567e-17
2022-08-01,Equity Min-Variance,EQ_TMUS,0.0
2022-08-01,Equity Min-Variance,EQ_TTWO,0.02728839735704112
2022-08-01,Equity Min-Variance,EQ_UPS,0.0
2022-08-01,Equity Min-Variance,EQ_USB,0.0
2022-08-01,Equity Min-Variance,EQ_V,6.0226356282368954e-18
2022-08-01,Equity Min-Variance,EQ_WFC,8.560114887703988e-17
2022-08-01,Equity Min-Variance,EQ_WMT,0.10904816743592063
2022-08-01,Equity Min-Variance,EQ_XOM,0.0
2022-09-01,Equity Min-Variance,EQ_ABBV,0.053644018719080165
2022-09-01,Equity Min-Variance,EQ_ABT,1.3570122069932664e-16
2022-09-01,Equity Min-Variance,EQ_ADBE,2.0699644755964598e-16
2022-09-01,Equity Min-Variance,EQ_AEP,0.0
2022-09-01,Equity Min-Variance,EQ_AMD,7.504174101725325e-17
2022-09-01,Equity Min-Variance,EQ_AMGN,0.13376844073317115
2022-09-01,Equity Min-Variance,EQ_AMT,9.238849998471638e-17
2022-09-01,Equity Min-Variance,EQ_BA,9.883010366395511e-17
2022-09-01,Equity Min-Variance,EQ_CAT,2.0344191176137855e-16
2022-09-01,Equity Min-Variance,EQ_CCI,1.4502688658754545e-16
2022-09-01,Equity Min-Variance,EQ_CMCSA,5.220149040880052e-17
2022-09-01,Equity Min-Variance,EQ_COP,6.544541944719216e-17
2022-09-01,Equity Min-Variance,EQ_CVX,0.07396841045243703
2022-09-01,Equity Min-Variance,EQ_D,0.0
2022-09-01,Equity Min-Variance,EQ_DD,1.5531573681443595e-16
2022-09-01,Equity Min-Variance,EQ_DIS,0.029859883984100957
2022-09-01,Equity Min-Variance,EQ_DOW,1.2127312936063867e-17
2022-09-01,Equity Min-Variance,EQ_DUK,0.11685481358704462
2022-09-01,Equity Min-Variance,EQ_EA,0.1019090731396885
2022-09-01,Equity Min-Variance,EQ_GE,0.0
2022-09-01,Equity Min-Variance,EQ_GILD,0.14252682854249465
2022-09-01,Equity Min-Variance,EQ_GS,5.859741264057958e-17
2022-09-01,Equity Min-Variance,EQ_INTC,4.8803125553047766e-17
2022-09-01,Equity Min-Variance,EQ_KO,0.03237046617459798
2022-09-01,Equity Min-Variance,EQ_MMM,1.1069671233051478e-16
2022-09-01,Equity Min-Variance,EQ_MRK,0.06466899666411971
2022-09-01,Equity Min-Variance,EQ_MS,7.833134620080089e-17
2022-09-01,Equity Min-Variance,EQ_NEE,2.3288818271918217e-19
2022-09-01,Equity Min-Variance,EQ_NEM,0.059496129787481956
2022-09-01,Equity Min-Variance,EQ_NKE,6.392783594318973e-17
2022-09-01,Equity Min-Variance,EQ_NUE,0.0
2022-09-01,Equity Min-Variance,EQ_NVDA,0.0
2022-09-01,Equity Min-Variance,EQ_O,0.019061816001351074
2022-09-01,Equity Min-Variance,EQ_OXY,0.0
2022-09-01,Equity Min-Variance,EQ_PLD,0.0
2022-09-01,Equity Min-Variance,EQ_PSA,0.0
2022-09-01,Equity Min-Variance,EQ_QCOM,2.854105458082467e-17
2022-09-01,Equity Min-Variance,EQ_SBUX,0.0
2022-09-01,Equity Min-Variance,EQ_SHW,0.02571689018585521
2022-09-01,Equity Min-Variance,EQ_SLB,0.0
2022-09-01,Equity Min-Variance,EQ_SO,0.03062241832326373
2022-09-01,Equity Min-Variance,EQ_T,2.8647172736986535e-17
2022-09-01,Equity Min-Variance,EQ_TMUS,7.189147841896064e-17
2022-09-01,Equity Min-Variance,EQ_TTWO,0.01217434583315922
2022-09-01,Equity Min-Variance,EQ_UPS,0.004225821192674413
2022-09-01,Equity Min-Variance,EQ_USB,1.1868880520507488e-17
2022-09-01,Equity Min-Variance,EQ_V,1.990240134901068e-17
2022-09-01,Equity Min-Variance,EQ_WFC,5.30331130308531e-17
2022-09-01,Equity Min-Variance,EQ_WMT,0.09913164667947873
2022-09-01,Equity Min-Variance,EQ_XOM,1.3248473344531066e-16
2022-10-03,Equity Min-Variance,EQ_ABBV,0.07325367272214192
2022-10-03,Equity Min-Variance,EQ_ABT,0.0
2022-10-03,Equity Min-Variance,EQ_ADBE,3.271927808868479e-17
2022-10-03,Equity Min-Variance,EQ_AEP,1.0491092005579234e-16
2022-10-03,Equity Min-Variance,EQ_AMD,0.0
2022-10-03,Equity Min-Variance,EQ_AMGN,0.16483806369550574
2022-10-03,Equity Min-Variance,EQ_AMT,0.0
2022-10-03,Equity Min-Variance,EQ_BA,3.9118600742298884e-17
2022-10-03,Equity Min-Variance,EQ_CAT,0.0
2022-10-03,Equity Min-Variance,EQ_CCI,0.0
2022-10-03,Equity Min-Variance,EQ_CMCSA,0.0
2022-10-03,Equity Min-Variance,EQ_COP,0.0
2022-10-03,Equity Min-Variance,EQ_CVX,0.07774409701147708
2022-10-03,Equity Min-Variance,EQ_D,1.3287825017123707e-16
2022-10-03,Equity Min-Variance,EQ_DD,0.0
2022-10-03,Equity Min-Variance,EQ_DIS,1.3326820535586163e-16
2022-10-03,Equity Min-Variance,EQ_DOW,9.024750932791708e-17
2022-10-03,Equity Min-Variance,EQ_DUK,0.05785704957955745
2022-10-03,Equity Min-Variance,EQ_EA,0.09469080340914025
2022-10-03,Equity Min-Variance,EQ_GE,9.837826896585165e-17
2022-10-03,Equity Min-Variance,EQ_GILD,0.09747104185678455
2022-10-03,Equity Min-Variance,EQ_GS,0.0
2022-10-03,Equity Min-Variance,EQ_INTC,9.123385879925667e-17
2022-10-03,Equity Min-Variance,EQ_KO,0.06299150533094625
2022-10-03,Equity Min-Variance,EQ_MMM,0.020458680311077827
2022-10-03,Equity Min-Variance,EQ_MRK,0.07849234317801282
2022-10-03,Equity Min-Variance,EQ_MS,5.0236569118147856e-17
2022-10-03,Equity Min-Variance,EQ_NEE,1.2686017194916162e-17
2022-10-03,Equity Min-Variance,EQ_NEM,0.055620578294716394
2022-10-03,Equity Min-Variance,EQ_NKE,6.880195452109307e-17
2022-10-03,Equity Min-Variance,EQ_NUE,1.313297649376179e-16
2022-10-03,Equity Min-Variance,EQ_NVDA,0.0
2022-10-03,Equity Min-Variance,EQ_O,0.07275840077827953
2022-10-03,Equity Min-Variance,EQ_OXY,2.2879030629309696e-16
2022-10-03,Equity Min-Variance,EQ_PLD,3.2622124093118135e-16
2022-10-03,Equity Min-Variance,EQ_PSA,0.0
2022-10-03,Equity Min-Variance,EQ_QCOM,8.764666593318714e-17
2022-10-03,Equity Min-Variance,EQ_SBUX,2.715352582767671e-17
2022-10-03,Equity Min-Variance,EQ_SHW,0.013554496081955672
2022-10-03,Equity Min-Variance,EQ_SLB,2.5987851317392747e-17
2022-10-03,Equity Min-Variance,EQ_SO,9.931617299812032e-19
2022-10-03,Equity Min-Variance,EQ_T,0.0
2022-10-03,Equity Min-Variance,EQ_TMUS,2.295184073116443e-17
2022-10-03,Equity Min-Variance,EQ_TTWO,0.013634133560958063
2022-10-03,Equity Min-Variance,EQ_UPS,0.0009311476723241054
2022-10-03,Equity Min-Variance,EQ_USB,7.765433930821905e-17
2022-10-03,Equity Min-Variance,EQ_V,3.7159784597410696e-17
2022-10-03,Equity Min-Variance,EQ_WFC,1.2957580710765341e-16
2022-10-03,Equity Min-Variance,EQ_WMT,0.1157039865171222
2022-10-03,Equity Min-Variance,EQ_XOM,0.0
2022-11-01,Equity Min-Variance,EQ_ABBV,0.0884388057710017
2022-11-01,Equity Min-Variance,EQ_ABT,5.315326240092109e-17
2022-11-01,Equity Min-Variance,EQ_ADBE,0.0
2022-11-01,Equity Min-Variance,EQ_AEP,0.0
2022-11-01,Equity Min-Variance,EQ_AMD,0.0
2022-11-01,Equity Min-Variance,EQ_AMGN,0.17620279812840942
2022-11-01,Equity Min-Variance,EQ_AMT,0.0
2022-11-01,Equity Min-Variance,EQ_BA,0.0
2022-11-01,Equity Min-Variance,EQ_CAT,7.102008566123021e-17
2022-11-01,Equity Min-Variance,EQ_CCI,1.681971231061082e-17
2022-11-01,Equity Min-Variance,EQ_CMCSA,1.4111325519748708e-16
2022-11-01,Equity Min-Variance,EQ_COP,5.103594129339442e-17
2022-11-01,Equity Min-Variance,EQ_CVX,0.0715366580199993
2022-11-01,Equity Min-Variance,EQ_D,1.5412500965237186e-16
2022-11-01,Equity Min-Variance,EQ_DD,6.110183512014038e-17
2022-11-01,Equity Min-Variance,EQ_DIS,4.0613397301840254e-16
2022-11-01,Equity Min-Variance,EQ_DOW,1.8849131949661505e-16
2022-11-01,Equity Min-Variance,EQ_DUK,0.019413003505206212
2022-11-01,Equity Min-Variance,EQ_EA,0.1053445669737547
2022-11-01,Equity Min-Variance,EQ_GE,9.434456003456457e-17
2022-11-01,Equity Min-Variance,EQ_GILD,0.03814067380465642
2022-11-01,Equity Min-Variance,EQ_GS,2.531037717332057e-16
2022-11-01,Equity Min-Variance,EQ_INTC,0.0
2022-11-01,Equity Min-Variance,EQ_KO,0.08176836794301957
2022-11-01,Equity Min-Variance,EQ_MMM,7.58020496107173e-17
2022-11-01,Equity Min-Variance,EQ_MRK,0.13414116427557196
2022-11-01,Equity Min-Variance,EQ_MS,1.2601938431391178e-16
2022-11-01,Equity Min-Variance,EQ_NEE,1.5159094522231039e-16
2022-11-01,Equity Min-Variance,EQ_NEM,0.0553095543646586
2022-11-01,Equity Min-Variance,EQ_NKE,0.0
2022-11-01,Equity Min-Variance,EQ_NUE,0.0
2022-11-01,Equity Min-Variance,EQ_NVDA,0.0
2022-11-01,Equity Min-Variance,EQ_O,0.08277383165766357
2022-11-01,Equity Min-Variance,EQ_OXY,0.0
2022-11-01,Equity Min-Variance,EQ_PLD,0.0
2022-11-01,Equity Min-Variance,EQ_PSA,0.0
2022-11-01,Equity Min-Variance,EQ_QCOM,2.276234018655185e-16
2022-11-01,Equity Min-Variance,EQ_SBUX,3.8046406030792853e-16
2022-11-01,Equity Min-Variance,EQ_SHW,2.1501837135373488e-16
2022-11-01,Equity Min-Variance,EQ_SLB,0.0
2022-11-01,Equity Min-Variance,EQ_SO,0.0
2022-11-01,Equity Min-Variance,EQ_T,6.538604035433025e-17
2022-11-01,Equity Min-Variance,EQ_TMUS,4.624339136976332e-17
2022-11-01,Equity Min-Variance,EQ_TTWO,0.019949298499835892
2022-11-01,Equity Min-Variance,EQ_UPS,0.016095397012069516
2022-11-01,Equity Min-Variance,EQ_USB,2.5087561468418106e-16
2022-11-01,Equity Min-Variance,EQ_V,1.9399449362342148e-16
2022-11-01,Equity Min-Variance,EQ_WFC,0.0
2022-11-01,Equity Min-Variance,EQ_WMT,0.11088588004415328
2022-11-01,Equity Min-Variance,EQ_XOM,6.188372359507285e-17
2022-12-01,Equity Min-Variance,EQ_ABBV,0.06365503044362494
2022-12-01,Equity Min-Variance,EQ_ABT,3.7163738295461096e-16
2022-12-01,Equity Min-Variance,EQ_ADBE,3.759472405850837e-17
2022-12-01,Equity Min-Variance,EQ_AEP,0.0
2022-12-01,Equity Min-Variance,EQ_AMD,0.0
2022-12-01,Equity Min-Variance,EQ_AMGN,0.17090077386340718
2022-12-01,Equity Min-Variance,EQ_AMT,0.0
2022-12-01,Equity Min-Variance,EQ_BA,2.8270491838820807e-16
2022-12-01,Equity Min-Variance,EQ_CAT,0.0
2022-12-01,Equity Min-Variance,EQ_CCI,0.0
2022-12-01,Equity Min-Variance,EQ_CMCSA,2.7953148658734913e-16
2022-12-01,Equity Min-Variance,EQ_COP,0.0
2022-12-01,Equity Min-Variance,EQ_CVX,0.060523011948274405
2022-12-01,Equity Min-Variance,EQ_D,0.006954948478142219
2022-12-01,Equity Min-Variance,EQ_DD,5.086677008446645e-18
2022-12-01,Equity Min-Variance,EQ_DIS,0.0
2022-12-01,Equity Min-Variance,EQ_DOW,2.3218768381145072e-17
2022-12-01,Equity Min-Variance,EQ_DUK,0.009996177824159876
2022-12-01,Equity Min-Variance,EQ_EA,0.1055323151626402
2022-12-01,Equity Min-Variance,EQ_GE,4.74467947006342e-17
2022-12-01,Equity Min-Variance,EQ_GILD,0.02716184250675463
2022-12-01,Equity Min-Variance,EQ_GS,6.395261472386843e-17
2022-12-01,Equity Min-Variance,EQ_INTC,1.2983321064782285e-16
2022-12-01,Equity Min-Variance,EQ_KO,0.09452284518276814
2022-12-01,Equity Min-Variance,EQ_MMM,0.0
2022-12-01,Equity Min-Variance,EQ_MRK,0.23898986755112878
2022-12-01,Equity Min-Variance,EQ_MS,9.618595060581841e-17
2022-12-01,Equity Min-Variance,EQ_NEE,2.3413012775742104e-16
2022-12-01,Equity Min-Variance,EQ_NEM,0.015206692800075933
2022-12-01,Equity Min-Variance,EQ_NKE,0.0
2022-12-01,Equity Min-Variance,EQ_NUE,0.0
2022-12-01,Equity Min-Variance,EQ_NVDA,0.0
2022-12-01,Equity Min-Variance,EQ_O,0.04204863756697638
2022-12-01,Equity Min-Variance,EQ_OXY,1.5496614608766538e-16
2022-12-01,Equity Min-Variance,EQ_PLD,3.828579728267863e-16
2022-12-01,Equity Min-Variance,EQ_PSA,0.0
2022-12-01,Equity Min-Variance,EQ_QCOM,1.5616474763595346e-16
2022-12-01,Equity Min-Variance,EQ_SBUX,6.9321048981230924e-18
2022-12-01,Equity Min-Variance,EQ_SHW,5.2723909223701984e-17
2022-12-01,Equity Min-Variance,EQ_SLB,2.4562020909626443e-16
2022-12-01,Equity Min-Variance,EQ_SO,9.703682284907539e-17
2022-12-01,Equity Min-Variance,EQ_T,2.5926480072650394e-17
2022-12-01,Equity Min-Variance,EQ_TMUS,0.0
2022-12-01,Equity Min-Variance,EQ_TTWO,0.03654843839219519
2022-12-01,Equity Min-Variance,EQ_UPS,3.909924327054478e-16
2022-12-01,Equity Min-Variance,EQ_USB,0.0
2022-12-01,Equity Min-Variance,EQ_V,9.753009050067546e-17
2022-12-01,Equity Min-Variance,EQ_WFC,0.0
2022-12-01,Equity Min-Variance,EQ_WMT,0.11237929821940683
2022-12-01,Equity Min-Variance,EQ_XOM,0.015580120060444898
2023-01-03,Equity Min-Variance,EQ_ABBV,0.07802929096573694
2023-01-03,Equity Min-Variance,EQ_ABT,4.77668460472129e-16
2023-01-03,Equity Min-Variance,EQ_ADBE,0.0
2023-01-03,Equity Min-Variance,EQ_AEP,0.0
2023-01-03,Equity Min-Variance,EQ_AMD,0.0
2023-01-03,Equity Min-Variance,EQ_AMGN,0.17631193920723184
2023-01-03,Equity Min-Variance,EQ_AMT,3.8944330089076563e-16
2023-01-03,Equity Min-Variance,EQ_BA,8.066175566620905e-17
2023-01-03,Equity Min-Variance,EQ_CAT,0.0
2023-01-03,Equity Min-Variance,EQ_CCI,0.0
2023-01-03,Equity Min-Variance,EQ_CMCSA,0.0
2023-01-03,Equity Min-Variance,EQ_COP,2.5741910879157875e-16
2023-01-03,Equity Min-Variance,EQ_CVX,0.05227898168845397
2023-01-03,Equity Min-Variance,EQ_D,0.017383624755533317
2023-01-03,Equity Min-Variance,EQ_DD,1.145697350127067e-17
2023-01-03,Equity Min-Variance,EQ_DIS,0.0
2023-01-03,Equity Min-Variance,EQ_DOW,1.008930319898276e-16
2023-01-03,Equity Min-Variance,EQ_DUK,0.017145027358159048
2023-01-03,Equity Min-Variance,EQ_EA,0.10503749052334907
2023-01-03,Equity Min-Variance,EQ_GE,0.0
2023-01-03,Equity Min-Variance,EQ_GILD,0.00993801218127022
2023-01-03,Equity Min-Variance,EQ_GS,2.1279473839840924e-16
2023-01-03,Equity Min-Variance,EQ_INTC,2.500820961675722e-16
2023-01-03,Equity Min-Variance,EQ_KO,0.09198088969182464
2023-01-03,Equity Min-Variance,EQ_MMM,0.0
2023-01-03,Equity Min-Variance,EQ_MRK,0.2217543277706087
2023-01-03,Equity Min-Variance,EQ_MS,1.0512823617320051e-16
2023-01-03,Equity Min-Variance,EQ_NEE,4.06769629744057e-18
2023-01-03,Equity Min-Variance,EQ_NEM,0.014800004865996379
2023-01-03,Equity Min-Variance,EQ_NKE,0.0
2023-01-03,Equity Min-Variance,EQ_NUE,0.0
2023-01-03,Equity Min-Variance,EQ_NVDA,0.0
2023-01-03,Equity Min-Variance,EQ_O,0.06072076217156812
2023-01-03,Equity Min-Variance,EQ_OXY,3.095469192639273e-16
2023-01-03,Equity Min-Variance,EQ_PLD,9.907487085049851e-17
2023-01-03,Equity Min-Variance,EQ_PSA,0.0
2023-01-03,Equity Min-Variance,EQ_QCOM,9.979605789111628e-17
2023-01-03,Equity Min-Variance,EQ_SBUX,9.140872467008242e-17
2023-01-03,Equity Min-Variance,EQ_SHW,0.0
2023-01-03,Equity Min-Variance,EQ_SLB,0.0
2023-01-03,Equity Min-Variance,EQ_SO,3.362490508485359e-16
2023-01-03,Equity Min-Variance,EQ_T,0.0034703845645606165
2023-01-03,Equity Min-Variance,EQ_TMUS,2.1220623280165478e-17
2023-01-03,Equity Min-Variance,EQ_TTWO,0.035322189948687646
2023-01-03,Equity Min-Variance,EQ_UPS,0.0
2023-01-03,Equity Min-Variance,EQ_USB,1.9179621084246509e-16
2023-01-03,Equity Min-Variance,EQ_V,0.0
2023-01-03,Equity Min-Variance,EQ_WFC,3.550111543982726e-17
2023-01-03,Equity Min-Variance,EQ_WMT,0.10715467770680501
2023-01-03,Equity Min-Variance,EQ_XOM,0.008672396600215786
2023-02-01,Equity Min-Variance,EQ_ABBV,0.06245509780666999
2023-02-01,Equity Min-Variance,EQ_ABT,2.0130549445762222e-16
2023-02-01,Equity Min-Variance,EQ_ADBE,0.0
2023-02-01,Equity Min-Variance,EQ_AEP,3.623201215904905e-17
2023-02-01,Equity Min-Variance,EQ_AMD,0.0
2023-02-01,Equity Min-Variance,EQ_AMGN,0.17948535588761177
2023-02-01,Equity Min-Variance,EQ_AMT,0.0
2023-02-01,Equity Min-Variance,EQ_BA,3.65376969349639e-16
2023-02-01,Equity Min-Variance,EQ_CAT,2.2860027951840644e-16
2023-02-01,Equity Min-Variance,EQ_CCI,7.843788996079548e-17
2023-02-01,Equity Min-Variance,EQ_CMCSA,5.085414480412041e-17
2023-02-01,Equity Min-Variance,EQ_COP,0.0
2023-02-01,Equity Min-Variance,EQ_CVX,0.051083095004214096
2023-02-01,Equity Min-Variance,EQ_D,0.03498461840676124
2023-02-01,Equity Min-Variance,EQ_DD,1.024377466710595e-17
2023-02-01,Equity Min-Variance,EQ_DIS,3.2840183811825384e-16
2023-02-01,Equity Min-Variance,EQ_DOW,0.0
2023-02-01,Equity Min-Variance,EQ_DUK,0.005568900536376003
2023-02-01,Equity Min-Variance,EQ_EA,0.13398441247966178
2023-02-01,Equity Min-Variance,EQ_GE,1.2356892500091466e-16
2023-02-01,Equity Min-Variance,EQ_GILD,7.758730758278655e-17
2023-02-01,Equity Min-Variance,EQ_GS,1.179263586533276e-16
2023-02-01,Equity Min-Variance,EQ_INTC,0.0
2023-02-01,Equity Min-Variance,EQ_KO,0.07754346993053589
2023-02-01,Equity Min-Variance,EQ_MMM,1.876066675352736e-16
2023-02-01,Equity Min-Variance,EQ_MRK,0.21395232928716
2023-02-01,Equity Min-Variance,EQ_MS,3.2942517705492604e-17
2023-02-01,Equity Min-Variance,EQ_NEE,0.0
2023-02-01,Equity Min-Variance,EQ_NEM,0.007089838595095909
2023-02-01,Equity Min-Variance,EQ_NKE,5.963568851821194e-16
2023-02-01,Equity Min-Variance,EQ_NUE,4.120710136386119e-16
2023-02-01,Equity Min-Variance,EQ_NVDA,4.619536014947222e-16
2023-02-01,Equity Min-Variance,EQ_O,0.0736329648704926
2023-02-01,Equity Min-Variance,EQ_OXY,4.753611139421035e-17
2023-02-01,Equity Min-Variance,EQ_PLD,1.0707188342164896e-17
2023-02-01,Equity Min-Variance,EQ_PSA,0.0
2023-02-01,Equity Min-Variance,EQ_QCOM,2.5213187957019976e-16
2023-02-01,Equity Min-Variance,EQ_SBUX,7.238624468428067e-17
2023-02-01,Equity Min-Variance,EQ_SHW,4.667599441156886e-17
2023-02-01,Equity Min-Variance,EQ_SLB,4.52131929987247e-17
2023-02-01,Equity Min-Variance,EQ_SO,0.0
2023-02-01,Equity Min-Variance,EQ_T,0.02935755486784196
2023-02-01,Equity Min-Variance,EQ_TMUS,0.0
2023-02-01,Equity Min-Variance,EQ_TTWO,0.02249043991085553
2023-02-01,Equity Min-Variance,EQ_UPS,1.1108930545618635e-16
2023-02-01,Equity Min-Variance,EQ_USB,0.0
2023-02-01,Equity Min-Variance,EQ_V,0.0
2023-02-01,Equity Min-Variance,EQ_WFC,1.5340738380622065e-17
2023-02-01,Equity Min-Variance,EQ_WMT,0.10093505454064097
2023-02-01,Equity Min-Variance,EQ_XOM,0.007436867876081932
2023-03-01,Equity Min-Variance,EQ_ABBV,0.0481748876652757
2023-03-01,Equity Min-Variance,EQ_ABT,0.0
2023-03-01,Equity Min-Variance,EQ_ADBE,7.044709782181166e-17
2023-03-01,Equity Min-Variance,EQ_AEP,1.8145692218014888e-16
2023-03-01,Equity Min-Variance,EQ_AMD,3.758008462818525e-16
2023-03-01,Equity Min-Variance,EQ_AMGN,0.2012751380742068
2023-03-01,Equity Min-Variance,EQ_AMT,0.0
2023-03-01,Equity Min-Variance,EQ_BA,5.788711356008368e-17
2023-03-01,Equity Min-Variance,EQ_CAT,0.0
2023-03-01,Equity Min-Variance,EQ_CCI,0.0
2023-03-01,Equity Min-Variance,EQ_CMCSA,0.0
2023-03-01,Equity Min-Variance,EQ_COP,1.1172599279012398e-16
2023-03-01,Equity Min-Variance,EQ_CVX,0.060973758868212304
2023-03-01,Equity Min-Variance,EQ_D,0.005015376779700555
2023-03-01,Equity Min-Variance,EQ_DD,3.968886223092069e-17
2023-03-01,Equity Min-Variance,EQ_DIS,0.0
2023-03-01,Equity Min-Variance,EQ_DOW,3.473893532347995e-16
2023-03-01,Equity Min-Variance,EQ_DUK,0.04807206025961391
2023-03-01,Equity Min-Variance,EQ_EA,0.09432400509433861
2023-03-01,Equity Min-Variance,EQ_GE,0.0
2023-03-01,Equity Min-Variance,EQ_GILD,9.22268842699688e-17
2023-03-01,Equity Min-Variance,EQ_GS,8.331712973884914e-17
2023-03-01,Equity Min-Variance,EQ_INTC,0.0
2023-03-01,Equity Min-Variance,EQ_KO,0.08285757978001086
2023-03-01,Equity Min-Variance,EQ_MMM,0.0
2023-03-01,Equity Min-Variance,EQ_MRK,0.20563013001867855
2023-03-01,Equity Min-Variance,EQ_MS,7.976034502784156e-17
2023-03-01,Equity Min-Variance,EQ_NEE,0.0
2023-03-01,Equity Min-Variance,EQ_NEM,0.0009367366439766207
2023-03-01,Equity Min-Variance,EQ_NKE,0.0
2023-03-01,Equity Min-Variance,EQ_NUE,0.0
2023-03-01,Equity Min-Variance,EQ_NVDA,9.495302531390601e-17
2023-03-01,Equity Min-Variance,EQ_O,0.08650005638531279
2023-03-01,Equity Min-Variance,EQ_OXY,0.0
2023-03-01,Equity Min-Variance,EQ_PLD,1.3265610528798538e-17
2023-03-01,Equity Min-Variance,EQ_PSA,6.087446785178683e-17
2023-03-01,Equity Min-Variance,EQ_QCOM,6.92336433454319e-17
2023-03-01,Equity Min-Variance,EQ_SBUX,0.0
2023-03-01,Equity Min-Variance,EQ_SHW,9.251984647216862e-17
2023-03-01,Equity Min-Variance,EQ_SLB,0.0
2023-03-01,Equity Min-Variance,EQ_SO,0.0
2023-03-01,Equity Min-Variance,EQ_T,0.043012596756068784
2023-03-01,Equity Min-Variance,EQ_TMUS,0.0
2023-03-01,Equity Min-Variance,EQ_TTWO,0.027776263949560825
2023-03-01,Equity Min-Variance,EQ_UPS,9.068533732313624e-17
2023-03-01,Equity Min-Variance,EQ_USB,8.458475780833436e-17
2023-03-01,Equity Min-Variance,EQ_V,0.0
2023-03-01,Equity Min-Variance,EQ_WFC,2.3327741261168657e-17
2023-03-01,Equity Min-Variance,EQ_WMT,0.09545140972504398
2023-03-01,Equity Min-Variance,EQ_XOM,5.3160575348151014e-17
2023-04-03,Equity Min-Variance,EQ_ABBV,0.05540968494713665
2023-04-03,Equity Min-Variance,EQ_ABT,2.2476571136428877e-17
2023-04-03,Equity Min-Variance,EQ_ADBE,1.0856620525428319e-16
2023-04-03,Equity Min-Variance,EQ_AEP,5.454013961219259e-17
2023-04-03,Equity Min-Variance,EQ_AMD,0.0
2023-04-03,Equity Min-Variance,EQ_AMGN,0.19057535393794148
2023-04-03,Equity Min-Variance,EQ_AMT,0.0
2023-04-03,Equity Min-Variance,EQ_BA,0.0
2023-04-03,Equity Min-Variance,EQ_CAT,0.0
2023-04-03,Equity Min-Variance,EQ_CCI,0.0
2023-04-03,Equity Min-Variance,EQ_CMCSA,0.0
2023-04-03,Equity Min-Variance,EQ_COP,0.0
2023-04-03,Equity Min-Variance,EQ_CVX,0.03222928998954968
2023-04-03,Equity Min-Variance,EQ_D,0.016512689237066912
2023-04-03,Equity Min-Variance,EQ_DD,8.133391898340634e-17
2023-04-03,Equity Min-Variance,EQ_DIS,1.3101224844064467e-17
2023-04-03,Equity Min-Variance,EQ_DOW,0.0
2023-04-03,Equity Min-Variance,EQ_DUK,0.008231773003780564
2023-04-03,Equity Min-Variance,EQ_EA,0.10578960745676841
2023-04-03,Equity Min-Variance,EQ_GE,0.0
2023-04-03,Equity Min-Variance,EQ_GILD,0.0
2023-04-03,Equity Min-Variance,EQ_GS,0.0
2023-04-03,Equity Min-Variance,EQ_INTC,3.2499172264740504e-16
2023-04-03,Equity Min-Variance,EQ_KO,0.1357554527742283
2023-04-03,Equity Min-Variance,EQ_MMM,0.0
2023-04-03,Equity Min-Variance,EQ_MRK,0.18903117637881886
2023-04-03,Equity Min-Variance,EQ_MS,2.571276515954401e-17
2023-04-03,Equity Min-Variance,EQ_NEE,0.0
2023-04-03,Equity Min-Variance,EQ_NEM,0.005548512336951712
2023-04-03,Equity Min-Variance,EQ_NKE,0.0
2023-04-03,Equity Min-Variance,EQ_NUE,4.481281300792569e-18
2023-04-03,Equity Min-Variance,EQ_NVDA,7.193103899019095e-16
2023-04-03,Equity Min-Variance,EQ_O,0.07280253975863105
2023-04-03,Equity Min-Variance,EQ_OXY,9.462005678026134e-17
2023-04-03,Equity Min-Variance,EQ_PLD,1.0519847435542323e-17
2023-04-03,Equity Min-Variance,EQ_PSA,0.0
2023-04-03,Equity Min-Variance,EQ_QCOM,0.0
2023-04-03,Equity Min-Variance,EQ_SBUX,0.0
2023-04-03,Equity Min-Variance,EQ_SHW,0.0
2023-04-03,Equity Min-Variance,EQ_SLB,2.1196426409086462e-16
2023-04-03,Equity Min-Variance,EQ_SO,4.280528369059094e-17
2023-04-03,Equity Min-Variance,EQ_T,0.051019476998965745
2023-04-03,Equity Min-Variance,EQ_TMUS,0.0
2023-04-03,Equity Min-Variance,EQ_TTWO,0.023163060516273523
2023-04-03,Equity Min-Variance,EQ_UPS,0.0
2023-04-03,Equity Min-Variance,EQ_USB,2.1118307906765188e-17
2023-04-03,Equity Min-Variance,EQ_V,0.0
2023-04-03,Equity Min-Variance,EQ_WFC,0.0
2023-04-03,Equity Min-Variance,EQ_WMT,0.10426232150891762
2023-04-03,Equity Min-Variance,EQ_XOM,0.009669061154970774
2023-05-01,Equity Min-Variance,EQ_ABBV,0.076798827188822
2023-05-01,Equity Min-Variance,EQ_ABT,0.0
2023-05-01,Equity Min-Variance,EQ_ADBE,0.0
2023-05-01,Equity Min-Variance,EQ_AEP,0.0
2023-05-01,Equity Min-Variance,EQ_AMD,0.0
2023-05-01,Equity Min-Variance,EQ_AMGN,0.17919053528028664
2023-05-01,Equity Min-Variance,EQ_AMT,6.648205330154123e-17
2023-05-01,Equity Min-Variance,EQ_BA,0.0
2023-05-01,Equity Min-Variance,EQ_CAT,0.0
2023-05-01,Equity Min-Variance,EQ_CCI,1.4531776465901892e-17
2023-05-01,Equity Min-Variance,EQ_CMCSA,6.239593422084354e-17
2023-05-01,Equity Min-Variance,EQ_COP,0.0
2023-05-01,Equity Min-Variance,EQ_CVX,0.041642283134540936
2023-05-01,Equity Min-Variance,EQ_D,0.007230612951799056
2023-05-01,Equity Min-Variance,EQ_DD,1.3024401583881277e-16
2023-05-01,Equity Min-Variance,EQ_DIS,1.7329189207600423e-16
2023-05-01,Equity Min-Variance,EQ_DOW,0.0
2023-05-01,Equity Min-Variance,EQ_DUK,0.0
2023-05-01,Equity Min-Variance,EQ_EA,0.07952226157401494
2023-05-01,Equity Min-Variance,EQ_GE,2.6569744880885615e-16
2023-05-01,Equity Min-Variance,EQ_GILD,0.0
2023-05-01,Equity Min-Variance,EQ_GS,1.9203470876495673e-16
2023-05-01,Equity Min-Variance,EQ_INTC,3.1517739287908326e-16
2023-05-01,Equity Min-Variance,EQ_KO,0.15463016599220755
2023-05-01,Equity Min-Variance,EQ_MMM,2.3019641443325533e-16
2023-05-01,Equity Min-Variance,EQ_MRK,0.17703822466449545
2023-05-01,Equity Min-Variance,EQ_MS,0.0
2023-05-01,Equity Min-Variance,EQ_NEE,0.0
2023-05-01,Equity Min-Variance,EQ_NEM,0.0043948540593041424
2023-05-01,Equity Min-Variance,EQ_NKE,4.814719912661924e-16
2023-05-01,Equity Min-Variance,EQ_NUE,0.0
2023-05-01,Equity Min-Variance,EQ_NVDA,1.3970834528998922e-16
2023-05-01,Equity Min-Variance,EQ_O,0.10253990638391566
2023-05-01,Equity Min-Variance,EQ_OXY,2.1033320487719556e-17
2023-05-01,Equity Min-Variance,EQ_PLD,4.253334027228473e-16
2023-05-01,Equity Min-Variance,EQ_PSA,4.551351150967498e-17
2023-05-01,Equity Min-Variance,EQ_QCOM,0.0
2023-05-01,Equity Min-Variance,EQ_SBUX,0.0
2023-05-01,Equity Min-Variance,EQ_SHW,1.8291372798164457e-16
2023-05-01,Equity Min-Variance,EQ_SLB,0.0
2023-05-01,Equity Min-Variance,EQ_SO,1.4836316610988813e-17
2023-05-01,Equity Min-Variance,EQ_T,0.0357423652461607
2023-05-01,Equity Min-Variance,EQ_TMUS,7.239520166381564e-17
2023-05-01,Equity Min-Variance,EQ_TTWO,0.022154802725022085
2023-05-01,Equity Min-Variance,EQ_UPS,4.935319256042307e-18
2023-05-01,Equity Min-Variance,EQ_USB,0.0
2023-05-01,Equity Min-Variance,EQ_V,0.0
2023-05-01,Equity Min-Variance,EQ_WFC,8.299110271452376e-17
2023-05-01,Equity Min-Variance,EQ_WMT,0.11911516079943066
2023-05-01,Equity Min-Variance,EQ_XOM,2.7659438441319696e-16
2023-06-01,Equity Min-Variance,EQ_ABBV,0.05013749683662496
2023-06-01,Equity Min-Variance,EQ_ABT,5.79991272563278e-18
2023-06-01,Equity Min-Variance,EQ_ADBE,0.0
2023-06-01,Equity Min-Variance,EQ_AEP,0.0
2023-06-01,Equity Min-Variance,EQ_AMD,3.0505592483391e-16
2023-06-01,Equity Min-Variance,EQ_AMGN,0.08067132138514024
2023-06-01,Equity Min-Variance,EQ_AMT,3.3765453073642394e-16
2023-06-01,Equity Min-Variance,EQ_BA,2.233479669828618e-16
2023-06-01,Equity Min-Variance,EQ_CAT,0.0
2023-06-01,Equity Min-Variance,EQ_CCI,0.0
2023-06-01,Equity Min-Variance,EQ_CMCSA,1.3445326123899749e-16
2023-06-01,Equity Min-Variance,EQ_COP,0.0
2023-06-01,Equity Min-Variance,EQ_CVX,0.03993150043792322
2023-06-01,Equity Min-Variance,EQ_D,1.9283743574995997e-16
2023-06-01,Equity Min-Variance,EQ_DD,3.2071092572143934e-17
2023-06-01,Equity Min-Variance,EQ_DIS,4.0361404645196375e-16
2023-06-01,Equity Min-Variance,EQ_DOW,0.0
2023-06-01,Equity Min-Variance,EQ_DUK,6.437623689559174e-17
2023-06-01,Equity Min-Variance,EQ_EA,0.12451147503267468
2023-06-01,Equity Min-Variance,EQ_GE,0.0
2023-06-01,Equity Min-Variance,EQ_GILD,1.2582272921529202e-16
2023-06-01,Equity Min-Variance,EQ_GS,0.0
2023-06-01,Equity Min-Variance,EQ_INTC,2.6433150146999065e-16
2023-06-01,Equity Min-Variance,EQ_KO,0.2862091748431492
2023-06-01,Equity Min-Variance,EQ_MMM,0.0
2023-06-01,Equity Min-Variance,EQ_MRK,0.1567674002886793
2023-06-01,Equity Min-Variance,EQ_MS,1.9818932146919175e-16
2023-06-01,Equity Min-Variance,EQ_NEE,1.5181769302218087e-16
2023-06-01,Equity Min-Variance,EQ_NEM,8.33038379558319e-17
2023-06-01,Equity Min-Variance,EQ_NKE,0.0
2023-06-01,Equity Min-Variance,EQ_NUE,0.0
2023-06-01,Equity Min-Variance,EQ_NVDA,0.0
2023-06-01,Equity Min-Variance,EQ_O,0.08477770093257346
2023-06-01,Equity Min-Variance,EQ_OXY,0.0
2023-06-01,Equity Min-Variance,EQ_PLD,0.0
2023-06-01,Equity Min-Variance,EQ_PSA,0.0
2023-06-01,Equity Min-Variance,EQ_QCOM,4.4353437831199596e-18
2023-06-01,Equity Min-Variance,EQ_SBUX,1.5287286285721973e-17
2023-06-01,Equity Min-Variance,EQ_SHW,2.741410742600291e-17
2023-06-01,Equity Min-Variance,EQ_SLB,0.0
2023-06-01,Equity Min-Variance,EQ_SO,0.0
2023-06-01,Equity Min-Variance,EQ_T,0.023879328637798146
2023-06-01,Equity Min-Variance,EQ_TMUS,6.988991842957456e-18
2023-06-01,Equity Min-Variance,EQ_TTWO,5.0545990776185474e-17
2023-06-01,Equity Min-Variance,EQ_UPS,1.6203034413456868e-16
2023-06-01,Equity Min-Variance,EQ_USB,2.3816899382353097e-16
2023-06-01,Equity Min-Variance,EQ_V,2.1114560890732465e-17
2023-06-01,Equity Min-Variance,EQ_WFC,0.0
2023-06-01,Equity Min-Variance,EQ_WMT,0.15311460160543605
2023-06-01,Equity Min-Variance,EQ_XOM,0.0
2023-07-03,Equity Min-Variance,EQ_ABBV,0.08698140181689881
2023-07-03,Equity Min-Variance,EQ_ABT,0.0
2023-07-03,Equity Min-Variance,EQ_ADBE,2.0257818708553533e-16
2023-07-03,Equity Min-Variance,EQ_AEP,0.0
2023-07-03,Equity Min-Variance,EQ_AMD,0.0
2023-07-03,Equity Min-Variance,EQ_AMGN,0.012611583241499138
2023-07-03,Equity Min-Variance,EQ_AMT,1.5007563649874006e-16
2023-07-03,Equity Min-Variance,EQ_BA,0.0
2023-07-03,Equity Min-Variance,EQ_CAT,0.0
2023-07-03,Equity Min-Variance,EQ_CCI,2.6237501070126717e-16
2023-07-03,Equity Min-Variance,EQ_CMCSA,8.342568591579508e-17
2023-07-03,Equity Min-Variance,EQ_COP,0.0
2023-07-03,Equity Min-Variance,EQ_CVX,0.01446960725184687
2023-07-03,Equity Min-Variance,EQ_D,9.262453414562795e-17
2023-07-03,Equity Min-Variance,EQ_DD,2.3087612709543054e-16
2023-07-03,Equity Min-Variance,EQ_DIS,1.3234329208836629e-16
2023-07-03,Equity Min-Variance,EQ_DOW,2.0137377663363858e-17
2023-07-03,Equity Min-Variance,EQ_DUK,6.259892163050126e-17
2023-07-03,Equity Min-Variance,EQ_EA,0.1262781312314831
2023-07-03,Equity Min-Variance,EQ_GE,0.0
2023-07-03,Equity Min-Variance,EQ_GILD,1.3881138273036432e-16
2023-07-03,Equity Min-Variance,EQ_GS,0.0
2023-07-03,Equity Min-Variance,EQ_INTC,0.0
2023-07-03,Equity Min-Variance,EQ_KO,0.23855385309252602
2023-07-03,Equity Min-Variance,EQ_MMM,3.8120064020004166e-17
2023-07-03,Equity Min-Variance,EQ_MRK,0.1763115958708209
2023-07-03,Equity Min-Variance,EQ_MS,0.0
2023-07-03,Equity Min-Variance,EQ_NEE,0.0
2023-07-03,Equity Min-Variance,EQ_NEM,0.0
2023-07-03,Equity Min-Variance,EQ_NKE,5.564226373069404e-16
2023-07-03,Equity Min-Variance,EQ_NUE,1.6236062020827343e-16
2023-07-03,Equity Min-Variance,EQ_NVDA,0.0
2023-07-03,Equity Min-Variance,EQ_O,0.11705919576200507
2023-07-03,Equity Min-Variance,EQ_OXY,0.004548861239096543
2023-07-03,Equity Min-Variance,EQ_PLD,5.102111657930892e-17
2023-07-03,Equity Min-Variance,EQ_PSA,0.0
2023-07-03,Equity Min-Variance,EQ_QCOM,1.74431510550124e-16
2023-07-03,Equity Min-Variance,EQ_SBUX,0.0
2023-07-03,Equity Min-Variance,EQ_SHW,0.0
2023-07-03,Equity Min-Variance,EQ_SLB,5.820642378760334e-18
2023-07-03,Equity Min-Variance,EQ_SO,1.6884067084986488e-17
2023-07-03,Equity Min-Variance,EQ_T,0.04397563953175348
2023-07-03,Equity Min-Variance,EQ_TMUS,0.02991609672866969
2023-07-03,Equity Min-Variance,EQ_TTWO,0.0006271779496127683
2023-07-03,Equity Min-Variance,EQ_UPS,0.0
2023-07-03,Equity Min-Variance,EQ_USB,1.4398570121855315e-16
2023-07-03,Equity Min-Variance,EQ_V,0.0
2023-07-03,Equity Min-Variance,EQ_WFC,0.0
2023-07-03,Equity Min-Variance,EQ_WMT,0.13942544568616616
2023-07-03,Equity Min-Variance,EQ_XOM,0.009241410597621175
2023-08-01,Equity Min-Variance,EQ_ABBV,0.08754457188769367
2023-08-01,Equity Min-Variance,EQ_ABT,5.430060016601305e-17
2023-08-01,Equity Min-Variance,EQ_ADBE,2.5514832629549437e-16
2023-08-01,Equity Min-Variance,EQ_AEP,0.0
2023-08-01,Equity Min-Variance,EQ_AMD,1.6512806970760985e-16
2023-08-01,Equity Min-Variance,EQ_AMGN,0.015605363036361014
2023-08-01,Equity Min-Variance,EQ_AMT,0.0
2023-08-01,Equity Min-Variance,EQ_BA,0.0
2023-08-01,Equity Min-Variance,EQ_CAT,1.1218219877084087e-16
2023-08-01,Equity Min-Variance,EQ_CCI,0.0
2023-08-01,Equity Min-Variance,EQ_CMCSA,0.0
2023-08-01,Equity Min-Variance,EQ_COP,9.691231454929137e-17
2023-08-01,Equity Min-Variance,EQ_CVX,0.011987478696373368
2023-08-01,Equity Min-Variance,EQ_D,7.27283867771954e-17
2023-08-01,Equity Min-Variance,EQ_DD,9.850794319849569e-17
2023-08-01,Equity Min-Variance,EQ_DIS,0.0
2023-08-01,Equity Min-Variance,EQ_DOW,0.0
2023-08-01,Equity Min-Variance,EQ_DUK,1.8608684909614707e-17
2023-08-01,Equity Min-Variance,EQ_EA,0.11521529489032711
2023-08-01,Equity Min-Variance,EQ_GE,1.8441318354532806e-16
2023-08-01,Equity Min-Variance,EQ_GILD,0.0
2023-08-01,Equity Min-Variance,EQ_GS,1.8281604496429401e-16
2023-08-01,Equity Min-Variance,EQ_INTC,1.139129893168362e-16
2023-08-01,Equity Min-Variance,EQ_KO,0.23299286423377832
2023-08-01,Equity Min-Variance,EQ_MMM,1.802877438239399e-16
2023-08-01,Equity Min-Variance,EQ_MRK,0.15978920973467137
2023-08-01,Equity Min-Variance,EQ_MS,0.0
2023-08-01,Equity Min-Variance,EQ_NEE,0.0
2023-08-01,Equity Min-Variance,EQ_NEM,0.0
2023-08-01,Equity Min-Variance,EQ_NKE,3.4597110984249857e-16
2023-08-01,Equity Min-Variance,EQ_NUE,0.0
2023-08-01,Equity Min-Variance,EQ_NVDA,0.0
2023-08-01,Equity Min-Variance,EQ_O,0.1223161390607135
2023-08-01,Equity Min-Variance,EQ_OXY,0.013152357342506889
2023-08-01,Equity Min-Variance,EQ_PLD,4.931242524775482e-17
2023-08-01,Equity Min-Variance,EQ_PSA,7.194091447636381e-17
2023-08-01,Equity Min-Variance,EQ_QCOM,0.0
2023-08-01,Equity Min-Variance,EQ_SBUX,0.0
2023-08-01,Equity Min-Variance,EQ_SHW,0.0
2023-08-01,Equity Min-Variance,EQ_SLB,0.0
2023-08-01,Equity Min-Variance,EQ_SO,0.0
2023-08-01,Equity Min-Variance,EQ_T,0.026837716001450615
2023-08-01,Equity Min-Variance,EQ_TMUS,0.052635365124294224
2023-08-01,Equity Min-Variance,EQ_TTWO,0.0021490493570787616
2023-08-01,Equity Min-Variance,EQ_UPS,6.186453112648784e-17
2023-08-01,Equity Min-Variance,EQ_USB,1.7204935513280466e-16
2023-08-01,Equity Min-Variance,EQ_V,0.012672187248966037
2023-08-01,Equity Min-Variance,EQ_WFC,1.318462120549714e-17
2023-08-01,Equity Min-Variance,EQ_WMT,0.1381153100464469
2023-08-01,Equity Min-Variance,EQ_XOM,0.008987093339338446
2023-09-01,Equity Min-Variance,EQ_ABBV,0.07428582663842934
2023-09-01,Equity Min-Variance,EQ_ABT,0.0
2023-09-01,Equity Min-Variance,EQ_ADBE,0.0
2023-09-01,Equity Min-Variance,EQ_AEP,5.1458184272154745e-17
2023-09-01,Equity Min-Variance,EQ_AMD,1.641351854494664e-16
2023-09-01,Equity Min-Variance,EQ_AMGN,0.040319674001006785
2023-09-01,Equity Min-Variance,EQ_AMT,0.0
2023-09-01,Equity Min-Variance,EQ_BA,0.0
2023-09-01,Equity Min-Variance,EQ_CAT,1.1111481886438928e-16
2023-09-01,Equity Min-Variance,EQ_CCI,0.0
2023-09-01,Equity Min-Variance,EQ_CMCSA,1.0245213350348074e-16
2023-09-01,Equity Min-Variance,EQ_COP,1.4115857742348672e-16
2023-09-01,Equity Min-Variance,EQ_CVX,0.0
2023-09-01,Equity Min-Variance,EQ_D,0.0
2023-09-01,Equity Min-Variance,EQ_DD,0.0
2023-09-01,Equity Min-Variance,EQ_DIS,0.0
2023-09-01,Equity Min-Variance,EQ_DOW,1.1976973534498472e-16
2023-09-01,Equity Min-Variance,EQ_DUK,5.95011772433588e-17
2023-09-01,Equity Min-Variance,EQ_EA,0.07823401545510898
2023-09-01,Equity Min-Variance,EQ_GE,0.0
2023-09-01,Equity Min-Variance,EQ_GILD,0.0
2023-09-01,Equity Min-Variance,EQ_GS,6.798012439116641e-17
2023-09-01,Equity Min-Variance,EQ_INTC,3.2696223472429187e-16
2023-09-01,Equity Min-Variance,EQ_KO,0.2564775866599229
2023-09-01,Equity Min-Variance,EQ_MMM,0.0
2023-09-01,Equity Min-Variance,EQ_MRK,0.14186874383511422
2023-09-01,Equity Min-Variance,EQ_MS,8.904605040305832e-17
2023-09-01,Equity Min-Variance,EQ_NEE,0.0
2023-09-01,Equity Min-Variance,EQ_NEM,0.0
2023-09-01,Equity Min-Variance,EQ_NKE,2.014467353131121e-16
2023-09-01,Equity Min-Variance,EQ_NUE,0.0
2023-09-01,Equity Min-Variance,EQ_NVDA,1.8279782267165099e-16
2023-09-01,Equity Min-Variance,EQ_O,0.09382776316994704
2023-09-01,Equity Min-Variance,EQ_OXY,0.01919180060718741
2023-09-01,Equity Min-Variance,EQ_PLD,0.0
2023-09-01,Equity Min-Variance,EQ_PSA,2.605575221078199e-17
2023-09-01,Equity Min-Variance,EQ_QCOM,0.0
2023-09-01,Equity Min-Variance,EQ_SBUX,1.221732244200433e-16
2023-09-01,Equity Min-Variance,EQ_SHW,3.044229015523282e-16
2023-09-01,Equity Min-Variance,EQ_SLB,3.2770905481397435e-17
2023-09-01,Equity Min-Variance,EQ_SO,0.0
2023-09-01,Equity Min-Variance,EQ_T,0.03298908497490792
2023-09-01,Equity Min-Variance,EQ_TMUS,0.0343603317641324
2023-09-01,Equity Min-Variance,EQ_TTWO,0.01587735904015163
2023-09-01,Equity Min-Variance,EQ_UPS,0.0
2023-09-01,Equity Min-Variance,EQ_USB,0.0
2023-09-01,Equity Min-Variance,EQ_V,0.018262857614203803
2023-09-01,Equity Min-Variance,EQ_WFC,5.156848869919566e-17
2023-09-01,Equity Min-Variance,EQ_WMT,0.18076614039485003
2023-09-01,Equity Min-Variance,EQ_XOM,0.013538815845037631
2023-10-02,Equity Min-Variance,EQ_ABBV,0.062269575026616654
2023-10-02,Equity Min-Variance,EQ_ABT,0.0
2023-10-02,Equity Min-Variance,EQ_ADBE,0.0
2023-10-02,Equity Min-Variance,EQ_AEP,0.0
2023-10-02,Equity Min-Variance,EQ_AMD,0.0
2023-10-02,Equity Min-Variance,EQ_AMGN,0.045985714370053554
2023-10-02,Equity Min-Variance,EQ_AMT,1.0577510726893864e-16
2023-10-02,Equity Min-Variance,EQ_BA,3.993675234317166e-17
2023-10-02,Equity Min-Variance,EQ_CAT,1.671621896307756e-16
2023-10-02,Equity Min-Variance,EQ_CCI,0.0
2023-10-02,Equity Min-Variance,EQ_CMCSA,0.0
2023-10-02,Equity Min-Variance,EQ_COP,5.7311938389457815e-18
2023-10-02,Equity Min-Variance,EQ_CVX,0.02851015217281079
2023-10-02,Equity Min-Variance,EQ_D,2.22648918103892e-17
2023-10-02,Equity Min-Variance,EQ_DD,0.0
2023-10-02,Equity Min-Variance,EQ_DIS,1.611370947469416e-16
2023-10-02,Equity Min-Variance,EQ_DOW,7.054436117430294e-17
2023-10-02,Equity Min-Variance,EQ_DUK,9.385853338919758e-18
2023-10-02,Equity Min-Variance,EQ_EA,0.07878315987476171
2023-10-02,Equity Min-Variance,EQ_GE,0.007334706921092913
2023-10-02,Equity Min-Variance,EQ_GILD,0.0
2023-10-02,Equity Min-Variance,EQ_GS,1.2469109093284132e-16
2023-10-02,Equity Min-Variance,EQ_INTC,0.0
2023-10-02,Equity Min-Variance,EQ_KO,0.2873769993366961
2023-10-02,Equity Min-Variance,EQ_MMM,8.85822838534011e-17
2023-10-02,Equity Min-Variance,EQ_MRK,0.11650675948194386
2023-10-02,Equity Min-Variance,EQ_MS,2.55052835745843e-17
2023-10-02,Equity Min-Variance,EQ_NEE,8.211747818796724e-17
2023-10-02,Equity Min-Variance,EQ_NEM,3.145019260836622e-17
2023-10-02,Equity Min-Variance,EQ_NKE,7.038607391913688e-17
2023-10-02,Equity Min-Variance,EQ_NUE,0.0
2023-10-02,Equity Min-Variance,EQ_NVDA,6.535007717173045e-17
2023-10-02,Equity Min-Variance,EQ_O,0.06317963971369411
2023-10-02,Equity Min-Variance,EQ_OXY,0.01768212350103134
2023-10-02,Equity Min-Variance,EQ_PLD,3.4927491146659434e-17
2023-10-02,Equity Min-Variance,EQ_PSA,7.388477050177772e-17
2023-10-02,Equity Min-Variance,EQ_QCOM,1.18138940112564e-16
2023-10-02,Equity Min-Variance,EQ_SBUX,0.0
2023-10-02,Equity Min-Variance,EQ_SHW,0.0
2023-10-02,Equity Min-Variance,EQ_SLB,7.039010125708443e-17
2023-10-02,Equity Min-Variance,EQ_SO,3.580678681586417e-17
2023-10-02,Equity Min-Variance,EQ_T,0.027024449233089595
2023-10-02,Equity Min-Variance,EQ_TMUS,0.06167510028495272
2023-10-02,Equity Min-Variance,EQ_TTWO,0.01640051216062478
2023-10-02,Equity Min-Variance,EQ_UPS,0.0
2023-10-02,Equity Min-Variance,EQ_USB,1.1331000166160475e-16
2023-10-02,Equity Min-Variance,EQ_V,0.029110300863508676
2023-10-02,Equity Min-Variance,EQ_WFC,0.0
2023-10-02,Equity Min-Variance,EQ_WMT,0.15816080705912325
2023-10-02,Equity Min-Variance,EQ_XOM,3.607925979129679e-17
2023-11-01,Equity Min-Variance,EQ_ABBV,0.07644433384224639
2023-11-01,Equity Min-Variance,EQ_ABT,1.5899730564648762e-16
2023-11-01,Equity Min-Variance,EQ_ADBE,0.0
2023-11-01,Equity Min-Variance,EQ_AEP,0.0
2023-11-01,Equity Min-Variance,EQ_AMD,2.2808651551854708e-17
2023-11-01,Equity Min-Variance,EQ_AMGN,0.0326253080713484
2023-11-01,Equity Min-Variance,EQ_AMT,0.0
2023-11-01,Equity Min-Variance,EQ_BA,0.0
2023-11-01,Equity Min-Variance,EQ_CAT,1.717392015621101e-18
2023-11-01,Equity Min-Variance,EQ_CCI,0.0
2023-11-01,Equity Min-Variance,EQ_CMCSA,0.00023792702211924483
2023-11-01,Equity Min-Variance,EQ_COP,3.0921375218079408e-18
2023-11-01,Equity Min-Variance,EQ_CVX,0.046895894922506176
2023-11-01,Equity Min-Variance,EQ_D,7.239848245996682e-17
2023-11-01,Equity Min-Variance,EQ_DD,0.019015138158562633
2023-11-01,Equity Min-Variance,EQ_DIS,2.2398814306347154e-17
2023-11-01,Equity Min-Variance,EQ_DOW,0.0
2023-11-01,Equity Min-Variance,EQ_DUK,2.2672184252676743e-17
2023-11-01,Equity Min-Variance,EQ_EA,0.06702594438214146
2023-11-01,Equity Min-Variance,EQ_GE,0.007847148607890883
2023-11-01,Equity Min-Variance,EQ_GILD,2.1027757847627606e-17
2023-11-01,Equity Min-Variance,EQ_GS,0.005379765928786921
2023-11-01,Equity Min-Variance,EQ_INTC,0.0
2023-11-01,Equity Min-Variance,EQ_KO,0.1789820141653532
2023-11-01,Equity Min-Variance,EQ_MMM,7.387599143745372e-18
2023-11-01,Equity Min-Variance,EQ_MRK,0.1217288075635029
2023-11-01,Equity Min-Variance,EQ_MS,0.0
2023-11-01,Equity Min-Variance,EQ_NEE,8.4277881654737e-17
2023-11-01,Equity Min-Variance,EQ_NEM,0.0
2023-11-01,Equity Min-Variance,EQ_NKE,1.1665786926261315e-16
2023-11-01,Equity Min-Variance,EQ_NUE,1.9320433601314818e-16
2023-11-01,Equity Min-Variance,EQ_NVDA,0.004088293052765751
2023-11-01,Equity Min-Variance,EQ_O,0.10051588339010055
2023-11-01,Equity Min-Variance,EQ_OXY,0.0
2023-11-01,Equity Min-Variance,EQ_PLD,0.0
2023-11-01,Equity Min-Variance,EQ_PSA,3.454246182859086e-17
2023-11-01,Equity Min-Variance,EQ_QCOM,0.0
2023-11-01,Equity Min-Variance,EQ_SBUX,0.0
2023-11-01,Equity Min-Variance,EQ_SHW,0.0
2023-11-01,Equity Min-Variance,EQ_SLB,4.051261107367997e-18
2023-11-01,Equity Min-Variance,EQ_SO,7.377170455499118e-18
2023-11-01,Equity Min-Variance,EQ_T,0.04105302387972428
2023-11-01,Equity Min-Variance,EQ_TMUS,0.0621827332466212
2023-11-01,Equity Min-Variance,EQ_TTWO,0.0
2023-11-01,Equity Min-Variance,EQ_UPS,0.0
2023-11-01,Equity Min-Variance,EQ_USB,2.2475769839816355e-16
2023-11-01,Equity Min-Variance,EQ_V,0.03959773130973885
2023-11-01,Equity Min-Variance,EQ_WFC,4.797897281658438e-17
2023-11-01,Equity Min-Variance,EQ_WMT,0.1963800524565914
2023-11-01,Equity Min-Variance,EQ_XOM,8.607887448030105e-18
2023-12-01,Equity Min-Variance,EQ_ABBV,0.0878303582896484
2023-12-01,Equity Min-Variance,EQ_ABT,0.01979175091781478
2023-12-01,Equity Min-Variance,EQ_ADBE,0.0
2023-12-01,Equity Min-Variance,EQ_AEP,0.0
2023-12-01,Equity Min-Variance,EQ_AMD,0.008883040718670503
2023-12-01,Equity Min-Variance,EQ_AMGN,0.009960734957917447
2023-12-01,Equity Min-Variance,EQ_AMT,5.36313779446384e-17
2023-12-01,Equity Min-Variance,EQ_BA,2.751550905642296e-16
2023-12-01,Equity Min-Variance,EQ_CAT,0.0
2023-12-01,Equity Min-Variance,EQ_CCI,1.0388297748102529e-16
2023-12-01,Equity Min-Variance,EQ_CMCSA,0.0
2023-12-01,Equity Min-Variance,EQ_COP,4.012131146716103e-17
2023-12-01,Equity Min-Variance,EQ_CVX,0.025152625334432393
2023-12-01,Equity Min-Variance,EQ_D,1.0580241206160687e-16
2023-12-01,Equity Min-Variance,EQ_DD,0.0077616839175972145
2023-12-01,Equity Min-Variance,EQ_DIS,5.371115230909446e-17
2023-12-01,Equity Min-Variance,EQ_DOW,0.0
2023-12-01,Equity Min-Variance,EQ_DUK,4.0845002007899866e-18
2023-12-01,Equity Min-Variance,EQ_EA,0.04239268583820139
2023-12-01,Equity Min-Variance,EQ_GE,0.011723698233568617
2023-12-01,Equity Min-Variance,EQ_GILD,8.577665806351243e-18
2023-12-01,Equity Min-Variance,EQ_GS,0.0
2023-12-01,Equity Min-Variance,EQ_INTC,0.002993789469839012
2023-12-01,Equity Min-Variance,EQ_KO,0.18796768861001137
2023-12-01,Equity Min-Variance,EQ_MMM,2.844480676718653e-17
2023-12-01,Equity Min-Variance,EQ_MRK,0.103498172405737
2023-12-01,Equity Min-Variance,EQ_MS,0.0
2023-12-01,Equity Min-Variance,EQ_NEE,7.829640393981234e-17
2023-12-01,Equity Min-Variance,EQ_NEM,0.011245791806235202
2023-12-01,Equity Min-Variance,EQ_NKE,0.0
2023-12-01,Equity Min-Variance,EQ_NUE,0.0
2023-12-01,Equity Min-Variance,EQ_NVDA,0.012061824990423554
2023-12-01,Equity Min-Variance,EQ_O,0.08456852931436673
2023-12-01,Equity Min-Variance,EQ_OXY,0.027771326705426418
2023-12-01,Equity Min-Variance,EQ_PLD,1.874502563330245e-17
2023-12-01,Equity Min-Variance,EQ_PSA,1.239565563547381e-17
2023-12-01,Equity Min-Variance,EQ_QCOM,1.0252861525706223e-16
2023-12-01,Equity Min-Variance,EQ_SBUX,0.0
2023-12-01,Equity Min-Variance,EQ_SHW,0.0
2023-12-01,Equity Min-Variance,EQ_SLB,0.0
2023-12-01,Equity Min-Variance,EQ_SO,0.0
2023-12-01,Equity Min-Variance,EQ_T,0.0362862228814245
2023-12-01,Equity Min-Variance,EQ_TMUS,0.064111829765403
2023-12-01,Equity Min-Variance,EQ_TTWO,0.0
2023-12-01,Equity Min-Variance,EQ_UPS,0.0
2023-12-01,Equity Min-Variance,EQ_USB,2.2773544040737656e-16
2023-12-01,Equity Min-Variance,EQ_V,0.07756288245755853
2023-12-01,Equity Min-Variance,EQ_WFC,0.0
2023-12-01,Equity Min-Variance,EQ_WMT,0.178435363385724
2023-12-01,Equity Min-Variance,EQ_XOM,0.0
2021-01-04,Equity Risk-Parity,EQ_ABBV,0.027193634779927665
2021-01-04,Equity Risk-Parity,EQ_ABT,0.02231904126885123
2021-01-04,Equity Risk-Parity,EQ_ADBE,0.0191689130772992
2021-01-04,Equity Risk-Parity,EQ_AEP,0.02416454215248165
2021-01-04,Equity Risk-Parity,EQ_AMD,0.017256465162621443
2021-01-04,Equity Risk-Parity,EQ_AMGN,0.02378420968942821
2021-01-04,Equity Risk-Parity,EQ_AMT,0.0187575675253609
2021-01-04,Equity Risk-Parity,EQ_BA,0.011024676264617447
2021-01-04,Equity Risk-Parity,EQ_CAT,0.018516266606639808
2021-01-04,Equity Risk-Parity,EQ_CCI,0.01982762129689122
2021-01-04,Equity Risk-Parity,EQ_CMCSA,0.020961210605013544
2021-01-04,Equity Risk-Parity,EQ_COP,0.012524001884827137
2021-01-04,Equity Risk-Parity,EQ_CVX,0.013549312635669579
2021-01-04,Equity Risk-Parity,EQ_D,0.01937882242350699
2021-01-04,Equity Risk-Parity,EQ_DD,0.016013233151764523
2021-01-04,Equity Risk-Parity,EQ_DIS,0.01828061797386586
2021-01-04,Equity Risk-Parity,EQ_DOW,0.013662471402342264
2021-01-04,Equity Risk-Parity,EQ_DUK,0.01935590768557655
2021-01-04,Equity Risk-Parity,EQ_EA,0.03267885618476931
2021-01-04,Equity Risk-Parity,EQ_GE,0.014796559412459512
2021-01-04,Equity Risk-Parity,EQ_GILD,0.03633861641323539
2021-01-04,Equity Risk-Parity,EQ_GS,0.014982354629005202
2021-01-04,Equity Risk-Parity,EQ_INTC,0.01670988614626176
2021-01-04,Equity Risk-Parity,EQ_KO,0.022653448180188968
2021-01-04,Equity Risk-Parity,EQ_MMM,0.022612644387597892
2021-01-04,Equity Risk-Parity,EQ_MRK,0.027344419875218576
2021-01-04,Equity Risk-Parity,EQ_MS,0.01324532146541596
2021-01-04,Equity Risk-Parity,EQ_NEE,0.019715930377218333
2021-01-04,Equity Risk-Parity,EQ_NEM,0.03927608508397867
2021-01-04,Equity Risk-Parity,EQ_NKE,0.02072225006361036
2021-01-04,Equity Risk-Parity,EQ_NUE,0.016450579431089477
2021-01-04,Equity Risk-Parity,EQ_NVDA,0.015236306799767342
2021-01-04,Equity Risk-Parity,EQ_O,0.015726001678018842
2021-01-04,Equity Risk-Parity,EQ_OXY,0.009790131075799421
2021-01-04,Equity Risk-Parity,EQ_PLD,0.017069789084261086
2021-01-04,Equity Risk-Parity,EQ_PSA,0.026044828718068142
2021-01-04,Equity Risk-Parity,EQ_QCOM,0.017208493332920214
2021-01-04,Equity Risk-Parity,EQ_SBUX,0.017236261416142797
2021-01-04,Equity Risk-Parity,EQ_SHW,0.020057883334569787
2021-01-04,Equity Risk-Parity,EQ_SLB,0.01227564042034929
2021-01-04,Equity Risk-Parity,EQ_SO,0.01779600013770414
2021-01-04,Equity Risk-Parity,EQ_T,0.021913080080218864
2021-01-04,Equity Risk-Parity,EQ_TMUS,0.022818637859055826
2021-01-04,Equity Risk-Parity,EQ_TTWO,0.03171269582365397
2021-01-04,Equity Risk-Parity,EQ_UPS,0.023964310161809485
2021-01-04,Equity Risk-Parity,EQ_USB,0.014244622441270702
2021-01-04,Equity Risk-Parity,EQ_V,0.01736026302889747
2021-01-04,Equity Risk-Parity,EQ_WFC,0.013405943117113149
2021-01-04,Equity Risk-Parity,EQ_WMT,0.03638951669346094
2021-01-04,Equity Risk-Parity,EQ_XOM,0.016484127560184265
2021-02-01,Equity Risk-Parity,EQ_ABBV,0.02676858572292074
2021-02-01,Equity Risk-Parity,EQ_ABT,0.022541969732852
2021-02-01,Equity Risk-Parity,EQ_ADBE,0.019179849729264016
2021-02-01,Equity Risk-Parity,EQ_AEP,0.02433352839866548
2021-02-01,Equity Risk-Parity,EQ_AMD,0.017374687167801096
2021-02-01,Equity Risk-Parity,EQ_AMGN,0.0237823340846276
2021-02-01,Equity Risk-Parity,EQ_AMT,0.01888810305309803
2021-02-01,Equity Risk-Parity,EQ_BA,0.010981390651083908
2021-02-01,Equity Risk-Parity,EQ_CAT,0.018585163168523697
2021-02-01,Equity Risk-Parity,EQ_CCI,0.01997226334177275
2021-02-01,Equity Risk-Parity,EQ_CMCSA,0.020817659594415942
2021-02-01,Equity Risk-Parity,EQ_COP,0.012478343315276603
2021-02-01,Equity Risk-Parity,EQ_CVX,0.013540656162936718
2021-02-01,Equity Risk-Parity,EQ_D,0.019607628973915665
2021-02-01,Equity Risk-Parity,EQ_DD,0.015941200955540608
2021-02-01,Equity Risk-Parity,EQ_DIS,0.018224724881239298
2021-02-01,Equity Risk-Parity,EQ_DOW,0.01362906833078352
2021-02-01,Equity Risk-Parity,EQ_DUK,0.019544711447376142
2021-02-01,Equity Risk-Parity,EQ_EA,0.03302805185804185
2021-02-01,Equity Risk-Parity,EQ_GE,0.01484188419683731
2021-02-01,Equity Risk-Parity,EQ_GILD,0.03622481791112442
2021-02-01,Equity Risk-Parity,EQ_GS,0.01505457865065108
2021-02-01,Equity Risk-Parity,EQ_INTC,0.016672306200657242
2021-02-01,Equity Risk-Parity,EQ_KO,0.022737423353695402
2021-02-01,Equity Risk-Parity,EQ_MMM,0.023117977176448444
2021-02-01,Equity Risk-Parity,EQ_MRK,0.02722931423872936
2021-02-01,Equity Risk-Parity,EQ_MS,0.01328110395349275
2021-02-01,Equity Risk-Parity,EQ_NEE,0.019256769528285225
2021-02-01,Equity Risk-Parity,EQ_NEM,0.03861144973973886
2021-02-01,Equity Risk-Parity,EQ_NKE,0.02066298414523956
2021-02-01,Equity Risk-Parity,EQ_NUE,0.016469638479542133
2021-02-01,Equity Risk-Parity,EQ_NVDA,0.015359914813985458
2021-02-01,Equity Risk-Parity,EQ_O,0.01578975945117281
2021-02-01,Equity Risk-Parity,EQ_OXY,0.009777474015830349
2021-02-01,Equity Risk-Parity,EQ_PLD,0.0171491551374173
2021-02-01,Equity Risk-Parity,EQ_PSA,0.026165397614810793
2021-02-01,Equity Risk-Parity,EQ_QCOM,0.017162943952946142
2021-02-01,Equity Risk-Parity,EQ_SBUX,0.0171844874829681
2021-02-01,Equity Risk-Parity,EQ_SHW,0.02019477339742034
2021-02-01,Equity Risk-Parity,EQ_SLB,0.012228090224321876
2021-02-01,Equity Risk-Parity,EQ_SO,0.01777208491945638
2021-02-01,Equity Risk-Parity,EQ_T,0.02214134643188325
2021-02-01,Equity Risk-Parity,EQ_TMUS,0.02256520633265742
2021-02-01,Equity Risk-Parity,EQ_TTWO,0.03151383815586269
2021-02-01,Equity Risk-Parity,EQ_UPS,0.02398264606624493
2021-02-01,Equity Risk-Parity,EQ_USB,0.014219102622337351
2021-02-01,Equity Risk-Parity,EQ_V,0.01739877887065578
2021-02-01,Equity Risk-Parity,EQ_WFC,0.01327683222525177
2021-02-01,Equity Risk-Parity,EQ_WMT,0.03628421720011089
2021-02-01,Equity Risk-Parity,EQ_XOM,0.01645378294008994
2021-03-01,Equity Risk-Parity,EQ_ABBV,0.02706776743955263
2021-03-01,Equity Risk-Parity,EQ_ABT,0.022778945338343626
2021-03-01,Equity Risk-Parity,EQ_ADBE,0.019075912786302097
2021-03-01,Equity Risk-Parity,EQ_AEP,0.024404382506753863
2021-03-01,Equity Risk-Parity,EQ_AMD,0.017759523059438998
2021-03-01,Equity Risk-Parity,EQ_AMGN,0.024339849617496145
2021-03-01,Equity Risk-Parity,EQ_AMT,0.018596040072133568
2021-03-01,Equity Risk-Parity,EQ_BA,0.010845376061885464
2021-03-01,Equity Risk-Parity,EQ_CAT,0.018645919555264154
2021-03-01,Equity Risk-Parity,EQ_CCI,0.020261375117413747
2021-03-01,Equity Risk-Parity,EQ_CMCSA,0.02082286607977564
2021-03-01,Equity Risk-Parity,EQ_COP,0.012450740931339117
2021-03-01,Equity Risk-Parity,EQ_CVX,0.013488199824889541
2021-03-01,Equity Risk-Parity,EQ_D,0.019449790870997064
2021-03-01,Equity Risk-Parity,EQ_DD,0.016053818740743915
2021-03-01,Equity Risk-Parity,EQ_DIS,0.01810107367861349
2021-03-01,Equity Risk-Parity,EQ_DOW,0.013729373080283644
2021-03-01,Equity Risk-Parity,EQ_DUK,0.019405529002833585
2021-03-01,Equity Risk-Parity,EQ_EA,0.03330167626824701
2021-03-01,Equity Risk-Parity,EQ_GE,0.014789269235771193
2021-03-01,Equity Risk-Parity,EQ_GILD,0.03519042977883775
2021-03-01,Equity Risk-Parity,EQ_GS,0.014918221283489928
2021-03-01,Equity Risk-Parity,EQ_INTC,0.016784291464139227
2021-03-01,Equity Risk-Parity,EQ_KO,0.022612663689966752
2021-03-01,Equity Risk-Parity,EQ_MMM,0.022936403559813575
2021-03-01,Equity Risk-Parity,EQ_MRK,0.02693189470753457
2021-03-01,Equity Risk-Parity,EQ_MS,0.01318275751640555
2021-03-01,Equity Risk-Parity,EQ_NEE,0.019105162887957702
2021-03-01,Equity Risk-Parity,EQ_NEM,0.03836186901096808
2021-03-01,Equity Risk-Parity,EQ_NKE,0.020841655711212544
2021-03-01,Equity Risk-Parity,EQ_NUE,0.016440518354159793
2021-03-01,Equity Risk-Parity,EQ_NVDA,0.015530095733752289
2021-03-01,Equity Risk-Parity,EQ_O,0.015740842391097333
2021-03-01,Equity Risk-Parity,EQ_OXY,0.009724208978788805
2021-03-01,Equity Risk-Parity,EQ_PLD,0.017242650207797198
2021-03-01,Equity Risk-Parity,EQ_PSA,0.02640332566152584
2021-03-01,Equity Risk-Parity,EQ_QCOM,0.017363916669793977
2021-03-01,Equity Risk-Parity,EQ_SBUX,0.01708251968899211
2021-03-01,Equity Risk-Parity,EQ_SHW,0.020285540618230912
2021-03-01,Equity Risk-Parity,EQ_SLB,0.012205458155617497
2021-03-01,Equity Risk-Parity,EQ_SO,0.017594188187560967
2021-03-01,Equity Risk-Parity,EQ_T,0.02183117379615367
2021-03-01,Equity Risk-Parity,EQ_TMUS,0.022725446639092893
2021-03-01,Equity Risk-Parity,EQ_TTWO,0.03149329498777762
2021-03-01,Equity Risk-Parity,EQ_UPS,0.024619812289894613
2021-03-01,Equity Risk-Parity,EQ_USB,0.01407572692995844
2021-03-01,Equity Risk-Parity,EQ_V,0.01748693887144304
2021-03-01,Equity Risk-Parity,EQ_WFC,0.013052753081863691
2021-03-01,Equity Risk-Parity,EQ_WMT,0.03634089002712483
2021-03-01,Equity Risk-Parity,EQ_XOM,0.0165279198509708
2021-04-01,Equity Risk-Parity,EQ_ABBV,0.02850597713017212
2021-04-01,Equity Risk-Parity,EQ_ABT,0.02597506677601135
2021-04-01,Equity Risk-Parity,EQ_ADBE,0.019852217338076197
2021-04-01,Equity Risk-Parity,EQ_AEP,0.022887481744229766
2021-04-01,Equity Risk-Parity,EQ_AMD,0.01662331339083931
2021-04-01,Equity Risk-Parity,EQ_AMGN,0.026853401586629994
2021-04-01,Equity Risk-Parity,EQ_AMT,0.01967113725876855
2021-04-01,Equity Risk-Parity,EQ_BA,0.009427784826679164
2021-04-01,Equity Risk-Parity,EQ_CAT,0.01605600159127455
2021-04-01,Equity Risk-Parity,EQ_CCI,0.021654420615666185
2021-04-01,Equity Risk-Parity,EQ_CMCSA,0.018310564963204247
2021-04-01,Equity Risk-Parity,EQ_COP,0.011699283970800022
2021-04-01,Equity Risk-Parity,EQ_CVX,0.01324392405219212
2021-04-01,Equity Risk-Parity,EQ_D,0.026334687316392064
2021-04-01,Equity Risk-Parity,EQ_DD,0.014719981428181103
2021-04-01,Equity Risk-Parity,EQ_DIS,0.017509991806302812
2021-04-01,Equity Risk-Parity,EQ_DOW,0.011873733653960905
2021-04-01,Equity Risk-Parity,EQ_DUK,0.022975514047541966
2021-04-01,Equity Risk-Parity,EQ_EA,0.03793618869138158
2021-04-01,Equity Risk-Parity,EQ_GE,0.014106585288517956
2021-04-01,Equity Risk-Parity,EQ_GILD,0.028840227702484372
2021-04-01,Equity Risk-Parity,EQ_GS,0.015455771642299018
2021-04-01,Equity Risk-Parity,EQ_INTC,0.018136079812292778
2021-04-01,Equity Risk-Parity,EQ_KO,0.019492043711527324
2021-04-01,Equity Risk-Parity,EQ_MMM,0.022909455830223482
2021-04-01,Equity Risk-Parity,EQ_MRK,0.026186617491374766
2021-04-01,Equity Risk-Parity,EQ_MS,0.013537071055976674
2021-04-01,Equity Risk-Parity,EQ_NEE,0.019762888457254407
2021-04-01,Equity Risk-Parity,EQ_NEM,0.0306172658308728
2021-04-01,Equity Risk-Parity,EQ_NKE,0.02068750931407992
2021-04-01,Equity Risk-Parity,EQ_NUE,0.015340679193437113
2021-04-01,Equity Risk-Parity,EQ_NVDA,0.015062603430624497
2021-04-01,Equity Risk-Parity,EQ_O,0.016111412775661946
2021-04-01,Equity Risk-Parity,EQ_OXY,0.007606606421123899
2021-04-01,Equity Risk-Parity,EQ_PLD,0.01672820484986549
2021-04-01,Equity Risk-Parity,EQ_PSA,0.030937375562896274
2021-04-01,Equity Risk-Parity,EQ_QCOM,0.016126526021433538
2021-04-01,Equity Risk-Parity,EQ_SBUX,0.01682245882775632
2021-04-01,Equity Risk-Parity,EQ_SHW,0.0199877491072167
2021-04-01,Equity Risk-Parity,EQ_SLB,0.01000256676895224
2021-04-01,Equity Risk-Parity,EQ_SO,0.01853233063847815
2021-04-01,Equity Risk-Parity,EQ_T,0.022332179865959565
2021-04-01,Equity Risk-Parity,EQ_TMUS,0.023565657084665584
2021-04-01,Equity Risk-Parity,EQ_TTWO,0.038458269763126225
2021-04-01,Equity Risk-Parity,EQ_UPS,0.020309875550216672
2021-04-01,Equity Risk-Parity,EQ_USB,0.012463851138152194
2021-04-01,Equity Risk-Parity,EQ_V,0.016099147043844957
2021-04-01,Equity Risk-Parity,EQ_WFC,0.012321576769139786
2021-04-01,Equity Risk-Parity,EQ_WMT,0.045579024131590616
2021-04-01,Equity Risk-Parity,EQ_XOM,0.013769716730650743
2021-05-03,Equity Risk-Parity,EQ_ABBV,0.029859077407357992
2021-05-03,Equity Risk-Parity,EQ_ABT,0.023896605144828463
2021-05-03,Equity Risk-Parity,EQ_ADBE,0.020911658061704284
2021-05-03,Equity Risk-Parity,EQ_AEP,0.029061725916092726
2021-05-03,Equity Risk-Parity,EQ_AMD,0.015794695294712197
2021-05-03,Equity Risk-Parity,EQ_AMGN,0.025941061922115653
2021-05-03,Equity Risk-Parity,EQ_AMT,0.021515454399004617
2021-05-03,Equity Risk-Parity,EQ_BA,0.00845382485814784
2021-05-03,Equity Risk-Parity,EQ_CAT,0.015126751218626867
2021-05-03,Equity Risk-Parity,EQ_CCI,0.022238587525735157
2021-05-03,Equity Risk-Parity,EQ_CMCSA,0.018301687591335058
2021-05-03,Equity Risk-Parity,EQ_COP,0.010654547854210291
2021-05-03,Equity Risk-Parity,EQ_CVX,0.012936538350298073
2021-05-03,Equity Risk-Parity,EQ_D,0.03286527088038509
2021-05-03,Equity Risk-Parity,EQ_DD,0.014172180938725805
2021-05-03,Equity Risk-Parity,EQ_DIS,0.016002861565941766
2021-05-03,Equity Risk-Parity,EQ_DOW,0.01144636652910186
2021-05-03,Equity Risk-Parity,EQ_DUK,0.02770662584701167
2021-05-03,Equity Risk-Parity,EQ_EA,0.03284240989658127
2021-05-03,Equity Risk-Parity,EQ_GE,0.01250784301891407
2021-05-03,Equity Risk-Parity,EQ_GILD,0.030030474372425703
2021-05-03,Equity Risk-Parity,EQ_GS,0.014728128295475443
2021-05-03,Equity Risk-Parity,EQ_INTC,0.017446529876862838
2021-05-03,Equity Risk-Parity,EQ_KO,0.019974989758415745
2021-05-03,Equity Risk-Parity,EQ_MMM,0.021886401544161292
2021-05-03,Equity Risk-Parity,EQ_MRK,0.030072969114685964
2021-05-03,Equity Risk-Parity,EQ_MS,0.013579961590435655
2021-05-03,Equity Risk-Parity,EQ_NEE,0.021877244740384542
2021-05-03,Equity Risk-Parity,EQ_NEM,0.029435753845152263
2021-05-03,Equity Risk-Parity,EQ_NKE,0.02070469331141455
2021-05-03,Equity Risk-Parity,EQ_NUE,0.013091949530360893
2021-05-03,Equity Risk-Parity,EQ_NVDA,0.015202287028285471
2021-05-03,Equity Risk-Parity,EQ_O,0.017131578938288417
2021-05-03,Equity Risk-Parity,EQ_OXY,0.006704749444300798
2021-05-03,Equity Risk-Parity,EQ_PLD,0.017968340947043724
2021-05-03,Equity Risk-Parity,EQ_PSA,0.028622801386727976
2021-05-03,Equity Risk-Parity,EQ_QCOM,0.014056738150190057
2021-05-03,Equity Risk-Parity,EQ_SBUX,0.01694025943808408
2021-05-03,Equity Risk-Parity,EQ_SHW,0.02451880234068762
2021-05-03,Equity Risk-Parity,EQ_SLB,0.00893497592801785
2021-05-03,Equity Risk-Parity,EQ_SO,0.022534852788514016
2021-05-03,Equity Risk-Parity,EQ_T,0.024645420145253567
2021-05-03,Equity Risk-Parity,EQ_TMUS,0.01893233601011299
2021-05-03,Equity Risk-Parity,EQ_TTWO,0.03193214874388475
2021-05-03,Equity Risk-Parity,EQ_UPS,0.01901745960496822
2021-05-03,Equity Risk-Parity,EQ_USB,0.012695730340749138
2021-05-03,Equity Risk-Parity,EQ_V,0.017371030040425936
2021-05-03,Equity Risk-Parity,EQ_WFC,0.011692357477561005
2021-05-03,Equity Risk-Parity,EQ_WMT,0.043951820077152086
2021-05-03,Equity Risk-Parity,EQ_XOM,0.012081440969146607
2021-06-01,Equity Risk-Parity,EQ_ABBV,0.02485452771861543
2021-06-01,Equity Risk-Parity,EQ_ABT,0.024137981450938165
2021-06-01,Equity Risk-Parity,EQ_ADBE,0.01939109205559238
2021-06-01,Equity Risk-Parity,EQ_AEP,0.03118819423124458
2021-06-01,Equity Risk-Parity,EQ_AMD,0.01580775095950729
2021-06-01,Equity Risk-Parity,EQ_AMGN,0.023645897939902034
2021-06-01,Equity Risk-Parity,EQ_AMT,0.021752437827951204
2021-06-01,Equity Risk-Parity,EQ_BA,0.008372116879355324
2021-06-01,Equity Risk-Parity,EQ_CAT,0.016144692369308242
2021-06-01,Equity Risk-Parity,EQ_CCI,0.023869444812245646
2021-06-01,Equity Risk-Parity,EQ_CMCSA,0.018406923286603503
2021-06-01,Equity Risk-Parity,EQ_COP,0.010517564149086226
2021-06-01,Equity Risk-Parity,EQ_CVX,0.012917958569554334
2021-06-01,Equity Risk-Parity,EQ_D,0.031940591530709106
2021-06-01,Equity Risk-Parity,EQ_DD,0.014144519484959529
2021-06-01,Equity Risk-Parity,EQ_DIS,0.017025080709493556
2021-06-01,Equity Risk-Parity,EQ_DOW,0.012334282397617406
2021-06-01,Equity Risk-Parity,EQ_DUK,0.028679760341001323
2021-06-01,Equity Risk-Parity,EQ_EA,0.031138446191961915
2021-06-01,Equity Risk-Parity,EQ_GE,0.013599328686344798
2021-06-01,Equity Risk-Parity,EQ_GILD,0.03125473970709671
2021-06-01,Equity Risk-Parity,EQ_GS,0.015260350032622157
2021-06-01,Equity Risk-Parity,EQ_INTC,0.017137148169451416
2021-06-01,Equity Risk-Parity,EQ_KO,0.019986647454069324
2021-06-01,Equity Risk-Parity,EQ_MMM,0.024022902266371614
2021-06-01,Equity Risk-Parity,EQ_MRK,0.028685911498498463
2021-06-01,Equity Risk-Parity,EQ_MS,0.014713387531890849
2021-06-01,Equity Risk-Parity,EQ_NEE,0.02187406127320168
2021-06-01,Equity Risk-Parity,EQ_NEM,0.024161574041424896
2021-06-01,Equity Risk-Parity,EQ_NKE,0.020488310123790845
2021-06-01,Equity Risk-Parity,EQ_NUE,0.012497436762558907
2021-06-01,Equity Risk-Parity,EQ_NVDA,0.01440504947087272
2021-06-01,Equity Risk-Parity,EQ_O,0.017733138784070852
2021-06-01,Equity Risk-Parity,EQ_OXY,0.0067885507464189995
2021-06-01,Equity Risk-Parity,EQ_PLD,0.019043962246402285
2021-06-01,Equity Risk-Parity,EQ_PSA,0.03310611995763668
2021-06-01,Equity Risk-Parity,EQ_QCOM,0.014067428417118841
2021-06-01,Equity Risk-Parity,EQ_SBUX,0.016383787303981247
2021-06-01,Equity Risk-Parity,EQ_SHW,0.023370271571114983
2021-06-01,Equity Risk-Parity,EQ_SLB,0.009686798360501151
2021-06-01,Equity Risk-Parity,EQ_SO,0.024341113125282202
2021-06-01,Equity Risk-Parity,EQ_T,0.026522165340583933
2021-06-01,Equity Risk-Parity,EQ_TMUS,0.02070591752225676
2021-06-01,Equity Risk-Parity,EQ_TTWO,0.03005684774347419
2021-06-01,Equity Risk-Parity,EQ_UPS,0.018939161886562545
2021-06-01,Equity Risk-Parity,EQ_USB,0.01366047833547415
2021-06-01,Equity Risk-Parity,EQ_V,0.017009408806817655
2021-06-01,Equity Risk-Parity,EQ_WFC,0.012511432072843965
2021-06-01,Equity Risk-Parity,EQ_WMT,0.03916720765733861
2021-06-01,Equity Risk-Parity,EQ_XOM,0.01255010019827941
2021-07-01,Equity Risk-Parity,EQ_ABBV,0.023761777715611634
2021-07-01,Equity Risk-Parity,EQ_ABT,0.025966731115251034
2021-07-01,Equity Risk-Parity,EQ_ADBE,0.019885428424510566
2021-07-01,Equity Risk-Parity,EQ_AEP,0.031244582134345396
2021-07-01,Equity Risk-Parity,EQ_AMD,0.016272471506491474
2021-07-01,Equity Risk-Parity,EQ_AMGN,0.021278188783607255
2021-07-01,Equity Risk-Parity,EQ_AMT,0.02380452007245024
2021-07-01,Equity Risk-Parity,EQ_BA,0.010090460336449947
2021-07-01,Equity Risk-Parity,EQ_CAT,0.017343287954650972
2021-07-01,Equity Risk-Parity,EQ_CCI,0.02747536069642342
2021-07-01,Equity Risk-Parity,EQ_CMCSA,0.016923945699502896
2021-07-01,Equity Risk-Parity,EQ_COP,0.01039564889416204
2021-07-01,Equity Risk-Parity,EQ_CVX,0.012791868936923799
2021-07-01,Equity Risk-Parity,EQ_D,0.02907390528048234
2021-07-01,Equity Risk-Parity,EQ_DD,0.013824866895592964
2021-07-01,Equity Risk-Parity,EQ_DIS,0.01767648615394207
2021-07-01,Equity Risk-Parity,EQ_DOW,0.012742525548653004
2021-07-01,Equity Risk-Parity,EQ_DUK,0.027269845186647868
2021-07-01,Equity Risk-Parity,EQ_EA,0.025643094830330938
2021-07-01,Equity Risk-Parity,EQ_GE,0.014921981131555143
2021-07-01,Equity Risk-Parity,EQ_GILD,0.02795481306811286
2021-07-01,Equity Risk-Parity,EQ_GS,0.01704862938391126
2021-07-01,Equity Risk-Parity,EQ_INTC,0.01569304979289164
2021-07-01,Equity Risk-Parity,EQ_KO,0.020601342828108115
2021-07-01,Equity Risk-Parity,EQ_MMM,0.02626337162158168
2021-07-01,Equity Risk-Parity,EQ_MRK,0.030954358294989923
2021-07-01,Equity Risk-Parity,EQ_MS,0.01450225479375801
2021-07-01,Equity Risk-Parity,EQ_NEE,0.01990687863033051
2021-07-01,Equity Risk-Parity,EQ_NEM,0.0195786402926327
2021-07-01,Equity Risk-Parity,EQ_NKE,0.023167674348688782
2021-07-01,Equity Risk-Parity,EQ_NUE,0.012289833778192436
2021-07-01,Equity Risk-Parity,EQ_NVDA,0.013806474508926924
2021-07-01,Equity Risk-Parity,EQ_O,0.019225550384457363
2021-07-01,Equity Risk-Parity,EQ_OXY,0.008369945573956171
2021-07-01,Equity Risk-Parity,EQ_PLD,0.020015428350986502
2021-07-01,Equity Risk-Parity,EQ_PSA,0.037270214847452965
2021-07-01,Equity Risk-Parity,EQ_QCOM,0.013905922586921056
2021-07-01,Equity Risk-Parity,EQ_SBUX,0.018145579958617597
2021-07-01,Equity Risk-Parity,EQ_SHW,0.024362239040307668
2021-07-01,Equity Risk-Parity,EQ_SLB,0.010159489760703131
2021-07-01,Equity Risk-Parity,EQ_SO,0.023596146996064254
2021-07-01,Equity Risk-Parity,EQ_T,0.03157037015320567
2021-07-01,Equity Risk-Parity,EQ_TMUS,0.01987501475315771
2021-07-01,Equity Risk-Parity,EQ_TTWO,0.02573260928153525
2021-07-01,Equity Risk-Parity,EQ_UPS,0.01997876036783718
2021-07-01,Equity Risk-Parity,EQ_USB,0.01459973852394871
2021-07-01,Equity Risk-Parity,EQ_V,0.016136691780155116
2021-07-01,Equity Risk-Parity,EQ_WFC,0.013438736688525183
2021-07-01,Equity Risk-Parity,EQ_WMT,0.030348418095969033
2021-07-01,Equity Risk-Parity,EQ_XOM,0.013114844216489579
2021-08-02,Equity Risk-Parity,EQ_ABBV,0.0229088277490312
2021-08-02,Equity Risk-Parity,EQ_ABT,0.027061605963619232
2021-08-02,Equity Risk-Parity,EQ_ADBE,0.0199843785246105
2021-08-02,Equity Risk-Parity,EQ_AEP,0.03081263893874751
2021-08-02,Equity Risk-Parity,EQ_AMD,0.01602598090378398
2021-08-02,Equity Risk-Parity,EQ_AMGN,0.021332743494315486
2021-08-02,Equity Risk-Parity,EQ_AMT,0.02444690740063196
2021-08-02,Equity Risk-Parity,EQ_BA,0.01009123772726598
2021-08-02,Equity Risk-Parity,EQ_CAT,0.01725453834698037
2021-08-02,Equity Risk-Parity,EQ_CCI,0.028708599038487766
2021-08-02,Equity Risk-Parity,EQ_CMCSA,0.01711797395110143
2021-08-02,Equity Risk-Parity,EQ_COP,0.010518454253979874
2021-08-02,Equity Risk-Parity,EQ_CVX,0.013061403441982575
2021-08-02,Equity Risk-Parity,EQ_D,0.028345249277120173
2021-08-02,Equity Risk-Parity,EQ_DD,0.013488253703937896
2021-08-02,Equity Risk-Parity,EQ_DIS,0.01705443456297181
2021-08-02,Equity Risk-Parity,EQ_DOW,0.0129112925090805
2021-08-02,Equity Risk-Parity,EQ_DUK,0.0277042878093413
2021-08-02,Equity Risk-Parity,EQ_EA,0.02561038527157354
2021-08-02,Equity Risk-Parity,EQ_GE,0.014463474751765166
2021-08-02,Equity Risk-Parity,EQ_GILD,0.027261181149292733
2021-08-02,Equity Risk-Parity,EQ_GS,0.016799053533778863
2021-08-02,Equity Risk-Parity,EQ_INTC,0.01584833497388231
2021-08-02,Equity Risk-Parity,EQ_KO,0.02135028525418887
2021-08-02,Equity Risk-Parity,EQ_MMM,0.026472687416728584
2021-08-02,Equity Risk-Parity,EQ_MRK,0.03180460772231544
2021-08-02,Equity Risk-Parity,EQ_MS,0.01419360423650814
2021-08-02,Equity Risk-Parity,EQ_NEE,0.02056696589022684
2021-08-02,Equity Risk-Parity,EQ_NEM,0.019533282943354945
2021-08-02,Equity Risk-Parity,EQ_NKE,0.02361890615463904
2021-08-02,Equity Risk-Parity,EQ_NUE,0.01197703575537582
2021-08-02,Equity Risk-Parity,EQ_NVDA,0.01373931007866876
2021-08-02,Equity Risk-Parity,EQ_O,0.019861607380567036
2021-08-02,Equity Risk-Parity,EQ_OXY,0.008501765386647365
2021-08-02,Equity Risk-Parity,EQ_PLD,0.01999577528081955
2021-08-02,Equity Risk-Parity,EQ_PSA,0.03659169584077889
2021-08-02,Equity Risk-Parity,EQ_QCOM,0.012954597379555354
2021-08-02,Equity Risk-Parity,EQ_SBUX,0.018353454553673126
2021-08-02,Equity Risk-Parity,EQ_SHW,0.025818251506282506
2021-08-02,Equity Risk-Parity,EQ_SLB,0.010181901217408985
2021-08-02,Equity Risk-Parity,EQ_SO,0.024097449286764938
2021-08-02,Equity Risk-Parity,EQ_T,0.03095837076485884
2021-08-02,Equity Risk-Parity,EQ_TMUS,0.019747409801099458
2021-08-02,Equity Risk-Parity,EQ_TTWO,0.026363230936330632
2021-08-02,Equity Risk-Parity,EQ_UPS,0.0194194625173179
2021-08-02,Equity Risk-Parity,EQ_USB,0.014002917925656607
2021-08-02,Equity Risk-Parity,EQ_V,0.016179306224729437
2021-08-02,Equity Risk-Parity,EQ_WFC,0.012983776704404629
2021-08-02,Equity Risk-Parity,EQ_WMT,0.028775867319441702
2021-08-02,Equity Risk-Parity,EQ_XOM,0.013145237244374504
2021-09-01,Equity Risk-Parity,EQ_ABBV,0.022078424646433857
2021-09-01,Equity Risk-Parity,EQ_ABT,0.027173896812938334
2021-09-01,Equity Risk-Parity,EQ_ADBE,0.018913501551387258
2021-09-01,Equity Risk-Parity,EQ_AEP,0.03184041128921909
2021-09-01,Equity Risk-Parity,EQ_AMD,0.01690270434736331
2021-09-01,Equity Risk-Parity,EQ_AMGN,0.019863771195216113
2021-09-01,Equity Risk-Parity,EQ_AMT,0.02518745906831468
2021-09-01,Equity Risk-Parity,EQ_BA,0.009845093268865238
2021-09-01,Equity Risk-Parity,EQ_CAT,0.016589447884198645
2021-09-01,Equity Risk-Parity,EQ_CCI,0.030007886812854025
2021-09-01,Equity Risk-Parity,EQ_CMCSA,0.01673571127016748
2021-09-01,Equity Risk-Parity,EQ_COP,0.01053208724849452
2021-09-01,Equity Risk-Parity,EQ_CVX,0.012949112153463813
2021-09-01,Equity Risk-Parity,EQ_D,0.02879257047947805
2021-09-01,Equity Risk-Parity,EQ_DD,0.013705178036138813
2021-09-01,Equity Risk-Parity,EQ_DIS,0.01687100927195297
2021-09-01,Equity Risk-Parity,EQ_DOW,0.012989640058880307
2021-09-01,Equity Risk-Parity,EQ_DUK,0.028006873444408067
2021-09-01,Equity Risk-Parity,EQ_EA,0.026191907608685335
2021-09-01,Equity Risk-Parity,EQ_GE,0.014665743316788002
2021-09-01,Equity Risk-Parity,EQ_GILD,0.02663924145988185
2021-09-01,Equity Risk-Parity,EQ_GS,0.01639729487112343
2021-09-01,Equity Risk-Parity,EQ_INTC,0.0158092602936357
2021-09-01,Equity Risk-Parity,EQ_KO,0.02159781135959589
2021-09-01,Equity Risk-Parity,EQ_MMM,0.02572112780938393
2021-09-01,Equity Risk-Parity,EQ_MRK,0.03039843072059103
2021-09-01,Equity Risk-Parity,EQ_MS,0.013738083231906062
2021-09-01,Equity Risk-Parity,EQ_NEE,0.021290688620754623
2021-09-01,Equity Risk-Parity,EQ_NEM,0.019367884805835574
2021-09-01,Equity Risk-Parity,EQ_NKE,0.02259260854530608
2021-09-01,Equity Risk-Parity,EQ_NUE,0.01183130602632492
2021-09-01,Equity Risk-Parity,EQ_NVDA,0.01374337383924383
2021-09-01,Equity Risk-Parity,EQ_O,0.020690595874168976
2021-09-01,Equity Risk-Parity,EQ_OXY,0.008433333737728883
2021-09-01,Equity Risk-Parity,EQ_PLD,0.020107281059629556
2021-09-01,Equity Risk-Parity,EQ_PSA,0.038364284751741445
2021-09-01,Equity Risk-Parity,EQ_QCOM,0.012778977172380367
2021-09-01,Equity Risk-Parity,EQ_SBUX,0.017984893857050297
2021-09-01,Equity Risk-Parity,EQ_SHW,0.02547120138357885
2021-09-01,Equity Risk-Parity,EQ_SLB,0.010154300093821171
2021-09-01,Equity Risk-Parity,EQ_SO,0.024592697529141973
2021-09-01,Equity Risk-Parity,EQ_T,0.030243653689445843
2021-09-01,Equity Risk-Parity,EQ_TMUS,0.020045618386792384
2021-09-01,Equity Risk-Parity,EQ_TTWO,0.02751307327370071
2021-09-01,Equity Risk-Parity,EQ_UPS,0.01984998062489208
2021-09-01,Equity Risk-Parity,EQ_USB,0.013542726814884823
2021-09-01,Equity Risk-Parity,EQ_V,0.01583484016746313
2021-09-01,Equity Risk-Parity,EQ_WFC,0.012584835401784938
2021-09-01,Equity Risk-Parity,EQ_WMT,0.029908977476579605
2021-09-01,Equity Risk-Parity,EQ_XOM,0.01292918735638412
2021-10-01,Equity Risk-Parity,EQ_ABBV,0.020862554015149495
2021-10-01,Equity Risk-Parity,EQ_ABT,0.029285100170996604
2021-10-01,Equity Risk-Parity,EQ_ADBE,0.020072336729564568
2021-10-01,Equity Risk-Parity,EQ_AEP,0.02994151804748331
2021-10-01,Equity Risk-Parity,EQ_AMD,0.017159719337861028
2021-10-01,Equity Risk-Parity,EQ_AMGN,0.020782223911735117
2021-10-01,Equity Risk-Parity,EQ_AMT,0.02676316155816492
2021-10-01,Equity Risk-Parity,EQ_BA,0.009952239387289553
2021-10-01,Equity Risk-Parity,EQ_CAT,0.015287914386738852
2021-10-01,Equity Risk-Parity,EQ_CCI,0.03451980291077971
2021-10-01,Equity Risk-Parity,EQ_CMCSA,0.015212541249364117
2021-10-01,Equity Risk-Parity,EQ_COP,0.010275360418369604
2021-10-01,Equity Risk-Parity,EQ_CVX,0.012555584260959153
2021-10-01,Equity Risk-Parity,EQ_D,0.027899151048654276
2021-10-01,Equity Risk-Parity,EQ_DD,0.01418436201724906
2021-10-01,Equity Risk-Parity,EQ_DIS,0.015312906477639474
2021-10-01,Equity Risk-Parity,EQ_DOW,0.01263383816443681
2021-10-01,Equity Risk-Parity,EQ_DUK,0.02904665455551001
2021-10-01,Equity Risk-Parity,EQ_EA,0.030069578328435518
2021-10-01,Equity Risk-Parity,EQ_GE,0.015262145167505318
2021-10-01,Equity Risk-Parity,EQ_GILD,0.026092039118933295
2021-10-01,Equity Risk-Parity,EQ_GS,0.015474513987761675
2021-10-01,Equity Risk-Parity,EQ_INTC,0.015706667629406604
2021-10-01,Equity Risk-Parity,EQ_KO,0.02188044255439261
2021-10-01,Equity Risk-Parity,EQ_MMM,0.026032121086945168
2021-10-01,Equity Risk-Parity,EQ_MRK,0.031659526570623424
2021-10-01,Equity Risk-Parity,EQ_MS,0.013430058027439209
2021-10-01,Equity Risk-Parity,EQ_NEE,0.020774302950652086
2021-10-01,Equity Risk-Parity,EQ_NEM,0.020313477082755098
2021-10-01,Equity Risk-Parity,EQ_NKE,0.01821845220985059
2021-10-01,Equity Risk-Parity,EQ_NUE,0.011017056972043525
2021-10-01,Equity Risk-Parity,EQ_NVDA,0.01557355309227043
2021-10-01,Equity Risk-Parity,EQ_O,0.02020411089077607
2021-10-01,Equity Risk-Parity,EQ_OXY,0.007985860286240383
2021-10-01,Equity Risk-Parity,EQ_PLD,0.021806400127977
2021-10-01,Equity Risk-Parity,EQ_PSA,0.037802698339957974
2021-10-01,Equity Risk-Parity,EQ_QCOM,0.012922449483753427
2021-10-01,Equity Risk-Parity,EQ_SBUX,0.017805250190382493
2021-10-01,Equity Risk-Parity,EQ_SHW,0.026127783911044436
2021-10-01,Equity Risk-Parity,EQ_SLB,0.009838996226476538
2021-10-01,Equity Risk-Parity,EQ_SO,0.022936147355455846
2021-10-01,Equity Risk-Parity,EQ_T,0.028021958551445708
2021-10-01,Equity Risk-Parity,EQ_TMUS,0.02020298559273546
2021-10-01,Equity Risk-Parity,EQ_TTWO,0.027909509644715766
2021-10-01,Equity Risk-Parity,EQ_UPS,0.01957258240227199
2021-10-01,Equity Risk-Parity,EQ_USB,0.013659139375259557
2021-10-01,Equity Risk-Parity,EQ_V,0.01607565677780572
2021-10-01,Equity Risk-Parity,EQ_WFC,0.012123204230012596
2021-10-01,Equity Risk-Parity,EQ_WMT,0.029959276670144537
2021-10-01,Equity Risk-Parity,EQ_XOM,0.011795086516584282
2021-11-01,Equity Risk-Parity,EQ_ABBV,0.022184502224587403
2021-11-01,Equity Risk-Parity,EQ_ABT,0.031101014337735582
2021-11-01,Equity Risk-Parity,EQ_ADBE,0.02132566187317777
2021-11-01,Equity Risk-Parity,EQ_AEP,0.029441232940457335
2021-11-01,Equity Risk-Parity,EQ_AMD,0.0182957144213593
2021-11-01,Equity Risk-Parity,EQ_AMGN,0.020882782573953165
2021-11-01,Equity Risk-Parity,EQ_AMT,0.02624577742440158
2021-11-01,Equity Risk-Parity,EQ_BA,0.010679689837689308
2021-11-01,Equity Risk-Parity,EQ_CAT,0.01545774180497598
2021-11-01,Equity Risk-Parity,EQ_CCI,0.03156125260323978
2021-11-01,Equity Risk-Parity,EQ_CMCSA,0.014973519309533275
2021-11-01,Equity Risk-Parity,EQ_COP,0.01112355004658251
2021-11-01,Equity Risk-Parity,EQ_CVX,0.012696985758141592
2021-11-01,Equity Risk-Parity,EQ_D,0.0266085180509074
2021-11-01,Equity Risk-Parity,EQ_DD,0.013641279138003426
2021-11-01,Equity Risk-Parity,EQ_DIS,0.01511658887986627
2021-11-01,Equity Risk-Parity,EQ_DOW,0.01185589616560156
2021-11-01,Equity Risk-Parity,EQ_DUK,0.02918762821023735
2021-11-01,Equity Risk-Parity,EQ_EA,0.030057513675906564
2021-11-01,Equity Risk-Parity,EQ_GE,0.01387867429172625
2021-11-01,Equity Risk-Parity,EQ_GILD,0.027545329929468253
2021-11-01,Equity Risk-Parity,EQ_GS,0.01566048392968161
2021-11-01,Equity Risk-Parity,EQ_INTC,0.015675499329714175
2021-11-01,Equity Risk-Parity,EQ_KO,0.024026974793784586
2021-11-01,Equity Risk-Parity,EQ_MMM,0.02624768783026396
2021-11-01,Equity Risk-Parity,EQ_MRK,0.02855140048477058
2021-11-01,Equity Risk-Parity,EQ_MS,0.01348978710872862
2021-11-01,Equity Risk-Parity,EQ_NEE,0.019863936039104614
2021-11-01,Equity Risk-Parity,EQ_NEM,0.021873142255142773
2021-11-01,Equity Risk-Parity,EQ_NKE,0.018223844792082042
2021-11-01,Equity Risk-Parity,EQ_NUE,0.01093072974816443
2021-11-01,Equity Risk-Parity,EQ_NVDA,0.0160161717235927
2021-11-01,Equity Risk-Parity,EQ_O,0.019820437107528684
2021-11-01,Equity Risk-Parity,EQ_OXY,0.00827369442122249
2021-11-01,Equity Risk-Parity,EQ_PLD,0.02215439978206208
2021-11-01,Equity Risk-Parity,EQ_PSA,0.03806779597194267
2021-11-01,Equity Risk-Parity,EQ_QCOM,0.012740584805013598
2021-11-01,Equity Risk-Parity,EQ_SBUX,0.018075876448409963
2021-11-01,Equity Risk-Parity,EQ_SHW,0.02423194738782402
2021-11-01,Equity Risk-Parity,EQ_SLB,0.009581524660210644
2021-11-01,Equity Risk-Parity,EQ_SO,0.022753169906256872
2021-11-01,Equity Risk-Parity,EQ_T,0.027278494766302425
2021-11-01,Equity Risk-Parity,EQ_TMUS,0.02065533774760237
2021-11-01,Equity Risk-Parity,EQ_TTWO,0.02613003926075596
2021-11-01,Equity Risk-Parity,EQ_UPS,0.02164705854077497
2021-11-01,Equity Risk-Parity,EQ_USB,0.01414445574595679
2021-11-01,Equity Risk-Parity,EQ_V,0.01575322917878109
2021-11-01,Equity Risk-Parity,EQ_WFC,0.012707902431060205
2021-11-01,Equity Risk-Parity,EQ_WMT,0.02958447825268071
2021-11-01,Equity Risk-Parity,EQ_XOM,0.011979062053032685
2021-12-01,Equity Risk-Parity,EQ_ABBV,0.022266519134314988
2021-12-01,Equity Risk-Parity,EQ_ABT,0.03163335767612084
2021-12-01,Equity Risk-Parity,EQ_ADBE,0.02016082296540884
2021-12-01,Equity Risk-Parity,EQ_AEP,0.029466091659302997
2021-12-01,Equity Risk-Parity,EQ_AMD,0.01600255754310227
2021-12-01,Equity Risk-Parity,EQ_AMGN,0.02089696587719693
2021-12-01,Equity Risk-Parity,EQ_AMT,0.0245997073257778
2021-12-01,Equity Risk-Parity,EQ_BA,0.013066835709681294
2021-12-01,Equity Risk-Parity,EQ_CAT,0.015097313625742426
2021-12-01,Equity Risk-Parity,EQ_CCI,0.026559461540077267
2021-12-01,Equity Risk-Parity,EQ_CMCSA,0.015674386904521345
2021-12-01,Equity Risk-Parity,EQ_COP,0.012278598238990225
2021-12-01,Equity Risk-Parity,EQ_CVX,0.01512736462256821
2021-12-01,Equity Risk-Parity,EQ_D,0.026675264182161477
2021-12-01,Equity Risk-Parity,EQ_DD,0.013455681754530787
2021-12-01,Equity Risk-Parity,EQ_DIS,0.01689807486823663
2021-12-01,Equity Risk-Parity,EQ_DOW,0.012614909922908023
2021-12-01,Equity Risk-Parity,EQ_DUK,0.03190786769252752
2021-12-01,Equity Risk-Parity,EQ_EA,0.029486672381525414
2021-12-01,Equity Risk-Parity,EQ_GE,0.014114764496748247
2021-12-01,Equity Risk-Parity,EQ_GILD,0.026747094244247344
2021-12-01,Equity Risk-Parity,EQ_GS,0.01637002318393484
2021-12-01,Equity Risk-Parity,EQ_INTC,0.015360234171397874
2021-12-01,Equity Risk-Parity,EQ_KO,0.024727894794749544
2021-12-01,Equity Risk-Parity,EQ_MMM,0.026452867191871635
2021-12-01,Equity Risk-Parity,EQ_MRK,0.027749329570429665
2021-12-01,Equity Risk-Parity,EQ_MS,0.01429115586868962
2021-12-01,Equity Risk-Parity,EQ_NEE,0.019820990813256063
2021-12-01,Equity Risk-Parity,EQ_NEM,0.021420192380535406
2021-12-01,Equity Risk-Parity,EQ_NKE,0.018265135976035546
2021-12-01,Equity Risk-Parity,EQ_NUE,0.011173826272059198
2021-12-01,Equity Risk-Parity,EQ_NVDA,0.013887625504780997
2021-12-01,Equity Risk-Parity,EQ_O,0.023266326546483588
2021-12-01,Equity Risk-Parity,EQ_OXY,0.009247885040257295
2021-12-01,Equity Risk-Parity,EQ_PLD,0.019820536277699034
2021-12-01,Equity Risk-Parity,EQ_PSA,0.03518274662367071
2021-12-01,Equity Risk-Parity,EQ_QCOM,0.013265094784801878
2021-12-01,Equity Risk-Parity,EQ_SBUX,0.018510998205431107
2021-12-01,Equity Risk-Parity,EQ_SHW,0.023431499109887635
2021-12-01,Equity Risk-Parity,EQ_SLB,0.010032518847833004
2021-12-01,Equity Risk-Parity,EQ_SO,0.024875427396831767
2021-12-01,Equity Risk-Parity,EQ_T,0.026978807298565506
2021-12-01,Equity Risk-Parity,EQ_TMUS,0.018135522472006383
2021-12-01,Equity Risk-Parity,EQ_TTWO,0.023985822750063758
2021-12-01,Equity Risk-Parity,EQ_UPS,0.0215972383248243
2021-12-01,Equity Risk-Parity,EQ_USB,0.014808407979474414
2021-12-01,Equity Risk-Parity,EQ_V,0.01710755653598164
2021-12-01,Equity Risk-Parity,EQ_WFC,0.012888935234704888
2021-12-01,Equity Risk-Parity,EQ_WMT,0.029383149926353287
2021-12-01,Equity Risk-Parity,EQ_XOM,0.013231938551698632
2022-01-03,Equity Risk-Parity,EQ_ABBV,0.023083544165133918
2022-01-03,Equity Risk-Parity,EQ_ABT,0.03136289584832689
2022-01-03,Equity Risk-Parity,EQ_ADBE,0.0185230572086093
2022-01-03,Equity Risk-Parity,EQ_AEP,0.030077118425805367
2022-01-03,Equity Risk-Parity,EQ_AMD,0.014988939300181772
2022-01-03,Equity Risk-Parity,EQ_AMGN,0.02177769120255841
2022-01-03,Equity Risk-Parity,EQ_AMT,0.02402086115666111
2022-01-03,Equity Risk-Parity,EQ_BA,0.011871472791358102
2022-01-03,Equity Risk-Parity,EQ_CAT,0.015178702535258864
2022-01-03,Equity Risk-Parity,EQ_CCI,0.025576679829630113
2022-01-03,Equity Risk-Parity,EQ_CMCSA,0.016194250362179304
2022-01-03,Equity Risk-Parity,EQ_COP,0.01225048409261595
2022-01-03,Equity Risk-Parity,EQ_CVX,0.015416169968884699
2022-01-03,Equity Risk-Parity,EQ_D,0.026413705222770076
2022-01-03,Equity Risk-Parity,EQ_DD,0.013644944542622491
2022-01-03,Equity Risk-Parity,EQ_DIS,0.017317390627372257
2022-01-03,Equity Risk-Parity,EQ_DOW,0.012771498083443168
2022-01-03,Equity Risk-Parity,EQ_DUK,0.03257094261334502
2022-01-03,Equity Risk-Parity,EQ_EA,0.028022608747235268
2022-01-03,Equity Risk-Parity,EQ_GE,0.014136221274980628
2022-01-03,Equity Risk-Parity,EQ_GILD,0.029300641856487335
2022-01-03,Equity Risk-Parity,EQ_GS,0.01582155488747438
2022-01-03,Equity Risk-Parity,EQ_INTC,0.015367384872737084
2022-01-03,Equity Risk-Parity,EQ_KO,0.024938976856022012
2022-01-03,Equity Risk-Parity,EQ_MMM,0.02647297195906601
2022-01-03,Equity Risk-Parity,EQ_MRK,0.030864063359933632
2022-01-03,Equity Risk-Parity,EQ_MS,0.01424744612908329
2022-01-03,Equity Risk-Parity,EQ_NEE,0.020601275450405503
2022-01-03,Equity Risk-Parity,EQ_NEM,0.02282562042616724
2022-01-03,Equity Risk-Parity,EQ_NKE,0.018075933344923037
2022-01-03,Equity Risk-Parity,EQ_NUE,0.01215836372259686
2022-01-03,Equity Risk-Parity,EQ_NVDA,0.012887134700072656
2022-01-03,Equity Risk-Parity,EQ_O,0.022522287407761448
2022-01-03,Equity Risk-Parity,EQ_OXY,0.00970846958696054
2022-01-03,Equity Risk-Parity,EQ_PLD,0.02057793146952837
2022-01-03,Equity Risk-Parity,EQ_PSA,0.03300322379793161
2022-01-03,Equity Risk-Parity,EQ_QCOM,0.013995884336717869
2022-01-03,Equity Risk-Parity,EQ_SBUX,0.017542079232700843
2022-01-03,Equity Risk-Parity,EQ_SHW,0.022279449671833474
2022-01-03,Equity Risk-Parity,EQ_SLB,0.010494171435834778
2022-01-03,Equity Risk-Parity,EQ_SO,0.02625951640346456
2022-01-03,Equity Risk-Parity,EQ_T,0.026369064760126196
2022-01-03,Equity Risk-Parity,EQ_TMUS,0.017531703273340176
2022-01-03,Equity Risk-Parity,EQ_TTWO,0.023645810353163786
2022-01-03,Equity Risk-Parity,EQ_UPS,0.019901093503469053
2022-01-03,Equity Risk-Parity,EQ_USB,0.014596167995184314
2022-01-03,Equity Risk-Parity,EQ_V,0.01630018068911805
2022-01-03,Equity Risk-Parity,EQ_WFC,0.012663045274898596
2022-01-03,Equity Risk-Parity,EQ_WMT,0.029933320022816078
2022-01-03,Equity Risk-Parity,EQ_XOM,0.013916055221208638
2022-02-01,Equity Risk-Parity,EQ_ABBV,0.027272735323109757
2022-02-01,Equity Risk-Parity,EQ_ABT,0.027798556220064278
2022-02-01,Equity Risk-Parity,EQ_ADBE,0.017696868839714972
2022-02-01,Equity Risk-Parity,EQ_AEP,0.030375395554674247
2022-02-01,Equity Risk-Parity,EQ_AMD,0.013078594688763517
2022-02-01,Equity Risk-Parity,EQ_AMGN,0.02266125968018424
2022-02-01,Equity Risk-Parity,EQ_AMT,0.021483097020841384
2022-02-01,Equity Risk-Parity,EQ_BA,0.011732555727733702
2022-02-01,Equity Risk-Parity,EQ_CAT,0.01651938012095809
2022-02-01,Equity Risk-Parity,EQ_CCI,0.022324539354095237
2022-02-01,Equity Risk-Parity,EQ_CMCSA,0.017307446201033302
2022-02-01,Equity Risk-Parity,EQ_COP,0.013200284860451411
2022-02-01,Equity Risk-Parity,EQ_CVX,0.017608378899657745
2022-02-01,Equity Risk-Parity,EQ_D,0.025428739439533832
2022-02-01,Equity Risk-Parity,EQ_DD,0.013954836546508526
2022-02-01,Equity Risk-Parity,EQ_DIS,0.017064663101109705
2022-02-01,Equity Risk-Parity,EQ_DOW,0.013830100367525897
2022-02-01,Equity Risk-Parity,EQ_DUK,0.03198674967169491
2022-02-01,Equity Risk-Parity,EQ_EA,0.0284910888223381
2022-02-01,Equity Risk-Parity,EQ_GE,0.012924579003946493
2022-02-01,Equity Risk-Parity,EQ_GILD,0.027381574237019368
2022-02-01,Equity Risk-Parity,EQ_GS,0.014888196887161925
2022-02-01,Equity Risk-Parity,EQ_INTC,0.01607001918045095
2022-02-01,Equity Risk-Parity,EQ_KO,0.02550673960180779
2022-02-01,Equity Risk-Parity,EQ_MMM,0.022543525903336244
2022-02-01,Equity Risk-Parity,EQ_MRK,0.03682762675957065
2022-02-01,Equity Risk-Parity,EQ_MS,0.015317531185577361
2022-02-01,Equity Risk-Parity,EQ_NEE,0.023076010592102767
2022-02-01,Equity Risk-Parity,EQ_NEM,0.023784174322645853
2022-02-01,Equity Risk-Parity,EQ_NKE,0.01842294727262768
2022-02-01,Equity Risk-Parity,EQ_NUE,0.011430269652600465
2022-02-01,Equity Risk-Parity,EQ_NVDA,0.011422435739894217
2022-02-01,Equity Risk-Parity,EQ_O,0.022025321903284153
2022-02-01,Equity Risk-Parity,EQ_OXY,0.009618384257072394
2022-02-01,Equity Risk-Parity,EQ_PLD,0.020985665766488297
2022-02-01,Equity Risk-Parity,EQ_PSA,0.031709707790798035
2022-02-01,Equity Risk-Parity,EQ_QCOM,0.013848740123773885
2022-02-01,Equity Risk-Parity,EQ_SBUX,0.019239589768262098
2022-02-01,Equity Risk-Parity,EQ_SHW,0.021990739265064816
2022-02-01,Equity Risk-Parity,EQ_SLB,0.01118333102897669
2022-02-01,Equity Risk-Parity,EQ_SO,0.029785065957536095
2022-02-01,Equity Risk-Parity,EQ_T,0.021773456261591564
2022-02-01,Equity Risk-Parity,EQ_TMUS,0.018793648661602436
2022-02-01,Equity Risk-Parity,EQ_TTWO,0.02313100925888765
2022-02-01,Equity Risk-Parity,EQ_UPS,0.019190592952189833
2022-02-01,Equity Risk-Parity,EQ_USB,0.014784243909590216
2022-02-01,Equity Risk-Parity,EQ_V,0.015314602508691263
2022-02-01,Equity Risk-Parity,EQ_WFC,0.013846372952956392
2022-02-01,Equity Risk-Parity,EQ_WMT,0.02885236047453404
2022-02-01,Equity Risk-Parity,EQ_XOM,0.01451626637996556
2022-03-01,Equity Risk-Parity,EQ_ABBV,0.028065924750778872
2022-03-01,Equity Risk-Parity,EQ_ABT,0.025300889846900994
2022-03-01,Equity Risk-Parity,EQ_ADBE,0.017092703347765806
2022-03-01,Equity Risk-Parity,EQ_AEP,0.029981717185499808
2022-03-01,Equity Risk-Parity,EQ_AMD,0.01164131776219651
2022-03-01,Equity Risk-Parity,EQ_AMGN,0.02129283053402057
2022-03-01,Equity Risk-Parity,EQ_AMT,0.020970651818574666
2022-03-01,Equity Risk-Parity,EQ_BA,0.01284224083272544
2022-03-01,Equity Risk-Parity,EQ_CAT,0.016448689228208097
2022-03-01,Equity Risk-Parity,EQ_CCI,0.020754216452341837
2022-03-01,Equity Risk-Parity,EQ_CMCSA,0.016990173998425284
2022-03-01,Equity Risk-Parity,EQ_COP,0.013668074856575655
2022-03-01,Equity Risk-Parity,EQ_CVX,0.018188001571059452
2022-03-01,Equity Risk-Parity,EQ_D,0.026250704728859684
2022-03-01,Equity Risk-Parity,EQ_DD,0.013677663377922202
2022-03-01,Equity Risk-Parity,EQ_DIS,0.019866460754804586
2022-03-01,Equity Risk-Parity,EQ_DOW,0.014545596349061296
2022-03-01,Equity Risk-Parity,EQ_DUK,0.02929673902631113
2022-03-01,Equity Risk-Parity,EQ_EA,0.028879918422722358
2022-03-01,Equity Risk-Parity,EQ_GE,0.013252018490469914
2022-03-01,Equity Risk-Parity,EQ_GILD,0.03193025766400597
2022-03-01,Equity Risk-Parity,EQ_GS,0.015435779891494918
2022-03-01,Equity Risk-Parity,EQ_INTC,0.016123661462178026
2022-03-01,Equity Risk-Parity,EQ_KO,0.02815370831966168
2022-03-01,Equity Risk-Parity,EQ_MMM,0.019805551645772797
2022-03-01,Equity Risk-Parity,EQ_MRK,0.03362498307084711
2022-03-01,Equity Risk-Parity,EQ_MS,0.015289969756734353
2022-03-01,Equity Risk-Parity,EQ_NEE,0.023004890549107596
2022-03-01,Equity Risk-Parity,EQ_NEM,0.027433280141226563
2022-03-01,Equity Risk-Parity,EQ_NKE,0.018303634979703984
2022-03-01,Equity Risk-Parity,EQ_NUE,0.010854786845272866
2022-03-01,Equity Risk-Parity,EQ_NVDA,0.010445081112573725
2022-03-01,Equity Risk-Parity,EQ_O,0.02112555452936319
2022-03-01,Equity Risk-Parity,EQ_OXY,0.01169261932068919
2022-03-01,Equity Risk-Parity,EQ_PLD,0.01920540034731482
2022-03-01,Equity Risk-Parity,EQ_PSA,0.02816356066642944
2022-03-01,Equity Risk-Parity,EQ_QCOM,0.012310553008394823
2022-03-01,Equity Risk-Parity,EQ_SBUX,0.01789944688991853
2022-03-01,Equity Risk-Parity,EQ_SHW,0.02000339957164025
2022-03-01,Equity Risk-Parity,EQ_SLB,0.011940109729119991
2022-03-01,Equity Risk-Parity,EQ_SO,0.029349729040504965
2022-03-01,Equity Risk-Parity,EQ_T,0.02201874444664636
2022-03-01,Equity Risk-Parity,EQ_TMUS,0.019414596450023195
2022-03-01,Equity Risk-Parity,EQ_TTWO,0.025490944018987417
2022-03-01,Equity Risk-Parity,EQ_UPS,0.01796643881349927
2022-03-01,Equity Risk-Parity,EQ_USB,0.015362515515507496
2022-03-01,Equity Risk-Parity,EQ_V,0.015695280334211456
2022-03-01,Equity Risk-Parity,EQ_WFC,0.014301965920640496
2022-03-01,Equity Risk-Parity,EQ_WMT,0.03264505337037458
2022-03-01,Equity Risk-Parity,EQ_XOM,0.01600196925293074
2022-04-01,Equity Risk-Parity,EQ_ABBV,0.029365260452166243
2022-04-01,Equity Risk-Parity,EQ_ABT,0.02323945952854787
2022-04-01,Equity Risk-Parity,EQ_ADBE,0.01582968971095315
2022-04-01,Equity Risk-Parity,EQ_AEP,0.030022118859102127
2022-04-01,Equity Risk-Parity,EQ_AMD,0.011088731987145046
2022-04-01,Equity Risk-Parity,EQ_AMGN,0.02270377615092101
2022-04-01,Equity Risk-Parity,EQ_AMT,0.021574151383533517
2022-04-01,Equity Risk-Parity,EQ_BA,0.01207298623266575
2022-04-01,Equity Risk-Parity,EQ_CAT,0.018133020630892012
2022-04-01,Equity Risk-Parity,EQ_CCI,0.021790056821487953
2022-04-01,Equity Risk-Parity,EQ_CMCSA,0.017135911145857493
2022-04-01,Equity Risk-Parity,EQ_COP,0.014710326444064233
2022-04-01,Equity Risk-Parity,EQ_CVX,0.021470822098119482
2022-04-01,Equity Risk-Parity,EQ_D,0.02661299658388906
2022-04-01,Equity Risk-Parity,EQ_DD,0.012357256758258037
2022-04-01,Equity Risk-Parity,EQ_DIS,0.017777267078759023
2022-04-01,Equity Risk-Parity,EQ_DOW,0.013918485368439705
2022-04-01,Equity Risk-Parity,EQ_DUK,0.030352123905734434
2022-04-01,Equity Risk-Parity,EQ_EA,0.02802276558402258
2022-04-01,Equity Risk-Parity,EQ_GE,0.012483213634338387
2022-04-01,Equity Risk-Parity,EQ_GILD,0.03175954799183797
2022-04-01,Equity Risk-Parity,EQ_GS,0.013719128476234247
2022-04-01,Equity Risk-Parity,EQ_INTC,0.016359690014246746
2022-04-01,Equity Risk-Parity,EQ_KO,0.02752318521115497
2022-04-01,Equity Risk-Parity,EQ_MMM,0.01843618350908851
2022-04-01,Equity Risk-Parity,EQ_MRK,0.035359306095229866
2022-04-01,Equity Risk-Parity,EQ_MS,0.013291772889334714
2022-04-01,Equity Risk-Parity,EQ_NEE,0.025848757143238605
2022-04-01,Equity Risk-Parity,EQ_NEM,0.034954492052541364
2022-04-01,Equity Risk-Parity,EQ_NKE,0.016204367650900726
2022-04-01,Equity Risk-Parity,EQ_NUE,0.010968326869505378
2022-04-01,Equity Risk-Parity,EQ_NVDA,0.009877313334024126
2022-04-01,Equity Risk-Parity,EQ_O,0.02109973673105023
2022-04-01,Equity Risk-Parity,EQ_OXY,0.011117597204873568
2022-04-01,Equity Risk-Parity,EQ_PLD,0.019239099787124823
2022-04-01,Equity Risk-Parity,EQ_PSA,0.026462287374767895
2022-04-01,Equity Risk-Parity,EQ_QCOM,0.011806568217829261
2022-04-01,Equity Risk-Parity,EQ_SBUX,0.015517373186216165
2022-04-01,Equity Risk-Parity,EQ_SHW,0.01979101429817685
2022-04-01,Equity Risk-Parity,EQ_SLB,0.01347210062749385
2022-04-01,Equity Risk-Parity,EQ_SO,0.03081011534810969
2022-04-01,Equity Risk-Parity,EQ_T,0.02070786670449181
2022-04-01,Equity Risk-Parity,EQ_TMUS,0.020691692307393855
2022-04-01,Equity Risk-Parity,EQ_TTWO,0.023234260596206535
2022-04-01,Equity Risk-Parity,EQ_UPS,0.016764622390049996
2022-04-01,Equity Risk-Parity,EQ_USB,0.013775346530051604
2022-04-01,Equity Risk-Parity,EQ_V,0.015559397708072015
2022-04-01,Equity Risk-Parity,EQ_WFC,0.012608268077592685
2022-04-01,Equity Risk-Parity,EQ_WMT,0.0341400149184196
2022-04-01,Equity Risk-Parity,EQ_XOM,0.01824014639584535
2022-05-02,Equity Risk-Parity,EQ_ABBV,0.027845991540368736
2022-05-02,Equity Risk-Parity,EQ_ABT,0.022330645759295602
2022-05-02,Equity Risk-Parity,EQ_ADBE,0.015943568455267156
2022-05-02,Equity Risk-Parity,EQ_AEP,0.02817749858039648
2022-05-02,Equity Risk-Parity,EQ_AMD,0.011259972320377579
2022-05-02,Equity Risk-Parity,EQ_AMGN,0.02557086216908352
2022-05-02,Equity Risk-Parity,EQ_AMT,0.021410415094001815
2022-05-02,Equity Risk-Parity,EQ_BA,0.012491730773160913
2022-05-02,Equity Risk-Parity,EQ_CAT,0.018470219059180715
2022-05-02,Equity Risk-Parity,EQ_CCI,0.021925941054297893
2022-05-02,Equity Risk-Parity,EQ_CMCSA,0.018366115557837466
2022-05-02,Equity Risk-Parity,EQ_COP,0.01464851197757808
2022-05-02,Equity Risk-Parity,EQ_CVX,0.020345257494896206
2022-05-02,Equity Risk-Parity,EQ_D,0.027512153948529083
2022-05-02,Equity Risk-Parity,EQ_DD,0.01328650029171109
2022-05-02,Equity Risk-Parity,EQ_DIS,0.0175596247791855
2022-05-02,Equity Risk-Parity,EQ_DOW,0.01648182657844308
2022-05-02,Equity Risk-Parity,EQ_DUK,0.03111048937029439
2022-05-02,Equity Risk-Parity,EQ_EA,0.029443023680092176
2022-05-02,Equity Risk-Parity,EQ_GE,0.012391032551032554
2022-05-02,Equity Risk-Parity,EQ_GILD,0.02968574921566059
2022-05-02,Equity Risk-Parity,EQ_GS,0.013943409547068662
2022-05-02,Equity Risk-Parity,EQ_INTC,0.015595855947192124
2022-05-02,Equity Risk-Parity,EQ_KO,0.028193832861647283
2022-05-02,Equity Risk-Parity,EQ_MMM,0.019479440039849666
2022-05-02,Equity Risk-Parity,EQ_MRK,0.03366405432024322
2022-05-02,Equity Risk-Parity,EQ_MS,0.013473001220336126
2022-05-02,Equity Risk-Parity,EQ_NEE,0.024205925168200988
2022-05-02,Equity Risk-Parity,EQ_NEM,0.03358442215490647
2022-05-02,Equity Risk-Parity,EQ_NKE,0.015845080647219727
2022-05-02,Equity Risk-Parity,EQ_NUE,0.011659837146223784
2022-05-02,Equity Risk-Parity,EQ_NVDA,0.009741843012073443
2022-05-02,Equity Risk-Parity,EQ_O,0.02095115661670803
2022-05-02,Equity Risk-Parity,EQ_OXY,0.010979456939774432
2022-05-02,Equity Risk-Parity,EQ_PLD,0.01749975949894795
2022-05-02,Equity Risk-Parity,EQ_PSA,0.022631632543032763
2022-05-02,Equity Risk-Parity,EQ_QCOM,0.011934894320525037
2022-05-02,Equity Risk-Parity,EQ_SBUX,0.016339215808031996
2022-05-02,Equity Risk-Parity,EQ_SHW,0.023815802721522533
2022-05-02,Equity Risk-Parity,EQ_SLB,0.01470687612240861
2022-05-02,Equity Risk-Parity,EQ_SO,0.029311199131773515
2022-05-02,Equity Risk-Parity,EQ_T,0.022322745941642214
2022-05-02,Equity Risk-Parity,EQ_TMUS,0.018815408725269045
2022-05-02,Equity Risk-Parity,EQ_TTWO,0.0229461510313306
2022-05-02,Equity Risk-Parity,EQ_UPS,0.01670526040816254
2022-05-02,Equity Risk-Parity,EQ_USB,0.01484416203290908
2022-05-02,Equity Risk-Parity,EQ_V,0.015559647532351345
2022-05-02,Equity Risk-Parity,EQ_WFC,0.01339959073764695
2022-05-02,Equity Risk-Parity,EQ_WMT,0.03299353550859903
2022-05-02,Equity Risk-Parity,EQ_XOM,0.018599672063712328
2022-06-01,Equity Risk-Parity,EQ_ABBV,0.031942516058082925
2022-06-01,Equity Risk-Parity,EQ_ABT,0.020417961918356667
2022-06-01,Equity Risk-Parity,EQ_ADBE,0.01504335589870226
2022-06-01,Equity Risk-Parity,EQ_AEP,0.030020034798990736
2022-06-01,Equity Risk-Parity,EQ_AMD,0.009651585618459177
2022-06-01,Equity Risk-Parity,EQ_AMGN,0.029670153354973836
2022-06-01,Equity Risk-Parity,EQ_AMT,0.020076037988326505
2022-06-01,Equity Risk-Parity,EQ_BA,0.011686311492572793
2022-06-01,Equity Risk-Parity,EQ_CAT,0.017245143550395945
2022-06-01,Equity Risk-Parity,EQ_CCI,0.021617336782386785
2022-06-01,Equity Risk-Parity,EQ_CMCSA,0.019416039919989102
2022-06-01,Equity Risk-Parity,EQ_COP,0.013971751190177203
2022-06-01,Equity Risk-Parity,EQ_CVX,0.01952825630345883
2022-06-01,Equity Risk-Parity,EQ_D,0.029457002787453977
2022-06-01,Equity Risk-Parity,EQ_DD,0.0136024188704178
2022-06-01,Equity Risk-Parity,EQ_DIS,0.01646275115975861
2022-06-01,Equity Risk-Parity,EQ_DOW,0.01723967159847723
2022-06-01,Equity Risk-Parity,EQ_DUK,0.033653440699274416
2022-06-01,Equity Risk-Parity,EQ_EA,0.02847256336057016
2022-06-01,Equity Risk-Parity,EQ_GE,0.01264347806608856
2022-06-01,Equity Risk-Parity,EQ_GILD,0.03265760303554935
2022-06-01,Equity Risk-Parity,EQ_GS,0.014824949344330032
2022-06-01,Equity Risk-Parity,EQ_INTC,0.015635858887079596
2022-06-01,Equity Risk-Parity,EQ_KO,0.02493309829127625
2022-06-01,Equity Risk-Parity,EQ_MMM,0.020753719014752398
2022-06-01,Equity Risk-Parity,EQ_MRK,0.03609027754364503
2022-06-01,Equity Risk-Parity,EQ_MS,0.013589946296160272
2022-06-01,Equity Risk-Parity,EQ_NEE,0.022640456514577637
2022-06-01,Equity Risk-Parity,EQ_NEM,0.03381584251477191
2022-06-01,Equity Risk-Parity,EQ_NKE,0.015055911325772104
2022-06-01,Equity Risk-Parity,EQ_NUE,0.01179423824410811
2022-06-01,Equity Risk-Parity,EQ_NVDA,0.00928722703967358
2022-06-01,Equity Risk-Parity,EQ_O,0.021509957041609976
2022-06-01,Equity Risk-Parity,EQ_OXY,0.010714084881310086
2022-06-01,Equity Risk-Parity,EQ_PLD,0.016132972091052272
2022-06-01,Equity Risk-Parity,EQ_PSA,0.021022908935507876
2022-06-01,Equity Risk-Parity,EQ_QCOM,0.012080514177929994
2022-06-01,Equity Risk-Parity,EQ_SBUX,0.014292864765411308
2022-06-01,Equity Risk-Parity,EQ_SHW,0.02345145103976088
2022-06-01,Equity Risk-Parity,EQ_SLB,0.01247229969897032
2022-06-01,Equity Risk-Parity,EQ_SO,0.0315279522721115
2022-06-01,Equity Risk-Parity,EQ_T,0.022889272551427312
2022-06-01,Equity Risk-Parity,EQ_TMUS,0.018302479088336085
2022-06-01,Equity Risk-Parity,EQ_TTWO,0.018553509014963044
2022-06-01,Equity Risk-Parity,EQ_UPS,0.017228422045502925
2022-06-01,Equity Risk-Parity,EQ_USB,0.016322631994050315
2022-06-01,Equity Risk-Parity,EQ_V,0.014998448162624982
2022-06-01,Equity Risk-Parity,EQ_WFC,0.013423428348841089
2022-06-01,Equity Risk-Parity,EQ_WMT,0.03451232663404814
2022-06-01,Equity Risk-Parity,EQ_XOM,0.017667537787931946
2022-07-01,Equity Risk-Parity,EQ_ABBV,0.03062866352179659
2022-07-01,Equity Risk-Parity,EQ_ABT,0.01966726589138751
2022-07-01,Equity Risk-Parity,EQ_ADBE,0.014177577653844161
2022-07-01,Equity Risk-Parity,EQ_AEP,0.02883929272540573
2022-07-01,Equity Risk-Parity,EQ_AMD,0.009082867751657155
2022-07-01,Equity Risk-Parity,EQ_AMGN,0.03172524873716203
2022-07-01,Equity Risk-Parity,EQ_AMT,0.01904491395086535
2022-07-01,Equity Risk-Parity,EQ_BA,0.011601275025520386
2022-07-01,Equity Risk-Parity,EQ_CAT,0.01701565803443204
2022-07-01,Equity Risk-Parity,EQ_CCI,0.02005575244774914
2022-07-01,Equity Risk-Parity,EQ_CMCSA,0.020381742676425407
2022-07-01,Equity Risk-Parity,EQ_COP,0.014343806378069932
2022-07-01,Equity Risk-Parity,EQ_CVX,0.0198149516259919
2022-07-01,Equity Risk-Parity,EQ_D,0.02972108720739715
2022-07-01,Equity Risk-Parity,EQ_DD,0.01352766003550504
2022-07-01,Equity Risk-Parity,EQ_DIS,0.016709188833478737
2022-07-01,Equity Risk-Parity,EQ_DOW,0.01717238831880945
2022-07-01,Equity Risk-Parity,EQ_DUK,0.033151266869476434
2022-07-01,Equity Risk-Parity,EQ_EA,0.02724692371626755
2022-07-01,Equity Risk-Parity,EQ_GE,0.012928984108526559
2022-07-01,Equity Risk-Parity,EQ_GILD,0.03291660703984904
2022-07-01,Equity Risk-Parity,EQ_GS,0.015203734200394786
2022-07-01,Equity Risk-Parity,EQ_INTC,0.01554750061042969
2022-07-01,Equity Risk-Parity,EQ_KO,0.027009193374016877
2022-07-01,Equity Risk-Parity,EQ_MMM,0.02207411249118646
2022-07-01,Equity Risk-Parity,EQ_MRK,0.03433120682028722
2022-07-01,Equity Risk-Parity,EQ_MS,0.014150537052858547
2022-07-01,Equity Risk-Parity,EQ_NEE,0.021193227216017508
2022-07-01,Equity Risk-Parity,EQ_NEM,0.03545624975376617
2022-07-01,Equity Risk-Parity,EQ_NKE,0.014792243995293775
2022-07-01,Equity Risk-Parity,EQ_NUE,0.011981693493965889
2022-07-01,Equity Risk-Parity,EQ_NVDA,0.008825241078486135
2022-07-01,Equity Risk-Parity,EQ_O,0.02227412397810427
2022-07-01,Equity Risk-Parity,EQ_OXY,0.011220842646535088
2022-07-01,Equity Risk-Parity,EQ_PLD,0.015143269099289097
2022-07-01,Equity Risk-Parity,EQ_PSA,0.02086791403727673
2022-07-01,Equity Risk-Parity,EQ_QCOM,0.01232372494369004
2022-07-01,Equity Risk-Parity,EQ_SBUX,0.014383460741059537
2022-07-01,Equity Risk-Parity,EQ_SHW,0.021444433801696645
2022-07-01,Equity Risk-Parity,EQ_SLB,0.013336595095770565
2022-07-01,Equity Risk-Parity,EQ_SO,0.030345833232281735
2022-07-01,Equity Risk-Parity,EQ_T,0.022499075288454795
2022-07-01,Equity Risk-Parity,EQ_TMUS,0.018369346577428072
2022-07-01,Equity Risk-Parity,EQ_TTWO,0.018584020337057434
2022-07-01,Equity Risk-Parity,EQ_UPS,0.018752993775440346
2022-07-01,Equity Risk-Parity,EQ_USB,0.01659851516171849
2022-07-01,Equity Risk-Parity,EQ_V,0.014780892785053255
2022-07-01,Equity Risk-Parity,EQ_WFC,0.013688733992747443
2022-07-01,Equity Risk-Parity,EQ_WMT,0.03742520099689744
2022-07-01,Equity Risk-Parity,EQ_XOM,0.017642960873178747
2022-08-01,Equity Risk-Parity,EQ_ABBV,0.032373988886796184
2022-08-01,Equity Risk-Parity,EQ_ABT,0.018872635020260306
2022-08-01,Equity Risk-Parity,EQ_ADBE,0.01374784111556537
2022-08-01,Equity Risk-Parity,EQ_AEP,0.02873556204009383
2022-08-01,Equity Risk-Parity,EQ_AMD,0.009008619151907843
2022-08-01,Equity Risk-Parity,EQ_AMGN,0.03161190712173935
2022-08-01,Equity Risk-Parity,EQ_AMT,0.018547494418247823
2022-08-01,Equity Risk-Parity,EQ_BA,0.011828188417663286
2022-08-01,Equity Risk-Parity,EQ_CAT,0.016474130774108725
2022-08-01,Equity Risk-Parity,EQ_CCI,0.019576717630001652
2022-08-01,Equity Risk-Parity,EQ_CMCSA,0.021348105889658412
2022-08-01,Equity Risk-Parity,EQ_COP,0.014283663038344002
2022-08-01,Equity Risk-Parity,EQ_CVX,0.019457485112786027
2022-08-01,Equity Risk-Parity,EQ_D,0.02920597098294345
2022-08-01,Equity Risk-Parity,EQ_DD,0.013791160195437907
2022-08-01,Equity Risk-Parity,EQ_DIS,0.0165542772813727
2022-08-01,Equity Risk-Parity,EQ_DOW,0.017566665815041696
2022-08-01,Equity Risk-Parity,EQ_DUK,0.032630532033954274
2022-08-01,Equity Risk-Parity,EQ_EA,0.02710788980241008
2022-08-01,Equity Risk-Parity,EQ_GE,0.013320112142596253
2022-08-01,Equity Risk-Parity,EQ_GILD,0.032698226415960756
2022-08-01,Equity Risk-Parity,EQ_GS,0.015068021529027965
2022-08-01,Equity Risk-Parity,EQ_INTC,0.015862132905144943
2022-08-01,Equity Risk-Parity,EQ_KO,0.02704287101254171
2022-08-01,Equity Risk-Parity,EQ_MMM,0.022724989442345404
2022-08-01,Equity Risk-Parity,EQ_MRK,0.03507486986371566
2022-08-01,Equity Risk-Parity,EQ_MS,0.014209137669284843
2022-08-01,Equity Risk-Parity,EQ_NEE,0.020553985007569674
2022-08-01,Equity Risk-Parity,EQ_NEM,0.036820320787083166
2022-08-01,Equity Risk-Parity,EQ_NKE,0.014378005032186673
2022-08-01,Equity Risk-Parity,EQ_NUE,0.012188178356924633
2022-08-01,Equity Risk-Parity,EQ_NVDA,0.008759098940954694
2022-08-01,Equity Risk-Parity,EQ_O,0.022316582338395508
2022-08-01,Equity Risk-Parity,EQ_OXY,0.011373826172306279
2022-08-01,Equity Risk-Parity,EQ_PLD,0.014661864494158225
2022-08-01,Equity Risk-Parity,EQ_PSA,0.020461105393572127
2022-08-01,Equity Risk-Parity,EQ_QCOM,0.012794945690421592
2022-08-01,Equity Risk-Parity,EQ_SBUX,0.01446430364111399
2022-08-01,Equity Risk-Parity,EQ_SHW,0.021868908605539868
2022-08-01,Equity Risk-Parity,EQ_SLB,0.013650395123252636
2022-08-01,Equity Risk-Parity,EQ_SO,0.02988720885903847
2022-08-01,Equity Risk-Parity,EQ_T,0.02286784182419501
2022-08-01,Equity Risk-Parity,EQ_TMUS,0.018208712312933504
2022-08-01,Equity Risk-Parity,EQ_TTWO,0.018557313207070904
2022-08-01,Equity Risk-Parity,EQ_UPS,0.01785219150419449
2022-08-01,Equity Risk-Parity,EQ_USB,0.017435173975053984
2022-08-01,Equity Risk-Parity,EQ_V,0.015054762731791986
2022-08-01,Equity Risk-Parity,EQ_WFC,0.013792007024137897
2022-08-01,Equity Risk-Parity,EQ_WMT,0.03565705583094005
2022-08-01,Equity Risk-Parity,EQ_XOM,0.017673017438214166
2022-09-01,Equity Risk-Parity,EQ_ABBV,0.032556099421831526
2022-09-01,Equity Risk-Parity,EQ_ABT,0.018643412619524256
2022-09-01,Equity Risk-Parity,EQ_ADBE,0.013517306144319416
2022-09-01,Equity Risk-Parity,EQ_AEP,0.028199368036378406
2022-09-01,Equity Risk-Parity,EQ_AMD,0.008970718493017935
2022-09-01,Equity Risk-Parity,EQ_AMGN,0.03356540853104528
2022-09-01,Equity Risk-Parity,EQ_AMT,0.018398089912620073
2022-09-01,Equity Risk-Parity,EQ_BA,0.01200544430236635
2022-09-01,Equity Risk-Parity,EQ_CAT,0.016367951279341503
2022-09-01,Equity Risk-Parity,EQ_CCI,0.019402920540509908
2022-09-01,Equity Risk-Parity,EQ_CMCSA,0.021034263667236264
2022-09-01,Equity Risk-Parity,EQ_COP,0.015260135489211785
2022-09-01,Equity Risk-Parity,EQ_CVX,0.020621393326698115
2022-09-01,Equity Risk-Parity,EQ_D,0.029131458330453146
2022-09-01,Equity Risk-Parity,EQ_DD,0.013509964028605211
2022-09-01,Equity Risk-Parity,EQ_DIS,0.015935215861501942
2022-09-01,Equity Risk-Parity,EQ_DOW,0.017515490216173452
2022-09-01,Equity Risk-Parity,EQ_DUK,0.03217239852054707
2022-09-01,Equity Risk-Parity,EQ_EA,0.02741891122999887
2022-09-01,Equity Risk-Parity,EQ_GE,0.013248108621040306
2022-09-01,Equity Risk-Parity,EQ_GILD,0.032739511980580005
2022-09-01,Equity Risk-Parity,EQ_GS,0.015314052032162209
2022-09-01,Equity Risk-Parity,EQ_INTC,0.01520842528852524
2022-09-01,Equity Risk-Parity,EQ_KO,0.026806427193761275
2022-09-01,Equity Risk-Parity,EQ_MMM,0.020940849436476807
2022-09-01,Equity Risk-Parity,EQ_MRK,0.03492270875913507
2022-09-01,Equity Risk-Parity,EQ_MS,0.01431230382279089
2022-09-01,Equity Risk-Parity,EQ_NEE,0.020754636726286222
2022-09-01,Equity Risk-Parity,EQ_NEM,0.03609953781687228
2022-09-01,Equity Risk-Parity,EQ_NKE,0.014183295175928938
2022-09-01,Equity Risk-Parity,EQ_NUE,0.012424258897713968
2022-09-01,Equity Risk-Parity,EQ_NVDA,0.0084702771410983
2022-09-01,Equity Risk-Parity,EQ_O,0.022744660528299772
2022-09-01,Equity Risk-Parity,EQ_OXY,0.012395036777031167
2022-09-01,Equity Risk-Parity,EQ_PLD,0.014589525034828745
2022-09-01,Equity Risk-Parity,EQ_PSA,0.020045089932520414
2022-09-01,Equity Risk-Parity,EQ_QCOM,0.012487961021581805
2022-09-01,Equity Risk-Parity,EQ_SBUX,0.014350531439571207
2022-09-01,Equity Risk-Parity,EQ_SHW,0.021097175072863385
2022-09-01,Equity Risk-Parity,EQ_SLB,0.014447827033254966
2022-09-01,Equity Risk-Parity,EQ_SO,0.029921157347548393
2022-09-01,Equity Risk-Parity,EQ_T,0.02351346437546813
2022-09-01,Equity Risk-Parity,EQ_TMUS,0.018539699507153
2022-09-01,Equity Risk-Parity,EQ_TTWO,0.018109800388920655
2022-09-01,Equity Risk-Parity,EQ_UPS,0.01801898653159014
2022-09-01,Equity Risk-Parity,EQ_USB,0.017818480393054902
2022-09-01,Equity Risk-Parity,EQ_V,0.015098778271630961
2022-09-01,Equity Risk-Parity,EQ_WFC,0.014043771049421963
2022-09-01,Equity Risk-Parity,EQ_WMT,0.03452340002764271
2022-09-01,Equity Risk-Parity,EQ_XOM,0.018604312423865718
2022-10-03,Equity Risk-Parity,EQ_ABBV,0.03340548488539629
2022-10-03,Equity Risk-Parity,EQ_ABT,0.0193208174635233
2022-10-03,Equity Risk-Parity,EQ_ADBE,0.012961317100864391
2022-10-03,Equity Risk-Parity,EQ_AEP,0.026326578768439298
2022-10-03,Equity Risk-Parity,EQ_AMD,0.009098652125819128
2022-10-03,Equity Risk-Parity,EQ_AMGN,0.03405096134385809
2022-10-03,Equity Risk-Parity,EQ_AMT,0.018359945837708547
2022-10-03,Equity Risk-Parity,EQ_BA,0.011983495097922691
2022-10-03,Equity Risk-Parity,EQ_CAT,0.016695536362354938
2022-10-03,Equity Risk-Parity,EQ_CCI,0.018965011306047663
2022-10-03,Equity Risk-Parity,EQ_CMCSA,0.01990660770908579
2022-10-03,Equity Risk-Parity,EQ_COP,0.015683611833077305
2022-10-03,Equity Risk-Parity,EQ_CVX,0.021074732185750383
2022-10-03,Equity Risk-Parity,EQ_D,0.027227027338429986
2022-10-03,Equity Risk-Parity,EQ_DD,0.013881587017840515
2022-10-03,Equity Risk-Parity,EQ_DIS,0.015627751176544705
2022-10-03,Equity Risk-Parity,EQ_DOW,0.017770208310927786
2022-10-03,Equity Risk-Parity,EQ_DUK,0.029705689097513668
2022-10-03,Equity Risk-Parity,EQ_EA,0.025719025667334354
2022-10-03,Equity Risk-Parity,EQ_GE,0.014154880389346033
2022-10-03,Equity Risk-Parity,EQ_GILD,0.030157628393655097
2022-10-03,Equity Risk-Parity,EQ_GS,0.015862559121417277
2022-10-03,Equity Risk-Parity,EQ_INTC,0.015124821374688714
2022-10-03,Equity Risk-Parity,EQ_KO,0.02746115994467843
2022-10-03,Equity Risk-Parity,EQ_MMM,0.02183780950965164
2022-10-03,Equity Risk-Parity,EQ_MRK,0.03690024673984791
2022-10-03,Equity Risk-Parity,EQ_MS,0.01503479586915345
2022-10-03,Equity Risk-Parity,EQ_NEE,0.020736709236078316
2022-10-03,Equity Risk-Parity,EQ_NEM,0.033584564238032334
2022-10-03,Equity Risk-Parity,EQ_NKE,0.013249681443226038
2022-10-03,Equity Risk-Parity,EQ_NUE,0.013436780000774567
2022-10-03,Equity Risk-Parity,EQ_NVDA,0.008841490909566721
2022-10-03,Equity Risk-Parity,EQ_O,0.02367238942391896
2022-10-03,Equity Risk-Parity,EQ_OXY,0.01377362942706187
2022-10-03,Equity Risk-Parity,EQ_PLD,0.014964701946773525
2022-10-03,Equity Risk-Parity,EQ_PSA,0.020650439045665634
2022-10-03,Equity Risk-Parity,EQ_QCOM,0.012884514778982479
2022-10-03,Equity Risk-Parity,EQ_SBUX,0.014968901065266466
2022-10-03,Equity Risk-Parity,EQ_SHW,0.02094286900973163
2022-10-03,Equity Risk-Parity,EQ_SLB,0.014932359953513658
2022-10-03,Equity Risk-Parity,EQ_SO,0.02781555041632576
2022-10-03,Equity Risk-Parity,EQ_T,0.024025253807168755
2022-10-03,Equity Risk-Parity,EQ_TMUS,0.018910206491541064
2022-10-03,Equity Risk-Parity,EQ_TTWO,0.017605298356279497
2022-10-03,Equity Risk-Parity,EQ_UPS,0.01801534416058836
2022-10-03,Equity Risk-Parity,EQ_USB,0.018401533669676014
2022-10-03,Equity Risk-Parity,EQ_V,0.015866755637883763
2022-10-03,Equity Risk-Parity,EQ_WFC,0.014661537895011302
2022-10-03,Equity Risk-Parity,EQ_WMT,0.0344096545803988
2022-10-03,Equity Risk-Parity,EQ_XOM,0.019351892535657087
2022-11-01,Equity Risk-Parity,EQ_ABBV,0.033849317053373705
2022-11-01,Equity Risk-Parity,EQ_ABT,0.01936771139248031
2022-11-01,Equity Risk-Parity,EQ_ADBE,0.013515399359443379
2022-11-01,Equity Risk-Parity,EQ_AEP,0.02454583979525343
2022-11-01,Equity Risk-Parity,EQ_AMD,0.009200551210546162
2022-11-01,Equity Risk-Parity,EQ_AMGN,0.03445015930818544
2022-11-01,Equity Risk-Parity,EQ_AMT,0.018067815790798445
2022-11-01,Equity Risk-Parity,EQ_BA,0.01255804252730676
2022-11-01,Equity Risk-Parity,EQ_CAT,0.01670744051850586
2022-11-01,Equity Risk-Parity,EQ_CCI,0.019203507413641966
2022-11-01,Equity Risk-Parity,EQ_CMCSA,0.02044408401953991
2022-11-01,Equity Risk-Parity,EQ_COP,0.01608877784601536
2022-11-01,Equity Risk-Parity,EQ_CVX,0.02108770582840559
2022-11-01,Equity Risk-Parity,EQ_D,0.02578842070876322
2022-11-01,Equity Risk-Parity,EQ_DD,0.014209022488606648
2022-11-01,Equity Risk-Parity,EQ_DIS,0.015801764999669128
2022-11-01,Equity Risk-Parity,EQ_DOW,0.01813338140932441
2022-11-01,Equity Risk-Parity,EQ_DUK,0.027271269715281196
2022-11-01,Equity Risk-Parity,EQ_EA,0.026094291996382
2022-11-01,Equity Risk-Parity,EQ_GE,0.01428923623314685
2022-11-01,Equity Risk-Parity,EQ_GILD,0.026565821109435075
2022-11-01,Equity Risk-Parity,EQ_GS,0.01585775152253717
2022-11-01,Equity Risk-Parity,EQ_INTC,0.014435010185794257
2022-11-01,Equity Risk-Parity,EQ_KO,0.027449526887940036
2022-11-01,Equity Risk-Parity,EQ_MMM,0.021054163233598308
2022-11-01,Equity Risk-Parity,EQ_MRK,0.04025867641867396
2022-11-01,Equity Risk-Parity,EQ_MS,0.014956003788690308
2022-11-01,Equity Risk-Parity,EQ_NEE,0.02019794321908147
2022-11-01,Equity Risk-Parity,EQ_NEM,0.031590306932497245
2022-11-01,Equity Risk-Parity,EQ_NKE,0.013663772606186807
2022-11-01,Equity Risk-Parity,EQ_NUE,0.01337245467944181
2022-11-01,Equity Risk-Parity,EQ_NVDA,0.009002208609574437
2022-11-01,Equity Risk-Parity,EQ_O,0.02405491571022636
2022-11-01,Equity Risk-Parity,EQ_OXY,0.01498136135459964
2022-11-01,Equity Risk-Parity,EQ_PLD,0.015364407130210398
2022-11-01,Equity Risk-Parity,EQ_PSA,0.02136093804269747
2022-11-01,Equity Risk-Parity,EQ_QCOM,0.0131076910336409
2022-11-01,Equity Risk-Parity,EQ_SBUX,0.01569896713784394
2022-11-01,Equity Risk-Parity,EQ_SHW,0.01958404828295775
2022-11-01,Equity Risk-Parity,EQ_SLB,0.015442592494675814
2022-11-01,Equity Risk-Parity,EQ_SO,0.026180655622908413
2022-11-01,Equity Risk-Parity,EQ_T,0.023700811011578813
2022-11-01,Equity Risk-Parity,EQ_TMUS,0.019029784604237918
2022-11-01,Equity Risk-Parity,EQ_TTWO,0.018913828846708045
2022-11-01,Equity Risk-Parity,EQ_UPS,0.018952792647928478
2022-11-01,Equity Risk-Parity,EQ_USB,0.01872352146120864
2022-11-01,Equity Risk-Parity,EQ_V,0.016889012432139396
2022-11-01,Equity Risk-Parity,EQ_WFC,0.01503164163274264
2022-11-01,Equity Risk-Parity,EQ_WMT,0.0338118618090245
2022-11-01,Equity Risk-Parity,EQ_XOM,0.020093789936550244
2022-12-01,Equity Risk-Parity,EQ_ABBV,0.0344881190608196
2022-12-01,Equity Risk-Parity,EQ_ABT,0.018905660315632126
2022-12-01,Equity Risk-Parity,EQ_ADBE,0.012676261228855594
2022-12-01,Equity Risk-Parity,EQ_AEP,0.024489115223752845
2022-12-01,Equity Risk-Parity,EQ_AMD,0.008769824074630153
2022-12-01,Equity Risk-Parity,EQ_AMGN,0.03653360877136662
2022-12-01,Equity Risk-Parity,EQ_AMT,0.016999035464572966
2022-12-01,Equity Risk-Parity,EQ_BA,0.01304439839783384
2022-12-01,Equity Risk-Parity,EQ_CAT,0.01714701229908123
2022-12-01,Equity Risk-Parity,EQ_CCI,0.018100632645350258
2022-12-01,Equity Risk-Parity,EQ_CMCSA,0.020044316908269938
2022-12-01,Equity Risk-Parity,EQ_COP,0.016788716044346785
2022-12-01,Equity Risk-Parity,EQ_CVX,0.021231322549308936
2022-12-01,Equity Risk-Parity,EQ_D,0.026469819418391178
2022-12-01,Equity Risk-Parity,EQ_DD,0.01483947770481166
2022-12-01,Equity Risk-Parity,EQ_DIS,0.01486078538810581
2022-12-01,Equity Risk-Parity,EQ_DOW,0.017635986074364538
2022-12-01,Equity Risk-Parity,EQ_DUK,0.027739862156357487
2022-12-01,Equity Risk-Parity,EQ_EA,0.02606193298436855
2022-12-01,Equity Risk-Parity,EQ_GE,0.014961234150082542
2022-12-01,Equity Risk-Parity,EQ_GILD,0.027744179919339397
2022-12-01,Equity Risk-Parity,EQ_GS,0.016309659792847032
2022-12-01,Equity Risk-Parity,EQ_INTC,0.013654244316924524
2022-12-01,Equity Risk-Parity,EQ_KO,0.02806630582847834
2022-12-01,Equity Risk-Parity,EQ_MMM,0.020898840378944537
2022-12-01,Equity Risk-Parity,EQ_MRK,0.04538393902494987
2022-12-01,Equity Risk-Parity,EQ_MS,0.015163254461017853
2022-12-01,Equity Risk-Parity,EQ_NEE,0.019844466609126525
2022-12-01,Equity Risk-Parity,EQ_NEM,0.025245228750017182
2022-12-01,Equity Risk-Parity,EQ_NKE,0.012955721725800872
2022-12-01,Equity Risk-Parity,EQ_NUE,0.013471891359751999
2022-12-01,Equity Risk-Parity,EQ_NVDA,0.008497905933741659
2022-12-01,Equity Risk-Parity,EQ_O,0.023651363616446448
2022-12-01,Equity Risk-Parity,EQ_OXY,0.015191613497476894
2022-12-01,Equity Risk-Parity,EQ_PLD,0.01495282790936879
2022-12-01,Equity Risk-Parity,EQ_PSA,0.019973706582704413
2022-12-01,Equity Risk-Parity,EQ_QCOM,0.012277532174290883
2022-12-01,Equity Risk-Parity,EQ_SBUX,0.015576356225087492
2022-12-01,Equity Risk-Parity,EQ_SHW,0.018261464845936205
2022-12-01,Equity Risk-Parity,EQ_SLB,0.016707267112377668
2022-12-01,Equity Risk-Parity,EQ_SO,0.026003384454584562
2022-12-01,Equity Risk-Parity,EQ_T,0.024712711334806944
2022-12-01,Equity Risk-Parity,EQ_TMUS,0.020647195162779488
2022-12-01,Equity Risk-Parity,EQ_TTWO,0.01900181964617484
2022-12-01,Equity Risk-Parity,EQ_UPS,0.01813345608959424
2022-12-01,Equity Risk-Parity,EQ_USB,0.018860623108817025
2022-12-01,Equity Risk-Parity,EQ_V,0.016502053807608767
2022-12-01,Equity Risk-Parity,EQ_WFC,0.015746558979225958
2022-12-01,Equity Risk-Parity,EQ_WMT,0.03381438128628301
2022-12-01,Equity Risk-Parity,EQ_XOM,0.02096292520519389
2023-01-03,Equity Risk-Parity,EQ_ABBV,0.03503339969715997
2023-01-03,Equity Risk-Parity,EQ_ABT,0.018613707761698968
2023-01-03,Equity Risk-Parity,EQ_ADBE,0.0126806161518608
2023-01-03,Equity Risk-Parity,EQ_AEP,0.024309876936846095
2023-01-03,Equity Risk-Parity,EQ_AMD,0.008739061208426548
2023-01-03,Equity Risk-Parity,EQ_AMGN,0.03746204358960723
2023-01-03,Equity Risk-Parity,EQ_AMT,0.01724076162804942
2023-01-03,Equity Risk-Parity,EQ_BA,0.013453260474580944
2023-01-03,Equity Risk-Parity,EQ_CAT,0.017288475984238046
2023-01-03,Equity Risk-Parity,EQ_CCI,0.018352559894632744
2023-01-03,Equity Risk-Parity,EQ_CMCSA,0.01978368872396207
2023-01-03,Equity Risk-Parity,EQ_COP,0.016949608568394593
2023-01-03,Equity Risk-Parity,EQ_CVX,0.021059035968548384
2023-01-03,Equity Risk-Parity,EQ_D,0.026766613069885956
2023-01-03,Equity Risk-Parity,EQ_DD,0.014999319497651167
2023-01-03,Equity Risk-Parity,EQ_DIS,0.014751567726529828
2023-01-03,Equity Risk-Parity,EQ_DOW,0.017732772442984664
2023-01-03,Equity Risk-Parity,EQ_DUK,0.027777737605168145
2023-01-03,Equity Risk-Parity,EQ_EA,0.02594289378018684
2023-01-03,Equity Risk-Parity,EQ_GE,0.014982093257138814
2023-01-03,Equity Risk-Parity,EQ_GILD,0.027279405086267007
2023-01-03,Equity Risk-Parity,EQ_GS,0.01662259986748875
2023-01-03,Equity Risk-Parity,EQ_INTC,0.013826966288926051
2023-01-03,Equity Risk-Parity,EQ_KO,0.028323883247568984
2023-01-03,Equity Risk-Parity,EQ_MMM,0.02073821635053414
2023-01-03,Equity Risk-Parity,EQ_MRK,0.04281958745603803
2023-01-03,Equity Risk-Parity,EQ_MS,0.015281586185490525
2023-01-03,Equity Risk-Parity,EQ_NEE,0.01972492224302528
2023-01-03,Equity Risk-Parity,EQ_NEM,0.02509875842601999
2023-01-03,Equity Risk-Parity,EQ_NKE,0.012502074136064176
2023-01-03,Equity Risk-Parity,EQ_NUE,0.013060004187104474
2023-01-03,Equity Risk-Parity,EQ_NVDA,0.008506796469299457
2023-01-03,Equity Risk-Parity,EQ_O,0.024500067976929423
2023-01-03,Equity Risk-Parity,EQ_OXY,0.01535930054299673
2023-01-03,Equity Risk-Parity,EQ_PLD,0.014771607075235088
2023-01-03,Equity Risk-Parity,EQ_PSA,0.019807668199113032
2023-01-03,Equity Risk-Parity,EQ_QCOM,0.011985965244343961
2023-01-03,Equity Risk-Parity,EQ_SBUX,0.015998003769759822
2023-01-03,Equity Risk-Parity,EQ_SHW,0.018240674515392692
2023-01-03,Equity Risk-Parity,EQ_SLB,0.016388444730879418
2023-01-03,Equity Risk-Parity,EQ_SO,0.025943235934435163
2023-01-03,Equity Risk-Parity,EQ_T,0.025333481836712052
2023-01-03,Equity Risk-Parity,EQ_TMUS,0.02152237294675613
2023-01-03,Equity Risk-Parity,EQ_TTWO,0.01867806750071788
2023-01-03,Equity Risk-Parity,EQ_UPS,0.018005238634696677
2023-01-03,Equity Risk-Parity,EQ_USB,0.019010338477779422
2023-01-03,Equity Risk-Parity,EQ_V,0.016970384361624208
2023-01-03,Equity Risk-Parity,EQ_WFC,0.016443075570133747
2023-01-03,Equity Risk-Parity,EQ_WMT,0.032707081034033386
2023-01-03,Equity Risk-Parity,EQ_XOM,0.020631097737083052
2023-02-01,Equity Risk-Parity,EQ_ABBV,0.034821610178607444
2023-02-01,Equity Risk-Parity,EQ_ABT,0.01889921271037907
2023-02-01,Equity Risk-Parity,EQ_ADBE,0.012886308145654451
2023-02-01,Equity Risk-Parity,EQ_AEP,0.023906373495117813
2023-02-01,Equity Risk-Parity,EQ_AMD,0.008831065443287042
2023-02-01,Equity Risk-Parity,EQ_AMGN,0.03775625969791089
2023-02-01,Equity Risk-Parity,EQ_AMT,0.017289613753406936
2023-02-01,Equity Risk-Parity,EQ_BA,0.013695419416105725
2023-02-01,Equity Risk-Parity,EQ_CAT,0.01702587898517092
2023-02-01,Equity Risk-Parity,EQ_CCI,0.01809894606034942
2023-02-01,Equity Risk-Parity,EQ_CMCSA,0.01959729658109287
2023-02-01,Equity Risk-Parity,EQ_COP,0.017379276901189265
2023-02-01,Equity Risk-Parity,EQ_CVX,0.021049559813362206
2023-02-01,Equity Risk-Parity,EQ_D,0.026463609780652018
2023-02-01,Equity Risk-Parity,EQ_DD,0.01509575672511486
2023-02-01,Equity Risk-Parity,EQ_DIS,0.014821095551249818
2023-02-01,Equity Risk-Parity,EQ_DOW,0.0174589040723226
2023-02-01,Equity Risk-Parity,EQ_DUK,0.02757619305340677
2023-02-01,Equity Risk-Parity,EQ_EA,0.026165911135163304
2023-02-01,Equity Risk-Parity,EQ_GE,0.015151986981182716
2023-02-01,Equity Risk-Parity,EQ_GILD,0.027711182665251424
2023-02-01,Equity Risk-Parity,EQ_GS,0.017172382767293812
2023-02-01,Equity Risk-Parity,EQ_INTC,0.013366588734107593
2023-02-01,Equity Risk-Parity,EQ_KO,0.028465716173445798
2023-02-01,Equity Risk-Parity,EQ_MMM,0.01956855041732682
2023-02-01,Equity Risk-Parity,EQ_MRK,0.041977309573639814
2023-02-01,Equity Risk-Parity,EQ_MS,0.015388580425880656
2023-02-01,Equity Risk-Parity,EQ_NEE,0.020201151496790165
2023-02-01,Equity Risk-Parity,EQ_NEM,0.02378663056329262
2023-02-01,Equity Risk-Parity,EQ_NKE,0.012503937841761195
2023-02-01,Equity Risk-Parity,EQ_NUE,0.012987349922428254
2023-02-01,Equity Risk-Parity,EQ_NVDA,0.008506428150143438
2023-02-01,Equity Risk-Parity,EQ_O,0.024845831232524238
2023-02-01,Equity Risk-Parity,EQ_OXY,0.016102668487207497
2023-02-01,Equity Risk-Parity,EQ_PLD,0.01448878248035828
2023-02-01,Equity Risk-Parity,EQ_PSA,0.019804320994710075
2023-02-01,Equity Risk-Parity,EQ_QCOM,0.011938605238446642
2023-02-01,Equity Risk-Parity,EQ_SBUX,0.015899855442482395
2023-02-01,Equity Risk-Parity,EQ_SHW,0.017777364081479605
2023-02-01,Equity Risk-Parity,EQ_SLB,0.016828610711124785
2023-02-01,Equity Risk-Parity,EQ_SO,0.025391437581751847
2023-02-01,Equity Risk-Parity,EQ_T,0.026390338875183036
2023-02-01,Equity Risk-Parity,EQ_TMUS,0.022331512988605112
2023-02-01,Equity Risk-Parity,EQ_TTWO,0.018915110212284397
2023-02-01,Equity Risk-Parity,EQ_UPS,0.017817422272233815
2023-02-01,Equity Risk-Parity,EQ_USB,0.019015091296544676
2023-02-01,Equity Risk-Parity,EQ_V,0.01757303682772119
2023-02-01,Equity Risk-Parity,EQ_WFC,0.016690292246143545
2023-02-01,Equity Risk-Parity,EQ_WMT,0.03184096367305303
2023-02-01,Equity Risk-Parity,EQ_XOM,0.020742668146058074
2023-03-01,Equity Risk-Parity,EQ_ABBV,0.034986672790100294
2023-03-01,Equity Risk-Parity,EQ_ABT,0.019139001968475
2023-03-01,Equity Risk-Parity,EQ_ADBE,0.012909136277625239
2023-03-01,Equity Risk-Parity,EQ_AEP,0.023542928501144422
2023-03-01,Equity Risk-Parity,EQ_AMD,0.009068401136414283
2023-03-01,Equity Risk-Parity,EQ_AMGN,0.03866736788336858
2023-03-01,Equity Risk-Parity,EQ_AMT,0.016984814456602222
2023-03-01,Equity Risk-Parity,EQ_BA,0.013568957263715646
2023-03-01,Equity Risk-Parity,EQ_CAT,0.017164781241399734
2023-03-01,Equity Risk-Parity,EQ_CCI,0.017892046180771237
2023-03-01,Equity Risk-Parity,EQ_CMCSA,0.01954037484204081
2023-03-01,Equity Risk-Parity,EQ_COP,0.0170574163974759
2023-03-01,Equity Risk-Parity,EQ_CVX,0.02093731647757786
2023-03-01,Equity Risk-Parity,EQ_D,0.026253783009711092
2023-03-01,Equity Risk-Parity,EQ_DD,0.015265430426044294
2023-03-01,Equity Risk-Parity,EQ_DIS,0.014492421094841298
2023-03-01,Equity Risk-Parity,EQ_DOW,0.01751423843776543
2023-03-01,Equity Risk-Parity,EQ_DUK,0.027894627128104556
2023-03-01,Equity Risk-Parity,EQ_EA,0.026122973312672014
2023-03-01,Equity Risk-Parity,EQ_GE,0.015607600411825502
2023-03-01,Equity Risk-Parity,EQ_GILD,0.027166321741210062
2023-03-01,Equity Risk-Parity,EQ_GS,0.017340129245919426
2023-03-01,Equity Risk-Parity,EQ_INTC,0.013254182357605613
2023-03-01,Equity Risk-Parity,EQ_KO,0.02810408483576096
2023-03-01,Equity Risk-Parity,EQ_MMM,0.019865739509869737
2023-03-01,Equity Risk-Parity,EQ_MRK,0.042629558956573596
2023-03-01,Equity Risk-Parity,EQ_MS,0.01570592531005083
2023-03-01,Equity Risk-Parity,EQ_NEE,0.02038625650037708
2023-03-01,Equity Risk-Parity,EQ_NEM,0.02231302780123065
2023-03-01,Equity Risk-Parity,EQ_NKE,0.01233068969140852
2023-03-01,Equity Risk-Parity,EQ_NUE,0.013518144552362173
2023-03-01,Equity Risk-Parity,EQ_NVDA,0.008744128767967428
2023-03-01,Equity Risk-Parity,EQ_O,0.02512437278012087
2023-03-01,Equity Risk-Parity,EQ_OXY,0.015267658656524121
2023-03-01,Equity Risk-Parity,EQ_PLD,0.014670580563882247
2023-03-01,Equity Risk-Parity,EQ_PSA,0.02018940014788071
2023-03-01,Equity Risk-Parity,EQ_QCOM,0.01227943289115047
2023-03-01,Equity Risk-Parity,EQ_SBUX,0.015696264142161645
2023-03-01,Equity Risk-Parity,EQ_SHW,0.01807838430102601
2023-03-01,Equity Risk-Parity,EQ_SLB,0.01667305700442476
2023-03-01,Equity Risk-Parity,EQ_SO,0.025176362510281457
2023-03-01,Equity Risk-Parity,EQ_T,0.026540768084208632
2023-03-01,Equity Risk-Parity,EQ_TMUS,0.021859794978023105
2023-03-01,Equity Risk-Parity,EQ_TTWO,0.018242839658389715
2023-03-01,Equity Risk-Parity,EQ_UPS,0.01846730982999258
2023-03-01,Equity Risk-Parity,EQ_USB,0.01926856066465563
2023-03-01,Equity Risk-Parity,EQ_V,0.01772503179809642
2023-03-01,Equity Risk-Parity,EQ_WFC,0.01683769481580091
2023-03-01,Equity Risk-Parity,EQ_WMT,0.03128496754518998
2023-03-01,Equity Risk-Parity,EQ_XOM,0.020649041120179252
2023-04-03,Equity Risk-Parity,EQ_ABBV,0.035336802358178585
2023-04-03,Equity Risk-Parity,EQ_ABT,0.019374011624993852
2023-04-03,Equity Risk-Parity,EQ_ADBE,0.013180307570390315
2023-04-03,Equity Risk-Parity,EQ_AEP,0.02310109415605082
2023-04-03,Equity Risk-Parity,EQ_AMD,0.009533018380937947
2023-04-03,Equity Risk-Parity,EQ_AMGN,0.038948087978078465
2023-04-03,Equity Risk-Parity,EQ_AMT,0.016900096380995294
2023-04-03,Equity Risk-Parity,EQ_BA,0.013693200989437214
2023-04-03,Equity Risk-Parity,EQ_CAT,0.016498293362006502
2023-04-03,Equity Risk-Parity,EQ_CCI,0.017773199502074594
2023-04-03,Equity Risk-Parity,EQ_CMCSA,0.0195402143816155
2023-04-03,Equity Risk-Parity,EQ_COP,0.016567553368285533
2023-04-03,Equity Risk-Parity,EQ_CVX,0.019645628444380808
2023-04-03,Equity Risk-Parity,EQ_D,0.025895461927776624
2023-04-03,Equity Risk-Parity,EQ_DD,0.01567545538828745
2023-04-03,Equity Risk-Parity,EQ_DIS,0.014734903165642752
2023-04-03,Equity Risk-Parity,EQ_DOW,0.0178733206817437
2023-04-03,Equity Risk-Parity,EQ_DUK,0.026849378744009
2023-04-03,Equity Risk-Parity,EQ_EA,0.02660863290783597
2023-04-03,Equity Risk-Parity,EQ_GE,0.016032909247276073
2023-04-03,Equity Risk-Parity,EQ_GILD,0.026760572551019605
2023-04-03,Equity Risk-Parity,EQ_GS,0.017261005418803013
2023-04-03,Equity Risk-Parity,EQ_INTC,0.013610096034158352
2023-04-03,Equity Risk-Parity,EQ_KO,0.029033662206671557
2023-04-03,Equity Risk-Parity,EQ_MMM,0.02001066392027466
2023-04-03,Equity Risk-Parity,EQ_MRK,0.04236686634930414
2023-04-03,Equity Risk-Parity,EQ_MS,0.015827002242828767
2023-04-03,Equity Risk-Parity,EQ_NEE,0.0197192545130051
2023-04-03,Equity Risk-Parity,EQ_NEM,0.022606513590098857
2023-04-03,Equity Risk-Parity,EQ_NKE,0.01283868291678585
2023-04-03,Equity Risk-Parity,EQ_NUE,0.013456317028687888
2023-04-03,Equity Risk-Parity,EQ_NVDA,0.009202468883051245
2023-04-03,Equity Risk-Parity,EQ_O,0.02489813336626187
2023-04-03,Equity Risk-Parity,EQ_OXY,0.015386901833597914
2023-04-03,Equity Risk-Parity,EQ_PLD,0.014267710765839247
2023-04-03,Equity Risk-Parity,EQ_PSA,0.020029503420607483
2023-04-03,Equity Risk-Parity,EQ_QCOM,0.012927258192039869
2023-04-03,Equity Risk-Parity,EQ_SBUX,0.016604060663554604
2023-04-03,Equity Risk-Parity,EQ_SHW,0.01799232539736322
2023-04-03,Equity Risk-Parity,EQ_SLB,0.015525682962422481
2023-04-03,Equity Risk-Parity,EQ_SO,0.024757100871405265
2023-04-03,Equity Risk-Parity,EQ_T,0.02678184496241453
2023-04-03,Equity Risk-Parity,EQ_TMUS,0.022532771259126866
2023-04-03,Equity Risk-Parity,EQ_TTWO,0.018335834318191125
2023-04-03,Equity Risk-Parity,EQ_UPS,0.01934235506826348
2023-04-03,Equity Risk-Parity,EQ_USB,0.017663037268382954
2023-04-03,Equity Risk-Parity,EQ_V,0.01840169944155425
2023-04-03,Equity Risk-Parity,EQ_WFC,0.016887432999389565
2023-04-03,Equity Risk-Parity,EQ_WMT,0.03177469253712724
2023-04-03,Equity Risk-Parity,EQ_XOM,0.01943697845777202
2023-05-01,Equity Risk-Parity,EQ_ABBV,0.03635223580417803
2023-05-01,Equity Risk-Parity,EQ_ABT,0.019702944900297507
2023-05-01,Equity Risk-Parity,EQ_ADBE,0.01325079583279756
2023-05-01,Equity Risk-Parity,EQ_AEP,0.02292677379678585
2023-05-01,Equity Risk-Parity,EQ_AMD,0.00982242154621068
2023-05-01,Equity Risk-Parity,EQ_AMGN,0.038829870944402135
2023-05-01,Equity Risk-Parity,EQ_AMT,0.016831384467033753
2023-05-01,Equity Risk-Parity,EQ_BA,0.01387873077430831
2023-05-01,Equity Risk-Parity,EQ_CAT,0.01682948828774462
2023-05-01,Equity Risk-Parity,EQ_CCI,0.017397312381138494
2023-05-01,Equity Risk-Parity,EQ_CMCSA,0.019173279533991738
2023-05-01,Equity Risk-Parity,EQ_COP,0.016460867064471536
2023-05-01,Equity Risk-Parity,EQ_CVX,0.019706565030550332
2023-05-01,Equity Risk-Parity,EQ_D,0.025564940735099018
2023-05-01,Equity Risk-Parity,EQ_DD,0.015698216002821532
2023-05-01,Equity Risk-Parity,EQ_DIS,0.014718154862133438
2023-05-01,Equity Risk-Parity,EQ_DOW,0.01725508532346565
2023-05-01,Equity Risk-Parity,EQ_DUK,0.026462935442992785
2023-05-01,Equity Risk-Parity,EQ_EA,0.02551311212923475
2023-05-01,Equity Risk-Parity,EQ_GE,0.01665773208509205
2023-05-01,Equity Risk-Parity,EQ_GILD,0.027198358163450356
2023-05-01,Equity Risk-Parity,EQ_GS,0.017658023129518096
2023-05-01,Equity Risk-Parity,EQ_INTC,0.013600049155009427
2023-05-01,Equity Risk-Parity,EQ_KO,0.029184760987445567
2023-05-01,Equity Risk-Parity,EQ_MMM,0.019865851348626583
2023-05-01,Equity Risk-Parity,EQ_MRK,0.04208955921729284
2023-05-01,Equity Risk-Parity,EQ_MS,0.016282675144000742
2023-05-01,Equity Risk-Parity,EQ_NEE,0.019517462087714453
2023-05-01,Equity Risk-Parity,EQ_NEM,0.02310885939227444
2023-05-01,Equity Risk-Parity,EQ_NKE,0.013208364251471276
2023-05-01,Equity Risk-Parity,EQ_NUE,0.01343143523306429
2023-05-01,Equity Risk-Parity,EQ_NVDA,0.00936661411662011
2023-05-01,Equity Risk-Parity,EQ_O,0.02513463393928741
2023-05-01,Equity Risk-Parity,EQ_OXY,0.015791108367470358
2023-05-01,Equity Risk-Parity,EQ_PLD,0.014148664705983579
2023-05-01,Equity Risk-Parity,EQ_PSA,0.020252466669045167
2023-05-01,Equity Risk-Parity,EQ_QCOM,0.012914681027752778
2023-05-01,Equity Risk-Parity,EQ_SBUX,0.016845496450841834
2023-05-01,Equity Risk-Parity,EQ_SHW,0.017127077799879504
2023-05-01,Equity Risk-Parity,EQ_SLB,0.015044100838015008
2023-05-01,Equity Risk-Parity,EQ_SO,0.024623970858162744
2023-05-01,Equity Risk-Parity,EQ_T,0.02538141280275353
2023-05-01,Equity Risk-Parity,EQ_TMUS,0.023496763774378353
2023-05-01,Equity Risk-Parity,EQ_TTWO,0.01815170312297351
2023-05-01,Equity Risk-Parity,EQ_UPS,0.01866194447632325
2023-05-01,Equity Risk-Parity,EQ_USB,0.017299274360013064
2023-05-01,Equity Risk-Parity,EQ_V,0.01884894422342428
2023-05-01,Equity Risk-Parity,EQ_WFC,0.016839346066187266
2023-05-01,Equity Risk-Parity,EQ_WMT,0.03260922483176195
2023-05-01,Equity Risk-Parity,EQ_XOM,0.01928432651450846
2023-06-01,Equity Risk-Parity,EQ_ABBV,0.03520144988493688
2023-06-01,Equity Risk-Parity,EQ_ABT,0.02070572988508439
2023-06-01,Equity Risk-Parity,EQ_ADBE,0.01311070063597079
2023-06-01,Equity Risk-Parity,EQ_AEP,0.021923151420855196
2023-06-01,Equity Risk-Parity,EQ_AMD,0.01066522976680149
2023-06-01,Equity Risk-Parity,EQ_AMGN,0.033989780786093986
2023-06-01,Equity Risk-Parity,EQ_AMT,0.01668303220171119
2023-06-01,Equity Risk-Parity,EQ_BA,0.01471839292736516
2023-06-01,Equity Risk-Parity,EQ_CAT,0.016376877586704506
2023-06-01,Equity Risk-Parity,EQ_CCI,0.0168710220850014
2023-06-01,Equity Risk-Parity,EQ_CMCSA,0.018363209994887445
2023-06-01,Equity Risk-Parity,EQ_COP,0.016943284744990048
2023-06-01,Equity Risk-Parity,EQ_CVX,0.019957940254292234
2023-06-01,Equity Risk-Parity,EQ_D,0.024006977213062577
2023-06-01,Equity Risk-Parity,EQ_DD,0.015285090276889027
2023-06-01,Equity Risk-Parity,EQ_DIS,0.014241589359184233
2023-06-01,Equity Risk-Parity,EQ_DOW,0.016496178081206164
2023-06-01,Equity Risk-Parity,EQ_DUK,0.02509696784787234
2023-06-01,Equity Risk-Parity,EQ_EA,0.026956241958226938
2023-06-01,Equity Risk-Parity,EQ_GE,0.017009490935955014
2023-06-01,Equity Risk-Parity,EQ_GILD,0.02591714359443015
2023-06-01,Equity Risk-Parity,EQ_GS,0.01760457602553434
2023-06-01,Equity Risk-Parity,EQ_INTC,0.013836284416175376
2023-06-01,Equity Risk-Parity,EQ_KO,0.03171574197693044
2023-06-01,Equity Risk-Parity,EQ_MMM,0.018669573598016197
2023-06-01,Equity Risk-Parity,EQ_MRK,0.04249879005506205
2023-06-01,Equity Risk-Parity,EQ_MS,0.016488558207233227
2023-06-01,Equity Risk-Parity,EQ_NEE,0.01978191049690539
2023-06-01,Equity Risk-Parity,EQ_NEM,0.02246293384521198
2023-06-01,Equity Risk-Parity,EQ_NKE,0.013261840078599553
2023-06-01,Equity Risk-Parity,EQ_NUE,0.013639270139487413
2023-06-01,Equity Risk-Parity,EQ_NVDA,0.00999075491821872
2023-06-01,Equity Risk-Parity,EQ_O,0.025277109010805363
2023-06-01,Equity Risk-Parity,EQ_OXY,0.017200704687832833
2023-06-01,Equity Risk-Parity,EQ_PLD,0.014758365440900428
2023-06-01,Equity Risk-Parity,EQ_PSA,0.021397916552637442
2023-06-01,Equity Risk-Parity,EQ_QCOM,0.013365845617869292
2023-06-01,Equity Risk-Parity,EQ_SBUX,0.01799769599675609
2023-06-01,Equity Risk-Parity,EQ_SHW,0.016387064778345815
2023-06-01,Equity Risk-Parity,EQ_SLB,0.016070575847928214
2023-06-01,Equity Risk-Parity,EQ_SO,0.02372552057546871
2023-06-01,Equity Risk-Parity,EQ_T,0.02482871490331119
2023-06-01,Equity Risk-Parity,EQ_TMUS,0.02708596411250886
2023-06-01,Equity Risk-Parity,EQ_TTWO,0.019519312606039105
2023-06-01,Equity Risk-Parity,EQ_UPS,0.018851216255765964
2023-06-01,Equity Risk-Parity,EQ_USB,0.015331558035717577
2023-06-01,Equity Risk-Parity,EQ_V,0.019695607763465996
2023-06-01,Equity Risk-Parity,EQ_WFC,0.016709799931770807
2023-06-01,Equity Risk-Parity,EQ_WMT,0.03188897840096299
2023-06-01,Equity Risk-Parity,EQ_XOM,0.019438334283017448
2023-07-03,Equity Risk-Parity,EQ_ABBV,0.03675641477025351
2023-07-03,Equity Risk-Parity,EQ_ABT,0.021474627660582966
2023-07-03,Equity Risk-Parity,EQ_ADBE,0.013216302265138237
2023-07-03,Equity Risk-Parity,EQ_AEP,0.021683982067349325
2023-07-03,Equity Risk-Parity,EQ_AMD,0.01151291340615357
2023-07-03,Equity Risk-Parity,EQ_AMGN,0.03211261638376277
2023-07-03,Equity Risk-Parity,EQ_AMT,0.016668829684600286
2023-07-03,Equity Risk-Parity,EQ_BA,0.01526220146739674
2023-07-03,Equity Risk-Parity,EQ_CAT,0.015391931887068538
2023-07-03,Equity Risk-Parity,EQ_CCI,0.016969072621283197
2023-07-03,Equity Risk-Parity,EQ_CMCSA,0.017592672017800872
2023-07-03,Equity Risk-Parity,EQ_COP,0.01697879971899308
2023-07-03,Equity Risk-Parity,EQ_CVX,0.019658110653341904
2023-07-03,Equity Risk-Parity,EQ_D,0.023324113741262528
2023-07-03,Equity Risk-Parity,EQ_DD,0.0152491507892527
2023-07-03,Equity Risk-Parity,EQ_DIS,0.013628857443381374
2023-07-03,Equity Risk-Parity,EQ_DOW,0.016046252865816284
2023-07-03,Equity Risk-Parity,EQ_DUK,0.02446160558535867
2023-07-03,Equity Risk-Parity,EQ_EA,0.027328849629806317
2023-07-03,Equity Risk-Parity,EQ_GE,0.01775555208744225
2023-07-03,Equity Risk-Parity,EQ_GILD,0.02494074176204952
2023-07-03,Equity Risk-Parity,EQ_GS,0.01752578418080576
2023-07-03,Equity Risk-Parity,EQ_INTC,0.013394955684124295
2023-07-03,Equity Risk-Parity,EQ_KO,0.030769417997476366
2023-07-03,Equity Risk-Parity,EQ_MMM,0.01686882630669215
2023-07-03,Equity Risk-Parity,EQ_MRK,0.046881028966723234
2023-07-03,Equity Risk-Parity,EQ_MS,0.01631522388080328
2023-07-03,Equity Risk-Parity,EQ_NEE,0.020386157131700826
2023-07-03,Equity Risk-Parity,EQ_NEM,0.020635736353175033
2023-07-03,Equity Risk-Parity,EQ_NKE,0.013190892228625106
2023-07-03,Equity Risk-Parity,EQ_NUE,0.013488183423520884
2023-07-03,Equity Risk-Parity,EQ_NVDA,0.010598440067018737
2023-07-03,Equity Risk-Parity,EQ_O,0.025244295277021687
2023-07-03,Equity Risk-Parity,EQ_OXY,0.017543455796461455
2023-07-03,Equity Risk-Parity,EQ_PLD,0.015285666844938619
2023-07-03,Equity Risk-Parity,EQ_PSA,0.020818355874255196
2023-07-03,Equity Risk-Parity,EQ_QCOM,0.01304427204825873
2023-07-03,Equity Risk-Parity,EQ_SBUX,0.018454264380010237
2023-07-03,Equity Risk-Parity,EQ_SHW,0.016316492436442266
2023-07-03,Equity Risk-Parity,EQ_SLB,0.01585017351520946
2023-07-03,Equity Risk-Parity,EQ_SO,0.023815632282555007
2023-07-03,Equity Risk-Parity,EQ_T,0.025592312086057813
2023-07-03,Equity Risk-Parity,EQ_TMUS,0.029885650091957632
2023-07-03,Equity Risk-Parity,EQ_TTWO,0.020225251316073025
2023-07-03,Equity Risk-Parity,EQ_UPS,0.017453365483134534
2023-07-03,Equity Risk-Parity,EQ_USB,0.014508921162435896
2023-07-03,Equity Risk-Parity,EQ_V,0.020996080144400898
2023-07-03,Equity Risk-Parity,EQ_WFC,0.016894424845387408
2023-07-03,Equity Risk-Parity,EQ_WMT,0.03050771069798439
2023-07-03,Equity Risk-Parity,EQ_XOM,0.019495430988655516
2023-08-01,Equity Risk-Parity,EQ_ABBV,0.03696385844642535
2023-08-01,Equity Risk-Parity,EQ_ABT,0.022055201588947106
2023-08-01,Equity Risk-Parity,EQ_ADBE,0.013323339928660015
2023-08-01,Equity Risk-Parity,EQ_AEP,0.02115263749609474
2023-08-01,Equity Risk-Parity,EQ_AMD,0.01187849247018581
2023-08-01,Equity Risk-Parity,EQ_AMGN,0.03191472870569081
2023-08-01,Equity Risk-Parity,EQ_AMT,0.016651050083723366
2023-08-01,Equity Risk-Parity,EQ_BA,0.015410337457245456
2023-08-01,Equity Risk-Parity,EQ_CAT,0.01586902600644936
2023-08-01,Equity Risk-Parity,EQ_CCI,0.016896513229740204
2023-08-01,Equity Risk-Parity,EQ_CMCSA,0.017408102412297205
2023-08-01,Equity Risk-Parity,EQ_COP,0.01704653507928566
2023-08-01,Equity Risk-Parity,EQ_CVX,0.019784529698089116
2023-08-01,Equity Risk-Parity,EQ_D,0.022444995537537232
2023-08-01,Equity Risk-Parity,EQ_DD,0.01549077217543199
2023-08-01,Equity Risk-Parity,EQ_DIS,0.013815883280420617
2023-08-01,Equity Risk-Parity,EQ_DOW,0.01624631940206082
2023-08-01,Equity Risk-Parity,EQ_DUK,0.02360684354922829
2023-08-01,Equity Risk-Parity,EQ_EA,0.02725717591993328
2023-08-01,Equity Risk-Parity,EQ_GE,0.018282801719315837
2023-08-01,Equity Risk-Parity,EQ_GILD,0.024950507921014244
2023-08-01,Equity Risk-Parity,EQ_GS,0.017977752321695975
2023-08-01,Equity Risk-Parity,EQ_INTC,0.013248180761507165
2023-08-01,Equity Risk-Parity,EQ_KO,0.03087562914343639
2023-08-01,Equity Risk-Parity,EQ_MMM,0.015969884053831377
2023-08-01,Equity Risk-Parity,EQ_MRK,0.04603316766241432
2023-08-01,Equity Risk-Parity,EQ_MS,0.016510451391407315
2023-08-01,Equity Risk-Parity,EQ_NEE,0.02019032764985761
2023-08-01,Equity Risk-Parity,EQ_NEM,0.01968436278909118
2023-08-01,Equity Risk-Parity,EQ_NKE,0.013413853019585644
2023-08-01,Equity Risk-Parity,EQ_NUE,0.013672051358623299
2023-08-01,Equity Risk-Parity,EQ_NVDA,0.010730254700208197
2023-08-01,Equity Risk-Parity,EQ_O,0.025164149651521812
2023-08-01,Equity Risk-Parity,EQ_OXY,0.017869045357980503
2023-08-01,Equity Risk-Parity,EQ_PLD,0.015634163095529174
2023-08-01,Equity Risk-Parity,EQ_PSA,0.021242174922842916
2023-08-01,Equity Risk-Parity,EQ_QCOM,0.01281892007689754
2023-08-01,Equity Risk-Parity,EQ_SBUX,0.018565843150752902
2023-08-01,Equity Risk-Parity,EQ_SHW,0.015769343174814064
2023-08-01,Equity Risk-Parity,EQ_SLB,0.016094886248968234
2023-08-01,Equity Risk-Parity,EQ_SO,0.023395334465256715
2023-08-01,Equity Risk-Parity,EQ_T,0.024507002099407517
2023-08-01,Equity Risk-Parity,EQ_TMUS,0.030829555979152826
2023-08-01,Equity Risk-Parity,EQ_TTWO,0.020067807408755894
2023-08-01,Equity Risk-Parity,EQ_UPS,0.017636169556726988
2023-08-01,Equity Risk-Parity,EQ_USB,0.01406817076911778
2023-08-01,Equity Risk-Parity,EQ_V,0.02126100110563293
2023-08-01,Equity Risk-Parity,EQ_WFC,0.01753337103533132
2023-08-01,Equity Risk-Parity,EQ_WMT,0.031043047966693955
2023-08-01,Equity Risk-Parity,EQ_XOM,0.019744446975181934
2023-09-01,Equity Risk-Parity,EQ_ABBV,0.03677781473706142
2023-09-01,Equity Risk-Parity,EQ_ABT,0.022227200650019645
2023-09-01,Equity Risk-Parity,EQ_ADBE,0.013436268628974653
2023-09-01,Equity Risk-Parity,EQ_AEP,0.0211376385466031
2023-09-01,Equity Risk-Parity,EQ_AMD,0.011724575651431788
2023-09-01,Equity Risk-Parity,EQ_AMGN,0.03254210402591802
2023-09-01,Equity Risk-Parity,EQ_AMT,0.01651779004440119
2023-09-01,Equity Risk-Parity,EQ_BA,0.015379059673546133
2023-09-01,Equity Risk-Parity,EQ_CAT,0.016535841899687435
2023-09-01,Equity Risk-Parity,EQ_CCI,0.016836631094828046
2023-09-01,Equity Risk-Parity,EQ_CMCSA,0.017434636132093676
2023-09-01,Equity Risk-Parity,EQ_COP,0.016683712344571645
2023-09-01,Equity Risk-Parity,EQ_CVX,0.019586787197621792
2023-09-01,Equity Risk-Parity,EQ_D,0.021950485530302342
2023-09-01,Equity Risk-Parity,EQ_DD,0.016059701650446692
2023-09-01,Equity Risk-Parity,EQ_DIS,0.014139355368454403
2023-09-01,Equity Risk-Parity,EQ_DOW,0.016485442831810155
2023-09-01,Equity Risk-Parity,EQ_DUK,0.02346301796933821
2023-09-01,Equity Risk-Parity,EQ_EA,0.02518570916675853
2023-09-01,Equity Risk-Parity,EQ_GE,0.018710559675688174
2023-09-01,Equity Risk-Parity,EQ_GILD,0.024724553324662515
2023-09-01,Equity Risk-Parity,EQ_GS,0.018014866039933672
2023-09-01,Equity Risk-Parity,EQ_INTC,0.01302123537303694
2023-09-01,Equity Risk-Parity,EQ_KO,0.0318272690197071
2023-09-01,Equity Risk-Parity,EQ_MMM,0.01660246230221795
2023-09-01,Equity Risk-Parity,EQ_MRK,0.04486675115424833
2023-09-01,Equity Risk-Parity,EQ_MS,0.0168048314223711
2023-09-01,Equity Risk-Parity,EQ_NEE,0.019838168412624792
2023-09-01,Equity Risk-Parity,EQ_NEM,0.01953884855560552
2023-09-01,Equity Risk-Parity,EQ_NKE,0.013659755474142684
2023-09-01,Equity Risk-Parity,EQ_NUE,0.013898298900954032
2023-09-01,Equity Risk-Parity,EQ_NVDA,0.011291403924123231
2023-09-01,Equity Risk-Parity,EQ_O,0.024630130182977758
2023-09-01,Equity Risk-Parity,EQ_OXY,0.017478938193805475
2023-09-01,Equity Risk-Parity,EQ_PLD,0.01567818989455774
2023-09-01,Equity Risk-Parity,EQ_PSA,0.02130253010713366
2023-09-01,Equity Risk-Parity,EQ_QCOM,0.012956704453616755
2023-09-01,Equity Risk-Parity,EQ_SBUX,0.01911818445713607
2023-09-01,Equity Risk-Parity,EQ_SHW,0.016000672179895675
2023-09-01,Equity Risk-Parity,EQ_SLB,0.015729935629973903
2023-09-01,Equity Risk-Parity,EQ_SO,0.02302056918892078
2023-09-01,Equity Risk-Parity,EQ_T,0.02419879817266386
2023-09-01,Equity Risk-Parity,EQ_TMUS,0.03041021120433118
2023-09-01,Equity Risk-Parity,EQ_TTWO,0.019759940064285848
2023-09-01,Equity Risk-Parity,EQ_UPS,0.01753141261784425
2023-09-01,Equity Risk-Parity,EQ_USB,0.013956516213129131
2023-09-01,Equity Risk-Parity,EQ_V,0.021623866238703472
2023-09-01,Equity Risk-Parity,EQ_WFC,0.017742738836753678
2023-09-01,Equity Risk-Parity,EQ_WMT,0.03234744861496597
2023-09-01,Equity Risk-Parity,EQ_XOM,0.01961043702611995
2023-10-02,Equity Risk-Parity,EQ_ABBV,0.035494452667464454
2023-10-02,Equity Risk-Parity,EQ_ABT,0.021680942381683402
2023-10-02,Equity Risk-Parity,EQ_ADBE,0.014230022718268405
2023-10-02,Equity Risk-Parity,EQ_AEP,0.02098970173621335
2023-10-02,Equity Risk-Parity,EQ_AMD,0.011753259731965041
2023-10-02,Equity Risk-Parity,EQ_AMGN,0.03293157488714282
2023-10-02,Equity Risk-Parity,EQ_AMT,0.01595849444827375
2023-10-02,Equity Risk-Parity,EQ_BA,0.016380263909564263
2023-10-02,Equity Risk-Parity,EQ_CAT,0.016716251008250967
2023-10-02,Equity Risk-Parity,EQ_CCI,0.01643287712284951
2023-10-02,Equity Risk-Parity,EQ_CMCSA,0.018606860965742593
2023-10-02,Equity Risk-Parity,EQ_COP,0.016921130565551428
2023-10-02,Equity Risk-Parity,EQ_CVX,0.020145952513340584
2023-10-02,Equity Risk-Parity,EQ_D,0.021110297972845866
2023-10-02,Equity Risk-Parity,EQ_DD,0.016521343766134282
2023-10-02,Equity Risk-Parity,EQ_DIS,0.014362609166834692
2023-10-02,Equity Risk-Parity,EQ_DOW,0.016429282569477215
2023-10-02,Equity Risk-Parity,EQ_DUK,0.023518005400916565
2023-10-02,Equity Risk-Parity,EQ_EA,0.025871051647378584
2023-10-02,Equity Risk-Parity,EQ_GE,0.018622063373891457
2023-10-02,Equity Risk-Parity,EQ_GILD,0.025563863362744566
2023-10-02,Equity Risk-Parity,EQ_GS,0.017800034647788062
2023-10-02,Equity Risk-Parity,EQ_INTC,0.012841738060501241
2023-10-02,Equity Risk-Parity,EQ_KO,0.03276746227141839
2023-10-02,Equity Risk-Parity,EQ_MMM,0.01599525467543776
2023-10-02,Equity Risk-Parity,EQ_MRK,0.04381597025430003
2023-10-02,Equity Risk-Parity,EQ_MS,0.01625385006472074
2023-10-02,Equity Risk-Parity,EQ_NEE,0.019279390568496015
2023-10-02,Equity Risk-Parity,EQ_NEM,0.019741351449114385
2023-10-02,Equity Risk-Parity,EQ_NKE,0.013858266985365648
2023-10-02,Equity Risk-Parity,EQ_NUE,0.013220181658900975
2023-10-02,Equity Risk-Parity,EQ_NVDA,0.011229635812251096
2023-10-02,Equity Risk-Parity,EQ_O,0.023468905060058616
2023-10-02,Equity Risk-Parity,EQ_OXY,0.01743089448046446
2023-10-02,Equity Risk-Parity,EQ_PLD,0.015103984477923858
2023-10-02,Equity Risk-Parity,EQ_PSA,0.020801199059642356
2023-10-02,Equity Risk-Parity,EQ_QCOM,0.012467586427851701
2023-10-02,Equity Risk-Parity,EQ_SBUX,0.018624962860833698
2023-10-02,Equity Risk-Parity,EQ_SHW,0.015590071105821423
2023-10-02,Equity Risk-Parity,EQ_SLB,0.016463840935545322
2023-10-02,Equity Risk-Parity,EQ_SO,0.022687574143733496
2023-10-02,Equity Risk-Parity,EQ_T,0.02426291807677927
2023-10-02,Equity Risk-Parity,EQ_TMUS,0.03340363455110171
2023-10-02,Equity Risk-Parity,EQ_TTWO,0.020434827279300086
2023-10-02,Equity Risk-Parity,EQ_UPS,0.017305942273436483
2023-10-02,Equity Risk-Parity,EQ_USB,0.013269246402755045
2023-10-02,Equity Risk-Parity,EQ_V,0.02185225895271142
2023-10-02,Equity Risk-Parity,EQ_WFC,0.017626756910588303
2023-10-02,Equity Risk-Parity,EQ_WMT,0.032409509459761385
2023-10-02,Equity Risk-Parity,EQ_XOM,0.019752449176863304
2023-11-01,Equity Risk-Parity,EQ_ABBV,0.0369940652107859
2023-11-01,Equity Risk-Parity,EQ_ABT,0.02358356259762612
2023-11-01,Equity Risk-Parity,EQ_ADBE,0.013178260708365173
2023-11-01,Equity Risk-Parity,EQ_AEP,0.02192581746156272
2023-11-01,Equity Risk-Parity,EQ_AMD,0.01220933063604783
2023-11-01,Equity Risk-Parity,EQ_AMGN,0.031059920659766434
2023-11-01,Equity Risk-Parity,EQ_AMT,0.01559686461672409
2023-11-01,Equity Risk-Parity,EQ_BA,0.0160980905493331
2023-11-01,Equity Risk-Parity,EQ_CAT,0.0165126800607627
2023-11-01,Equity Risk-Parity,EQ_CCI,0.015496842445969033
2023-11-01,Equity Risk-Parity,EQ_CMCSA,0.018531714140102774
2023-11-01,Equity Risk-Parity,EQ_COP,0.016737703488369407
2023-11-01,Equity Risk-Parity,EQ_CVX,0.02032355692543299
2023-11-01,Equity Risk-Parity,EQ_D,0.02162204956037765
2023-11-01,Equity Risk-Parity,EQ_DD,0.016749423431644005
2023-11-01,Equity Risk-Parity,EQ_DIS,0.014153107607884024
2023-11-01,Equity Risk-Parity,EQ_DOW,0.01590304064023393
2023-11-01,Equity Risk-Parity,EQ_DUK,0.02530130893003292
2023-11-01,Equity Risk-Parity,EQ_EA,0.024843676223914285
2023-11-01,Equity Risk-Parity,EQ_GE,0.01881366290276874
2023-11-01,Equity Risk-Parity,EQ_GILD,0.02923766970870911
2023-11-01,Equity Risk-Parity,EQ_GS,0.01772734135661573
2023-11-01,Equity Risk-Parity,EQ_INTC,0.01368808212987144
2023-11-01,Equity Risk-Parity,EQ_KO,0.0315408485312404
2023-11-01,Equity Risk-Parity,EQ_MMM,0.014921331307489332
2023-11-01,Equity Risk-Parity,EQ_MRK,0.04646126018173712
2023-11-01,Equity Risk-Parity,EQ_MS,0.016176336912303378
2023-11-01,Equity Risk-Parity,EQ_NEE,0.018735789287301897
2023-11-01,Equity Risk-Parity,EQ_NEM,0.018022167883096962
2023-11-01,Equity Risk-Parity,EQ_NKE,0.014023218785145673
2023-11-01,Equity Risk-Parity,EQ_NUE,0.012911884774988974
2023-11-01,Equity Risk-Parity,EQ_NVDA,0.011682322505575833
2023-11-01,Equity Risk-Parity,EQ_O,0.023697664762300872
2023-11-01,Equity Risk-Parity,EQ_OXY,0.015866902391924103
2023-11-01,Equity Risk-Parity,EQ_PLD,0.013868927021160129
2023-11-01,Equity Risk-Parity,EQ_PSA,0.01872655483989642
2023-11-01,Equity Risk-Parity,EQ_QCOM,0.012263296591161934
2023-11-01,Equity Risk-Parity,EQ_SBUX,0.018249492102101156
2023-11-01,Equity Risk-Parity,EQ_SHW,0.016250546939477802
2023-11-01,Equity Risk-Parity,EQ_SLB,0.016533759381376623
2023-11-01,Equity Risk-Parity,EQ_SO,0.024226314464308417
2023-11-01,Equity Risk-Parity,EQ_T,0.025099230027192665
2023-11-01,Equity Risk-Parity,EQ_TMUS,0.035877765138338014
2023-11-01,Equity Risk-Parity,EQ_TTWO,0.01863001706965238
2023-11-01,Equity Risk-Parity,EQ_UPS,0.015998310346121668
2023-11-01,Equity Risk-Parity,EQ_USB,0.011550100040277938
2023-11-01,Equity Risk-Parity,EQ_V,0.021499729389663172
2023-11-01,Equity Risk-Parity,EQ_WFC,0.01679324916650639
2023-11-01,Equity Risk-Parity,EQ_WMT,0.03427022052531737
2023-11-01,Equity Risk-Parity,EQ_XOM,0.01983498764144323
2023-12-01,Equity Risk-Parity,EQ_ABBV,0.03897108376670151
2023-12-01,Equity Risk-Parity,EQ_ABT,0.025017608647461526
2023-12-01,Equity Risk-Parity,EQ_ADBE,0.014332166168227245
2023-12-01,Equity Risk-Parity,EQ_AEP,0.02090904824662219
2023-12-01,Equity Risk-Parity,EQ_AMD,0.014419895975997483
2023-12-01,Equity Risk-Parity,EQ_AMGN,0.027132961954638418
2023-12-01,Equity Risk-Parity,EQ_AMT,0.015749113566304696
2023-12-01,Equity Risk-Parity,EQ_BA,0.015716503926402534
2023-12-01,Equity Risk-Parity,EQ_CAT,0.015684121065252136
2023-12-01,Equity Risk-Parity,EQ_CCI,0.01526482565382304
2023-12-01,Equity Risk-Parity,EQ_CMCSA,0.01854411192744183
2023-12-01,Equity Risk-Parity,EQ_COP,0.016984268097162313
2023-12-01,Equity Risk-Parity,EQ_CVX,0.020614894286567043
2023-12-01,Equity Risk-Parity,EQ_D,0.01948999113283876
2023-12-01,Equity Risk-Parity,EQ_DD,0.01631539149383648
2023-12-01,Equity Risk-Parity,EQ_DIS,0.0159495910810048
2023-12-01,Equity Risk-Parity,EQ_DOW,0.01677931321330419
2023-12-01,Equity Risk-Parity,EQ_DUK,0.02468517637600599
2023-12-01,Equity Risk-Parity,EQ_EA,0.023701714268135943
2023-12-01,Equity Risk-Parity,EQ_GE,0.01938314697486978
2023-12-01,Equity Risk-Parity,EQ_GILD,0.02593254354230397
2023-12-01,Equity Risk-Parity,EQ_GS,0.01648630319512428
2023-12-01,Equity Risk-Parity,EQ_INTC,0.014699732264138905
2023-12-01,Equity Risk-Parity,EQ_KO,0.034450775915695835
2023-12-01,Equity Risk-Parity,EQ_MMM,0.014601518570714591
2023-12-01,Equity Risk-Parity,EQ_MRK,0.04159569036762647
2023-12-01,Equity Risk-Parity,EQ_MS,0.015176044447167887
2023-12-01,Equity Risk-Parity,EQ_NEE,0.017965780717022865
2023-12-01,Equity Risk-Parity,EQ_NEM,0.020320526473254788
2023-12-01,Equity Risk-Parity,EQ_NKE,0.015242540214158364
2023-12-01,Equity Risk-Parity,EQ_NUE,0.01306393822090411
2023-12-01,Equity Risk-Parity,EQ_NVDA,0.013997445159989196
2023-12-01,Equity Risk-Parity,EQ_O,0.022199617791832552
2023-12-01,Equity Risk-Parity,EQ_OXY,0.01812197741107161
2023-12-01,Equity Risk-Parity,EQ_PLD,0.013531408342073633
2023-12-01,Equity Risk-Parity,EQ_PSA,0.01944088286727825
2023-12-01,Equity Risk-Parity,EQ_QCOM,0.01281908265959358
2023-12-01,Equity Risk-Parity,EQ_SBUX,0.017632568256954285
2023-12-01,Equity Risk-Parity,EQ_SHW,0.016619384463780584
2023-12-01,Equity Risk-Parity,EQ_SLB,0.015605653208899136
2023-12-01,Equity Risk-Parity,EQ_SO,0.023321945703377773
2023-12-01,Equity Risk-Parity,EQ_T,0.024772710769806274
2023-12-01,Equity Risk-Parity,EQ_TMUS,0.0345645343988535
2023-12-01,Equity Risk-Parity,EQ_TTWO,0.017451195510512406
2023-12-01,Equity Risk-Parity,EQ_UPS,0.01645032584175757
2023-12-01,Equity Risk-Parity,EQ_USB,0.01027924197115408
2023-12-01,Equity Risk-Parity,EQ_V,0.023944111797066514
2023-12-01,Equity Risk-Parity,EQ_WFC,0.015802470197700282
2023-12-01,Equity Risk-Parity,EQ_WMT,0.038148439257678746
2023-12-01,Equity Risk-Parity,EQ_XOM,0.020116682639909993
2020-10-01,Crypto Max-Sharpe,ADA-USD,0.4244339985242423
2020-10-01,Crypto Max-Sharpe,BCH-USD,4.0640294605591675e-15
2020-10-01,Crypto Max-Sharpe,BTC-USD,0.0
2020-10-01,Crypto Max-Sharpe,EOS-USD,2.79085570903981e-17
2020-10-01,Crypto Max-Sharpe,ETC-USD,0.0
2020-10-01,Crypto Max-Sharpe,ETH-USD,0.5755660014757541
2020-10-01,Crypto Max-Sharpe,LTC-USD,2.4887780666118815e-17
2020-10-01,Crypto Max-Sharpe,TRX-USD,0.0
2020-10-01,Crypto Max-Sharpe,XLM-USD,0.0
2020-10-01,Crypto Max-Sharpe,XRP-USD,0.0
2020-11-01,Crypto Max-Sharpe,ADA-USD,0.5381896220699691
2020-11-01,Crypto Max-Sharpe,BCH-USD,0.0
2020-11-01,Crypto Max-Sharpe,BTC-USD,0.4083390737635661
2020-11-01,Crypto Max-Sharpe,EOS-USD,0.0
2020-11-01,Crypto Max-Sharpe,ETC-USD,0.0
2020-11-01,Crypto Max-Sharpe,ETH-USD,0.011070394986754578
2020-11-01,Crypto Max-Sharpe,LTC-USD,0.0
2020-11-01,Crypto Max-Sharpe,TRX-USD,0.04240090917971046
2020-11-01,Crypto Max-Sharpe,XLM-USD,0.0
2020-11-01,Crypto Max-Sharpe,XRP-USD,3.9036798897832153e-16
2020-12-01,Crypto Max-Sharpe,ADA-USD,0.18560246775565778
2020-12-01,Crypto Max-Sharpe,BCH-USD,0.0
2020-12-01,Crypto Max-Sharpe,BTC-USD,0.4794611670614191
2020-12-01,Crypto Max-Sharpe,EOS-USD,8.30032495084781e-17
2020-12-01,Crypto Max-Sharpe,ETC-USD,0.0
2020-12-01,Crypto Max-Sharpe,ETH-USD,0.15354483205946387
2020-12-01,Crypto Max-Sharpe,LTC-USD,4.305294055122903e-17
2020-12-01,Crypto Max-Sharpe,TRX-USD,0.00715935262759422
2020-12-01,Crypto Max-Sharpe,XLM-USD,0.13109300033690652
2020-12-01,Crypto Max-Sharpe,XRP-USD,0.04313918015895864
2021-01-01,Crypto Max-Sharpe,ADA-USD,0.11407750494276793
2021-01-01,Crypto Max-Sharpe,BCH-USD,1.7001024973474628e-17
2021-01-01,Crypto Max-Sharpe,BTC-USD,0.8788550347076934
2021-01-01,Crypto Max-Sharpe,EOS-USD,0.0
2021-01-01,Crypto Max-Sharpe,ETC-USD,0.0
2021-01-01,Crypto Max-Sharpe,ETH-USD,0.0070674603495386335
2021-01-01,Crypto Max-Sharpe,LTC-USD,4.1852545184741625e-17
2021-01-01,Crypto Max-Sharpe,TRX-USD,2.200429222761857e-17
2021-01-01,Crypto Max-Sharpe,XLM-USD,7.275412915119947e-17
2021-01-01,Crypto Max-Sharpe,XRP-USD,2.6534231519766572e-17
2021-02-01,Crypto Max-Sharpe,ADA-USD,0.09396940674516983
2021-02-01,Crypto Max-Sharpe,BCH-USD,0.0
2021-02-01,Crypto Max-Sharpe,BTC-USD,0.5616048148279815
2021-02-01,Crypto Max-Sharpe,EOS-USD,2.6663429672209716e-17
2021-02-01,Crypto Max-Sharpe,ETC-USD,1.1058921685901985e-16
2021-02-01,Crypto Max-Sharpe,ETH-USD,0.3374758098314636
2021-02-01,Crypto Max-Sharpe,LTC-USD,0.0
2021-02-01,Crypto Max-Sharpe,TRX-USD,4.4689101720808785e-17
2021-02-01,Crypto Max-Sharpe,XLM-USD,0.0069499685953851205
2021-02-01,Crypto Max-Sharpe,XRP-USD,0.0
2021-03-01,Crypto Max-Sharpe,ADA-USD,0.35685532301323625
2021-03-01,Crypto Max-Sharpe,BCH-USD,0.0
2021-03-01,Crypto Max-Sharpe,BTC-USD,0.6431446769867636
2021-03-01,Crypto Max-Sharpe,EOS-USD,1.0326241844952282e-17
2021-03-01,Crypto Max-Sharpe,ETC-USD,3.269908915801883e-17
2021-03-01,Crypto Max-Sharpe,ETH-USD,5.237468929026365e-17
2021-03-01,Crypto Max-Sharpe,LTC-USD,3.045499881258246e-17
2021-03-01,Crypto Max-Sharpe,TRX-USD,8.82112009914586e-17
2021-03-01,Crypto Max-Sharpe,XLM-USD,1.9427174813313937e-17
2021-03-01,Crypto Max-Sharpe,XRP-USD,0.0
2021-04-01,Crypto Max-Sharpe,ADA-USD,0.1845350776242109
2021-04-01,Crypto Max-Sharpe,BCH-USD,7.941206972913309e-19
2021-04-01,Crypto Max-Sharpe,BTC-USD,0.6846550963773401
2021-04-01,Crypto Max-Sharpe,EOS-USD,1.361005571410734e-18
2021-04-01,Crypto Max-Sharpe,ETC-USD,0.0
2021-04-01,Crypto Max-Sharpe,ETH-USD,0.01057815495352308
2021-04-01,Crypto Max-Sharpe,LTC-USD,4.296480252290547e-17
2021-04-01,Crypto Max-Sharpe,TRX-USD,0.12023167104492594
2021-04-01,Crypto Max-Sharpe,XLM-USD,0.0
2021-04-01,Crypto Max-Sharpe,XRP-USD,0.0
2021-05-01,Crypto Max-Sharpe,ADA-USD,0.22384706361833473
2021-05-01,Crypto Max-Sharpe,BCH-USD,0.0
2021-05-01,Crypto Max-Sharpe,BTC-USD,0.4930818191638701
2021-05-01,Crypto Max-Sharpe,EOS-USD,6.677696685009846e-17
2021-05-01,Crypto Max-Sharpe,ETC-USD,0.05941449512858303
2021-05-01,Crypto Max-Sharpe,ETH-USD,0.09879605337286661
2021-05-01,Crypto Max-Sharpe,LTC-USD,0.0
2021-05-01,Crypto Max-Sharpe,TRX-USD,0.07371013245296604
2021-05-01,Crypto Max-Sharpe,XLM-USD,0.0
2021-05-01,Crypto Max-Sharpe,XRP-USD,0.051150436263379596
2021-06-01,Crypto Max-Sharpe,ADA-USD,0.5090579586881533
2021-06-01,Crypto Max-Sharpe,BCH-USD,4.3355918320978076e-18
2021-06-01,Crypto Max-Sharpe,BTC-USD,0.0702242053504816
2021-06-01,Crypto Max-Sharpe,EOS-USD,1.1516100149709908e-17
2021-06-01,Crypto Max-Sharpe,ETC-USD,0.23108633934789236
2021-06-01,Crypto Max-Sharpe,ETH-USD,0.1823735108158623
2021-06-01,Crypto Max-Sharpe,LTC-USD,0.0
2021-06-01,Crypto Max-Sharpe,TRX-USD,0.0
2021-06-01,Crypto Max-Sharpe,XLM-USD,0.0
2021-06-01,Crypto Max-Sharpe,XRP-USD,0.007257985797610434
2021-07-01,Crypto Max-Sharpe,ADA-USD,0.5464268093607717
2021-07-01,Crypto Max-Sharpe,BCH-USD,4.305385785618644e-18
2021-07-01,Crypto Max-Sharpe,BTC-USD,8.493459051832184e-17
2021-07-01,Crypto Max-Sharpe,EOS-USD,0.0
2021-07-01,Crypto Max-Sharpe,ETC-USD,0.2731754665750315
2021-07-01,Crypto Max-Sharpe,ETH-USD,0.1803977240641968
2021-07-01,Crypto Max-Sharpe,LTC-USD,3.983014825853724e-18
2021-07-01,Crypto Max-Sharpe,TRX-USD,1.2269757716345628e-17
2021-07-01,Crypto Max-Sharpe,XLM-USD,1.7840896477418454e-17
2021-07-01,Crypto Max-Sharpe,XRP-USD,1.551924980257534e-17
2021-08-01,Crypto Max-Sharpe,ADA-USD,0.582855055270714
2021-08-01,Crypto Max-Sharpe,BCH-USD,2.599873217093121e-18
2021-08-01,Crypto Max-Sharpe,BTC-USD,0.0
2021-08-01,Crypto Max-Sharpe,EOS-USD,2.960660618185255e-17
2021-08-01,Crypto Max-Sharpe,ETC-USD,0.26754058666656944
2021-08-01,Crypto Max-Sharpe,ETH-USD,0.14960435806271677
2021-08-01,Crypto Max-Sharpe,LTC-USD,0.0
2021-08-01,Crypto Max-Sharpe,TRX-USD,1.283198134160346e-17
2021-08-01,Crypto Max-Sharpe,XLM-USD,1.5292141389164938e-18
2021-08-01,Crypto Max-Sharpe,XRP-USD,0.0
2021-09-01,Crypto Max-Sharpe,ADA-USD,0.6772086333662325
2021-09-01,Crypto Max-Sharpe,BCH-USD,3.1983939838279914e-18
2021-09-01,Crypto Max-Sharpe,BTC-USD,0.0
2021-09-01,Crypto Max-Sharpe,EOS-USD,0.0
2021-09-01,Crypto Max-Sharpe,ETC-USD,0.24685779598490404
2021-09-01,Crypto Max-Sharpe,ETH-USD,0.07593357064886352
2021-09-01,Crypto Max-Sharpe,LTC-USD,0.0
2021-09-01,Crypto Max-Sharpe,TRX-USD,0.0
2021-09-01,Crypto Max-Sharpe,XLM-USD,8.8597881375518e-18
2021-09-01,Crypto Max-Sharpe,XRP-USD,0.0
2021-10-01,Crypto Max-Sharpe,ADA-USD,0.5961898980989617
2021-10-01,Crypto Max-Sharpe,BCH-USD,0.0
2021-10-01,Crypto Max-Sharpe,BTC-USD,2.1017361752302499e-16
2021-10-01,Crypto Max-Sharpe,EOS-USD,0.0
2021-10-01,Crypto Max-Sharpe,ETC-USD,0.3085281144321096
2021-10-01,Crypto Max-Sharpe,ETH-USD,6.745939530890728e-17
2021-10-01,Crypto Max-Sharpe,LTC-USD,0.0
2021-10-01,Crypto Max-Sharpe,TRX-USD,1.4321124584775387e-16
2021-10-01,Crypto Max-Sharpe,XLM-USD,0.0
2021-10-01,Crypto Max-Sharpe,XRP-USD,0.09528198746892863
2021-11-01,Crypto Max-Sharpe,ADA-USD,3.1333692470731805e-16
2021-11-01,Crypto Max-Sharpe,BCH-USD,4.810234285969626e-17
2021-11-01,Crypto Max-Sharpe,BTC-USD,0.0
2021-11-01,Crypto Max-Sharpe,EOS-USD,0.0
2021-11-01,Crypto Max-Sharpe,ETC-USD,0.5439356212411257
2021-11-01,Crypto Max-Sharpe,ETH-USD,0.289900113333904
2021-11-01,Crypto Max-Sharpe,LTC-USD,3.501060162693379e-17
2021-11-01,Crypto Max-Sharpe,TRX-USD,2.6282774138425482e-17
2021-11-01,Crypto Max-Sharpe,XLM-USD,6.440603302844703e-17
2021-11-01,Crypto Max-Sharpe,XRP-USD,0.16616426542496984
2021-12-01,Crypto Max-Sharpe,ADA-USD,7.396620816965409e-17
2021-12-01,Crypto Max-Sharpe,BCH-USD,3.2015330924016164e-17
2021-12-01,Crypto Max-Sharpe,BTC-USD,2.7766901627338095e-17
2021-12-01,Crypto Max-Sharpe,EOS-USD,1.1357303967092495e-17
2021-12-01,Crypto Max-Sharpe,ETC-USD,0.4176852408524119
2021-12-01,Crypto Max-Sharpe,ETH-USD,0.5823147591475879
2021-12-01,Crypto Max-Sharpe,LTC-USD,8.818069970194469e-17
2021-12-01,Crypto Max-Sharpe,TRX-USD,0.0
2021-12-01,Crypto Max-Sharpe,XLM-USD,3.1330481149377957e-18
2021-12-01,Crypto Max-Sharpe,XRP-USD,0.0
2022-01-01,Crypto Max-Sharpe,ADA-USD,1.0091753821495075e-15
2022-01-01,Crypto Max-Sharpe,BCH-USD,2.8695834296332565e-16
2022-01-01,Crypto Max-Sharpe,BTC-USD,0.0
2022-01-01,Crypto Max-Sharpe,EOS-USD,1.8309976264826428e-17
2022-01-01,Crypto Max-Sharpe,ETC-USD,0.0
2022-01-01,Crypto Max-Sharpe,ETH-USD,1.0
2022-01-01,Crypto Max-Sharpe,LTC-USD,1.3050503123121533e-16
2022-01-01,Crypto Max-Sharpe,TRX-USD,1.8779545106057605e-19
2022-01-01,Crypto Max-Sharpe,XLM-USD,1.396784792011609e-16
2022-01-01,Crypto Max-Sharpe,XRP-USD,0.0
2022-02-01,Crypto Max-Sharpe,ADA-USD,0.1
2022-02-01,Crypto Max-Sharpe,BCH-USD,0.1
2022-02-01,Crypto Max-Sharpe,BTC-USD,0.1
2022-02-01,Crypto Max-Sharpe,EOS-USD,0.1
2022-02-01,Crypto Max-Sharpe,ETC-USD,0.1
2022-02-01,Crypto Max-Sharpe,ETH-USD,0.1
2022-02-01,Crypto Max-Sharpe,LTC-USD,0.1
2022-02-01,Crypto Max-Sharpe,TRX-USD,0.1
2022-02-01,Crypto Max-Sharpe,XLM-USD,0.1
2022-02-01,Crypto Max-Sharpe,XRP-USD,0.1
2022-03-01,Crypto Max-Sharpe,ADA-USD,0.0
2022-03-01,Crypto Max-Sharpe,BCH-USD,0.0
2022-03-01,Crypto Max-Sharpe,BTC-USD,0.06409013126398043
2022-03-01,Crypto Max-Sharpe,EOS-USD,0.0
2022-03-01,Crypto Max-Sharpe,ETC-USD,0.0
2022-03-01,Crypto Max-Sharpe,ETH-USD,0.9359098687360197
2022-03-01,Crypto Max-Sharpe,LTC-USD,0.0
2022-03-01,Crypto Max-Sharpe,TRX-USD,2.8293078003168317e-16
2022-03-01,Crypto Max-Sharpe,XLM-USD,0.0
2022-03-01,Crypto Max-Sharpe,XRP-USD,6.627416667921016e-16
2022-04-01,Crypto Max-Sharpe,ADA-USD,4.238057034958166e-17
2022-04-01,Crypto Max-Sharpe,BCH-USD,3.84300086835876e-17
2022-04-01,Crypto Max-Sharpe,BTC-USD,0.0
2022-04-01,Crypto Max-Sharpe,EOS-USD,9.292472037814027e-17
2022-04-01,Crypto Max-Sharpe,ETC-USD,1.1458165877353823e-16
2022-04-01,Crypto Max-Sharpe,ETH-USD,0.9397167202207494
2022-04-01,Crypto Max-Sharpe,LTC-USD,8.308292187678524e-17
2022-04-01,Crypto Max-Sharpe,TRX-USD,0.0
2022-04-01,Crypto Max-Sharpe,XLM-USD,7.536757861741485e-17
2022-04-01,Crypto Max-Sharpe,XRP-USD,0.06028327977925077
2022-05-01,Crypto Max-Sharpe,ADA-USD,0.1
2022-05-01,Crypto Max-Sharpe,BCH-USD,0.1
2022-05-01,Crypto Max-Sharpe,BTC-USD,0.1
2022-05-01,Crypto Max-Sharpe,EOS-USD,0.1
2022-05-01,Crypto Max-Sharpe,ETC-USD,0.1
2022-05-01,Crypto Max-Sharpe,ETH-USD,0.1
2022-05-01,Crypto Max-Sharpe,LTC-USD,0.1
2022-05-01,Crypto Max-Sharpe,TRX-USD,0.1
2022-05-01,Crypto Max-Sharpe,XLM-USD,0.1
2022-05-01,Crypto Max-Sharpe,XRP-USD,0.1
2022-06-01,Crypto Max-Sharpe,ADA-USD,0.1
2022-06-01,Crypto Max-Sharpe,BCH-USD,0.1
2022-06-01,Crypto Max-Sharpe,BTC-USD,0.1
2022-06-01,Crypto Max-Sharpe,EOS-USD,0.1
2022-06-01,Crypto Max-Sharpe,ETC-USD,0.1
2022-06-01,Crypto Max-Sharpe,ETH-USD,0.1
2022-06-01,Crypto Max-Sharpe,LTC-USD,0.1
2022-06-01,Crypto Max-Sharpe,TRX-USD,0.1
2022-06-01,Crypto Max-Sharpe,XLM-USD,0.1
2022-06-01,Crypto Max-Sharpe,XRP-USD,0.1
2022-07-01,Crypto Max-Sharpe,ADA-USD,0.1
2022-07-01,Crypto Max-Sharpe,BCH-USD,0.1
2022-07-01,Crypto Max-Sharpe,BTC-USD,0.1
2022-07-01,Crypto Max-Sharpe,EOS-USD,0.1
2022-07-01,Crypto Max-Sharpe,ETC-USD,0.1
2022-07-01,Crypto Max-Sharpe,ETH-USD,0.1
2022-07-01,Crypto Max-Sharpe,LTC-USD,0.1
2022-07-01,Crypto Max-Sharpe,TRX-USD,0.1
2022-07-01,Crypto Max-Sharpe,XLM-USD,0.1
2022-07-01,Crypto Max-Sharpe,XRP-USD,0.1
2022-08-01,Crypto Max-Sharpe,ADA-USD,0.1
2022-08-01,Crypto Max-Sharpe,BCH-USD,0.1
2022-08-01,Crypto Max-Sharpe,BTC-USD,0.1
2022-08-01,Crypto Max-Sharpe,EOS-USD,0.1
2022-08-01,Crypto Max-Sharpe,ETC-USD,0.1
2022-08-01,Crypto Max-Sharpe,ETH-USD,0.1
2022-08-01,Crypto Max-Sharpe,LTC-USD,0.1
2022-08-01,Crypto Max-Sharpe,TRX-USD,0.1
2022-08-01,Crypto Max-Sharpe,XLM-USD,0.1
2022-08-01,Crypto Max-Sharpe,XRP-USD,0.1
2022-09-01,Crypto Max-Sharpe,ADA-USD,0.1
2022-09-01,Crypto Max-Sharpe,BCH-USD,0.1
2022-09-01,Crypto Max-Sharpe,BTC-USD,0.1
2022-09-01,Crypto Max-Sharpe,EOS-USD,0.1
2022-09-01,Crypto Max-Sharpe,ETC-USD,0.1
2022-09-01,Crypto Max-Sharpe,ETH-USD,0.1
2022-09-01,Crypto Max-Sharpe,LTC-USD,0.1
2022-09-01,Crypto Max-Sharpe,TRX-USD,0.1
2022-09-01,Crypto Max-Sharpe,XLM-USD,0.1
2022-09-01,Crypto Max-Sharpe,XRP-USD,0.1
2022-10-01,Crypto Max-Sharpe,ADA-USD,0.1
2022-10-01,Crypto Max-Sharpe,BCH-USD,0.1
2022-10-01,Crypto Max-Sharpe,BTC-USD,0.1
2022-10-01,Crypto Max-Sharpe,EOS-USD,0.1
2022-10-01,Crypto Max-Sharpe,ETC-USD,0.1
2022-10-01,Crypto Max-Sharpe,ETH-USD,0.1
2022-10-01,Crypto Max-Sharpe,LTC-USD,0.1
2022-10-01,Crypto Max-Sharpe,TRX-USD,0.1
2022-10-01,Crypto Max-Sharpe,XLM-USD,0.1
2022-10-01,Crypto Max-Sharpe,XRP-USD,0.1
2022-11-01,Crypto Max-Sharpe,ADA-USD,0.1
2022-11-01,Crypto Max-Sharpe,BCH-USD,0.1
2022-11-01,Crypto Max-Sharpe,BTC-USD,0.1
2022-11-01,Crypto Max-Sharpe,EOS-USD,0.1
2022-11-01,Crypto Max-Sharpe,ETC-USD,0.1
2022-11-01,Crypto Max-Sharpe,ETH-USD,0.1
2022-11-01,Crypto Max-Sharpe,LTC-USD,0.1
2022-11-01,Crypto Max-Sharpe,TRX-USD,0.1
2022-11-01,Crypto Max-Sharpe,XLM-USD,0.1
2022-11-01,Crypto Max-Sharpe,XRP-USD,0.1
2022-12-01,Crypto Max-Sharpe,ADA-USD,0.1
2022-12-01,Crypto Max-Sharpe,BCH-USD,0.1
2022-12-01,Crypto Max-Sharpe,BTC-USD,0.1
2022-12-01,Crypto Max-Sharpe,EOS-USD,0.1
2022-12-01,Crypto Max-Sharpe,ETC-USD,0.1
2022-12-01,Crypto Max-Sharpe,ETH-USD,0.1
2022-12-01,Crypto Max-Sharpe,LTC-USD,0.1
2022-12-01,Crypto Max-Sharpe,TRX-USD,0.1
2022-12-01,Crypto Max-Sharpe,XLM-USD,0.1
2022-12-01,Crypto Max-Sharpe,XRP-USD,0.1
2023-01-01,Crypto Max-Sharpe,ADA-USD,0.1
2023-01-01,Crypto Max-Sharpe,BCH-USD,0.1
2023-01-01,Crypto Max-Sharpe,BTC-USD,0.1
2023-01-01,Crypto Max-Sharpe,EOS-USD,0.1
2023-01-01,Crypto Max-Sharpe,ETC-USD,0.1
2023-01-01,Crypto Max-Sharpe,ETH-USD,0.1
2023-01-01,Crypto Max-Sharpe,LTC-USD,0.1
2023-01-01,Crypto Max-Sharpe,TRX-USD,0.1
2023-01-01,Crypto Max-Sharpe,XLM-USD,0.1
2023-01-01,Crypto Max-Sharpe,XRP-USD,0.1
2023-02-01,Crypto Max-Sharpe,ADA-USD,0.0
2023-02-01,Crypto Max-Sharpe,BCH-USD,0.0
2023-02-01,Crypto Max-Sharpe,BTC-USD,5.016884507778217e-18
2023-02-01,Crypto Max-Sharpe,EOS-USD,3.12599841976126e-17
2023-02-01,Crypto Max-Sharpe,ETC-USD,0.0
2023-02-01,Crypto Max-Sharpe,ETH-USD,0.0
2023-02-01,Crypto Max-Sharpe,LTC-USD,1.0
2023-02-01,Crypto Max-Sharpe,TRX-USD,0.0
2023-02-01,Crypto Max-Sharpe,XLM-USD,0.0
2023-02-01,Crypto Max-Sharpe,XRP-USD,2.5153490401663703e-17
2023-03-01,Crypto Max-Sharpe,ADA-USD,3.622680370814831e-17
2023-03-01,Crypto Max-Sharpe,BCH-USD,0.0
2023-03-01,Crypto Max-Sharpe,BTC-USD,0.0
2023-03-01,Crypto Max-Sharpe,EOS-USD,0.0
2023-03-01,Crypto Max-Sharpe,ETC-USD,0.0
2023-03-01,Crypto Max-Sharpe,ETH-USD,2.914335439641036e-16
2023-03-01,Crypto Max-Sharpe,LTC-USD,1.0
2023-03-01,Crypto Max-Sharpe,TRX-USD,8.362730063314983e-17
2023-03-01,Crypto Max-Sharpe,XLM-USD,0.0
2023-03-01,Crypto Max-Sharpe,XRP-USD,8.002448827436873e-18
2023-04-01,Crypto Max-Sharpe,ADA-USD,6.936294697068806e-18
2023-04-01,Crypto Max-Sharpe,BCH-USD,5.812408100771063e-17
2023-04-01,Crypto Max-Sharpe,BTC-USD,1.9009520232171963e-16
2023-04-01,Crypto Max-Sharpe,EOS-USD,0.0
2023-04-01,Crypto Max-Sharpe,ETC-USD,0.0
2023-04-01,Crypto Max-Sharpe,ETH-USD,0.0
2023-04-01,Crypto Max-Sharpe,LTC-USD,0.6120221084975102
2023-04-01,Crypto Max-Sharpe,TRX-USD,0.0
2023-04-01,Crypto Max-Sharpe,XLM-USD,2.5286307708555915e-17
2023-04-01,Crypto Max-Sharpe,XRP-USD,0.3879778915024898
2023-05-01,Crypto Max-Sharpe,ADA-USD,0.0
2023-05-01,Crypto Max-Sharpe,BCH-USD,0.0
2023-05-01,Crypto Max-Sharpe,BTC-USD,0.22296583634516803
2023-05-01,Crypto Max-Sharpe,EOS-USD,1.6251940427875327e-17
2023-05-01,Crypto Max-Sharpe,ETC-USD,1.190444707748682e-16
2023-05-01,Crypto Max-Sharpe,ETH-USD,0.0
2023-05-01,Crypto Max-Sharpe,LTC-USD,0.6028380049353266
2023-05-01,Crypto Max-Sharpe,TRX-USD,1.4136012012500635e-17
2023-05-01,Crypto Max-Sharpe,XLM-USD,0.0
2023-05-01,Crypto Max-Sharpe,XRP-USD,0.17419615871950556
2023-06-01,Crypto Max-Sharpe,ADA-USD,0.0
2023-06-01,Crypto Max-Sharpe,BCH-USD,4.027505997758065e-17
2023-06-01,Crypto Max-Sharpe,BTC-USD,0.4437019355601067
2023-06-01,Crypto Max-Sharpe,EOS-USD,6.695056316550438e-18
2023-06-01,Crypto Max-Sharpe,ETC-USD,3.984547993741014e-17
2023-06-01,Crypto Max-Sharpe,ETH-USD,0.0
2023-06-01,Crypto Max-Sharpe,LTC-USD,0.5562980644398937
2023-06-01,Crypto Max-Sharpe,TRX-USD,0.0
2023-06-01,Crypto Max-Sharpe,XLM-USD,0.0
2023-06-01,Crypto Max-Sharpe,XRP-USD,0.0
2023-07-01,Crypto Max-Sharpe,ADA-USD,0.0
2023-07-01,Crypto Max-Sharpe,BCH-USD,0.686285636086315
2023-07-01,Crypto Max-Sharpe,BTC-USD,0.09934736024973312
2023-07-01,Crypto Max-Sharpe,EOS-USD,0.0
2023-07-01,Crypto Max-Sharpe,ETC-USD,0.0
2023-07-01,Crypto Max-Sharpe,ETH-USD,0.0
2023-07-01,Crypto Max-Sharpe,LTC-USD,0.21436700366395203
2023-07-01,Crypto Max-Sharpe,TRX-USD,0.0
2023-07-01,Crypto Max-Sharpe,XLM-USD,0.0
2023-07-01,Crypto Max-Sharpe,XRP-USD,0.0
2023-08-01,Crypto Max-Sharpe,ADA-USD,0.0
2023-08-01,Crypto Max-Sharpe,BCH-USD,0.2421136837848401
2023-08-01,Crypto Max-Sharpe,BTC-USD,0.6308330763314342
2023-08-01,Crypto Max-Sharpe,EOS-USD,5.235089012963702e-17
2023-08-01,Crypto Max-Sharpe,ETC-USD,0.0
2023-08-01,Crypto Max-Sharpe,ETH-USD,7.546354939511127e-17
2023-08-01,Crypto Max-Sharpe,LTC-USD,5.546841090508506e-17
2023-08-01,Crypto Max-Sharpe,TRX-USD,0.019490997723077677
2023-08-01,Crypto Max-Sharpe,XLM-USD,5.624439486550537e-18
2023-08-01,Crypto Max-Sharpe,XRP-USD,0.107562242160648
2023-09-01,Crypto Max-Sharpe,ADA-USD,0.0
2023-09-01,Crypto Max-Sharpe,BCH-USD,0.30391354070123294
2023-09-01,Crypto Max-Sharpe,BTC-USD,0.4268578829055358
2023-09-01,Crypto Max-Sharpe,EOS-USD,0.0
2023-09-01,Crypto Max-Sharpe,ETC-USD,0.0
2023-09-01,Crypto Max-Sharpe,ETH-USD,0.0
2023-09-01,Crypto Max-Sharpe,LTC-USD,0.0
2023-09-01,Crypto Max-Sharpe,TRX-USD,0.17694671872855589
2023-09-01,Crypto Max-Sharpe,XLM-USD,0.0
2023-09-01,Crypto Max-Sharpe,XRP-USD,0.09228185766467648
2023-10-01,Crypto Max-Sharpe,ADA-USD,4.630696445064395e-17
2023-10-01,Crypto Max-Sharpe,BCH-USD,0.31982243910710706
2023-10-01,Crypto Max-Sharpe,BTC-USD,8.622593318884461e-17
2023-10-01,Crypto Max-Sharpe,EOS-USD,1.1534353778365845e-16
2023-10-01,Crypto Max-Sharpe,ETC-USD,0.0
2023-10-01,Crypto Max-Sharpe,ETH-USD,0.0
2023-10-01,Crypto Max-Sharpe,LTC-USD,0.0
2023-10-01,Crypto Max-Sharpe,TRX-USD,0.6130369441157137
2023-10-01,Crypto Max-Sharpe,XLM-USD,1.93599054167468e-18
2023-10-01,Crypto Max-Sharpe,XRP-USD,0.06714061677717922
2023-11-01,Crypto Max-Sharpe,ADA-USD,7.74678647375033e-17
2023-11-01,Crypto Max-Sharpe,BCH-USD,0.19663067163279113
2023-11-01,Crypto Max-Sharpe,BTC-USD,0.2507209360394994
2023-11-01,Crypto Max-Sharpe,EOS-USD,0.0
2023-11-01,Crypto Max-Sharpe,ETC-USD,9.741210251355305e-17
2023-11-01,Crypto Max-Sharpe,ETH-USD,0.0
2023-11-01,Crypto Max-Sharpe,LTC-USD,1.1025651012571728e-16
2023-11-01,Crypto Max-Sharpe,TRX-USD,0.4432161274071942
2023-11-01,Crypto Max-Sharpe,XLM-USD,0.0
2023-11-01,Crypto Max-Sharpe,XRP-USD,0.10943226492051518
2023-12-01,Crypto Max-Sharpe,ADA-USD,0.0
2023-12-01,Crypto Max-Sharpe,BCH-USD,0.1529049717169988
2023-12-01,Crypto Max-Sharpe,BTC-USD,0.0019481837506070223
2023-12-01,Crypto Max-Sharpe,EOS-USD,1.0500128991019082e-16
2023-12-01,Crypto Max-Sharpe,ETC-USD,5.1450172918879393e-17
2023-12-01,Crypto Max-Sharpe,ETH-USD,0.0
2023-12-01,Crypto Max-Sharpe,LTC-USD,0.0
2023-12-01,Crypto Max-Sharpe,TRX-USD,0.8208321464180972
2023-12-01,Crypto Max-Sharpe,XLM-USD,3.853810855005328e-17
2023-12-01,Crypto Max-Sharpe,XRP-USD,0.024314698114297078
2020-10-01,Crypto Risk-Parity,ADA-USD,0.08614253982708495
2020-10-01,Crypto Risk-Parity,BCH-USD,0.0913320878867685
2020-10-01,Crypto Risk-Parity,BTC-USD,0.12290399404388963
2020-10-01,Crypto Risk-Parity,EOS-USD,0.09537010926023952
2020-10-01,Crypto Risk-Parity,ETC-USD,0.09720163343667923
2020-10-01,Crypto Risk-Parity,ETH-USD,0.08989851945410349
2020-10-01,Crypto Risk-Parity,LTC-USD,0.09717578725983482
2020-10-01,Crypto Risk-Parity,TRX-USD,0.09905575895664309
2020-10-01,Crypto Risk-Parity,XLM-USD,0.10523373210218478
2020-10-01,Crypto Risk-Parity,XRP-USD,0.11568583777257195
2020-11-01,Crypto Risk-Parity,ADA-USD,0.08555319338437692
2020-11-01,Crypto Risk-Parity,BCH-USD,0.09247068919356141
2020-11-01,Crypto Risk-Parity,BTC-USD,0.11992798270025738
2020-11-01,Crypto Risk-Parity,EOS-USD,0.0970388980613992
2020-11-01,Crypto Risk-Parity,ETC-USD,0.09961702864542893
2020-11-01,Crypto Risk-Parity,ETH-USD,0.0888660072560639
2020-11-01,Crypto Risk-Parity,LTC-USD,0.09625941050252769
2020-11-01,Crypto Risk-Parity,TRX-USD,0.10128593316895187
2020-11-01,Crypto Risk-Parity,XLM-USD,0.10328660050505374
2020-11-01,Crypto Risk-Parity,XRP-USD,0.11569425658237895
2020-12-01,Crypto Risk-Parity,ADA-USD,0.0834285632286699
2020-12-01,Crypto Risk-Parity,BCH-USD,0.09474513138721996
2020-12-01,Crypto Risk-Parity,BTC-USD,0.14692656203964938
2020-12-01,Crypto Risk-Parity,EOS-USD,0.09598020111026709
2020-12-01,Crypto Risk-Parity,ETC-USD,0.10929813862142027
2020-12-01,Crypto Risk-Parity,ETH-USD,0.09564062299366297
2020-12-01,Crypto Risk-Parity,LTC-USD,0.09819936550383625
2020-12-01,Crypto Risk-Parity,TRX-USD,0.10878592264564382
2020-12-01,Crypto Risk-Parity,XLM-USD,0.08119395651550439
2020-12-01,Crypto Risk-Parity,XRP-USD,0.08580153595412589
2021-01-01,Crypto Risk-Parity,ADA-USD,0.08400244733374516
2021-01-01,Crypto Risk-Parity,BCH-USD,0.09759317217034472
2021-01-01,Crypto Risk-Parity,BTC-USD,0.16253400897342046
2021-01-01,Crypto Risk-Parity,EOS-USD,0.09478769155346176
2021-01-01,Crypto Risk-Parity,ETC-USD,0.10720624319394621
2021-01-01,Crypto Risk-Parity,ETH-USD,0.10504437071300322
2021-01-01,Crypto Risk-Parity,LTC-USD,0.09496577003826882
2021-01-01,Crypto Risk-Parity,TRX-USD,0.10765131808851304
2021-01-01,Crypto Risk-Parity,XLM-USD,0.07487549564221031
2021-01-01,Crypto Risk-Parity,XRP-USD,0.07133948229308627
2021-02-01,Crypto Risk-Parity,ADA-USD,0.08110191563888486
2021-02-01,Crypto Risk-Parity,BCH-USD,0.09037369402026478
2021-02-01,Crypto Risk-Parity,BTC-USD,0.16471769513581538
2021-02-01,Crypto Risk-Parity,EOS-USD,0.09731816602726595
2021-02-01,Crypto Risk-Parity,ETC-USD,0.11032372901557129
2021-02-01,Crypto Risk-Parity,ETH-USD,0.09920537474124125
2021-02-01,Crypto Risk-Parity,LTC-USD,0.0957894598308291
2021-02-01,Crypto Risk-Parity,TRX-USD,0.1172375167172773
2021-02-01,Crypto Risk-Parity,XLM-USD,0.06646886575205206
2021-02-01,Crypto Risk-Parity,XRP-USD,0.07746358312079786
2021-03-01,Crypto Risk-Parity,ADA-USD,0.09042164776858212
2021-03-01,Crypto Risk-Parity,BCH-USD,0.09106308141827713
2021-03-01,Crypto Risk-Parity,BTC-USD,0.16421137925528478
2021-03-01,Crypto Risk-Parity,EOS-USD,0.09412433208485156
2021-03-01,Crypto Risk-Parity,ETC-USD,0.09826906862000015
2021-03-01,Crypto Risk-Parity,ETH-USD,0.10545541827664037
2021-03-01,Crypto Risk-Parity,LTC-USD,0.09538023786883462
2021-03-01,Crypto Risk-Parity,TRX-USD,0.11043156782389442
2021-03-01,Crypto Risk-Parity,XLM-USD,0.06913290233686187
2021-03-01,Crypto Risk-Parity,XRP-USD,0.08151036454677311
2021-04-01,Crypto Risk-Parity,ADA-USD,0.0924852137826994
2021-04-01,Crypto Risk-Parity,BCH-USD,0.09240675280787965
2021-04-01,Crypto Risk-Parity,BTC-USD,0.1601938353430175
2021-04-01,Crypto Risk-Parity,EOS-USD,0.09199668796303322
2021-04-01,Crypto Risk-Parity,ETC-USD,0.09793708994348287
2021-04-01,Crypto Risk-Parity,ETH-USD,0.10560585206532873
2021-04-01,Crypto Risk-Parity,LTC-USD,0.0980213633623231
2021-04-01,Crypto Risk-Parity,TRX-USD,0.10586138344104022
2021-04-01,Crypto Risk-Parity,XLM-USD,0.07182082928410691
2021-04-01,Crypto Risk-Parity,XRP-USD,0.08367099200708837
2021-05-01,Crypto Risk-Parity,ADA-USD,0.09813434809014501
2021-05-01,Crypto Risk-Parity,BCH-USD,0.09060950326754826
2021-05-01,Crypto Risk-Parity,BTC-USD,0.16493115647480724
2021-05-01,Crypto Risk-Parity,EOS-USD,0.08871360704625669
2021-05-01,Crypto Risk-Parity,ETC-USD,0.09640096439413108
2021-05-01,Crypto Risk-Parity,ETH-USD,0.11305919796471868
2021-05-01,Crypto Risk-Parity,LTC-USD,0.10001362739989887
2021-05-01,Crypto Risk-Parity,TRX-USD,0.10240906637235206
2021-05-01,Crypto Risk-Parity,XLM-USD,0.07145177029921135
2021-05-01,Crypto Risk-Parity,XRP-USD,0.07427675869093057
2021-06-01,Crypto Risk-Parity,ADA-USD,0.10252006043847768
2021-06-01,Crypto Risk-Parity,BCH-USD,0.08253184377342034
2021-06-01,Crypto Risk-Parity,BTC-USD,0.17551904625408676
2021-06-01,Crypto Risk-Parity,EOS-USD,0.07771823517181585
2021-06-01,Crypto Risk-Parity,ETC-USD,0.08462401121908283
2021-06-01,Crypto Risk-Parity,ETH-USD,0.11736801520543336
2021-06-01,Crypto Risk-Parity,LTC-USD,0.09882273341881116
2021-06-01,Crypto Risk-Parity,TRX-USD,0.09927412382531257
2021-06-01,Crypto Risk-Parity,XLM-USD,0.0804863118320475
2021-06-01,Crypto Risk-Parity,XRP-USD,0.08113561886151173
2021-07-01,Crypto Risk-Parity,ADA-USD,0.10380074689852248
2021-07-01,Crypto Risk-Parity,BCH-USD,0.08445727933095801
2021-07-01,Crypto Risk-Parity,BTC-USD,0.1707081765700802
2021-07-01,Crypto Risk-Parity,EOS-USD,0.07833899351130268
2021-07-01,Crypto Risk-Parity,ETC-USD,0.08329833525935876
2021-07-01,Crypto Risk-Parity,ETH-USD,0.1179584328649104
2021-07-01,Crypto Risk-Parity,LTC-USD,0.09967556708799641
2021-07-01,Crypto Risk-Parity,TRX-USD,0.09873561650714134
2021-07-01,Crypto Risk-Parity,XLM-USD,0.08162698636097378
2021-07-01,Crypto Risk-Parity,XRP-USD,0.08139986560875603
2021-08-01,Crypto Risk-Parity,ADA-USD,0.1048840183728168
2021-08-01,Crypto Risk-Parity,BCH-USD,0.08474520576885092
2021-08-01,Crypto Risk-Parity,BTC-USD,0.1674213402292113
2021-08-01,Crypto Risk-Parity,EOS-USD,0.07827436015162641
2021-08-01,Crypto Risk-Parity,ETC-USD,0.08270588487084032
2021-08-01,Crypto Risk-Parity,ETH-USD,0.11704155271366484
2021-08-01,Crypto Risk-Parity,LTC-USD,0.09989245808860309
2021-08-01,Crypto Risk-Parity,TRX-USD,0.09897384925215846
2021-08-01,Crypto Risk-Parity,XLM-USD,0.0826663157556657
2021-08-01,Crypto Risk-Parity,XRP-USD,0.08339501479656204
2021-09-01,Crypto Risk-Parity,ADA-USD,0.10316517962482455
2021-09-01,Crypto Risk-Parity,BCH-USD,0.08487108394424511
2021-09-01,Crypto Risk-Parity,BTC-USD,0.16612300730008708
2021-09-01,Crypto Risk-Parity,EOS-USD,0.076815199894271
2021-09-01,Crypto Risk-Parity,ETC-USD,0.081448154366617
2021-09-01,Crypto Risk-Parity,ETH-USD,0.11594590902564801
2021-09-01,Crypto Risk-Parity,LTC-USD,0.10064584116594945
2021-09-01,Crypto Risk-Parity,TRX-USD,0.0990495083069718
2021-09-01,Crypto Risk-Parity,XLM-USD,0.08678130847263547
2021-09-01,Crypto Risk-Parity,XRP-USD,0.08515480789875042
2021-10-01,Crypto Risk-Parity,ADA-USD,0.1079734911949492
2021-10-01,Crypto Risk-Parity,BCH-USD,0.08666185963429333
2021-10-01,Crypto Risk-Parity,BTC-USD,0.1598006625222691
2021-10-01,Crypto Risk-Parity,EOS-USD,0.07505076567248707
2021-10-01,Crypto Risk-Parity,ETC-USD,0.0788523608098456
2021-10-01,Crypto Risk-Parity,ETH-USD,0.11680069359177304
2021-10-01,Crypto Risk-Parity,LTC-USD,0.09890111677688575
2021-10-01,Crypto Risk-Parity,TRX-USD,0.0942612076793935
2021-10-01,Crypto Risk-Parity,XLM-USD,0.09638767657576792
2021-10-01,Crypto Risk-Parity,XRP-USD,0.08531016554233539
2021-11-01,Crypto Risk-Parity,ADA-USD,0.10906577089956362
2021-11-01,Crypto Risk-Parity,BCH-USD,0.08548679918328224
2021-11-01,Crypto Risk-Parity,BTC-USD,0.1609143483198563
2021-11-01,Crypto Risk-Parity,EOS-USD,0.07404059190726585
2021-11-01,Crypto Risk-Parity,ETC-USD,0.07964661740735025
2021-11-01,Crypto Risk-Parity,ETH-USD,0.11481354999062303
2021-11-01,Crypto Risk-Parity,LTC-USD,0.09916994948434198
2021-11-01,Crypto Risk-Parity,TRX-USD,0.09484149505367916
2021-11-01,Crypto Risk-Parity,XLM-USD,0.09710439596120823
2021-11-01,Crypto Risk-Parity,XRP-USD,0.08491648179282944
2021-12-01,Crypto Risk-Parity,ADA-USD,0.10908506934985751
2021-12-01,Crypto Risk-Parity,BCH-USD,0.08520290194255342
2021-12-01,Crypto Risk-Parity,BTC-USD,0.16300788360560667
2021-12-01,Crypto Risk-Parity,EOS-USD,0.07408851715862426
2021-12-01,Crypto Risk-Parity,ETC-USD,0.08084214808895883
2021-12-01,Crypto Risk-Parity,ETH-USD,0.11600231753380937
2021-12-01,Crypto Risk-Parity,LTC-USD,0.09582317383690213
2021-12-01,Crypto Risk-Parity,TRX-USD,0.09442701260049231
2021-12-01,Crypto Risk-Parity,XLM-USD,0.09779052965880118
2021-12-01,Crypto Risk-Parity,XRP-USD,0.08373044622439443
2022-01-01,Crypto Risk-Parity,ADA-USD,0.10239163595585543
2022-01-01,Crypto Risk-Parity,BCH-USD,0.08622933133179465
2022-01-01,Crypto Risk-Parity,BTC-USD,0.15569072500642697
2022-01-01,Crypto Risk-Parity,EOS-USD,0.07442739150839027
2022-01-01,Crypto Risk-Parity,ETC-USD,0.08077169457062465
2022-01-01,Crypto Risk-Parity,ETH-USD,0.11309370569366976
2022-01-01,Crypto Risk-Parity,LTC-USD,0.09491564098615146
2022-01-01,Crypto Risk-Parity,TRX-USD,0.10136381755701476
2022-01-01,Crypto Risk-Parity,XLM-USD,0.099344091455583
2022-01-01,Crypto Risk-Parity,XRP-USD,0.09177196593448901
2022-02-01,Crypto Risk-Parity,ADA-USD,0.09552424443749624
2022-02-01,Crypto Risk-Parity,BCH-USD,0.1051413551181171
2022-02-01,Crypto Risk-Parity,BTC-USD,0.1347286510183966
2022-02-01,Crypto Risk-Parity,EOS-USD,0.0871600519125578
2022-02-01,Crypto Risk-Parity,ETC-USD,0.09212614601885136
2022-02-01,Crypto Risk-Parity,ETH-USD,0.10365644256327958
2022-02-01,Crypto Risk-Parity,LTC-USD,0.09330088104496503
2022-02-01,Crypto Risk-Parity,TRX-USD,0.1033251776915109
2022-02-01,Crypto Risk-Parity,XLM-USD,0.0952519739182309
2022-02-01,Crypto Risk-Parity,XRP-USD,0.08978507627659464
2022-03-01,Crypto Risk-Parity,ADA-USD,0.09661589150558673
2022-03-01,Crypto Risk-Parity,BCH-USD,0.1052104346412212
2022-03-01,Crypto Risk-Parity,BTC-USD,0.13005528137478026
2022-03-01,Crypto Risk-Parity,EOS-USD,0.08834835834537721
2022-03-01,Crypto Risk-Parity,ETC-USD,0.0917309474552065
2022-03-01,Crypto Risk-Parity,ETH-USD,0.10434266474861702
2022-03-01,Crypto Risk-Parity,LTC-USD,0.09235902716528056
2022-03-01,Crypto Risk-Parity,TRX-USD,0.10794418892612144
2022-03-01,Crypto Risk-Parity,XLM-USD,0.09455982583878282
2022-03-01,Crypto Risk-Parity,XRP-USD,0.08883337999902623
2022-04-01,Crypto Risk-Parity,ADA-USD,0.09545145855815859
2022-04-01,Crypto Risk-Parity,BCH-USD,0.10165544823284328
2022-04-01,Crypto Risk-Parity,BTC-USD,0.1272190319357007
2022-04-01,Crypto Risk-Parity,EOS-USD,0.08823755577526934
2022-04-01,Crypto Risk-Parity,ETC-USD,0.09256446503067065
2022-04-01,Crypto Risk-Parity,ETH-USD,0.10533955999211377
2022-04-01,Crypto Risk-Parity,LTC-USD,0.09053307071339514
2022-04-01,Crypto Risk-Parity,TRX-USD,0.11350204983742554
2022-04-01,Crypto Risk-Parity,XLM-USD,0.09393982367021304
2022-04-01,Crypto Risk-Parity,XRP-USD,0.09155753625420994
2022-05-01,Crypto Risk-Parity,ADA-USD,0.09562459332351837
2022-05-01,Crypto Risk-Parity,BCH-USD,0.10016760928035164
2022-05-01,Crypto Risk-Parity,BTC-USD,0.12680752304061974
2022-05-01,Crypto Risk-Parity,EOS-USD,0.08541552855417495
2022-05-01,Crypto Risk-Parity,ETC-USD,0.09020505085596413
2022-05-01,Crypto Risk-Parity,ETH-USD,0.1054747040750344
2022-05-01,Crypto Risk-Parity,LTC-USD,0.0900177570684883
2022-05-01,Crypto Risk-Parity,TRX-USD,0.11420617960392292
2022-05-01,Crypto Risk-Parity,XLM-USD,0.09468647621247193
2022-05-01,Crypto Risk-Parity,XRP-USD,0.09739457798545362
2022-06-01,Crypto Risk-Parity,ADA-USD,0.08564653474162902
2022-06-01,Crypto Risk-Parity,BCH-USD,0.09881545178422509
2022-06-01,Crypto Risk-Parity,BTC-USD,0.12820074507080062
2022-06-01,Crypto Risk-Parity,EOS-USD,0.08920877990805366
2022-06-01,Crypto Risk-Parity,ETC-USD,0.08963401828521295
2022-06-01,Crypto Risk-Parity,ETH-USD,0.10668418847654837
2022-06-01,Crypto Risk-Parity,LTC-USD,0.08951487955808413
2022-06-01,Crypto Risk-Parity,TRX-USD,0.1173603100506502
2022-06-01,Crypto Risk-Parity,XLM-USD,0.09574369907961221
2022-06-01,Crypto Risk-Parity,XRP-USD,0.09919139304518376
2022-07-01,Crypto Risk-Parity,ADA-USD,0.08465377137267471
2022-07-01,Crypto Risk-Parity,BCH-USD,0.09894676057723259
2022-07-01,Crypto Risk-Parity,BTC-USD,0.12637939701872805
2022-07-01,Crypto Risk-Parity,EOS-USD,0.09062291282154801
2022-07-01,Crypto Risk-Parity,ETC-USD,0.08749481282058871
2022-07-01,Crypto Risk-Parity,ETH-USD,0.10271960488701329
2022-07-01,Crypto Risk-Parity,LTC-USD,0.08845748944708796
2022-07-01,Crypto Risk-Parity,TRX-USD,0.12081305742215769
2022-07-01,Crypto Risk-Parity,XLM-USD,0.09822676036911168
2022-07-01,Crypto Risk-Parity,XRP-USD,0.10168543326385736
2022-08-01,Crypto Risk-Parity,ADA-USD,0.08506538276201217
2022-08-01,Crypto Risk-Parity,BCH-USD,0.09688434565022803
2022-08-01,Crypto Risk-Parity,BTC-USD,0.12386574148350357
2022-08-01,Crypto Risk-Parity,EOS-USD,0.09212801460680865
2022-08-01,Crypto Risk-Parity,ETC-USD,0.07660318325372395
2022-08-01,Crypto Risk-Parity,ETH-USD,0.09647495814827411
2022-08-01,Crypto Risk-Parity,LTC-USD,0.09268433544308347
2022-08-01,Crypto Risk-Parity,TRX-USD,0.13143509621422395
2022-08-01,Crypto Risk-Parity,XLM-USD,0.10171290802492251
2022-08-01,Crypto Risk-Parity,XRP-USD,0.10314603441321955
2022-09-01,Crypto Risk-Parity,ADA-USD,0.08554007706118472
2022-09-01,Crypto Risk-Parity,BCH-USD,0.09538185186109789
2022-09-01,Crypto Risk-Parity,BTC-USD,0.12409625735002978
2022-09-01,Crypto Risk-Parity,EOS-USD,0.09164133939328221
2022-09-01,Crypto Risk-Parity,ETC-USD,0.0740156078826667
2022-09-01,Crypto Risk-Parity,ETH-USD,0.09261732048447541
2022-09-01,Crypto Risk-Parity,LTC-USD,0.09448619568720742
2022-09-01,Crypto Risk-Parity,TRX-USD,0.13422346358874612
2022-09-01,Crypto Risk-Parity,XLM-USD,0.10340620845683178
2022-09-01,Crypto Risk-Parity,XRP-USD,0.104591678234478
2022-10-01,Crypto Risk-Parity,ADA-USD,0.08905279635162962
2022-10-01,Crypto Risk-Parity,BCH-USD,0.09382205690270953
2022-10-01,Crypto Risk-Parity,BTC-USD,0.12365845647801538
2022-10-01,Crypto Risk-Parity,EOS-USD,0.08696630095317684
2022-10-01,Crypto Risk-Parity,ETC-USD,0.0724360907630668
2022-10-01,Crypto Risk-Parity,ETH-USD,0.0929510301854128
2022-10-01,Crypto Risk-Parity,LTC-USD,0.09498057666591848
2022-10-01,Crypto Risk-Parity,TRX-USD,0.14127700215856465
2022-10-01,Crypto Risk-Parity,XLM-USD,0.10345220398267596
2022-10-01,Crypto Risk-Parity,XRP-USD,0.10140348555882976
2022-11-01,Crypto Risk-Parity,ADA-USD,0.0866942994084384
2022-11-01,Crypto Risk-Parity,BCH-USD,0.09238462239328105
2022-11-01,Crypto Risk-Parity,BTC-USD,0.1237584757822534
2022-11-01,Crypto Risk-Parity,EOS-USD,0.08535948035785333
2022-11-01,Crypto Risk-Parity,ETC-USD,0.0701419790643146
2022-11-01,Crypto Risk-Parity,ETH-USD,0.09147539024394413
2022-11-01,Crypto Risk-Parity,LTC-USD,0.09553697488028509
2022-11-01,Crypto Risk-Parity,TRX-USD,0.14484953432911388
2022-11-01,Crypto Risk-Parity,XLM-USD,0.10440007362318945
2022-11-01,Crypto Risk-Parity,XRP-USD,0.1053991699173267
2022-12-01,Crypto Risk-Parity,ADA-USD,0.0891264664990276
2022-12-01,Crypto Risk-Parity,BCH-USD,0.09516996527114623
2022-12-01,Crypto Risk-Parity,BTC-USD,0.12743094105966912
2022-12-01,Crypto Risk-Parity,EOS-USD,0.08640489067254618
2022-12-01,Crypto Risk-Parity,ETC-USD,0.07188894592580147
2022-12-01,Crypto Risk-Parity,ETH-USD,0.08920528479120189
2022-12-01,Crypto Risk-Parity,LTC-USD,0.09320867088453455
2022-12-01,Crypto Risk-Parity,TRX-USD,0.14549036347368513
2022-12-01,Crypto Risk-Parity,XLM-USD,0.1030765077577934
2022-12-01,Crypto Risk-Parity,XRP-USD,0.09899796366459444
2023-01-01,Crypto Risk-Parity,ADA-USD,0.08862928779255697
2023-01-01,Crypto Risk-Parity,BCH-USD,0.0947711830210834
2023-01-01,Crypto Risk-Parity,BTC-USD,0.12704546618734502
2023-01-01,Crypto Risk-Parity,EOS-USD,0.0877949025086296
2023-01-01,Crypto Risk-Parity,ETC-USD,0.07136435214342456
2023-01-01,Crypto Risk-Parity,ETH-USD,0.0874190826109785
2023-01-01,Crypto Risk-Parity,LTC-USD,0.09277877183985143
2023-01-01,Crypto Risk-Parity,TRX-USD,0.1484967006319708
2023-01-01,Crypto Risk-Parity,XLM-USD,0.10361133477160772
2023-01-01,Crypto Risk-Parity,XRP-USD,0.09808891849255211
2023-02-01,Crypto Risk-Parity,ADA-USD,0.09209809791451362
2023-02-01,Crypto Risk-Parity,BCH-USD,0.09192141153129477
2023-02-01,Crypto Risk-Parity,BTC-USD,0.11812040306095194
2023-02-01,Crypto Risk-Parity,EOS-USD,0.0855905354919041
2023-02-01,Crypto Risk-Parity,ETC-USD,0.06689278447292903
2023-02-01,Crypto Risk-Parity,ETH-USD,0.0795828233179634
2023-02-01,Crypto Risk-Parity,LTC-USD,0.09209339114521514
2023-02-01,Crypto Risk-Parity,TRX-USD,0.1733757784567905
2023-02-01,Crypto Risk-Parity,XLM-USD,0.10263901907033647
2023-02-01,Crypto Risk-Parity,XRP-USD,0.09768575553810102
2023-03-01,Crypto Risk-Parity,ADA-USD,0.0933982559387998
2023-03-01,Crypto Risk-Parity,BCH-USD,0.09137179089967506
2023-03-01,Crypto Risk-Parity,BTC-USD,0.12032676840222643
2023-03-01,Crypto Risk-Parity,EOS-USD,0.08256337814074471
2023-03-01,Crypto Risk-Parity,ETC-USD,0.0639065926417432
2023-03-01,Crypto Risk-Parity,ETH-USD,0.08054727062014459
2023-03-01,Crypto Risk-Parity,LTC-USD,0.09402354121300135
2023-03-01,Crypto Risk-Parity,TRX-USD,0.17567146318615257
2023-03-01,Crypto Risk-Parity,XLM-USD,0.10309254756017378
2023-03-01,Crypto Risk-Parity,XRP-USD,0.09509839139733842
2023-04-01,Crypto Risk-Parity,ADA-USD,0.09444465105748906
2023-04-01,Crypto Risk-Parity,BCH-USD,0.09373568499441755
2023-04-01,Crypto Risk-Parity,BTC-USD,0.12068978950601937
2023-04-01,Crypto Risk-Parity,EOS-USD,0.08363537065620762
2023-04-01,Crypto Risk-Parity,ETC-USD,0.06958143362983132
2023-04-01,Crypto Risk-Parity,ETH-USD,0.08831131103518017
2023-04-01,Crypto Risk-Parity,LTC-USD,0.09334959636126108
2023-04-01,Crypto Risk-Parity,TRX-USD,0.15707211807207944
2023-04-01,Crypto Risk-Parity,XLM-USD,0.10484495142273333
2023-04-01,Crypto Risk-Parity,XRP-USD,0.09433509326478111
2023-05-01,Crypto Risk-Parity,ADA-USD,0.09236910539953462
2023-05-01,Crypto Risk-Parity,BCH-USD,0.099355920222583
2023-05-01,Crypto Risk-Parity,BTC-USD,0.11951535180162963
2023-05-01,Crypto Risk-Parity,EOS-USD,0.08554301079524713
2023-05-01,Crypto Risk-Parity,ETC-USD,0.0764069794778775
2023-05-01,Crypto Risk-Parity,ETH-USD,0.09017413253624751
2023-05-01,Crypto Risk-Parity,LTC-USD,0.09148199204361722
2023-05-01,Crypto Risk-Parity,TRX-USD,0.1544647679087771
2023-05-01,Crypto Risk-Parity,XLM-USD,0.10143004127621578
2023-05-01,Crypto Risk-Parity,XRP-USD,0.0892586985382704
2023-06-01,Crypto Risk-Parity,ADA-USD,0.08984493940589985
2023-06-01,Crypto Risk-Parity,BCH-USD,0.1016651378662643
2023-06-01,Crypto Risk-Parity,BTC-USD,0.11758432557262553
2023-06-01,Crypto Risk-Parity,EOS-USD,0.09507196376616109
2023-06-01,Crypto Risk-Parity,ETC-USD,0.07968261848515977
2023-06-01,Crypto Risk-Parity,ETH-USD,0.0913981681243512
2023-06-01,Crypto Risk-Parity,LTC-USD,0.08910703992074495
2023-06-01,Crypto Risk-Parity,TRX-USD,0.14814354710368477
2023-06-01,Crypto Risk-Parity,XLM-USD,0.10197095161956085
2023-06-01,Crypto Risk-Parity,XRP-USD,0.08553130813554771
2023-07-01,Crypto Risk-Parity,ADA-USD,0.09145923300666889
2023-07-01,Crypto Risk-Parity,BCH-USD,0.08496903799996451
2023-07-01,Crypto Risk-Parity,BTC-USD,0.12278674777744901
2023-07-01,Crypto Risk-Parity,EOS-USD,0.08936625116956841
2023-07-01,Crypto Risk-Parity,ETC-USD,0.07728298472533653
2023-07-01,Crypto Risk-Parity,ETH-USD,0.09610097598217257
2023-07-01,Crypto Risk-Parity,LTC-USD,0.08322045222151536
2023-07-01,Crypto Risk-Parity,TRX-USD,0.15018823081436802
2023-07-01,Crypto Risk-Parity,XLM-USD,0.10603112997749618
2023-07-01,Crypto Risk-Parity,XRP-USD,0.09859495632546068
2023-08-01,Crypto Risk-Parity,ADA-USD,0.08614221179639174
2023-08-01,Crypto Risk-Parity,BCH-USD,0.09333943464212757
2023-08-01,Crypto Risk-Parity,BTC-USD,0.13951134452891875
2023-08-01,Crypto Risk-Parity,EOS-USD,0.09122158778879531
2023-08-01,Crypto Risk-Parity,ETC-USD,0.0844274187832187
2023-08-01,Crypto Risk-Parity,ETH-USD,0.1175465356898547
2023-08-01,Crypto Risk-Parity,LTC-USD,0.08691014034142211
2023-08-01,Crypto Risk-Parity,TRX-USD,0.1556909594594407
2023-08-01,Crypto Risk-Parity,XLM-USD,0.07410036203440236
2023-08-01,Crypto Risk-Parity,XRP-USD,0.07111000493542817
2023-09-01,Crypto Risk-Parity,ADA-USD,0.08779292777571025
2023-09-01,Crypto Risk-Parity,BCH-USD,0.0879114887585606
2023-09-01,Crypto Risk-Parity,BTC-USD,0.1369415424373367
2023-09-01,Crypto Risk-Parity,EOS-USD,0.09004477400756947
2023-09-01,Crypto Risk-Parity,ETC-USD,0.08775357178857195
2023-09-01,Crypto Risk-Parity,ETH-USD,0.12233192308892067
2023-09-01,Crypto Risk-Parity,LTC-USD,0.08720778453157914
2023-09-01,Crypto Risk-Parity,TRX-USD,0.15845409299206517
2023-09-01,Crypto Risk-Parity,XLM-USD,0.0721154229009308
2023-09-01,Crypto Risk-Parity,XRP-USD,0.06944647171875525
2023-10-01,Crypto Risk-Parity,ADA-USD,0.08923059398421837
2023-10-01,Crypto Risk-Parity,BCH-USD,0.08461432236700205
2023-10-01,Crypto Risk-Parity,BTC-USD,0.13890917823342666
2023-10-01,Crypto Risk-Parity,EOS-USD,0.08937217100053065
2023-10-01,Crypto Risk-Parity,ETC-USD,0.09160060389004969
2023-10-01,Crypto Risk-Parity,ETH-USD,0.12364194399956209
2023-10-01,Crypto Risk-Parity,LTC-USD,0.08547963872762875
2023-10-01,Crypto Risk-Parity,TRX-USD,0.15876281610722742
2023-10-01,Crypto Risk-Parity,XLM-USD,0.07092693363179028
2023-10-01,Crypto Risk-Parity,XRP-USD,0.06746179805856406
2023-11-01,Crypto Risk-Parity,ADA-USD,0.0911991003374979
2023-11-01,Crypto Risk-Parity,BCH-USD,0.08153604449634592
2023-11-01,Crypto Risk-Parity,BTC-USD,0.13565209334744258
2023-11-01,Crypto Risk-Parity,EOS-USD,0.09022740431940499
2023-11-01,Crypto Risk-Parity,ETC-USD,0.09289547634733891
2023-11-01,Crypto Risk-Parity,ETH-USD,0.12410842729926998
2023-11-01,Crypto Risk-Parity,LTC-USD,0.08370837716537537
2023-11-01,Crypto Risk-Parity,TRX-USD,0.16811661165414077
2023-11-01,Crypto Risk-Parity,XLM-USD,0.06804072229771595
2023-11-01,Crypto Risk-Parity,XRP-USD,0.0645157427354676
2023-12-01,Crypto Risk-Parity,ADA-USD,0.0870181057147363
2023-12-01,Crypto Risk-Parity,BCH-USD,0.08033850448639895
2023-12-01,Crypto Risk-Parity,BTC-USD,0.1390531136160994
2023-12-01,Crypto Risk-Parity,EOS-USD,0.08496055757709638
2023-12-01,Crypto Risk-Parity,ETC-USD,0.09126948032498626
2023-12-01,Crypto Risk-Parity,ETH-USD,0.12129607135758735
2023-12-01,Crypto Risk-Parity,LTC-USD,0.08354603627141344
2023-12-01,Crypto Risk-Parity,TRX-USD,0.18820811259884468
2023-12-01,Crypto Risk-Parity,XLM-USD,0.063653512689401
2023-12-01,Crypto Risk-Parity,XRP-USD,0.060656505363436315
