date,Combined Max-Sharpe,Combined Min-Variance,Combined Risk-Parity,Equity Max-Sharpe,Crypto Min-Variance,Equity Min-Variance,Equity Risk-Parity,Crypto Max-Sharpe,Crypto Risk-Parity
2020-10-01,,,,,-0.015044809910508513,,,-0.024191447252247943,-0.015135540404973776
2020-10-02,,,,,-0.00911071936963355,,,-0.03279481365778581,-0.020969716619767
2020-10-03,,,,,-0.0034722695355836556,,,0.0027180260084431677,0.00413661184316222
2020-10-04,,,,,0.0310540047268707,,,0.023395959575076765,0.01844531206501774
2020-10-05,,,,,0.01199356076992449,,,0.007517774010686854,0.0038944593413514405
2020-10-06,,,,,-0.019141886204362146,,,-0.04197565496340635,-0.009628452688613263
2020-10-07,,,,,0.008718520351676974,,,0.0062132883215177594,0.0025920054498884994
2020-10-08,,,,,0.018809699025892114,,,0.025725889998013497,0.014814054929697826
2020-10-09,,,,,0.01153603027353809,,,0.049808169166312824,0.02244982874361038
2020-10-10,,,,,0.014216806826771492,,,0.02137438392338492,0.013469815442366025
2020-10-11,,,,,0.0069583732935675855,,,0.012591221973344037,0.011509188152115678
2020-10-12,,,,,0.010419767247919964,,,0.03324274825933209,0.010998453675548038
2020-10-13,,,,,-0.0071432269362203035,,,-0.014268329284353821,-0.0051760347636028055
2020-10-14,,,,,-0.009959473718398568,,,-0.008640227864682753,-0.006263547594861592
2020-10-15,,,,,-0.001745249189563439,,,-0.005716121517963578,-0.004768544776868242
2020-10-16,,,,,-0.01782638158935593,,,-0.027331791801728428,-0.01769248270347914
2020-10-17,,,,,0.0027429911003562656,,,0.012448785850959727,0.004428849221949888
2020-10-18,,,,,0.008886030750003498,,,0.01973812740755389,0.0068672654636151055
2020-10-19,,,,,0.019841684825013747,,,0.0077150035658366724,0.015800366730867797
2020-10-20,,,,,0.0055427586741811415,,,-0.040506475203250056,-0.02073058833004765
2020-10-21,,,,,0.05981431352607777,,,0.05123776973000786,0.05494958205409731
2020-10-22,,,,,0.01470337834097072,,,0.049201602774768864,0.026825981735723335
2020-10-23,,,,,-0.00448892070145497,,,-0.015126924490088917,-0.007612071521307415
2020-10-24,,,,,0.010787597386334866,,,0.0037482910076979624,0.015812911436785156
2020-10-25,,,,,-0.008396379953618858,,,-0.015477923927394818,-0.008203398243279484
2020-10-26,,,,,-0.004664756733969842,,,-0.03045583858814479,-0.02152294950043445
2020-10-27,,,,,0.03392531206520749,,,0.013659749703099392,0.016251787075210987
2020-10-28,,,,,-0.02795736669280238,,,-0.037754973400079495,-0.02341194597752831
2020-10-29,,,,,0.0023022609231789642,,,-0.018286198801460717,-0.007553793546831439
2020-10-30,,,,,0.0001618973250483522,,,-0.014750773449426713,-0.01779704915850518
2020-10-31,,,,,0.011641472773803844,,,0.004245870351608175,0.008720141593026464
2020-11-01,,,,,-0.0018950299699548195,,,0.03799103753104444,0.008298225748272757
2020-11-02,,,,,-0.015775579626747784,,,-0.0412289391193955,-0.03548583747211196
2020-11-03,,,,,0.023804932391474902,,,0.019687593040338954,-0.002311825225852082
2020-11-04,,,,,0.003604896223758454,,,0.016547539105602374,0.0037730268134189044
2020-11-05,,,,,0.07002854070701343,,,0.052621538787770934,0.05038007854981377
2020-11-06,,,,,0.023735726597740713,,,0.06979453434386788,0.053595592412213316
2020-11-07,,,,,-0.04104997152684532,,,-0.0596417416765,-0.04327465272055626
2020-11-08,,,,,0.031287417231273075,,,0.04681636678105408,0.03258964656146226
2020-11-09,,,,,-0.010946785583211278,,,-0.011581510104702219,-0.019324114810859834
2020-11-10,,,,,0.0044923947115374455,,,0.0015915270878804778,0.0006923277762450067
2020-11-11,,,,,0.018577911426894234,,,0.012411702117168423,0.010440255808434589
2020-11-12,,,,,0.01693519981131465,,,0.007395467704867851,0.0013426964294362817
2020-11-13,,,,,0.020307958049033997,,,0.011770961674752788,0.02835822908357887
2020-11-14,,,,,-0.0025330820315002753,,,-0.01801585531960921,-0.014883813962220202
2020-11-15,,,,,-0.0014391301078420689,,,-0.021756487135434537,-0.01523831224793367
2020-11-16,,,,,0.052935166444333125,,,0.038695806622180584,0.04676036998724871
2020-11-17,,,,,0.05726277350089841,,,0.05357252779198096,0.052437074336316766
2020-11-18,,,,,-0.007947794491652838,,,-0.011481706757790307,-0.009412756874180965
2020-11-19,,,,,0.01562564419899668,,,-0.004209851233579887,0.006052581376190407
2020-11-20,,,,,0.06151337155305262,,,0.08292961691781436,0.052200974601592814
2020-11-21,,,,,0.18711061056882808,,,0.07488687863185475,0.14656242850131837
2020-11-22,,,,,-0.022750617479149936,,,0.039752848028858,-0.02851371232825619
2020-11-23,,,,,0.18008515311755213,,,0.03779350291254786,0.13302630496918055
2020-11-24,,,,,0.08122958287146549,,,0.06591045764785305,0.11180074301357662
2020-11-25,,,,,-0.048842120107573994,,,-0.047116150477720976,-0.05244282226678528
2020-11-26,,,,,-0.12050453053137125,,,-0.09879739159582104,-0.12416140177904186
2020-11-27,,,,,0.021824890935719782,,,0.009623563437596263,0.02545143682275673
2020-11-28,,,,,0.07460376276435092,,,0.10721144774155186,0.0515424330665571
2020-11-29,,,,,-0.0007761205348010732,,,0.017778433912269832,0.018081290621992034
2020-11-30,,,,,0.08726031975950874,,,0.05060550213681687,0.07161165745556233
2020-12-01,,,,,-0.058583930505493806,,,-0.06844159273127234,-0.06756474502918997
2020-12-02,,,,,0.021395664443313357,,,0.018024708507065074,0.02133404739458756
2020-12-03,,,,,0.01687368330163218,,,0.017041857201060714,0.01563087827822727
2020-12-04,,,,,-0.04671987214088113,,,-0.06902558312840305,-0.0782272027303508
2020-12-05,,,,,0.026402492216428153,,,0.04278965914658908,0.04232682535591703
2020-12-06,,,,,0.008790932405611561,,,0.010899177066032419,0.00870915215353002
2020-12-07,,,,,-0.008996814231988965,,,-0.018158426786627973,-0.014573167970488923
2020-12-08,,,,,-0.05183609263376561,,,-0.06356410469709749,-0.06849057264464053
2020-12-09,,,,,0.01878943943447802,,,0.03957828928133995,0.03411639347750229
2020-12-10,,,,,-0.0172572398620409,,,-0.0282841669606935,-0.026567590325191334
2020-12-11,,,,,-0.011827957632405512,,,-0.022694738143289865,-0.025236774921068666
2020-12-12,,,,,0.03809522981115045,,,0.03661557128265367,0.02895952697266674
2020-12-13,,,,,0.019098151945797674,,,0.04024450427222477,0.037940839840217594
2020-12-14,,,,,0.0024598937739185533,,,0.001516600414063264,-0.003490275366227896
2020-12-15,,,,,0.00776427128690328,,,-0.004082341311333605,-0.0019086693151487487
2020-12-16,,,,,0.09019409657941625,,,0.10405615601908492,0.10265623061709886
2020-12-17,,,,,0.052472324434065624,,,0.027451848976672494,0.013738816862404758
2020-12-18,,,,,0.011983797696280645,,,0.011651472226221597,0.015286319632211026
2020-12-19,,,,,0.025437594285244135,,,0.013242575003123288,0.015540784428292147
2020-12-20,,,,,-0.012215310388414542,,,-0.021086922918778454,-0.005315881219225496
2020-12-21,,,,,-0.03515745991199228,,,-0.04263626746340794,-0.05972996255843238
2020-12-22,,,,,0.030660441184581402,,,0.022069626050116933,0.006322649094824762
2020-12-23,,,,,-0.05274014526130433,,,-0.09494056357330594,-0.15426272001488858
2020-12-24,,,,,0.0415323495742832,,,0.08838359144420546,0.12109750288205914
2020-12-25,,,,,0.036887085665069236,,,0.020073135806668103,0.028695561807833565
2020-12-26,,,,,0.052805773907728906,,,0.028946586395579156,0.0027022841799630784
2020-12-27,,,,,0.0004432083276407865,,,0.0010427353126472912,0.01080313743816593
2020-12-28,,,,,0.02892930561251555,,,0.04667056927657082,0.027485614161445376
2020-12-29,,,,,-0.0037322263091824816,,,0.011162070963430172,-0.021216632942034068
2020-12-30,,,,,0.03713951891952124,,,0.013785603901146009,-0.003623181654717456
2020-12-31,,,,,0.003562833957545873,,,-0.004732950407868721,-0.009923463402491159
2021-01-01,,,,,0.010867591187738966,,,0.006027771218097385,0.010815001862446664
2021-01-02,,,,,0.07763283738547463,,,0.08414739550190987,0.029160172609655352
2021-01-03,,,,,0.03477450915554103,,,0.037472903497033784,0.1140788028035031
2021-01-04,-0.003123189638213031,0.0036584727378828298,-0.005491593453447437,-0.005349737316404596,-0.009957397712484342,0.0036584724580891624,-0.011905947800420046,-0.01024922276873826,0.03681196139480892
2021-01-05,0.0486860186235522,0.0011482898777956051,0.01295113689722085,0.005801113054602746,0.04123513319374998,0.0011482899281090094,0.008925433825141237,0.07297599929604726,0.0432321161236648
2021-01-06,0.08779865661988216,0.006011260367583478,0.029025258214884286,-0.01178720702915397,0.0791191345503728,0.0060112600859872954,0.010374281648608891,0.10640259920592146,0.15349075500405762
2021-01-07,0.04135007266772729,0.006365755690049949,0.00946291232759566,0.021219584121485505,0.056429468328550926,0.006365755740304551,0.008791686972489264,0.049917475632211744,0.011724317178908771
2021-01-08,0.01584430705549218,-0.002333244601894064,0.0017895404388760005,-0.0003743530337033665,0.02540065531615311,-0.0023332443988286107,0.0028944508834820282,0.033971856065394275,-0.004079942712151686
2021-01-09,,,,,0.011300423672584249,,,-0.0011508885128384495,0.08505214849790077
2021-01-10,,,,,-0.036934394644107485,,,-0.051163760788776755,-0.02419019826214818
2021-01-11,-0.042845234522583195,0.00034403254210957286,-0.016062289099778002,-0.0037176788169464383,-0.08471872327250211,0.00034403248134297663,-0.0010633335567417279,-0.07589648483047644,-0.12843470172690905
2021-01-12,-0.026128523624042416,0.00140316810717871,-0.0026516430906464885,-0.017079047272507777,-0.040727724216750916,0.0014031681778912063,-0.0004123717231518498,-0.03614090338574768,-0.023502607476771416
2021-01-13,0.061634484454373493,-0.00167417552920572,0.010015387367753268,-0.0009012293096252394,0.09278882825855325,-0.00167417565840497,0.0002506496892825034,0.09908070947357189,0.08414559350542311
2021-01-14,0.02661914319844665,0.003853897541443727,0.004153717561211648,-0.014728460725836298,0.04027346003124825,0.0038538976298718285,0.0018393692796622502,0.04344353844548285,0.02421837153789594
2021-01-15,-0.04520154358143979,-0.005257173516958748,-0.011062566701689662,-0.0048723518436017575,-0.050473291609942364,-0.005257173596612413,-0.007383760757484682,-0.0561330812281499,-0.03914538168993883
2021-01-16,,,,,-0.011156761413996848,,,0.003747254261854471,0.022965598152604443
2021-01-17,,,,,-0.009467972171070753,,,-0.0005458308208290172,0.0003169915898936157
2021-01-18,,,,,0.026649131673781558,,,0.018222497786502097,0.026709872438578884
2021-01-19,-0.009570306944083218,0.009679547918992894,0.007223621033332554,0.009692826946577396,-0.0155307458430129,0.009679547871421902,0.007032169147268105,-0.013471396119472963,0.008305341935289394
2021-01-20,0.0011412749545381307,0.015183176967941896,0.007974487375675547,0.027521662350037963,-0.012708696368655237,0.01518317717958731,0.010026985696890627,-0.01076087119243309,-0.006626024817392452
2021-01-21,-0.08350049348812827,-0.009337812908814743,-0.02084069159464093,-0.0014214842143000185,-0.12529861121803434,-0.009337812782892706,-0.006309972346210511,-0.13788617529668742,-0.13018035269510508
2021-01-22,0.04209642167257396,-0.0004639715702662334,0.004919369357406542,-0.005575071799104157,0.06404566821048148,-0.0004639716634708842,-0.0024162958352187684,0.07735623471621476,0.06129901061899472
2021-01-23,,,,,-0.01993387723356846,,,-0.02629494100302527,-0.003517407330254707
2021-01-24,,,,,0.011022035224077714,,,0.009718027621047471,0.028457642588051738
2021-01-25,0.0007198904109006183,0.0033285818279469187,0.0003354426807802131,0.0016252134049533247,-0.0010925793553003623,0.003328581777033604,0.003132970214022126,-0.0014670959353403107,-0.020377231795941645
2021-01-26,-8.877755354401643e-06,-0.0018420071828700246,-0.003549823702944193,-0.008056226502300678,0.004401150421710839,-0.0018420071367706852,-0.00368941020968547,0.005814170963974422,-0.001827542308277678
2021-01-27,-0.0539695223398642,-0.021704725562705165,-0.030911385752587426,-0.04038453819033887,-0.061963732331835296,-0.0217047252829778,-0.02534053293822662,-0.0685375668244974,-0.07327367063439066
2021-01-28,0.07427744969656763,0.0010658638827838914,0.019249426223617586,0.020777798061042928,0.09211258248896974,0.0010658637432687042,0.009460216647725853,0.10009463094682351,0.09188540799526601
2021-01-29,0.012833403352015896,-0.010431222084609344,-0.007521961895874704,-0.00649991273403412,0.03902067794282377,-0.010431222025694816,-0.012522865614511028,0.02325466871588168,0.028573866734591703
2021-01-30,,,,,-0.007290388147856622,,,0.0035145724059397728,0.05283413622531809
2021-01-31,,,,,-0.030010068130129616,,,-0.035513488243041395,-0.020350317881419475
2021-02-01,0.013653259334452975,0.0005191298453992389,0.008720848023272268,0.01145146036739965,0.01727458419825364,0.0005191300954173895,0.007705325977716036,0.030409884294312548,0.022682195876300652
2021-02-02,0.04161355272926214,0.006385608859245067,0.0181824120346546,0.023526592970081923,0.047754962437396055,0.006385609510885038,0.01550373787196636,0.07504773797594277,0.04208806927392876
2021-02-03,0.0249268305015461,-0.002210004053119197,0.003958868522866177,-0.0123039949806857,0.049332152338605426,-0.0022100020223217156,-0.0017125089008503892,0.06693616481070158,0.04791137003220765
2021-02-04,-0.010777261313117206,0.0023533866007185095,0.004469815846018886,-0.006200228468577261,-0.020163946818603968,0.0023533873135781315,0.007252509462136775,-0.022041635740250233,-0.02006049288953335
2021-02-05,0.02781397085066937,0.014658186367369267,0.016383108451033666,0.003255566889150471,0.049954445054172555,0.01465819343507347,0.007871999383928244,0.06589457446900326,0.08109109079467249
2021-02-06,,,,,0.018045380255875314,,,0.024758903034649487,0.018554633131213284
2021-02-07,,,,,-0.0061877700597692915,,,-0.012558519148887646,-0.004298728722283757
2021-02-08,0.10074762497062185,0.003083231167933963,0.018482605154793313,0.02497558665227496,0.16618016778145042,0.003083229269627253,0.009968099309243115,0.13590933576216918,0.0910727257234144
2021-02-09,0.0024839639073000836,-0.0009334961421148049,0.0053528641711835055,-0.018731642384632777,0.03690416823099613,-0.0009335060168108696,-0.0027919974445127947,0.010510583565216683,0.06597719497216717
2021-02-10,-0.0005042266439560867,-0.007107846612554416,0.004365156839322779,0.001689770806911334,-0.01804251807520358,-0.007107847552687414,7.660472985886397e-06,0.007143752551206334,0.033045035802224294
2021-02-11,0.04923758360895459,-0.0048796040283004575,0.008169414294282513,0.001600114140600053,0.10186620717237171,-0.0048796037729809715,-0.001291754186913955,0.045472934228151976,0.08226596744286273
2021-02-12,0.019903517426649472,0.004262506392244081,0.009301997028479704,0.0021161214719121538,-0.00967983365406538,0.004262506469118834,0.00393848975021553,0.007491390549977499,0.0431458494541348
2021-02-13,,,,,0.03578407388751419,,,-0.011701439280683075,0.09568319403756927
2021-02-14,,,,,0.01081723109724856,,,0.011066947519628348,-0.02411633256020232
2021-02-15,,,,,-0.034502083357389066,,,-0.012556770742655793,-0.04419745563081791
2021-02-16,0.012848098168745988,-0.009073549858360367,-0.0027827397791686374,-0.003823041675396549,0.023185465581690073,-0.009073548603211905,-0.0029480369482248795,0.015924357254586467,0.0011860560907727947
2021-02-17,0.02124450123663955,0.006815705967439459,0.007280044314660396,-0.013370319914705532,0.05057101769399286,0.006815707093906019,0.0026022311141245874,0.04873579409818407,0.04419882170170672
2021-02-18,-0.003826141942487162,-0.01123872342692705,-0.003500344852873659,-0.0007809791587282096,0.00036002130208850555,-0.011238745150980646,-0.004428574216371819,0.01364815560834792,0.002820330952792522
2021-02-19,0.040836424847116234,-0.007243673256487747,0.004164370146594359,-0.0011969884934863143,0.08271764816299229,-0.007243670304814005,-0.001934911396324371,0.05130443335029031,0.052978559402222986
2021-02-20,,,,,-0.007520912090075625,,,0.014567023980182458,-0.017537295993871948
2021-02-21,,,,,0.026292584260636524,,,0.015520329995645635,0.024557765780895024
2021-02-22,-0.043151761528406225,0.0016352578380321252,-0.0070644966769701795,-0.018226848112746608,-0.066808168202417,0.0016352573523743606,0.0001695690877588404,-0.05986932307210859,-0.06627463994737787
2021-02-23,-0.07532521754660196,-0.007133034950543425,-0.018821004219566187,-0.012074282301284562,-0.12001604314777373,-0.007133043254323097,-0.000857053228768449,-0.10942307770312285,-0.154154727214093
2021-02-24,0.022240980321997082,-0.0008520805453219052,0.012942176616590188,0.016019041705366537,0.030384513687534736,-0.0008520833911313597,0.009602367355025189,0.03216303477119772,0.03852641140204102
2021-02-25,-0.055651482477623714,-0.009021148244925382,-0.020416001426154504,-0.03411004465123498,-0.05531930540774328,-0.0090211531488478,-0.01610668608035075,-0.05879829315262432,-0.05386440675513453
2021-02-26,0.007921985917385035,-0.017438000296845755,-0.011916690309830065,0.004712086176416519,-0.013812983673704397,-0.01743800007129854,-0.013233935161147296,-0.0013180810607765847,-0.002529664954421285
2021-02-27,,,,,0.006076647062960537,,,0.00846824526674221,0.026250608877053112
2021-02-28,,,,,-0.025936397094172208,,,-0.024668048834842984,-0.041398512815817655
2021-03-01,0.05744417694536098,0.008863585441986562,0.02364951287924392,0.018821855052122957,0.08751091818469217,0.008863586263422677,0.018039942280230363,0.09061521158929188,0.069153446492523
2021-03-02,-0.017032903506683697,0.004960975296214692,-0.003139821715439238,-0.0070654779308523446,-0.02452133104160857,0.004960975268836108,-0.001593048917782131,-0.03467380869402392,-0.016697904604253896
2021-03-03,0.0110411960626971,-0.013225702655459245,-0.004591126348696625,-0.02089937856995322,0.04311720488310409,-0.013225704225316678,-0.009710074696736796,0.02608753236084314,0.03544358258835163
2021-03-04,-0.02999717105900468,-0.002794538001915977,-0.008698426884028021,-0.018896112180713437,-0.025566158386294696,-0.0027945360954323927,-0.00817053841608002,-0.05499837886223541,-0.016975424433511396
2021-03-05,0.019778599892096276,0.01532790591817159,0.01420084878123647,0.01374080945530903,0.0029605732692219435,0.015327906310015009,0.017050533628405962,0.02202338460576841,-0.006925931289876192
2021-03-06,,,,,-0.000130573353620607,,,-0.011651631320242573,0.010219505178803106
2021-03-07,,,,,0.04192293802434544,,,0.03091070446360334,0.030393346570956447
2021-03-08,-0.003860247983093476,-0.005212181954552332,0.002410884716155345,-0.027958328945797896,0.019181579296351364,-0.0052121813524393865,0.00024278531092751217,0.008238252768029246,0.018704207847418337
2021-03-09,0.03503696937463703,0.007215631049740569,0.012221168694330969,0.0189361115325857,0.04378563607664785,0.007215631491246176,0.008575469610723512,0.05634069153892165,0.042931628442961146
2021-03-10,0.003278388885210572,0.009550931176115442,0.004328422596857817,0.0015946253696610914,0.008853332881901089,0.0095509276792873,0.008231176376455283,-0.004067534706247819,-0.024103460439393383
2021-03-11,0.0162245537695478,-0.0003503897526546208,0.00456486153019837,0.016934654033019646,0.025067134387383113,-0.00035039204487910953,0.004835309898237862,0.017418902236744162,0.005348845576788743
2021-03-12,-0.012750140383956885,0.00515837432207887,0.003418932923592509,0.011788446610083977,-0.013870377584177746,0.005158374193540545,0.00620816338234103,-0.03243534827154519,-0.01847123826972
2021-03-13,,,,,0.06939543659175872,,,0.06590989450775177,0.07911950594129272
2021-03-14,,,,,-0.03329433684267933,,,-0.03466409450773346,-0.046790260469658104
2021-03-15,-0.03549384579288666,0.01365212608088921,0.002900624064681172,-0.005994652933357928,-0.04829642821575217,0.013652124998328657,0.007799597122474707,-0.045451001304406456,-0.03814249015545587
2021-03-16,0.03231604436416903,0.005140407671120001,0.006673885876750172,0.002878278432697185,0.023678995854773205,0.005140410306977117,0.0023806298031996192,0.08263239307270603,0.040210150310784995
2021-03-17,0.02219973057158406,-0.010328852898193757,0.0033544224226258277,-0.001706219140198177,0.03909766470460797,-0.010328852842051064,-3.8191888382682875e-05,0.062356749975038255,0.031085540590760286
2021-03-18,-0.02079861103723148,-0.00789795724499135,-0.01267986294691713,-0.011958341263183098,-0.020622550218407153,-0.007897958279773888,-0.011656739488913107,-0.04720680535843935,-0.022697839073965533
2021-03-19,0.007858920948635278,-0.0023443701977468967,-0.0013510664894002572,-0.002812965830453637,0.022412405176739522,-0.002344372509479286,-0.003937306257040626,0.023613815669633772,0.020275755260992262
2021-03-20,,,,,0.004920547049407328,,,-0.026570671597434464,0.015324554570527556
2021-03-21,,,,,-0.006769348639201924,,,-0.01386205337255109,-0.014801134071624316
2021-03-22,-0.023026987851857115,0.009850370686853328,0.002962370402949856,0.010586952041009024,-0.05036740533655309,0.009850373285731151,0.007160747454125716,-0.057265069410060924,-0.033447831136135794
2021-03-23,-0.000316533928663494,0.0003570784003879148,-0.004291649284585039,-0.009434439648776312,0.0030595427546775814,0.00035708226155330147,-0.005716113392653473,0.006229293020872973,0.00641169211958032
2021-03-24,-0.023016701154146755,-0.006581547888233802,-0.011413788583235843,-0.005483043931616496,-0.0402546221181179,-0.006581549999814885,-0.004625126834857258,-0.03789491151670562,-0.06321164609595807
2021-03-25,0.003491262963043025,0.0026185164995948,0.005062710444378007,0.00833098243041491,-0.016396875075128544,0.0026185147329988484,0.005897563785370869,-0.0042202851514466545,-0.0033319018152468518
2021-03-26,0.05257644411502301,0.017270064036125812,0.027188314264013205,0.02607063431041779,0.08210440325987066,0.017270063679664403,0.019462187892796655,0.07911517928614438,0.08754605174588603
2021-03-27,,,,,0.008074231700073133,,,-0.0012378883308652772,-0.006624670781571806
2021-03-28,,,,,-0.0001868905981045405,,,0.00415051564071567,0.0026541272958711393
2021-03-29,0.014829418445537703,0.010913141312860952,0.007279089243383892,0.0057409268245927885,0.03068637849640931,0.010913143070962576,0.0034343901212669633,0.024104910075718876,0.03817532938985768
2021-03-30,0.00902232751273979,-0.009058227410661798,-0.0030013594460773464,0.005554086470452607,0.020179290742484136,-0.009058226821504558,-0.0050877016382766035,0.016199772726374722,0.014729928805144864
2021-03-31,0.0014602639470874736,0.0015808868328903102,0.007678439812211784,0.0032141107619807893,0.06132596548820471,0.0015808858916576548,-0.0002936791713642387,-0.005885455227846753,0.06926762023683844
2021-04-01,0.00657181486015192,0.011948136421830477,0.013351937244976755,0.012750825056088044,-0.006580341762518858,0.011948139960452341,0.01171830951080068,0.0007296297535722018,0.02484737871334835
2021-04-02,,,,,0.017051648457954163,,,0.014337249779913672,0.05119638805908447
2021-04-03,,,,,-0.016794113905165324,,,-0.012309365649771867,-0.047300113150381656
2021-04-04,,,,,0.05342172151212349,,,0.04907293449340931,0.0780976183403074
2021-04-05,0.004613156441734023,0.012269474262862342,0.016988502548835962,0.0027128071128912795,0.027966851102227255,0.011864814635434123,0.008137942171685397,0.013938675053071019,0.09782148440167072
2021-04-06,-0.00514259284259688,-0.0007608968143255326,0.003211753562361603,-0.00021414620068765976,-0.011314596877892765,0.0004257105825824838,0.0005194072879634179,-0.014603441731037978,0.028604777513499095
2021-04-07,-0.019693671513235898,-0.0021777968076851367,-0.007894171397834979,-0.0031155385093802695,-0.04683702158500143,-0.0007751244307300959,-0.0012197330062088286,-0.05136640785808855,-0.07185579991063146
2021-04-08,0.020734912428607442,0.0013214904639719952,0.005163536592786024,0.0024361642103180167,0.05185023719239025,-0.00027869155810124406,-0.0010591250123760968,0.049316783772580995,0.06405826489541405
2021-04-09,0.0010587136909566278,0.0029348118532123275,2.1573770089838027e-05,0.005748809824769129,-0.010711749875333226,0.003637162402661152,0.0027033093587026068,-0.010387114483402925,-0.024634728584424635
2021-04-10,,,,,0.04506568284484681,,,0.0312797711502527,0.09279630218731677
2021-04-11,,,,,0.0031396981473211147,,,0.008622037405813103,0.009755629369851684
2021-04-12,0.006826794656411063,0.002134655631620541,0.00030116715831401763,0.0028909328513847046,0.004775934796625317,0.0014131290788368133,3.951778796462127e-05,0.010141968977632502,0.00017000619606985425
2021-04-13,0.023998850983371383,0.003747374415364807,0.01262225138771415,-0.0034032675657920783,0.07534117004854293,0.001987430115306417,0.0028783346319267255,0.0715409801476215,0.10498508272038126
2021-04-14,-0.0023480943081421964,-0.0031278423232016946,0.0026365612491591585,0.0006106004893022452,-0.006220341263493126,-0.0026309749883811407,0.0003618218814164073,-0.0025220590604929016,0.02495243194074924
2021-04-15,0.01635705421722884,0.009153182635305148,0.016283519200747026,0.008296843595907424,0.03308239371837532,0.0071623740746637205,0.01119077339097646,0.026371247697194535,0.061267324125821296
2021-04-16,-0.012709236996520547,0.0015826441713398213,0.007883899015088989,-0.0012999784036390682,-0.01619275594602338,0.0018197406289194077,0.0032185539929343015,-0.02911602551166812,0.04854538222421498
2021-04-17,,,,,-0.01564424081148283,,,-0.01789356903474051,-0.030842125185534676
2021-04-18,,,,,-0.07543294785834859,,,-0.0765811507662993,-0.07326340268293974
2021-04-19,-0.008695324602455352,-0.0020755737208164263,-0.008962579733576989,-0.0016738657238091863,-0.02494859494638859,-0.0010160825234143524,-0.0036894240481869477,-0.028181516195333038,-0.05887094029396992
2021-04-20,0.0015696714625686662,0.0059809248503299535,-0.0007389886667939153,-0.010979783331169023,0.016835593169498793,0.005663927851873811,-0.0040442060535773195,0.023052793157729973,0.03153282181435737
2021-04-21,-0.007940660651066174,0.0039139794601877245,0.003683411278869768,0.010411888169618107,-0.04947918978563619,0.004895936847158425,0.008323867044147108,-0.04859006946449934,-0.04049633639237081
2021-04-22,-0.02314320172633865,-0.0007100919504749925,-0.011478730276736633,-0.011535018532313267,-0.04702539585446135,0.0007980538105342794,-0.007717676018715822,-0.048837327834507026,-0.04641588787431386
2021-04-23,0.007269841957368383,0.0026118886899232125,0.004709028558482194,0.010174674483743104,-0.01171260252194849,0.0026470431632628355,0.006824085517998589,-0.00882869896759511,-0.016895699930831676
2021-04-24,,,,,-0.030930044435464675,,,-0.0302997355744582,-0.06471386536472815
2021-04-25,,,,,-0.019166000437667814,,,-0.017458817880604275,-0.008820634040988722
2021-04-26,0.03922535334876797,-0.00455036597407857,0.012899249151530038,0.00590290511516196,0.11760356656735133,-0.006802464789906941,-0.0008714355158083568,0.11456656788174213,0.14466944686590819
2021-04-27,0.023063957508571337,-0.0038514875661850028,0.003704453317249106,0.007729776294681099,0.027092400250830047,-0.004788371698137557,-0.0002668183459764767,0.03296796734745043,0.041700284641742025
2021-04-28,0.0041425419327964,-0.0005277079987048372,-0.001288329002164722,0.004630004303991316,-0.004625408993595228,-0.00029506503338392795,-0.001421330544149891,-0.0011756714274029601,0.002226365005900328
2021-04-29,-0.0006253743558286559,0.00828898962538689,0.006285426784690443,0.00849111044747786,-0.01981296543451521,0.008520119938380661,0.00800878216824044,-0.021025366080780695,-0.011494626631021666
2021-04-30,0.019503533971600595,4.2279528635815975e-05,0.003026671319635428,-0.005900759471869405,0.07910925339771041,-0.001180929544858836,-0.00459183386729756,0.0708323832528992,0.07481282505017776
2021-05-01,,,,,0.009232048061305278,,,0.0006475067187867855,0.03821480064431592
2021-05-02,,,,,-0.0189545492693089,,,-0.018632118445709542,-0.015201453310813545
2021-05-03,0.01458512610022521,0.007404140465819064,0.011006940439758328,0.008994624526027747,0.023484510769989635,0.006895591656527818,0.006331556118912447,0.03846767091735433,0.05727769690828151
2021-05-04,-0.011084941272760013,-0.00576553955366664,-0.004846925210690924,0.002311462773311776,-0.03835188953146458,-0.0045241298653686,-0.003654169838928768,-0.045220456531302924,-0.02214726181639444
2021-05-05,0.028328133135718254,0.004801725187441613,0.020396094010293617,0.005256586624282121,0.11105185333199748,0.0021110520602686087,0.003232875232867651,0.1273641594122661,0.21842629408744907
2021-05-06,0.008729195289341043,0.007268853484833199,0.014364947573534941,0.005166367615896267,0.02396005268546067,0.007100364500255224,0.008002303230540356,0.0441656361325049,0.08635721723459278
2021-05-07,0.008468661241789322,0.0006416757358773045,0.004247555873211075,0.009754223134124327,0.0041946650772172935,0.0009926608551103476,0.007591293860616635,-0.0001099168557400147,-0.03278011894888222
2021-05-08,,,,,0.022048919365305335,,,0.019946886754239848,0.018627349611544
2021-05-09,,,,,-0.010760041741782862,,,0.011447485148963522,0.016027058340016782
2021-05-10,-0.014489505308936888,0.0036407145094476097,-0.006927858110078214,-0.004291711001127797,-0.051439498750590194,0.004950254665641319,-0.002092937067854847,-0.05464622100365769,-0.0625431389346629
2021-05-11,-0.0005966721118941621,-0.0077297976810704865,0.00207560544393632,-0.01014827968460746,0.02552842839309509,-0.008748474280409608,-0.0074047761085434035,0.042602432142482397,0.11234671326819426
2021-05-12,-0.03946404797137654,-0.0157440397595009,-0.028498321230248494,-0.015284186108765866,-0.1429989197694581,-0.013856515931586872,-0.016426745512889265,-0.1353869989151554,-0.17338847420814996
2021-05-13,0.026010807726206328,0.012246799893217905,0.013696098482359387,0.01232468712821491,0.023332023379673203,0.012090551209165802,0.010190735388937345,0.06861356193052136,0.05628261994571832
2021-05-14,0.008923512100040101,0.0031351190543485287,0.013831376422482002,0.010768990385962025,0.020049993010883383,0.0030682483294304456,0.01074329124530226,0.03426894430796355,0.05177261050036529
2021-05-15,,,,,-0.057742951279009504,,,-0.02712800951873312,-0.04521939828631877
2021-05-16,,,,,-0.00522339804591687,,,0.006598279120483943,0.0012859808201815589
2021-05-17,-0.012422317652862514,-0.00252225808698852,-0.004064036649872581,0.005643173423682935,-0.062412304202569366,-0.0013736571280880696,0.0011770107488239842,-0.07121577040151936,-0.06730067672795628
2021-05-18,-0.007778979576110714,-0.004029003556924849,-0.004514934284212236,-0.008492823141977173,-0.011221065747193119,-0.004171112189399958,-0.006089865196728082,-0.0026287681028110254,0.014567983588736913
2021-05-19,-0.0422117670217399,-0.0036338563063645283,-0.025734699473147788,0.0037020653889262185,-0.16814720927190246,0.0005107745451269088,-0.0029036697402250525,-0.2123062587389583,-0.290263337649117
2021-05-20,0.033225595182684774,0.01184934136389768,0.02024461022662027,0.008583637330334149,0.11768808597886361,0.010167019570555571,0.009850540644211696,0.1416993783792789,0.1453401072742075
2021-05-21,-0.021586183494563305,-0.003184709500233799,-0.00985524028212954,0.0017527802817416103,-0.09401230885223477,-0.0015199817950436924,0.0007171663741321742,-0.11186461972573734,-0.13584973918076998
2021-05-22,,,,,-0.005536438034412068,,,-0.027848721802770225,-0.055342983156015366
2021-05-23,,,,,-0.08339544287793287,,,-0.09023076309543891,-0.11096315376522228
2021-05-24,0.03589321308082362,0.0012282339390413174,0.023207866770004946,0.008787398304430264,0.14494777321807736,-0.0014803851501294036,0.004512178198116797,0.17155380210371377,0.2437898363598643
2021-05-25,-0.0051317362455593615,-0.005368593617395837,-0.004183075756686418,-0.00545821156959688,-0.0007913338553867574,-0.00546868381916988,-0.004821527966466298,0.002917048093545222,0.003699073183450815
2021-05-26,0.01570168236130862,0.00164061506323104,0.00754359273648483,0.004756489280634952,0.03064070503945352,0.0008059030487774482,0.002448695855395857,0.060796213079828,0.06829740255450265
2021-05-27,-0.009093688242351733,-0.004901225231599474,-0.002841079240734254,9.032093672074303e-05,-0.029135379347766853,-0.0043544939268825265,-8.769198728197664e-05,-0.04407498498440289,-0.03551213754297986
2021-05-28,-0.01107100725633934,0.00021644296307152104,-0.0035538076938069407,0.007775964657384216,-0.07350656992090633,0.0015147731381314076,0.003203230463002234,-0.07982246218539898,-0.08426217703448004
2021-05-29,,,,,-0.03485465769565652,,,-0.047133581526810533,-0.05431837993018676
2021-05-30,,,,,0.03478188639796399,,,0.05717207731782434,0.04519380702540382
2021-05-31,,,,,0.050572489454585784,,,0.07611791632507048,0.08694611765265708
2021-06-01,-0.001723291633248926,-0.004805664862401533,-0.0009670852469881167,0.0012933171963178886,-0.017788123997951162,-0.004695360008580071,0.0006201410928969111,-0.017097415338214874,-0.019981606918865157
2021-06-02,-0.0011022627138579783,0.0012977833255377366,0.003973785386997191,-0.005460526720499194,0.02380468592408847,0.0012045878893189796,0.0030483063486088434,0.014192663949384506,0.01711021741082227
2021-06-03,0.006701283324444781,0.0042283937510965135,0.0039421506921321695,0.004677050225654667,0.04354524502994385,0.004016791994711662,0.001932013692057009,0.043454209223926864,0.03641417479780466
2021-06-04,-0.00218352975260085,0.005877445868741434,0.0024632481029964732,0.006617515915666335,-0.05940098756804724,0.00611032846477362,0.0067997011852290465,-0.06745496188078977,-0.0684876604006956
2021-06-05,,,,,-0.036169990432923974,,,-0.028457119222645516,-0.031382331158454485
2021-06-06,,,,,0.008843960867998463,,,0.01608576874822031,0.01758250814375029
2021-06-07,-0.007417148834269828,-0.00446595624807879,-0.00591042998206293,-0.0005242952441972162,-0.06445121376925793,-0.004135366670795985,-0.0014580482382842077,-0.07067131698718004,-0.07909237282715413
2021-06-08,-0.0015091783759233026,-0.005411956512839072,-0.003769205992392113,0.00017624297735013188,-0.0021912198421052726,-0.0054962511046032815,-0.003914796604237799,-0.0012141510018390707,-0.00162893346314966
2021-06-09,-0.007116474501697216,0.005145958369687347,0.0032135695895755385,-0.015359987458650356,0.11297269786300106,0.004984572824362767,-0.0002210277873826677,0.04747248160631398,0.060998785319785184
2021-06-10,-0.008340738804492773,0.0082342278025492,0.00268781922062519,-0.0031644459569255437,-0.01856001962741039,0.00837725184833489,0.005500460236774737,-0.05535596710356922,-0.043878426463489675
2021-06-11,-0.0033426684387569605,0.0017572683865703354,-0.002194983758509533,0.0007405673944576702,0.014820643766669124,0.001991387264466431,-0.00035371425449578554,-0.043317531279092304,-0.030911133000982718
2021-06-12,,,,,-0.04545000814067796,,,0.006641999528674861,-0.008940513363195304
2021-06-13,,,,,0.09825547486601713,,,0.06061462732183831,0.06378511512165941
2021-06-14,-0.005058183460582695,0.0003770928250279503,0.000576541961119835,-0.008153083238116225,0.028028230980097886,0.0003435478389345532,-0.0001662399603262133,0.010101208947158987,0.013566700013490553
2021-06-15,-0.0032900942952508246,-0.00444215484494718,-0.002221968087068521,-0.0055284202808071545,0.004936261371285472,-0.004470571643727965,-0.003174618052611447,0.013732008965793545,0.01254239228853666
2021-06-16,-0.015105281672472784,-0.011233814536518656,-0.012709138286457332,-0.01013894835128698,-0.05164289849555595,-0.010999438100686305,-0.009386337027898373,-0.0737177555089007,-0.06845774490331588
2021-06-17,-0.01287606920464797,-0.00014626761065434968,-0.0036438008145066635,-0.013742523490979252,-0.00738729708539523,-0.0004129981313943604,-0.00457947217832153,0.0008493922732817654,0.008607148690922611
2021-06-18,-0.011039268221329038,-0.01094829684961069,-0.016518932043533982,-0.007190307238109939,-0.05912113449013102,-0.010720547587728595,-0.013973984266002151,-0.050727027169141264,-0.05774844580370573
2021-06-19,,,,,-0.005252565454163084,,,-0.020087210375493447,-0.018933681238439616
2021-06-20,,,,,0.003011584833892194,,,0.019958232065916764,0.011171321263684275
2021-06-21,0.00235176100440128,0.009493062534652978,0.003278003627058693,0.020822552579234967,-0.11500050166913892,0.010393541567287288,0.014498543406824972,-0.18100137705749822,-0.18192109231750508
2021-06-22,-0.0016570991581038716,-0.0010452691763667876,-0.0013493353327677464,0.0018274233242982511,0.02437169168922458,-0.00081406961675151,0.0005344293510022837,-0.02772215055415353,-0.028279302903055106
2021-06-23,0.006299721918554499,-0.007027596607633642,-0.00010850420692261566,-0.0010767460651474787,0.03917970237598636,-0.007386628338059667,-0.005035792620036134,0.08441850186887716,0.08019997404490456
2021-06-24,0.015501931772419245,0.005950995083659862,0.0095111173345203,0.011291025044410718,0.029550592682720894,0.005178969599137707,0.006354310273784931,0.0586870872577163,0.05833049548449766
2021-06-25,-0.007256826926789408,0.010692580054935572,0.003200157024556196,-0.0006057517401288205,-0.0868407332035849,0.011306608438246954,0.008239512710809752,-0.07881856929375185,-0.08075012429375468
2021-06-26,,,,,0.016742577171560486,,,0.005597502172507587,0.012065680952289968
2021-06-27,,,,,0.07613403044306968,,,0.0655279130779004,0.05636129048287916
2021-06-28,0.0011126375672314687,0.0023223224006187417,0.00205622654087652,0.0009621652747810387,-0.006112508246972808,0.0022454801520366617,0.0011958551797110939,0.010281232392198733,0.017288387946976843
2021-06-29,0.018372379240631776,-0.002945697790834341,0.002998557564602434,0.006477339441399252,0.04265304428420641,-0.0030470678644405683,-0.0010360246146205532,0.09665914496456193,0.07048906749794742
2021-06-30,0.004504758510241766,0.007567363597930072,0.003959482636508317,0.003889356683607666,-0.02187394882255355,0.007579634265305283,0.003693064221696632,0.019066315498384404,0.008507621035790698
2021-07-01,-0.0018024444442531363,0.0021679426361894726,0.002053834367426905,0.004617762688718009,-0.0418781019834816,0.00234671470063961,0.005244647338791646,-0.05152513183478871,-0.05196310818919326
2021-07-02,0.005262346652387479,0.005131709180343837,0.004585959186904817,0.004676199783896135,0.010993909595523562,0.005067535107691111,0.00443362929964515,0.029888964044876,0.008242809089235211
2021-07-03,,,,,0.02242202475109756,,,0.026815194483481117,0.02263876485441534
2021-07-04,,,,,0.01883278048757704,,,0.024874682285421987,0.02268145789379518
2021-07-05,,,,,-0.0435515601299002,,,-0.04198416900996184,-0.046996145525307384
2021-07-06,-0.0006565599667793161,-0.0021273161708250184,-0.003950510706486191,-0.0019437811535786076,0.014838906190005894,-0.0021292183728877524,-0.005126966692113535,0.020714187839933975,0.018643441101248274
2021-07-07,-0.0004707859299223319,0.0023458127844738436,0.0008829120098773234,0.0014371026099158869,-0.010989899237714752,0.0023249128405028055,0.001584814026946098,-0.016000373011792204,-0.01284381041159548
2021-07-08,-0.012810100006443488,-0.005229935013140534,-0.008481730063566253,-0.011262491875897515,-0.03038882461810145,-0.004905921695903734,-0.0064525271201319335,-0.06010413836896095,-0.04910975110260765
2021-07-09,0.01864543275140092,0.006838019752752789,0.010947882408827058,0.01894963936848989,0.027333457868908933,0.006831947092032575,0.009924579442785138,0.012928898894447111,0.029997612123597688
2021-07-10,,,,,-0.008372123820467831,,,-0.013550995799466121,-0.01483315951204826
2021-07-11,,,,,0.02092727662410435,,,0.010232927487173766,0.011713143902800843
2021-07-12,0.006480505692532759,0.0019059879840121966,0.0026353026980878084,0.008909972760131077,-0.031615378436711694,0.002114914489725547,0.003941240291497792,-0.0323847345598435,-0.02342625878977516
2021-07-13,-0.012629907783187571,-0.0027098471625018905,-0.005177826685191662,-0.012024396122894923,-0.014968313714838415,-0.0025999506659280217,-0.003780138023891679,-0.042183177211089155,-0.030977392483533296
2021-07-14,-0.00041090594467165664,0.004204630626943999,0.0014630811683579495,-0.0009732044015375828,0.0037664956884042697,0.004102996613321025,0.0011343996678813886,0.004387314097797687,0.005865820337702894
2021-07-15,-0.0056903442949824455,0.0012124576734270079,-0.0012508274020941266,-0.004305254136332309,-0.03182913742050207,0.0014967625912167153,0.0003162482376624983,-0.03937336702998078,-0.033924780877478994
2021-07-16,-0.014263408894604175,-0.001525255898184065,-0.006309969664795022,-0.014391813710298799,-0.012399042592815592,-0.0013287388518821671,-0.005504644565080924,-0.03703851680435354,-0.02390115310842502
2021-07-17,,,,,0.0034569125431880197,,,0.0023621015685287893,-0.001127086167821206
2021-07-18,,,,,0.008288645327261533,,,0.008541125862127937,0.0032892830990825794
2021-07-19,-0.015178726804913799,-0.013930595738749971,-0.016469690869714317,-0.013289713585625852,-0.03170354128645352,-0.01360911080473534,-0.01480812530657285,-0.03947011658898835,-0.04666832526569377
2021-07-20,0.013928574297492557,0.004968757792425613,0.006710278900142947,0.0159389870729524,-0.03347932275713044,0.005391994034202584,0.009068789038283228,-0.04846307833329982,-0.039053352908076495
2021-07-21,0.0128820651967702,-0.0012614612343039807,0.009274548068966843,0.00936379508369831,0.07873999622192962,-0.0017402585468639371,0.005546503395422207,0.10239659281515355,0.08488239079538834
2021-07-22,0.002289053522460799,7.712612257929854e-05,0.0006781280781125312,0.0022187074936573857,0.006763261335770908,-8.679453395008765e-05,-0.0007925419694699884,0.015039967863654025,0.03118126452438856
2021-07-23,0.008504969405559162,0.010183935480202848,0.008213782473847643,0.00729115994361129,0.03858330253366113,0.010214148733274694,0.007008435755132639,0.0331383401340761,0.031196871141188465
2021-07-24,,,,,0.02133029752391542,,,0.03983595760818462,0.021340778802000616
2021-07-25,,,,,0.029236101266876553,,,-0.007669290856032865,0.0019318878938184366
2021-07-26,0.003724884555404778,0.0011351396317041556,0.004484918192123234,0.0028896148345750367,0.05463202335345465,0.0010575926947493574,0.0033900569218594918,0.017156769155198755,0.026737080928939713
2021-07-27,-0.004296450942793327,0.0012984081864258663,0.0010479890491661527,-0.0055776293410607055,0.053692389893547736,0.001165378429144495,-0.0005129081557484184,0.019137058559548094,0.02909775298680575
2021-07-28,0.002960885417265258,-0.0010541939511195916,0.0019340003818386989,0.0033166288444487894,0.014361630403788255,-0.000984167607797501,0.0009947617694987577,0.0004526549530765612,0.02318187272493667
2021-07-29,0.007436613345078949,-0.0005330786635388522,0.004917202239164912,0.008491698663411382,0.000764631107065265,-0.0006432850062717147,0.004388545212584038,0.007309677118426095,0.017073437949115478
2021-07-30,9.140920733909292e-06,-0.002519005889837462,-0.0026597153710453936,-0.0016999006210952578,0.05413418141460062,-0.0026766702670275996,-0.0043015430762391805,0.02730860153508496,0.03146587703324716
2021-07-31,,,,,-0.013028363541925578,,,0.012402929625018124,0.004117414609677336
2021-08-01,,,,,-0.037771148581498326,,,-0.005389652305799178,-0.02256514692440204
2021-08-02,-0.0012953257375873173,-0.001203144693950691,-0.0011324978938573576,-0.0014412464449073121,-0.018882365871056135,-0.0013624613627054348,-0.0016732151321819223,0.004505701480500238,0.007978705461544295
2021-08-03,0.005671979467783293,0.0003280461774802326,0.003822899565144445,0.008128602002631753,-0.02445352896392311,0.0006650770435280579,0.004838439685043667,0.007842882027357088,-0.016099859511594032
2021-08-04,-0.002043923367437552,-0.00786185420857928,-0.005099793768227985,-0.004428601183569469,0.04067467524861221,-0.008180630909696162,-0.007128339099467296,0.030360322190801654,0.03780294098410708
2021-08-05,0.006938705297140862,0.004668154295215469,0.005261716733049132,0.005267713254587436,0.027516099188708436,0.0044377491925237916,0.004440761771634624,0.01411493197653535,0.018003942147367905
2021-08-06,0.002696875046997444,-0.0009247146949158335,0.002421302910811128,0.00199869732725497,0.04641873122037515,-0.0011925223562229584,0.0013613921318484067,0.01265435815091422,0.024436050381984882
2021-08-07,,,,,0.040908065451992465,,,0.08048931740772049,0.06760453117525406
2021-08-08,,,,,-0.017412073370085136,,,-0.03870502487532637,-0.04196864137216673
2021-08-09,0.010979147142600251,0.0013297546883063395,0.0010537543525567688,0.009300804797967977,0.05782040268128529,0.0011269658418968148,-0.0015805813760482591,0.037331440394351816,0.054171029505050726
2021-08-10,0.013349126493075009,0.0044286618771727125,0.0047671327323810615,0.015818092504256066,-0.011841951879396233,0.004474993897825674,0.004217651511967416,0.07436145179103336,0.017114799297491688
2021-08-11,0.007310239717994636,0.0048033205649775325,0.009753194609025089,0.0065403020488221915,0.0026985040056396025,0.004139559556048072,0.007269794586301386,0.05400738057027217,0.05663231158474817
2021-08-12,0.006023010055574131,0.0028665007398163507,0.0013566232619345144,0.00744549421281603,-0.024220179586740172,0.002794652510608585,0.002449413887806836,-0.001373516971503088,-0.02162369837150481
2021-08-13,0.0035747142859613125,0.004303475472367112,0.007232501635019147,0.00039109391585895407,0.07894153225207025,0.003946107897461735,0.002708283699686166,0.13247140488299547,0.09903672632737648
2021-08-14,,,,,-0.01320873429272617,,,0.0244703965633322,0.037398368944566066
2021-08-15,,,,,-0.001369672090164096,,,0.027235728001791387,0.01603377338236149
2021-08-16,-0.0010133507543029297,0.006482986085903713,-0.0001691274038232011,0.0003566460432959523,-0.02280340131110176,0.006751205115082183,0.0018180802632712175,-0.050755597515702376,-0.04201289705239459
2021-08-17,-0.0102486949346938,0.002525269022644731,-0.005184750876161978,-0.009066963194683619,-0.029966862456982046,0.002869751975931809,-0.0024158713769881074,-0.07438465510989369,-0.0609035030952532
2021-08-18,-0.003653982102305778,-0.010830640262891747,-0.010887482544148818,-0.004215146641798273,0.005456014553653768,-0.010876819782318343,-0.01209537092896949,0.06001783971321756,0.01301589405730334
2021-08-19,-0.0010740626272667951,0.0017609609258595015,0.0015071123079452068,-0.0031382410720321692,0.046424129876315674,0.0015309986419241028,-0.0014363144255076432,0.1086844848128439,0.061440722181372004
2021-08-20,0.01094420991931041,0.003966209025769485,0.0069863086046340435,0.009244335794497648,0.054642107321552766,0.0038692949366414997,0.0054336952141710755,0.024120061896420027,0.03931754435190302
2021-08-21,,,,,-0.008798904811100457,,,-0.017577670825471865,-0.022181157891138253
2021-08-22,,,,,0.012056538274757448,,,0.06725695918792277,0.019450071385974963
2021-08-23,0.007990364965914522,-0.0013186439893756704,0.006254363047831594,0.009385419019170942,0.0069161051157693165,-0.0014212935029301094,0.005803738614880555,0.05016696442172922,0.0204340208315835
2021-08-24,-0.0005652048320228774,-0.00554885760471176,-0.0038868071963643167,0.002876237937655383,-0.03814883617780965,-0.005214333425921456,-0.000738477359932491,-0.06672948794864095,-0.06394738186291785
2021-08-25,0.0010066904360698467,-0.0034078611802840692,0.00015868185473326733,-0.000513182268864115,0.025627973199731938,-0.003591252657317283,-0.0009887100097220392,0.00925873542149791,0.021787153199488575
2021-08-26,-0.0083812824499867,-0.006413243138268059,-0.00836536423934517,-0.006468905934136066,-0.04232723506597046,-0.00616412563841013,-0.005874984657388345,-0.06512808115353469,-0.05879936203980417
2021-08-27,0.013308838197547565,0.0021384535100811572,0.010875667381336994,0.011397983821599407,0.04897989592867426,0.0017593442642688793,0.007960598557195704,0.12156078725276702,0.07105556888553843
2021-08-28,,,,,-0.004180107809577786,,,-0.019858906727795722,-0.009933630275982779
2021-08-29,,,,,-0.0013341386545178558,,,-0.0023848339544488683,-0.00031626048773675773
2021-08-30,0.0007897386978191458,0.003585919703407381,-0.0003690162507269629,0.0027197472316627244,-0.036570946991112734,0.003844194425716651,0.0012423733902672492,-0.032226109576695666,-0.033461996363372784
2021-08-31,-0.00046529169306624697,0.003937482983978726,0.002356453014369391,-0.0021953948636162647,0.0027767137013254874,0.0037547871009465817,0.0008155351991181534,0.027435435512272087,0.03160378330392582
2021-09-01,0.007514813192429285,0.00010424104903204272,0.002749292472554834,0.0047602949460133215,0.03561977090227812,-0.00021828206683011716,-2.480692608346994e-07,0.059223143800413804,0.055616581835282286
2021-09-02,0.00429146780457538,0.006587804162646013,0.006215366372899474,0.0023750748101064954,0.010517356875794486,0.006287712906101646,0.005797470273680838,0.01660963521360549,0.01216546563975609
2021-09-03,-0.0025409067714132604,-0.0011542253375279934,-0.00046266469247405054,-0.0029550687796064804,0.013765661054368892,-0.0011223356638464484,-0.002598975183971509,0.012172960425120673,0.04398288217773282
2021-09-04,,,,,-0.0029410878574628275,,,-0.0357915907962629,-0.010052256234791113
2021-09-05,,,,,0.03595426823895754,,,0.036880382567468284,0.052993221292183604
2021-09-06,,,,,0.015675954593138818,,,-0.0188698190547312,0.005333339529238897
2021-09-07,-0.01626967683188934,-0.015213888856244653,-0.018506198001118794,-0.008224772425795335,-0.11079340067821886,-0.01369096091979167,-0.011236836050247875,-0.13676429825594477,-0.16090833019472248
2021-09-08,-0.0007785335753426274,0.005106565458552276,0.0013889086249184346,-0.0016399673475021603,-0.015243152343899618,0.0043006066706781365,0.0010044836320755213,-0.008244483946828845,0.0011675027660755961
2021-09-09,-0.006810855093115271,-0.011132624089775963,-0.0075768756163682675,-0.007497479726487768,0.006833092748151486,-0.011077782877353054,-0.00797176250333139,0.011471786806663662,0.002457521457248922
2021-09-10,-0.005190371758682473,-0.00777008833360979,-0.0063319402236391795,-0.0023604605563210222,-0.033093525973701604,-0.007398854303920323,-0.004469567849337371,-0.05091737215689966,-0.041682860237054344
2021-09-11,,,,,0.009995753787388739,,,0.07511601976109411,0.029244244356573464
2021-09-12,,,,,0.01789348442988344,,,-0.005671698497855965,0.03822721759151655
2021-09-13,-0.0056209688314495096,-0.0006936391752453543,0.0005638301935499022,-0.00408675608271323,-0.025278745549922772,-0.0003182944996157625,0.0026106935263747197,-0.0604256688206735,-0.04204271658261431
2021-09-14,-0.009114937129748042,-0.004824978938044159,-0.005492432776604169,-0.011300929013392835,0.045868362411495306,-0.005681832474589452,-0.007950033180015576,0.007779591299694874,0.04053246904302976
2021-09-15,0.008640388397775995,0.003447530027563521,0.006983083362337348,0.0070766967704335515,0.02365551976185633,0.0029738339398649445,0.005632926692974136,0.04305389767784559,0.03339820004444542
2021-09-16,-0.007691237122572962,-0.00493982945180536,-0.005578020893775415,-0.006330808800159907,-0.008883497057776604,-0.004667746716706802,-0.0046919969959701244,-0.027483588503213027,-0.021558432231794628
2021-09-17,-0.018886057530067984,-0.008391446438419041,-0.011861178724401856,-0.018969852451530066,-0.011398290567853787,-0.007888216687230321,-0.010972574213314336,-0.030452434315302687,-0.029064405547227796
2021-09-18,,,,,0.02104355085254829,,,0.0102592146148912,0.014532654926090363
2021-09-19,,,,,-0.021568599382923704,,,-0.035717398608358486,-0.033697243988553977
2021-09-20,-0.021097315335736867,-0.009737653091923199,-0.018400276248642145,-0.018863446577367736,-0.0935154191850553,-0.009124063030297183,-0.01394641602890841,-0.10182037328503588,-0.11185958961834738
2021-09-21,-0.006219190301539092,-0.004510313741656735,-0.00474906282767254,-0.003547145338117354,-0.049796363687659204,-0.004189496969381046,-0.0023956848153336143,-0.046158752287728165,-0.05271296201031126
2021-09-22,0.013088856348304694,0.0012899319424161562,0.010128309110217188,0.00750201558281424,0.07289429184086561,0.0004289657386539156,0.0053814333597416095,0.13365149542602822,0.10669268258008718
2021-09-23,0.007142418223707595,0.0032160947746410914,0.008001419337413516,0.007199305776756823,0.030254314853602988,0.0032447858351507142,0.007716098071961049,0.021578778448599387,0.017788771468347897
2021-09-24,-0.008283088892035493,-0.0032133232002938454,-0.005982742566552847,-0.0058507626186257815,-0.04504335056161039,-0.0025751635083076257,-0.003229553679676139,-0.03746824077327386,-0.06071808463300683
2021-09-25,,,,,-0.0025202369796373603,,,0.004415009867717671,-0.0040902523124291285
2021-09-26,,,,,0.009950468053102983,,,-0.025041801491344128,-0.004163776895411608
2021-09-27,-0.005223441223203039,-0.003342366368292206,-0.002635169477305849,-0.0029831390494018165,-0.02282642769250539,-0.003403247079916102,-0.0012281367663221924,-0.0344818311479104,-0.030600359746169623
2021-09-28,-0.007617868158187089,-0.005472719384801712,-0.011137943683005039,-0.007830391016802518,-0.028948508356730823,-0.005383884419099906,-0.010266563186297236,-0.0363040984603688,-0.033195420126444185
2021-09-29,0.0014452619233234472,0.008954088682213398,0.006711320507310099,-0.0008030282997563971,0.012914826752656433,0.008601669576908704,0.005691113391442916,0.01312781710492,0.02406609900323011
2021-09-30,-0.011958299967285207,-0.00917889777180154,-0.007220633543594259,-0.01392013262381099,0.052664987657924135,-0.00949390911138041,-0.009415246847995409,0.027412090075325413,0.04126810179157556
2021-10-01,0.009086621555215656,0.013813833132833754,0.014034068018070093,0.0036176973293055507,0.09785897218586022,0.01331858926835439,0.01040777198802769,0.07975238861686236,0.08657754428352918
2021-10-02,,,,,-0.008322968190981068,,,0.0065928965104527755,0.011788599786447279
2021-10-03,,,,,0.010056272200894889,,,0.0037750929774772726,0.01417166926424537
2021-10-04,-0.007561877051616873,0.0022484913939195585,-0.002257505251427182,-0.00892886800309219,0.018049065257398196,0.002248484497496416,-0.001959793065459641,-0.02484357699070072,-0.012613280463405641
2021-10-05,0.006798307478486068,0.001115237191009455,0.005416806569443537,0.007631983626408861,0.0483605001222183,0.0011152378072338532,0.004075793065742855,0.026962684180066015,0.03942073998804044
2021-10-06,0.00854524071996512,0.0025618114814360024,0.003969326474177711,0.0074368069843557425,0.07308184756710333,0.0025618272845830976,0.002875032389116906,-0.0035041161122841284,0.029838157965375
2021-10-07,0.004523010977098926,0.008648246636440609,0.006487632422141267,0.00597495488121542,-0.027011599729362044,0.008648243555059346,0.007131843247219758,0.013312067345815744,-0.006995826025587307
2021-10-08,-0.001310300572367642,-0.005140995071409764,-0.0028400282505846495,-0.0013649254374624997,0.002620928288515023,-0.005140989130758818,-0.002655868380774807,-0.014542439506119567,-0.008732710061431163
2021-10-09,,,,,0.01843487075021532,,,0.02762712245217873,0.03547226984332683
2021-10-10,,,,,-0.004088474568639278,,,-0.03417156453313336,-0.03626392077542525
2021-10-11,-0.0029269633143606233,-0.008677565234690824,-0.0075092358746528766,-0.003400980477840681,0.04839572286141043,-0.008677557035841901,-0.008690500444954383,-0.0008199573559534201,0.019011812660381842
2021-10-12,0.01103895817476659,-0.0008217798586822516,-0.000591410898707964,0.012383157425036997,-0.025111646107933518,-0.000821771617724166,0.00037986576424866274,-0.02497092562575833,-0.024569966847215543
2021-10-13,0.01138294118998091,0.000636354921799411,0.00489970148605575,0.01018366454362929,0.024433005995037248,0.0006363614509526747,0.0038125901203195593,0.02551450365307164,0.032251683800158984
2021-10-14,0.0198458550480568,0.008856401268450111,0.012210910192147765,0.021486806141864576,-0.0015214433333960683,0.008856399029140686,0.012459265863123199,0.0012983814140786205,0.00824771250640108
2021-10-15,-0.0021624170561109243,-0.0006606566800319224,0.00350848158718921,-0.0026078713373907866,0.0735114372077214,-0.0006606569653880882,0.0025916446622643624,0.012213001417025074,0.025221743189269917
2021-10-16,,,,,-0.01149337240992103,,,-0.011725393754236752,0.00189823374783759
2021-10-17,,,,,0.010477075682965851,,,-0.015011000430968258,-0.012600407042071729
2021-10-18,0.006024564970106055,-0.001739356729678922,-0.0014097228958760125,0.007070709790712561,0.007279074373284444,-0.0017393544634121503,-0.0011682047203002298,-0.012149346717431748,-0.0050066835784720555
2021-10-19,0.000521014842978853,0.013753519561872252,0.010982434804995861,0.0005067226717061523,0.03523082814080261,0.013753514440915085,0.010839482418988352,-0.0009766106106293472,0.014839575470377961
2021-10-20,0.003991457202617006,0.010443849974501157,0.01155228371638199,0.001827913646559091,0.02707797347566798,0.010443839057659528,0.00991230023258622,0.04006974220066289,0.049699077496558164
2021-10-21,-0.003997470467002107,0.0055462499729061684,0.0015813854641729501,-0.002632987647199033,-0.056662781382677496,0.005546260291991105,0.0032143803636275193,-0.018389985119066407,-0.036132280033572016
2021-10-22,0.011258055220906213,0.002471963717524864,0.0011518417584195782,0.011369824118307637,-0.023782772140243685,0.002471969552728956,0.001633927200398805,-1.3928754458354954e-05,-0.010531917635849687
2021-10-23,,,,,0.011448152961554624,,,0.011908462347087931,0.019329633685359646
2021-10-24,,,,,-0.007773838237605099,,,-0.017818763651324468,-0.014842801971404498
2021-10-25,0.010183784409643756,0.004432248912605837,0.005097316863468455,0.012324079650864218,0.03414229891270838,0.004432254797541547,0.004526651387526556,0.008554400130302226,0.02023499042218852
2021-10-26,0.008258434196258905,-7.6150346125917615e-06,0.003948465930859745,0.012011755592400794,-0.04169421741412903,-7.611366665778718e-06,0.004782157965669025,-0.007072854403711507,-0.014784952497524718
2021-10-27,-0.023485356104004245,-0.01091825320836636,-0.01630779524807306,-0.01868774500611468,-0.032571699516635896,-0.010918248541034997,-0.01315223931486512,-0.10337797157312814,-0.08630709101843465
2021-10-28,0.02336195593540968,0.01819822215114201,0.01072822001495467,0.02053010577115609,0.03663713777202438,0.01819821605364974,0.008602709204328225,0.05176074911885865,0.05551051006282488
2021-10-29,0.004021652369358484,-0.0011526214836259819,-0.0016197145859073118,0.004257132210943013,0.026216348212823988,-0.0011526243946493125,-0.002902913967687884,0.017468425021751333,0.029108871703269458
2021-10-30,,,,,-0.0058612146238748945,,,-0.02092680271642652,-0.010989332151155544
2021-10-31,,,,,-0.008960603960309212,,,0.013700187575314498,0.01171428085617026
2021-11-01,0.005192383759373413,0.005179333168376413,0.00509706799021266,0.004984030017273905,-0.0051772971336767875,0.005179327265731974,0.005536251900953992,-0.009306097493883022,-0.0038015630806870642
2021-11-02,0.011202976531178535,0.004659882969682184,0.005960830773511197,0.010629105515350975,0.03642353446805718,0.004659892360595571,0.0048336424430598345,0.03759595660116779,0.03404203904746282
2021-11-03,-0.0035035699568881835,6.575529201213212e-05,0.004902157623831176,-0.004364551166192206,-0.004054563588104547,6.574517856907649e-05,0.004666331424663505,0.015864723245287645,0.015553498838717374
2021-11-04,0.002339783696333459,0.0005877327846898335,0.002392177678736597,0.006145247800825991,-0.024103783966738936,0.0005877353354318475,0.0038586996260749056,-0.02252802481051916,-0.0253846419643143
2021-11-05,-0.01647621646003955,-0.012150077795296562,-0.00017534129194650105,-0.017753601760140278,-0.005313959884111162,-0.0121500829601546,0.00011466526107698958,-0.01411958575025297,-0.009793990116726593
2021-11-06,,,,,0.0065734191461169645,,,-0.0030181116436018623,-0.0026855868073387013
2021-11-07,,,,,0.029247220896919408,,,0.02640601337460623,0.023544401381014116
2021-11-08,0.0106680750605781,0.001570472299914145,0.0037531993036525185,0.010468744748936,0.06695154718112983,0.0015704728906322416,0.0017392756247463983,0.04645979389599091,0.0607410709003561
2021-11-09,-0.00020495268551281613,0.0006130514752732264,0.0023808495027499415,-0.0033049830334851817,-0.008806096371697136,0.0006130521040165237,0.0003890877573695959,0.03471980537134148,0.05234660056430074
2021-11-10,-0.007232083997250804,0.0008712460151688379,-0.005090433324420324,-0.005618551930059925,-0.029513867421413917,0.0008712447573880327,-0.003517809038051433,-0.05104220882383424,-0.0494366274346306
2021-11-11,0.006819363853560284,0.0023973918418464194,0.0008866260826858609,0.007817322073045526,-0.0006965054346798672,0.002397394351650782,0.0006255595686171112,0.010467846768206902,0.010549860926572605
2021-11-12,0.0023242969746789027,0.00229731981778435,0.0014134666780685587,0.0030832575977173273,-0.012225096363250384,0.0022973182586525425,0.002302029428247097,-0.020568721484475153,-0.02049896917492875
2021-11-13,,,,,0.004887870563922303,,,0.007359649721346467,0.011032770176093491
2021-11-14,,,,,0.015469517787565393,,,-0.00399948062797835,0.012352711212562872
2021-11-15,0.0021406004849053627,-0.0024696532280791047,-0.002078629850539323,0.0018752318166261423,-0.029159323323939456,-0.002469656865482353,-0.0016459582397660559,-0.020009818349758055,-0.015416243732165293
2021-11-16,-0.007060528305212875,-0.005059666724784124,-0.004309818752972443,-0.0031435354876755087,-0.05344145330153241,-0.005059668826631017,-0.0010062813675513014,-0.07151757738360984,-0.08301191663798196
2021-11-17,-0.0050342212804852,-0.002921427343671754,-0.004043478734845138,-0.00747472852165632,0.0034368574194397978,-0.0029214270747488533,-0.004552891051842305,0.009250088676102749,0.005059267191305462
2021-11-18,0.006327710383312172,-0.0020134426265863096,-0.004504562075960957,0.009373010634689073,-0.05674983989802169,-0.0020134400417415295,-0.0018543378700264625,-0.05739623617909199,-0.06620232276037845
2021-11-19,-0.007911929081230494,-0.00804674500024081,-0.003929596147533679,-0.008504049989925032,0.02067785780618477,-0.00804674873011461,-0.005943012972032247,0.055343973606642366,0.04894592554568816
2021-11-20,,,,,0.027144333086987587,,,0.011623527215418627,0.017336085844693296
2021-11-21,,,,,-0.016193704661328478,,,-0.01998971537184436,-0.019220063109557095
2021-11-22,0.001057665265618726,0.003808273718342519,-0.0013190984235052924,0.003139335534654803,-0.04156594059649011,0.003808280016333933,-2.5819094637277674e-05,-0.03699853082973115,-0.03739075987032861
2021-11-23,0.011964870329360625,0.006673072979097735,0.006992078346332809,0.011806136890444597,0.022735855747428972,0.006673077045368812,0.0062522748469140965,0.033486294948126785,0.022645802031060324
2021-11-24,0.0045777216717747945,-0.0009064732215541393,0.00038528251920634835,0.004745545426757933,-0.0223843870166081,-0.0009064725871578931,0.0014274384101829111,-0.023875487371760755,-0.025013450397379178
2021-11-25,,,,,0.017666069374009552,,,-0.0011919898209585263,0.009230168236093917
2021-11-26,-0.030842745240297082,-0.014688585076037463,-0.02017022375062536,-0.027723293569733496,-0.06468677053657391,-0.014688592250198546,-0.018202836188883634,-0.05102037231745614,-0.0661312580907987
2021-11-27,,,,,0.023246554945146256,,,0.010833575468604043,0.012114123145582937
2021-11-28,,,,,0.04439251004442849,,,0.025501822857192095,0.023952913313148517
2021-11-29,0.013489546296940718,-0.0006853907687023916,0.007133010806329962,0.012433924157644233,0.00974889811782246,-0.0006854027527718041,0.006755727727950984,0.022851007987533083,0.01783301647764942
2021-11-30,-0.016447779647218243,-0.0216312220147957,-0.02135363863083707,-0.016397257808056707,-0.013858989986878057,-0.021631212579075444,-0.022226329003068673,0.01433382922310544,0.0024380127904171695
2021-12-01,-0.008279152163560953,-0.012474601348806617,-0.011491567393643563,-0.008670260406109857,0.003936508510805328,-0.012474604995895068,-0.011953954553952241,-0.009529227750538462,-0.004298512058624511
2021-12-02,0.02801303851467585,0.014152646535151914,0.018992258004926262,0.02574595478877988,-0.013140205787570804,0.014152648801003453,0.019532284026523503,-0.016825272650107453,0.003943758549453142
2021-12-03,-0.010610503126258542,0.008929510106515716,-0.0003144894171918667,-0.0076955866171575255,-0.0509858648179177,0.008929500087039657,0.0016887706967599518,-0.05686715965841764,-0.05569180763906825
2021-12-04,,,,,-0.08204639683653982,,,-0.06484689391480519,-0.09512595412592406
2021-12-05,,,,,0.003417522933010318,,,0.005024738088337437,-0.021821033140369026
2021-12-06,0.00774789988829208,0.010291527503791389,0.014052820695642983,0.006688450485746768,0.024585895790023668,0.010291529336332057,0.013044349173790281,0.028959954953548826,0.03838715730352386
2021-12-07,0.020554019796564817,0.0030724897203801733,0.011187318132291743,0.021892523518114534,0.0023221597831259663,0.0030724951975024143,0.011874354723249665,-0.002903437490866924,-0.00551608934926577
2021-12-08,-0.0012474304037968112,0.0009203023330001256,0.0013929804303349528,-0.0017824085860384511,-0.0038518487471719443,0.0009202958268051825,9.905950423886624e-05,0.029682204994860725,0.03223262537149946
2021-12-09,-0.009632363675776068,-0.0029196494455022517,-0.00802197381233153,-0.0076117250160527335,-0.0560872621319752,-0.002919655559215621,-0.005840061893238839,-0.07600018273582658,-0.06870581411440975
2021-12-10,0.004243310855577002,0.007635535785509232,0.004420036025173478,0.0053200296575724145,-0.008995119084524933,0.007635539001353771,0.005971885788241043,-0.042270950961095,-0.03586555935533206
2021-12-11,,,,,0.0448572160440112,,,0.04361928631615225,0.06077560990306949
2021-12-12,,,,,0.014906619570362588,,,0.00643417765300422,0.0022413363833746437
2021-12-13,-0.008601041152617369,0.004929924375472524,-0.0040043747680621015,-0.006082653607521374,-0.0670851717099573,0.004929928054134117,-0.0011082540384218995,-0.09025146759047492,-0.08002592616875323
2021-12-14,0.0022640437541001156,-0.00026063933208092847,-0.0019390328078524096,0.002401286210950549,-0.002671253456494145,-0.0002606367267248078,-0.002456868137253176,-0.0032007572361612874,0.009444541858715228
2021-12-15,0.021816446842580255,0.013111156001540069,0.01169445851396995,0.019032174885408367,0.04900151967253098,0.013111160965287999,0.010299982404544916,0.062004996939348314,0.05006824664641188
2021-12-16,-0.0010718713194597907,0.010391156502614142,0.0048788199991013316,0.0006444596693305771,-0.02518158289782136,0.010391144406872754,0.006096905569776636,-0.018355875462163357,-0.03226690494553642
2021-12-17,-0.01471729261110078,-0.012393230679767752,-0.011988943650637542,-0.013601595825194348,-0.0306990072157429,-0.012393238090964764,-0.011430757212371214,-0.022158404397256422,-0.0252147523091878
2021-12-18,,,,,0.013995731563124435,,,0.020741967201819204,0.019368769085121133
2021-12-19,,,,,-0.0030259427628141723,,,-0.008035989546107505,-0.002090871500113641
2021-12-20,-0.003235548205715377,0.001979970452149527,-0.004604446130468686,-0.004563687876906169,0.0037095437683508908,0.00197997155385554,-0.004973454040689797,-0.002515219784530372,0.0025094774084547912
2021-12-21,0.009093507989437278,0.0037349446404703435,0.011047874676550861,0.00879348156924368,0.04386356169401427,0.0037349390297596145,0.010266494198645913,0.023092411715693067,0.03333124445185415
2021-12-22,0.009571036134200288,0.0063868729177113635,0.005824998527985602,0.00927033167105162,-0.006295931447670914,0.006386869751818561,0.005910999292407515,-0.0011856789501076296,0.004737978384954032
2021-12-23,0.0022548698754150803,0.0017174867099292851,0.005767529960079343,-0.00019094302629007323,0.04433669194360606,0.0017174807553940277,0.004033104637448114,0.039476498964867435,0.05326549169851301
2021-12-24,,,,,0.0007414904357708078,,,-0.009331923720269334,-0.023955311870332247
2021-12-25,,,,,-0.007719775485640496,,,0.013894736102881264,0.011204086321793193
2021-12-26,,,,,0.007528401917142752,,,-0.005289127335938897,-0.0011656403897642993
2021-12-27,0.01990861400179847,0.010638429953747605,0.011699499240373184,0.01947539477061942,-0.0033280706216127403,0.010638436510120128,0.011975053983144926,-0.00791126847138505,0.0066777490614633684
2021-12-28,-0.004201680968802464,0.004462183787772201,0.000208501365218442,-0.002695208051114184,-0.06025942562092096,0.004462189274974869,0.0026642485233158903,-0.0632774444315529,-0.06557734422722175
2021-12-29,0.00014307488259048806,0.0010153175275310802,0.0003145292831036431,0.0013917315430053202,-0.02404227880625215,0.001015318130376211,0.0013560131554874654,-0.037047759404189654,-0.028852902926170616
2021-12-30,-0.003410675260038724,0.0006227155267638661,6.029921461675484e-05,-0.0040483864531047995,0.01579112126431363,0.000622711996734526,-0.0005778410456888938,0.01975475446968651,0.017119948526496176
2021-12-31,-0.0009437986141975464,-0.001139910717488076,-0.0016367780180162677,-0.00024244843041719704,-0.01847635291779964,-0.0011399062117218254,-0.0010930712943939063,-0.010858282247973394,-0.015816616565657242
2022-01-01,,,,,0.02980939647136954,,,0.022879429386681638,0.029458039757634055
2022-01-02,,,,,-0.00716327496202283,,,0.015881361175891243,0.013867003425953123
2022-01-03,0.0008367370131310639,0.001858347747892128,0.0029580685757788485,0.0016120562270161166,-0.018736877469809513,0.0018583507757060477,0.0037787878359294156,-0.01780478235928867,-0.020518509137439224
2022-01-04,0.0008400259372647955,-0.0005495215884648992,0.0038975243392413276,0.0007744492859171223,-0.012065555013513581,-0.0005495190285064835,0.0043670870505838994,0.008687307931515712,-0.01152009043494713
2022-01-05,-0.008971897067018116,-0.0017457541647323753,-0.010733951484069627,-0.007770878606831938,-0.05073406061510124,-0.00174576823397987,-0.008805956694783311,-0.06422404850925875,-0.0608814230479474
2022-01-06,0.0032035306404146337,-0.003977359771161644,-0.0011651029157666154,0.0024007503841857398,-0.00936615901589195,-0.003977349979834623,-0.0012179730219128886,-0.03717306342804146,-0.001775074811582287
2022-01-07,-0.0155256896613957,0.004320802297200944,0.00023474956203198036,-0.014602063776303565,-0.03714070469187327,0.0043208139386632805,0.001829494192629207,-0.06587795854818676,-0.04112615274468806
2022-01-08,,,,,0.004235994902817954,,,-0.0317040779424729,-0.019190616420143743
2022-01-09,,,,,0.0042569704720820875,,,0.02127405896064016,0.009068508969188746
2022-01-10,0.003084313041294027,-0.0011048361635097835,-0.00693704974233948,0.00362361899248299,-0.0021554853640084267,-0.0011048458721212425,-0.005931345385734041,-0.023641368006401767,-0.028250158288906986
2022-01-11,0.008415448154370673,0.0038250821713823975,0.007673180393906688,0.007433221703484877,0.02186910945324458,0.003825079034830637,0.006742718417701649,0.05027854349203771,0.03402399618754526
2022-01-12,0.01036732997988939,0.0011934349466279702,0.004815050864718608,0.008588929524890085,0.02838941868467847,0.0011934522414447737,0.002819519019600661,0.04142745718356036,0.05303680089796351
2022-01-13,-0.013790181893813645,-0.002185353337977631,-0.005379109834286415,-0.013662520105728214,-0.03088871448417648,-0.002185350589365324,-0.004385750660137881,-0.036761634342713366,-0.034634951689359365
2022-01-14,0.00024887266287695545,-0.0025066321934705278,0.00044115083477323623,-0.0009299231041254474,0.011930269358980634,-0.002506621362567717,-0.0004801299582717365,0.018998586244709795,0.024537628029398226
2022-01-15,,,,,0.0018027786773091856,,,0.006202201749167199,0.007893573357442727
2022-01-16,,,,,-0.0014711291913941562,,,0.0061224815923114064,0.0073179480156870145
2022-01-17,,,,,-0.020024366790960455,,,-0.04136680845756056,0.0008299320742701458
2022-01-18,-0.012158734574718376,-0.00915398798823646,-0.009590166391176689,-0.012325759261339695,0.0029604828561280716,-0.009153987284513153,-0.00951324876305516,-0.015029639521672779,-0.016280267447488072
2022-01-19,-0.012548090386685955,-0.00046159940724109575,-0.00487400234684183,-0.0116261734493333,-0.014897823244162429,-0.0004615919172609132,-0.004004081914024453,-0.02155457545139238,-0.028078063834371295
2022-01-20,-0.01790957283895618,-0.01103417101171159,-0.011759598442484651,-0.01716627835974544,-0.025486340397295897,-0.011034170645792658,-0.010678993315251784,-0.03059145208987377,-0.04106074129107091
2022-01-21,-0.012579177602381688,-0.0045118343855124355,-0.013290824304369734,-0.011079365396197608,-0.10381165615713235,-0.004511837398286403,-0.009401733924100401,-0.1476743546598977,-0.11572120497901543
2022-01-22,,,,,-0.03914348468077297,,,-0.059716407528360466,-0.057378878588940606
2022-01-23,,,,,0.035585092527176,,,0.05399090626903876,0.039119034547468186
2022-01-24,-0.0015320106415166088,-0.005013687744182957,-0.0003324546043386605,-0.0004780165291750531,0.01040674449560779,-0.00501367676822651,0.0007606554707022315,-0.037351206527266374,-0.026407352093282536
2022-01-25,-0.00028889736153625214,-0.00498425560223971,-0.004499892649967136,-0.0004931881302613615,0.008175727030870761,-0.00498424880558715,-0.004939815066864121,0.006385456601614801,0.0008144913815484735
2022-01-26,-0.008980936180000688,-0.015999249471599114,-0.010340179571826593,-0.00971306262557026,-0.0027570168785611563,-0.01599930411707276,-0.010895292615107638,0.004924891967899057,0.004897925683789758
2022-01-27,-0.002234819774076544,0.00018889385021880718,-0.0028573328882244434,-0.0017721648657987676,0.007763821260710504,0.00018888622006993263,-0.0027164446311964737,-0.018244935331225988,-0.008303358272865019
2022-01-28,0.03251709009348508,0.01603479573299334,0.01804336721981214,0.03271133077565994,0.017397102127315368,0.0160348278691706,0.017691809492551572,0.05121368460412514,0.024819305255439367
2022-01-29,,,,,0.009364930838459505,,,0.01962735345885493,0.0150023597225842
2022-01-30,,,,,-0.005783656346670319,,,0.002457307571148889,-0.016576025637849337
2022-01-31,0.006970660194233927,0.010867938169461374,0.012685223951702032,0.007564376493928344,0.014914536104502529,0.010867961008836156,0.012883515943019147,0.03257666428258822,0.015011239157611362
2022-02-01,0.005516613297167082,-0.003662949102786536,0.006725418662981016,0.005414429252182595,0.0067600652883588585,-0.0036629325678362475,0.006073881997037702,0.03862634283851256,0.02248455171466395
2022-02-02,0.02640715414149799,0.01143792418239701,0.008209917296561562,0.026992312625046894,-0.0440849924956043,0.011437919312751382,0.010281187383438513,-0.0392681340350189,-0.03938517259316866
2022-02-03,-0.006589474247333051,-0.005871435440417173,-0.007456200424577462,-0.008032960879490698,0.006428388294555077,-0.005871449997926133,-0.008442922573545642,0.015430349548788724,0.014758199573727019
2022-02-04,-0.002072318525428418,-0.0037224462441316814,0.0006500055549008042,-0.0030877303661337153,0.11390407431666313,-0.003722441299667168,-0.0028279279165504094,0.08722734863520698,0.08877746542385553
2022-02-05,,,,,-0.0008732752879873262,,,0.009422977778614994,0.00944625040471063
2022-02-06,,,,,0.02334738321411555,,,0.024600399059561774,0.024321798262176952
2022-02-07,0.005845304883885797,-0.0010679216499532586,0.003759476458350671,0.004251597486384128,0.03382385747752405,-0.0010679257806497588,0.0011235069084594193,0.07049951598030697,0.06749263924613882
2022-02-08,0.002051074588890032,-0.0012227042468679207,0.0030084811130345877,0.0028490218046970275,0.005327129235557177,-0.0012227105640195324,0.0033113805713051734,-0.0025026088809162687,-0.002497579004184277
2022-02-09,0.019945056974650908,0.006435305793603159,0.010448023847347523,0.01987084745517521,0.006601139486963054,0.006435314418371602,0.010318462943728422,0.019764412626272824,0.019499529654071188
2022-02-10,-0.018324414648775357,-0.017312875238311206,-0.018341661095239423,-0.01906965253395177,-0.017380639704747312,-0.017312876811037492,-0.01801707681092677,-0.026291180600430487,-0.025813345778883594
2022-02-11,-0.005925103760971699,-0.0026967779136413427,-0.010065213008868342,-0.006093110454531223,-0.029903451922979836,-0.002696772021852021,-0.008456701564755345,-0.05987846010561804,-0.0584594721303182
2022-02-12,,,,,-0.004256935737694493,,,0.004881581624613972,0.004374007183259332
2022-02-13,,,,,0.00024492914225076223,,,-0.0009595511905362891,-0.0007636586728243062
2022-02-14,-0.0076109157055642375,-0.007921722589591122,-0.006081556614374854,-0.006880536994293781,0.008577264541337823,-0.007921740445915745,-0.0060972606248676856,-0.004873680716226225,-0.003968245127251857
2022-02-15,0.0023247117842847445,0.002155453832659071,0.009141943512002919,0.0025065825364741093,0.045775438655285244,0.002155443148606823,0.007630432144092095,0.05531791979116256,0.05471279091335308
2022-02-16,0.0011415929319556184,-0.0017978007828114782,-0.0013724066642304964,0.0016442255019418425,-0.01309037640203239,-0.00179779779118373,-0.000849246327613669,-0.015403125009194408,-0.015466033439594535
2022-02-17,-0.015082086734011969,-0.006712088819617224,-0.01463625528330027,-0.014489113004163109,-0.07641422689344193,-0.006712113201457731,-0.012331368845112697,-0.07783500010761192,-0.07738766239037623
2022-02-18,-0.008768914469153267,-0.005524799656361443,-0.007141002028959809,-0.00878002236154158,-0.010600077246076745,-0.005524807421497795,-0.007206681694104497,-0.007808763498197358,-0.008175964044068298
2022-02-19,,,,,0.0026232515600920535,,,0.005728448292466138,0.005368060100679482
2022-02-20,,,,,-0.04060231151419697,,,-0.04326270437002943,-0.042954821069790525
2022-02-21,,,,,-0.03561886947643723,,,-0.06263454943258671,-0.06079548028719142
2022-02-22,-0.005625212242472447,-0.003958237960115226,-0.0035054657940288853,-0.006921950262542972,0.0341632004092655,-0.003958237095993798,-0.005305392400481439,0.03926797298390854,0.0388754693954335
2022-02-23,0.00921321051417303,-0.002711348890656389,-0.010414750061423332,0.008206121400892705,-0.025946925558324587,-0.0027113420762575925,-0.010092671915803975,-0.020894244531552652,-0.021007668022394194
2022-02-24,0.000694276126471872,-0.001091639539655496,0.004729808591441994,0.0015852193873570444,0.02570191414328753,-0.0010916276213808651,0.005102554232275673,0.0018385094903915374,0.003493059424887147
2022-02-25,0.035378330965934,0.026191714308130762,0.02631127974833599,0.03509726431741203,0.01891890021929593,0.026191730147700973,0.02560463621856577,0.04265680231986539,0.04099860262078554
2022-02-26,,,,,-0.0025055130045423357,,,0.0029045080698911763,0.0028886231198946267
2022-02-27,,,,,-0.034787818248831356,,,-0.04140870790385847,-0.04114613522347153
2022-02-28,-0.0025788613415873825,-0.005069531157290666,-0.00014002241765681905,-0.004325699146457095,0.1386855568278672,-0.005069522233058477,-0.004262076574177414,0.10086406570540671,0.10270312650066116
2022-03-01,0.002026133763565404,-0.003261484184990675,-0.00970351472495084,0.0011127262419577163,0.025177096521385483,-0.003261484921875146,-0.01046307661605847,0.0031196221938872945,0.004004481854893282
2022-03-02,0.01816733997296337,0.012022188567764922,0.015643805061239274,0.019425943735172792,-0.009736412714800462,0.012024982792930763,0.01714942452955258,-0.007664406023402546,-0.01840839663626577
2022-03-03,0.00888930338164366,0.008519731139208451,0.0018487097181917904,0.008284710277980008,-0.0320962659373598,0.008520345492312712,0.0025453232164680383,-0.03883747000707691,-0.020372868194843085
2022-03-04,0.008496309570628347,0.006828545005085365,0.0011201813877612767,0.010529408694497155,-0.06982021445588832,0.006835525035077756,0.003880414467055557,-0.07675778612803935,-0.06955686163263813
2022-03-05,,,,,0.012114813207058896,,,0.017479514526959623,0.02442837299243357
2022-03-06,,,,,-0.024899448317983873,,,-0.040155496237257914,-0.03629721849583936
2022-03-07,-0.009466785922078664,-0.008792680712688034,-0.01351981333253058,-0.00962354943639128,-0.008424855857707888,-0.008791822685933193,-0.013597999072184931,-0.021573675189990437,-0.017550523355907913
2022-03-08,-0.022036504536382596,-0.013687616285798778,-0.006769682822826716,-0.022333268243446364,0.02012566115145027,-0.013686906619346802,-0.007819041354812581,0.0307292435135077,0.019633695838782998
2022-03-09,0.008261556936839965,0.004328571155176809,0.01351604163622413,0.008079826013412183,0.07037037547399255,0.004324027482566354,0.01175950297590403,0.06095460387936952,0.06176319153457105
2022-03-10,0.006747112689908646,0.0017543771163363833,-0.0021376739173603497,0.008012670402249076,-0.053036075927307906,0.0017592408109323677,-0.0003785570937190218,-0.04562280483889548,-0.045681252956858494
2022-03-11,-0.006716639147191295,-0.005364547792946386,-0.007049669817932651,-0.006789178192177903,-0.012389827537303461,-0.005365678445429799,-0.007681450942488333,-0.01844338512296165,0.005575845480756127
2022-03-12,,,,,0.0006619286443728107,,,0.0057348169122066524,-3.043967816213815e-05
2022-03-13,,,,,-0.023381118523361395,,,-0.02202341446047204,-0.02644712764990949
2022-03-14,-0.00963694655992226,-0.00466799086550699,-0.006104230913951031,-0.011043411495716818,0.0420776517385527,-0.004675913398128036,-0.007701237037479996,0.02973598750069395,0.026541260318071584
2022-03-15,0.006088671159238922,0.007374503971618192,0.008917379481820973,0.007471155732248167,-0.0058494694299147535,0.007377724029010641,0.009486369188724617,0.010110451951240919,0.002594329710705358
2022-03-16,0.0065477897081268836,0.005857223015876305,0.013666637028418494,0.005937205057207377,0.039721589629177635,0.005854427171459539,0.012788690144913952,0.05720129843682614,0.04131931537508893
2022-03-17,0.019691050713064012,0.011354822473261427,0.012888308871438395,0.01967146981369728,-0.004683081230197797,0.011354020956548815,0.013434551230687153,0.014149933151825583,-0.0021756303452316055
2022-03-18,0.006748254866632628,0.003217249432656439,0.004285880922328303,0.006996039855072427,0.019716958399662865,0.0032159913808708328,0.0036499072164951954,0.04471600567775307,0.023093784601093036
2022-03-19,,,,,0.008339610467901314,,,0.000887632765033216,0.046411974051185655
2022-03-20,,,,,-0.01984005985277531,,,-0.028686811713469436,-0.002308066627650603
2022-03-21,0.014214840104788169,0.0025823412355717532,0.0033837493487757398,0.014720190911159302,-0.0024647087440343913,0.0025825163025133156,0.002526980073712965,0.012011370944536361,0.02244232125096782
2022-03-22,0.006495222720230553,0.004457920592582512,0.0073583958171745565,0.0021685597549052707,0.03035315318639798,0.004457164987430047,0.005239019457645742,0.02626970645146781,0.0614098883393636
2022-03-23,0.000185913290935261,-0.009412954394252016,-0.007984785351199643,0.0006696549737921732,0.012954549912498694,-0.009417837531572599,-0.00904941210584126,0.01904582654084189,0.012356193053546701
2022-03-24,0.01901354850231805,0.0064524286171952746,0.009530730388684487,0.01882482834894262,0.023928760577708416,0.006451810417287072,0.009121541706697312,0.02536964908466193,0.024281715828965926
2022-03-25,0.010950839316162886,0.008604280183395777,0.00862079206028672,0.010966583048876195,0.00445487466881792,0.008604001020422986,0.009289605106804995,0.00014661495169193488,-0.010625171139629323
2022-03-26,,,,,0.007320805348591941,,,0.01121800251618703,0.009666749556291121
2022-03-27,,,,,0.05099321829341344,,,0.0475278274250744,0.042955056596832235
2022-03-28,0.0016413493919670002,0.005532181487314696,0.002942140517974708,0.0019443479218063443,0.0052319916301031685,0.005532410249322429,0.0029438428793032738,0.013232174339773677,0.0038627069532673397
2022-03-29,0.010254380341892556,0.012777799700693239,0.012440209728649149,0.00929782867553078,0.006688399502432794,0.012777500898128675,0.012432588056416914,0.01879055681225017,0.013745210332166295
2022-03-30,0.0011750990046351826,0.0005389322821795953,-0.0016859034052911642,0.0007839131066111648,0.0020347966081856496,0.0005400918762007608,-0.0022283965407656177,-0.005174237657356216,0.009378274777790211
2022-03-31,-0.012049215610945352,-0.008934845313910287,-0.013126597156729645,-0.011077323921847081,-0.025038498438071405,-0.008931577463508904,-0.012465433257756502,-0.030694669680395862,-0.029547536984754506
2022-04-01,0.009053961219563075,0.008138696507313957,0.008235736718045887,0.009218084122681701,0.015883923991810354,0.008138704812369193,0.007868849941874808,0.048932655251504094,0.013389083373571233
2022-04-02,,,,,-0.012447414263331843,,,-0.0014293998177316717,-0.010292832642330963
2022-04-03,,,,,0.008952987852642674,,,0.022532304624307546,0.018482270142058964
2022-04-04,-0.0030988873313992,0.002907904629025214,0.0007792324475418097,-0.002965940600847811,-0.006016624513133471,0.002913606029339299,0.0013019084188868454,-0.0015474488865597719,-0.006636860486677349
2022-04-05,-0.003451258104016566,-0.00440397576730062,-0.007702418633650769,-0.003075322130874481,-0.021994771789523873,-0.004397205794496458,-0.007032431828681874,-0.02990890678904403,-0.028088442200038193
2022-04-06,0.015069297489390633,0.011134868008620789,0.0003769600977990349,0.01664997552275395,-0.06155889141717118,0.01115904708231866,0.0038763436972129796,-0.07028433966547298,-0.08990796135014895
2022-04-07,0.015591654752007696,0.003455378312396958,0.0033325165102956467,0.013171457101664964,0.009910134536428169,0.0034625195069524755,0.0020784938301773776,0.02035897754707161,0.03443113789798957
2022-04-08,0.00416736725084385,0.007178041090576955,0.0022591467639548834,0.004780492620701266,-0.02841740050244821,0.0071829815599353175,0.003892963987293518,-0.014571310298833809,-0.04077523651097618
2022-04-09,,,,,0.014794918147371452,,,0.02132271440340626,0.018247759060244253
2022-04-10,,,,,-0.01585011168369581,,,-0.014968913399325224,-0.016963992826357216
2022-04-11,-0.02683659186034565,-0.014357653286735543,-0.014325891108383743,-0.025433963898539646,-0.06505622570468599,-0.01431831871958673,-0.011596585034581055,-0.07243822123731164,-0.07949186276060863
2022-04-12,0.004462077049841831,0.0027645452823417964,0.0006216396408297314,0.0039352490233134025,0.019209779902733988,0.0027380538598149075,-0.0006303470661902456,0.017421177539552798,0.027819015001853686
2022-04-13,-0.007425460470185011,0.006225253049208495,0.008317642591166652,-0.006603506989838914,0.025932332546327572,0.006209363916723369,0.0072634074817796955,0.027887428739061637,0.0370788406359196
2022-04-14,0.006670338282844051,0.001758582294467631,-0.0017547573886416393,0.006785857453001664,-0.02789668871367163,0.0017533995768503137,-0.0009428374728560743,-0.029416187747950597,-0.023927757069991534
2022-04-15,,,,,0.019196733355345753,,,0.011418444630700075,0.02982514470969117
2022-04-16,,,,,-0.0020083009836009873,,,0.006317025177140964,0.01302927783852269
2022-04-17,,,,,-0.0202852064595434,,,-0.023357050997786254,-0.037284422323812946
2022-04-18,0.0016687679755506687,-0.00451005624844834,-0.0004865468630271916,0.0019813686949171267,0.026308560388405445,-0.004534765009066963,-0.0014955390915396295,0.021344964680073814,0.022654247791625674
2022-04-19,-0.004306324140423609,0.008676325964037727,0.01105568480812843,-0.00466600867679323,0.02003319290219925,0.008660221236454775,0.010772033093832345,0.014844165703868449,0.020923562988254703
2022-04-20,0.004753170057000571,0.002595680580752932,0.0023975600261780055,0.0047158392154965844,-0.005358486373013586,0.0025640815337152952,0.00284082271392512,-0.00976019249339075,-0.012113883711958321
2022-04-21,-0.01705403047312389,-0.010481022538915443,-0.011525505634879843,-0.01737332181696513,0.023188390314395523,-0.010494375995320306,-0.01140132570830341,-0.029083073082333516,-0.01746567713754371
2022-04-22,-0.025767702316176398,-0.015616834279136429,-0.02052226472504934,-0.026817293684540992,-0.031850289637268214,-0.015621024630272621,-0.02090258487458059,-0.008272819106112116,-0.01275368052782091
2022-04-23,,,,,-0.0011570243374345577,,,-0.009432557780316627,-0.01216604441404362
2022-04-24,,,,,-0.008149256208250117,,,-0.005683258195771557,-0.013466777429191355
2022-04-25,-0.0069958047984078,-0.0014996655049928777,-0.0022259589197299334,-0.006906548180031238,0.016761731124558803,-0.0014984587103137516,-0.00262874486045777,0.027491099670395924,0.010755299959379457
2022-04-26,-0.01100848868716479,-0.015986740112002365,-0.019767767038362517,-0.01006315100673648,-0.056328662759156704,-0.01596349289792285,-0.017907911873198613,-0.06737146645345972,-0.0675032178413432
2022-04-27,0.0018344058768576988,-0.0029483478334112294,0.0012552401930925295,0.0011755124960182491,0.027185282955597804,-0.002953012397197828,0.0002317638158368196,0.02797855612988746,0.02467059891329805
2022-04-28,0.017655596586571874,0.015536383812800503,0.015573703755046414,0.018792806592479044,0.012173238884970463,0.015557742052576396,0.015972642820862432,0.014882033010612838,0.008939264943110292
2022-04-29,-0.05392508046724995,-0.031351324864998226,-0.03387739221301368,-0.053258909409191924,-0.022264948082737615,-0.0313542735186277,-0.03387540121601572,-0.04190739733862009,-0.035719859132519974
2022-04-30,,,,,-0.02017087212534291,,,-0.030905056417134428,-0.05095753355998515
2022-05-01,,,,,0.049703600036668315,,,0.03571382256096132,0.0477458050100365
2022-05-02,-0.00484021530177158,0.0023366311277066955,0.0007404358161965132,-0.004107560867408655,-0.005045033679337185,0.0023531137269416,0.0011690328758576785,-0.003150579813704691,-0.0033293534123313012
2022-05-03,0.008362414143180468,0.002686332450841781,0.004555846768567998,0.008362345992494314,-0.005113837086821131,0.0026863285293029326,0.005326234553451732,-0.010712090547274922,-0.009885726417476851
2022-05-04,0.017497190771624534,0.02456955384336589,0.030791603646288093,0.017497099149495588,0.08120940313281874,0.024569557459922974,0.027867152753613705,0.09768777207422855,0.09749031293164934
2022-05-05,-0.02373652763155468,-0.014931960976770523,-0.02406585500368065,-0.02373670211995358,-0.09057399318868681,-0.014931965638019028,-0.02138133054824843,-0.08792760957755685,-0.08820246317844896
2022-05-06,-0.0007470219758731312,-0.005786689097020758,-0.0028468790037302276,-0.000747135191579121,0.0211595391598887,-0.005786690820108302,-0.003719151626424842,0.009911536356464603,0.011725029008946827
2022-05-07,,,,,-0.018912608330278167,,,-0.025861551667197516,-0.025620590029040206
2022-05-08,,,,,-0.021318542020050672,,,-0.01912325233741754,-0.018885086446736622
2022-05-09,-0.05250645729271556,-0.014206508391845982,-0.03380573223155303,-0.05250653478703745,-0.12150967493682588,-0.014206513579304168,-0.029205359758521822,-0.13858540201932162,-0.13787906645614606
2022-05-10,-0.008557632577346373,-0.007975971751213728,-0.004527764764685423,-0.008557818486459274,0.029645811286132515,-0.007975977336561836,-0.00618382552838775,0.03548752611899278,0.03579471688135326
2022-05-11,-0.0012707078685381163,0.006990748660844561,-0.006636333168122569,-0.0012707294836968685,-0.06000734674942556,0.0069907466682792695,-0.00033572452378340215,-0.14409244004091043,-0.13878254753379227
2022-05-12,0.005848486529488946,0.007125233590882689,0.0010213098478623962,0.00584845678480684,-0.0169330139038326,0.007125226232074114,0.0033204137485410216,-0.04872558742882796,-0.04754872700813736
2022-05-13,0.016154131929067932,0.009921903182814131,0.01987558883825778,0.016154239581919333,0.027635121468509896,0.009921902566456952,0.01807110087414162,0.06680643620759522,0.06532421888478591
2022-05-14,,,,,0.017224833888728593,,,0.021150943771016485,0.020630416356601143
2022-05-15,,,,,0.031164244242434223,,,0.041672055707046,0.04077003579082683
2022-05-16,0.004209763249041582,0.006155184355585135,-5.9632825586943896e-05,0.004209680937199667,-0.045884485079084915,0.0061551821691798,0.0027206088369911177,-0.05961559892154226,-0.05896528372992381
2022-05-17,0.007684910630385736,-0.0028341532127943853,0.014965550469200199,0.0076849382687576295,0.02464469931220223,-0.002834134357323829,0.014053924549036008,0.04388035967930753,0.0428026734930559
2022-05-18,-0.03165499671424938,-0.024525983349898584,-0.02731475641258547,-0.03165510200707468,-0.048101988001822846,-0.024525987102522046,-0.025062545471867453,-0.0793407584536161,-0.07744325087299271
2022-05-19,0.0007921632278780861,-0.0052878943832444115,0.00024417434976468466,0.0007921404059748132,0.05163386151013452,-0.005287895204207592,-0.0019945329339526637,0.04750690560771123,0.047424390974613914
2022-05-20,0.002109184032202766,0.0029774482979344537,0.0013287858086880038,0.0021091711221570917,-0.03545733727330577,0.00297744039738846,0.002789359799963961,-0.031759637146683804,-0.03170333744243982
2022-05-21,,,,,0.014276879480084848,,,0.01647804411295526,0.016423388893525473
2022-05-22,,,,,0.03545199173552979,,,0.03472782004763589,0.0348875218662763
2022-05-23,0.015304624979538765,0.017140048443214317,0.014807687837788778,0.015304617525993856,-0.036872322811071695,0.017140058546381905,0.017290355500482874,-0.03280431624764311,-0.03315685145898088
2022-05-24,0.003014364477079445,0.009874891320505593,0.006403455127234369,0.0030142843992789253,0.027034063882777997,0.009874887526541101,0.004812739813136325,0.03203904359740626,0.031371106017597815
2022-05-25,0.010710084296113268,0.005386053526884511,0.006116096078051987,0.010710067278459034,0.008017946401989627,0.005386053229163093,0.006943273548260052,-0.009345323136245276,-0.007933422752896198
2022-05-26,0.00934648697400135,0.0057356208179265445,0.007681051232563989,0.00934656166240252,-0.013501395016459871,0.005735621740433095,0.010681468207190783,-0.05070413016976659,-0.04886657682919873
2022-05-27,0.019138401198906498,0.010932597274945695,0.014757416879112462,0.019138528157258652,-0.02172208069416408,0.010932602136936151,0.017034069935592457,-0.02852164180232375,-0.028619592547996488
2022-05-28,,,,,0.0068187056058692415,,,0.01804435320543567,0.01737852306490709
2022-05-29,,,,,0.015356095644903466,,,0.02776182819934858,0.026833156062761064
2022-05-30,,,,,0.0683430912359032,,,0.08357793585561524,0.0828312823140137
2022-05-31,-0.015376852608188548,-0.00930876353434173,-0.007252584335708464,-0.015376788887238237,0.003995696865599181,-0.009308760320443532,-0.008133172294003515,0.011728387575256228,0.011681682850957383
2022-06-01,-0.0006717437982030464,-0.004483840393745913,-0.008164521235849272,-0.000671839818302618,-0.051296814314666664,-0.004483840119506777,-0.005189086355824643,-0.0710803050374161,-0.06941649933945777
2022-06-02,0.01624013380735481,0.0028769810602750166,0.011641534987305524,0.0017776457506277453,0.019271207216126254,0.002937067408278995,0.011315412419237243,0.0241083992323192,0.02313419415303705
2022-06-03,-0.011271403291995526,-0.005331265303956811,-0.008353684158396955,0.0021646505369962176,-0.027728405238272167,-0.0052776390684278,-0.007404191972070598,-0.02621997954174823,-0.026305609794856015
2022-06-04,,,,,0.0010746553962259352,,,0.007294771740642959,0.006818520171188851
2022-06-05,,,,,0.00497621393843692,,,-0.004211390828016737,-0.003615246895159606
2022-06-06,0.004473021448710696,-0.004149098818540825,0.0007899662308848943,-0.0029665939047205845,0.03830290500141039,-0.0046358322610491245,-0.00089987545022348,0.029201446111795714,0.028889172342608876
2022-06-07,0.006515504781820816,0.007403536975707178,0.007915255518736607,0.01329778597016308,-0.004373208173016904,0.007720223734277166,0.00919668770665441,-0.011969793902402003,-0.011576133852714391
2022-06-08,-0.013009352302863542,-0.009891673122310365,-0.012580568759152795,-0.007523338233226866,-0.027065825726331913,-0.009601419014335137,-0.012440984546539672,-0.013612383477299804,-0.0146331822083313
2022-06-09,-0.020680984995779597,-0.022512836630664605,-0.021309071508690516,-0.024797270444041362,-0.0016118093072000174,-0.022741984770562922,-0.022319907715906133,-0.006290799584613548,-0.005721106941640913
2022-06-10,-0.030169260382236565,-0.00923304185659091,-0.021807072238974552,-0.012714858572585556,-0.03202821301404833,-0.009446006968864044,-0.020563440250147842,-0.05238956967634552,-0.05090381419963909
2022-06-11,,,,,-0.02792448000639226,,,-0.05910299544008756,-0.05772890940091314
2022-06-12,,,,,-0.04170304337428128,,,-0.058069150796414115,-0.05576894386204434
2022-06-13,-0.05473765216540984,-0.03337259772698736,-0.042456003814747595,-0.041685126765009566,-0.1610347773532262,-0.03230873592280897,-0.03741306552735407,-0.12649945561716172,-0.12952110939892833
2022-06-14,-0.0034627853951064973,-0.01376968239705274,-0.008620651670637693,-0.007628523569501414,-0.03892338957852663,-0.01365940670271882,-0.009370664825243197,0.011680498107776514,0.007090998925789918
2022-06-15,0.01998391741926174,0.0029787874013034957,0.011682295727280216,-0.004827917924500928,0.04259681821249721,0.0028832995111257144,0.008892049974332102,0.06542525357596155,0.06383522054941954
2022-06-16,-0.04189225555299424,-0.008534018404497572,-0.02705354319357859,-0.020763133934781464,-0.08864900736663071,-0.0079211628332744,-0.022678343868122328,-0.1071884006610222,-0.10609276063451367
2022-06-17,0.0027328718837826135,-0.003917200575744746,-0.0016969505445697851,-0.01967502781026184,0.006480157205991058,-0.004146519141054385,-0.0038539780873870118,0.03646198203338853,0.034832167423046144
2022-06-18,,,,,-0.05030658702365168,,,-0.04251541303837564,-0.04250292822710408
2022-06-19,,,,,0.0640550252028379,,,0.07927452664115972,0.07765951030843321
2022-06-20,,,,,0.00041968831956373884,,,0.0015757411640274655,0.0010370259886608737
2022-06-21,0.018731182956851,0.022271348530649087,0.020985606101699028,0.035719843653837124,0.01826089339581756,0.02223141199250276,0.021779606563995184,0.005971368768382867,0.007498141401924774
2022-06-22,-0.008861850562642583,0.0030985453811363983,-0.001978357527187971,-0.0034386349990958545,-0.032972776422262595,0.003328610997884479,-0.00011738788962178265,-0.03599036081922781,-0.03591734457992629
2022-06-23,0.0100016140490976,0.013642027904072063,0.008985840725081788,0.0034294623989098803,0.044422296825390055,0.013105113275493602,0.006371231435947295,0.04734050407033799,0.046968767215191776
2022-06-24,0.030300955456340234,0.0138669638175056,0.024506455914827554,0.01806580986775276,0.013200587668523526,0.014236514855573635,0.0241520100079686,0.03819140914105866,0.037804050694902745
2022-06-25,,,,,0.0062631948527314876,,,0.007753439427377807,0.007263736341183374
2022-06-26,,,,,-0.01674445094217283,,,-0.021408985862141752,-0.02125538774198887
2022-06-27,-0.0037082095460848003,-0.003132903955435729,-0.0025305877259715693,0.012028630965659318,-0.003041010498858651,-0.002958161043599433,-0.0023985724587437846,-0.0067536758927389095,-0.006086966337904327
2022-06-28,-0.015119424936045183,-0.008804439751383761,-0.011242071784405188,0.00145187971707347,-0.020410511360424537,-0.00882949893748436,-0.009588597532051834,-0.04316380056562889,-0.04185217120394592
2022-06-29,-0.006696225000566495,0.0005160160374239534,-0.0031416486410098974,-0.005961738673297802,-0.010950337261063094,0.0005428233556656313,-0.0026142405699343934,-0.014634249838758707,-0.014975006392810707
2022-06-30,-0.007535848717859894,-0.007468724489427682,-0.006221157026954923,-0.006382857124075417,-0.012437600301324035,-0.007531924921612123,-0.006346197100049255,-0.00736490300233722,-0.0076314443027156
2022-07-01,0.005155360012899512,0.015542761172621909,0.011399360297851489,0.012340772394999106,-0.019272239788810732,0.015797678416970003,0.01318395579098166,-0.022743101604300778,-0.022096480046369677
2022-07-02,,,,,-0.0017076103260041152,,,0.010206534368909838,0.009497997129229916
2022-07-03,,,,,0.007357357235711766,,,0.006203747849250053,0.006643233127571596
2022-07-04,,,,,0.04087451950808512,,,0.034349280079586264,0.03441942329579399
2022-07-05,-0.008417589662965286,-0.0035842546098920755,-0.008026819936724541,-0.006293927342713395,0.0016292257401081948,-0.003584258474742749,-0.007163505390519834,-0.019035901264224744,-0.017343476591701892
2022-07-06,0.0027449040675721625,0.0015119538271169588,0.0015148740659699023,-0.0001359733330719324,0.011730431211316816,0.0015119467470387827,0.00048141936594636313,0.01714929107079264,0.01680223140838176
2022-07-07,0.018122510900338788,0.0023814116730850694,0.01098186977351049,0.01411019528266564,0.0445933464322755,0.0023814106070583064,0.009549885953695126,0.03818408898870451,0.03813900062167376
2022-07-08,-0.004392454474492608,-0.0028971774257679317,-0.0033154811998653143,-0.003327694098526209,0.004589423198025428,-0.0028971765922922283,-0.002989534582162387,-0.009716256354324614,-0.00867789175802991
2022-07-09,,,,,-0.002303156231460146,,,0.014113331687002916,0.01282912916098296
2022-07-10,,,,,-0.03330689767019324,,,-0.03991464143394159,-0.03971414049438307
2022-07-11,-0.015641645535133215,3.7086112183049285e-05,-0.007341127327964409,-0.007581620815643344,-0.042803346104969275,3.708471760653382e-05,-0.004553509647554707,-0.055941769132582544,-0.054984189608262624
2022-07-12,-0.007135968983798228,-0.005766393663617686,-0.005687313553339324,-0.0038619318641055773,-0.02533941254045043,-0.005766392149958463,-0.004482987592351992,-0.023506154582261487,-0.023083667303362962
2022-07-13,0.004273844927175243,-0.001284838431848889,-0.0008495214067821825,-0.0037269688378600164,0.04117751523556549,-0.0012848413838253488,-0.003691085503401587,0.04427791375235156,0.04410043534840038
2022-07-14,0.0003954618362371794,-0.004849737641561284,-0.0027095011526234564,-0.004163211008786747,0.015888295256185937,-0.004849738579441756,-0.004313055852129167,0.023188826061356818,0.023098893698129876
2022-07-15,0.01772329816929271,0.010472483298761104,0.015789709516525953,0.018608815343360563,0.010669158754942537,0.0104724868200778,0.016108354610521396,0.013295712298953434,0.013226344615253412
2022-07-16,,,,,0.019296077550672662,,,0.05154078995565464,0.049473414868518514
2022-07-17,,,,,-0.019832031290677992,,,-0.0009481346380628359,-0.0029291217482885967
2022-07-18,0.015313114732142497,-0.012056640607030367,0.00013831713726662607,-0.0032098002043968576,0.06912776077907201,-0.012056643068747569,-0.006359660473971972,0.10792768941483927,0.10404809297816078
2022-07-19,0.02586875775096274,0.013738324830940249,0.021548672079957247,0.027385120685752967,0.031341904972981095,0.01373831818305709,0.022138731921021858,0.018286943077011588,0.01846835361025792
2022-07-20,-0.003828157409285748,-0.0065917578759306554,-0.004085627806865166,0.002652137007976471,-0.010233063655956295,-0.006591764602577257,-0.0017497807011699431,-0.036229629495596855,-0.034586058102100165
2022-07-21,0.008552757200913889,0.004076880143877451,0.004914348178347858,0.005351057035176227,-0.0008138498552924132,0.004076881738262142,0.003960727785292103,0.02456125802960221,0.022669531636642273
2022-07-22,-0.005418183269914843,-0.00019282751991505368,-0.0024603333856633124,-0.004943947923047726,-0.0182761025041005,-0.00019282542917311847,-0.002308994945672692,-0.007789360004250423,-0.008419726402098322
2022-07-23,,,,,-0.008827599747015412,,,0.0075367209362238955,0.005939194469000091
2022-07-24,,,,,0.0049037916491874315,,,0.019692387162963055,0.019191106317149084
2022-07-25,-0.009139212362314904,-0.0034270541828679375,-0.002805892003972705,0.0035859017301082836,-0.05313937126470181,-0.0034270560787532105,0.0015793716207016797,-0.07276478282443086,-0.07159526027832588
2022-07-26,-0.003336425903804737,-0.0049293928045723925,-0.0024017360649975544,-0.004859655657097752,0.0008161035588986542,-0.004929375776461964,-0.002812823865775137,0.00427972286266034,0.004172710275632475
2022-07-27,0.02792847365268602,0.004911073259485131,0.013796204792824715,0.011691570468449708,0.07313616396636513,0.00491106717009571,0.008218176926235905,0.10911298957386757,0.10497561831173235
2022-07-28,0.021607122134156626,0.00782200282267478,0.01450888550382168,0.010345161395059147,0.03443435522668266,0.00782200276245458,0.010469321983318108,0.07791692582964407,0.07474817243675583
2022-07-29,0.007116952121869639,0.0028713448585393885,0.006197351571099075,0.009706179215131488,-0.0027809484957875144,0.002871328353989895,0.00700774876606258,-0.005829183344439626,-0.005750529847289429
2022-07-30,,,,,-0.005307986966446854,,,-0.00467567022165365,-0.004359019071589742
2022-07-31,,,,,-0.011107589901122305,,,-0.016465189612308164,-0.015864868917863116
2022-08-01,-0.0034638165145915484,-0.004732416554982299,-0.0032003978211261014,-0.0016167632894356567,0.0024962252512781818,-0.004732424257179814,-0.002582755428842624,-0.012699082640371007,-0.011344290089928356
2022-08-02,-0.011258405527666888,-0.005117651340503688,-0.009538917178272472,-0.0059444320930314145,-0.016905160830138353,-0.0051176528271592685,-0.0090214840685799,-0.018731547141342078,-0.019680418313820003
2022-08-03,0.0043077639733036166,0.013569517275978394,0.006121969785864364,-0.00889298401599493,-0.006444174117833565,0.0135695317807022,0.006956967716401446,-0.005898263614123967,-0.005925081488678589
2022-08-04,-0.0011084059539739493,-0.007979638405945158,-0.002168468188419914,-0.01653673644594785,-0.0013104005632410933,-0.00797963931805909,-0.002229730077222945,0.0014520885855312192,0.0022409940943174406
2022-08-05,0.008947954951706028,-0.004352624722586417,0.0028613061272151686,0.004541487925866782,0.02399426793711974,-0.004352624669694674,0.0002806313795097493,0.04574473649123466,0.042892489965139904
2022-08-06,,,,,-0.01126979374695843,,,-0.009351144158146453,-0.008970513840802151
2022-08-07,,,,,0.007144556179980537,,,0.006392427307688353,0.006290561807365525
2022-08-08,0.0037225810330289645,0.004206255473678593,0.0024996298470929545,0.006989698498532983,0.020919971421469348,0.004206248778412685,0.0011097554604009975,0.0229447621169808,0.023001297896612656
2022-08-09,-0.007945398147576594,0.0020238067390165497,-0.001178639672705651,0.014342586450922894,-0.02591842411631069,0.0020238159718214016,0.0012229571252417191,-0.04364255068394754,-0.04242859083822166
2022-08-10,0.022285586386157935,0.011431789727319262,0.015842600769389408,0.003349956264925117,0.03167700668449274,0.011431782949235013,0.014007030454477196,0.05001775589284965,0.048236693397421586
2022-08-11,0.00711277305876338,-0.0013165333235369398,0.003973291143645639,0.012992401053591555,0.00032360614499125033,-0.001316539687727993,0.0035824631961765005,0.013045285139439913,0.010758041659281584
2022-08-12,0.014744085826509507,0.014423640367025545,0.01450903132835406,0.0063161599704283184,0.013298305398243252,0.014423640396117272,0.014624439759029146,0.014118240519318504,0.013347108337023943
2022-08-13,,,,,-0.001834391089453771,,,0.007878268833164915,0.0067713566304736655
2022-08-14,,,,,-0.0007219018833165857,,,-0.012942023802462375,-0.011603211561320232
2022-08-15,0.0008230034027234436,0.011788216613108218,0.004032484693263916,-0.007516587997810959,-0.011664261667716228,0.011788228485376443,0.005249470791026774,-0.016734843725832005,-0.01672996385251691
2022-08-16,0.0028144401894815655,0.012986218762829734,0.004434235596110105,0.0005617385832176387,-0.003672758615622201,0.012986213477567277,0.004492890876825406,0.00209126616210481,0.0025421329883863067
2022-08-17,-0.007798589889117788,-0.0062567104279770734,-0.006998659290899955,-0.0009219754008404826,-0.022463410950031105,-0.006256706897497263,-0.007167850127520324,-0.006078541612463406,-0.007213681007185411
2022-08-18,0.00043693173708676906,-0.0025283474747353446,0.0008443564754286839,0.01085393456962969,-0.007190830645448302,-0.002528347214801007,0.002035450332471074,-0.01733787946437029,-0.016815146782446354
2022-08-19,-0.025355329437994716,-0.004583921234983829,-0.012522346561885963,0.01712483549390732,-0.08469575895136405,-0.004583918098968728,-0.00686708007591015,-0.10808945972908332,-0.10414004061692342
2022-08-20,,,,,0.017834903545883372,,,0.014368971101450911,0.014845487976364717
2022-08-21,,,,,0.012865294700933623,,,0.031694698941254096,0.030029512808444115
2022-08-22,-0.012537475399785884,-0.014017018082297642,-0.014804230433303263,-0.013891031721273702,-0.0063202734074392225,-0.014017015544695356,-0.01720672121412902,0.021473569506181945,0.01922383106880077
2022-08-23,0.004000658103116928,-0.005095275925826727,0.0004213102739208316,0.014602629894447937,0.007480963396328602,-0.0050952733152671795,-0.00034528683765889037,0.014107231905767195,0.014119627840076861
2022-08-24,0.0006884568862047301,0.00025238003726313444,0.0009476871664933232,0.00247224036400578,-0.010887826530266409,0.00025237902643982993,0.0015665553045142789,-0.007648736420349412,-0.008676725491130612
2022-08-25,0.013369768680934336,0.005763845228517668,0.01118500450376175,0.00546108500129803,0.00974341800101117,0.005763838183188774,0.011454732710535005,0.01094257699168686,0.01014588444170259
2022-08-26,-0.03608088845540071,-0.018070511710308552,-0.027895973384333552,-0.013502576741101259,-0.06106116664787512,-0.018070506623522126,-0.025049675824013646,-0.0780335941700781,-0.07626522489494451
2022-08-27,,,,,-0.0010363511646961261,,,0.002179284569379869,0.0025476146591483792
2022-08-28,,,,,-0.02167707845310614,,,-0.03357306115173309,-0.03208723030592641
2022-08-29,0.005030206035969886,-0.0040919829912140155,-0.0003528093367910042,0.004958652676495289,0.033478005787089204,-0.004091980494185136,-0.003577704533707393,0.04925487420357118,0.047283891149818236
2022-08-30,-0.015619484591487917,-0.008370196286657248,-0.01293031720557028,-0.01801644727753283,-0.01035530951342416,-0.008370201875157694,-0.012148538517204247,-0.0268941958202499,-0.025013092099380692
2022-08-31,-0.0055874896852431315,-0.00217642620406824,-0.005792139759568206,-0.010997164490835928,0.0025328126160292083,-0.002176421402229009,-0.00646532500888585,0.0032082975179153817,0.002940955447061433
2022-09-01,0.0034886436672656863,0.011567549844821402,0.005381515694057551,0.005103121596941368,0.0018745230567760642,0.011567547638773764,0.0038976066231135474,0.024370637988418112,0.022499193193097837
2022-09-02,-0.007112650662027256,-0.009395293432313727,-0.00884341627290777,-0.009523452905370697,-0.008648907009577711,-0.009395290257958912,-0.009706399506157579,0.004941360554689911,0.004129196073754773
2022-09-03,,,,,-0.0019864914545924617,,,0.002144406622791495,0.0018970632450723021
2022-09-04,,,,,0.00736621674828645,,,0.00946666488626442,0.009064248448124505
2022-09-05,,,,,-0.008778457987796681,,,0.03152178450939198,0.02457850443124736
2022-09-06,-0.01516233427813982,-0.0025026000835254155,-0.0073169549190521,-0.003960837321840622,-0.04453949304228472,-0.002502599660954033,-0.0032760049365598027,-0.07116981905963582,-0.06737589501233676
2022-09-07,0.022888356862568352,0.016646661409416615,0.019011106066247316,0.015912572907354684,0.021869150265620606,0.016646662478318842,0.01657408147074521,0.05776727663863668,0.05427294459049915
2022-09-08,0.006030335202376025,0.0026584981983849257,0.004107531234079625,0.006066542642071269,-0.0017035716529740892,0.0026585013873720543,0.004146537507100025,0.005849298003899805,0.005658873820224135
2022-09-09,0.02197192647032312,0.009125030725740528,0.015502977694272746,0.01464305635253413,0.08337334081064839,0.009125030397168466,0.012756741766589266,0.05861627705926811,0.05953283191891988
2022-09-10,,,,,0.015862695663190235,,,0.01834220726446272,0.01813535229843626
2022-09-11,,,,,-8.416366466419386e-05,,,-0.011384277713285618,-0.01054567836190762
2022-09-12,0.005828411314179709,0.008517694314913192,0.00782242792130238,0.008484821861791864,0.017304491371203184,0.008517681712101299,0.008647900649532084,-0.007453641423881053,-0.0059659843036756885
2022-09-13,-0.0452262252013494,-0.030131579615035948,-0.038268637757937984,-0.040049309985713,-0.07654923952266243,-0.030131579172011203,-0.03639849540354258,-0.07111080127953137,-0.07086888523731535
2022-09-14,0.00616714857089012,0.006230181345143859,0.0046551897377464894,0.0031318623014507806,0.0008538598276028758,0.00623018268378653,0.0036697094795798265,0.02134357991808681,0.018562721097803568
2022-09-15,-0.021520483858726545,-0.010520346853216551,-0.01679415452746363,-0.0161715370948445,-0.019914384801432143,-0.010520347860792291,-0.01497060589335643,-0.04826521767813676,-0.04476153649109546
2022-09-16,-0.0038641686411954724,0.0007209167309352993,-0.003197627861266428,-0.007247144972022487,0.0026576946918321844,0.0007209138345751839,-0.004530330453625005,0.013050713012939598,0.014548911251991063
2022-09-17,,,,,0.017403145595517956,,,0.031041752444428392,0.03100358469072137
2022-09-18,,,,,-0.03113588863607628,,,-0.07844006705083154,-0.0729260454536194
2022-09-19,0.008872265784185427,0.003687748034211691,0.006422147424254498,0.0062365945726796865,0.0014711389357447914,0.0036877498704596424,0.00545565215396724,0.022050621841714125,0.021012883821326295
2022-09-20,-0.01295688271740614,-0.013462915062012512,-0.014058748780462359,-0.015572445225681552,-0.025769265114674273,-0.013462913177731961,-0.015095685169601188,0.00012092982397091546,0.000980813231851699
2022-09-21,-0.020650512877607573,-0.013005713086739881,-0.01746562390586906,-0.01695516019963178,-0.015299449026116723,-0.013005713875382489,-0.016177356252386425,-0.03912727626748656,-0.03751899743762049
2022-09-22,0.003498086344920149,0.0033225789911852867,-0.0007030493276476282,-0.009265739650809662,0.03742664040718451,0.003322581062782627,-0.005498723135091815,0.06731721632356923,0.06785121180406303
2022-09-23,-0.01666781993710253,-0.016591207053287184,-0.017987080824374786,-0.022218416288988616,-0.0030380591453899874,-0.016591205604005888,-0.020047399599120858,0.011085161822327872,0.010675853795137628
2022-09-24,,,,,-0.01572761590062074,,,-0.021096523709983696,-0.02118612729350996
2022-09-25,,,,,-0.005599151461945362,,,-0.013323073667573295,-0.012406149275214644
2022-09-26,-0.01293929840562053,-0.01055421435246972,-0.014079510080997103,-0.016062688619373502,0.014170533425644826,-0.010554216690656981,-0.015151626689503435,0.0026776526631443363,0.0021009384905369658
2022-09-27,-0.005605479284624965,-0.005765596958887653,-0.006098499138911676,-0.00366578905075212,-0.004696786547985662,-0.00576559991442488,-0.00533306573219733,-0.01530393045398919,-0.015024382351486556
2022-09-28,0.017534552039938055,0.02221884531847905,0.019236721620680533,0.021300718433708198,0.012203815283349906,0.02221884498082246,0.020671281483274344,-0.0012962799289126916,-0.0002834672617187464
2022-09-29,-0.012207247581198724,-0.016198857592790446,-0.016834689881024427,-0.01986572482765666,0.012891086871478857,-0.016198854150201843,-0.019639695768274176,0.026085138651090946,0.026945210153630682
2022-09-30,-0.013137197439580917,-0.01678682638289144,-0.014642040341302981,-0.01486629063304761,-0.004979934943522021,-0.01678682784755586,-0.015270585530815155,-0.004491731472247418,-0.004428054569520354
2022-10-01,,,,,-0.007024013710652172,,,0.0008534505682332933,0.0008361937760111796
2022-10-02,,,,,-0.006129152963877744,,,-0.025340823712240203,-0.023561937925546197
2022-10-03,0.030449618306372543,0.02651156872186253,0.029680444432100692,0.0321847780436476,0.02214845204892228,0.026511572117691076,0.030363237149339778,0.021773819619997272,0.021172919088717778
2022-10-04,0.02880958335717737,0.021126098922907677,0.026288097282269957,0.02965210942898404,0.02833320717225031,0.021126097915987997,0.026680745960168922,0.024596952998144017,0.02481374486243025
2022-10-05,-0.003406590115096624,-0.003915642266588175,-0.00523400607129844,-0.0032365855896064853,-0.004755505225484642,-0.003915640863625825,-0.00507026025181875,-0.004256612742547317,-0.0036178732583527643
2022-10-06,-0.010554134887437125,-0.007689185389864637,-0.012554321938902487,-0.01145048446669094,-0.004183207479582712,-0.007689180833629064,-0.012831235111900827,-0.006072386991168044,-0.0056591722794881475
2022-10-07,-0.020280218445497645,-0.014049790520514208,-0.019681907267440246,-0.02349631739433913,-0.0144693892000746,-0.014049792920635091,-0.021068253813298323,-0.0041997237012902245,-0.0036385663111700435
2022-10-08,,,,,-0.006728028949965393,,,-0.0031627007461755173,-0.0026807242248601607
2022-10-09,,,,,0.003113609542776125,,,0.010305532644744564,0.010355283933740578
2022-10-10,-0.012045546445742966,0.001386672041702045,-0.005854702344766726,-0.0056979257390414656,-0.007326209132738087,0.001386672055230742,-0.0033405504907533193,-0.04378364997925047,-0.03920131467243293
2022-10-11,-0.005794294732439905,0.015648517667420057,-0.0015058349499687221,-0.003330502897853405,-0.010159782165647436,0.015648528609311717,-0.0004155508418085867,-0.01811325390537241,-0.018310838153064543
2022-10-12,-0.0043924079566163825,-0.004535326678084038,-0.006930715396964649,-0.005622661763774912,0.004379082340957676,-0.004535325023019296,-0.007308371210584598,0.001758861079176266,0.002057990829542519
2022-10-13,0.02191998810456886,0.01919995576206188,0.024680159018117365,0.02967841986663329,0.0026540939720074855,0.01919994693552418,0.027854410451175336,-0.016872170705753243,-0.015627789135789223
2022-10-14,-0.014943014408953998,-0.011583304910643619,-0.014621256466011288,-0.01841214369489535,0.011771092834850824,-0.011583310174025637,-0.016113685258408582,0.002402632020752704,0.004424075110428008
2022-10-15,,,,,-0.01631701179177748,,,-0.007131151020167648,-0.008507804241011477
2022-10-16,,,,,0.006538710564855095,,,0.011621146466186618,0.010855910050184329
2022-10-17,0.018691664879151734,0.011909711425424921,0.017901277360410285,0.020060602583880396,0.014286505043901662,0.01190971366122746,0.018469482555867445,0.01184697635550842,0.011529525523764201
2022-10-18,0.007318470900009652,0.010582322444220471,0.01035827318686616,0.011945856181977306,-0.00987227096784518,0.010582322947254882,0.012205530414789709,-0.015818455509828577,-0.015272370425388437
2022-10-19,-0.010522088707603131,-0.007663685338745103,-0.010194327195809039,-0.00776157460082436,-0.008626747104414138,-0.007663686050448163,-0.009135636234636181,-0.02432465924149701,-0.022389226142665516
2022-10-20,-0.003903969660213535,-0.0025781680336417236,-0.004422777007310947,-0.004160841489002483,-0.0001701946112903337,-0.0025781625090525277,-0.004552156775304687,-0.0026196105162688108,-0.0018491227584718655
2022-10-21,0.022006824865926075,0.02021383689543748,0.021652951611345606,0.023757129279621488,0.0005449306186189637,0.020213833368709293,0.02247303560714397,0.013255302797449076,0.011813093757636107
2022-10-22,,,,,0.001026501945647963,,,0.01085435584045934,0.00916465531513993
2022-10-23,,,,,0.013107605277774607,,,0.019051152137463646,0.01826914909197533
2022-10-24,0.003431330492379288,0.01752791174186544,0.007805963246746493,0.008125459137320448,-0.010188317267405551,0.01752791718426032,0.009763492213329734,-0.020039312732326498,-0.019034011089934365
2022-10-25,0.022866863952870096,0.008590383978521616,0.017305295890394316,0.01680246788305665,0.03059694949228786,0.008590381870470815,0.01492035577429123,0.053188844301937294,0.04938364763297274
2022-10-26,0.008034988239200652,0.012254950608079095,0.008314395199180199,0.004962875049564561,0.02707645944896555,0.012254950942340309,0.0071049702116750095,0.02339555418738111,0.023099095298149467
2022-10-27,-0.0036329521156679466,0.001396230294349982,-0.0014636499959809262,-0.00014844107300958462,-0.01722985095355035,0.0013962302995178485,-1.113894534029617e-05,-0.021055507328959756,-0.0203392418659898
2022-10-28,0.023573826986520472,0.02278821003384522,0.02305317378107153,0.02428404944569426,0.012996200815460893,0.02278820319950047,0.02333137084112121,0.020022714690651533,0.019093324417403877
2022-10-29,,,,,0.010415076091845119,,,0.01645220704709567,0.01575778357730894
2022-10-30,,,,,-0.0116042248231282,,,-0.02340182217984157,-0.021962825438843588
2022-10-31,-0.006095718685837176,-0.0074903300811949075,-0.006479953221237851,-0.0075744002645192834,-0.0031956212734816627,-0.007490323312403116,-0.0071295085039830425,0.0012976892075733612,0.001262452578969778
2022-11-01,0.0011665474279613675,0.0004626022864901755,0.001102605529638773,0.0023824155053552665,-0.0032540869932243814,0.0004626018746994515,0.0015878804821311703,-0.004912792959008128,-0.0048382636235255955
2022-11-02,-0.01673441707622192,-0.011214549923056311,-0.016270471410627617,-0.01718405492843421,-0.018100505158224773,-0.011270428635073817,-0.01659236169219182,-0.014486227815160459,-0.013816603329332926
2022-11-03,0.000616293756433626,-0.004857692009006222,-0.0017741199662571594,-0.0024372190071154636,0.0033077959020656814,-0.004951905715682409,-0.0032522675972768704,0.015883857574179074,0.01397792634200628
2022-11-04,0.0269031608428341,0.01459066326506791,0.020130798734969053,0.01858260290394176,0.044309662454855625,0.014322618300599051,0.01653850154199013,0.0685059505372958,0.06639250309265779
2022-11-05,,,,,0.0016469184384099765,,,-0.00020999726714571176,-0.0010089735938715308
2022-11-06,,,,,-0.01697573936744933,,,-0.03910438366190773,-0.036461289332604355
2022-11-07,0.006391610036462399,0.013639380954471064,0.005694408145235425,0.007644605369874351,-0.012297124667316807,0.013773278434024028,0.006529804508276078,0.00012663336940262851,-0.0011644399118233067
2022-11-08,-0.013701324476817446,0.010459136672973312,-0.0018693056331483353,0.006914344387095319,-0.0856229310087144,0.010951802872054653,0.007719481816404947,-0.1167796687963813,-0.11281976574148816
2022-11-09,-0.04206236722983267,-0.01266388433504077,-0.028207789793873665,-0.021407365719258106,-0.1254885729266107,-0.011843731098094123,-0.018578743686915547,-0.14533737478270542,-0.14252669179153954
2022-11-10,0.06750067919564512,0.022749506096356936,0.0516507257908938,0.0495644501631361,0.10098048816767208,0.02193228029397498,0.0435072516858844,0.15718182435819014,0.15135302145442228
2022-11-11,0.006815255597190179,-0.005080571343811992,0.004912314730891371,0.011668351522039638,-0.03155355187700175,-0.004794551942342374,0.0073312982911554825,-0.017450224027057117,-0.01861154487555467
2022-11-12,,,,,-0.016862162632092618,,,-0.031724200843263994,-0.03029591270449836
2022-11-13,,,,,-0.04579285294717841,,,-0.03424062873727751,-0.03686552011542549
2022-11-14,-0.003402631049289911,-0.002126974994700354,-0.006004486353963403,-0.008784826109372682,0.009448190517390709,-0.0023680144506875106,-0.008463011172909995,0.023508344251123928,0.022402949253962603
2022-11-15,0.010602315236801465,0.0069870586395017744,0.009395091839049368,0.009768660956136386,0.015087922729820532,0.0068721316760583595,0.008879057655308718,0.01477058664012685,0.015026997485076653
2022-11-16,-0.011701976878377256,-0.0007127483743905907,-0.007757170486987388,-0.010351341361087306,-0.0124129947319053,-0.0006893779879101072,-0.007195435488172697,-0.018455154464827005,-0.017722457917022996
2022-11-17,-0.0010528206157177623,0.004505402088311553,-0.0014965718764153274,-0.0023031547499413737,0.00032787047191161316,0.004560297621142131,-0.0020740888773856875,0.005198850055400295,0.005674912618415316
2022-11-18,0.004579782972334325,0.008385146609182024,0.006447989180082386,0.005043184604821627,0.004950676653410864,0.008431873992752791,0.0065997877251507365,0.002262774809897816,0.0027278579720138776
2022-11-19,,,,,0.011480812486641723,,,0.007957564572855102,0.009166195244970268
2022-11-20,,,,,-0.032616268497113944,,,-0.04097185663900473,-0.04005011902686989
2022-11-21,-0.0016089717037768825,0.003652166001510035,0.001105579135547074,0.0008225379434163568,-0.007613966052991118,0.003847608684682857,0.002142164756848251,-0.013766519939743083,-0.01194806020886594
2022-11-22,0.018700329196249955,0.009224109425514338,0.014951475088178885,0.014802864627182204,0.010914956867448169,0.009113435048599882,0.013235109480602612,0.038187652041588735,0.03562353350767212
2022-11-23,0.010489829245412906,-0.0009688938402675066,0.006047029674849954,0.0033861557980510854,0.023931449761130756,-0.0011364038585206528,0.0029027548287868877,0.046008196482222014,0.04253337905252824
2022-11-24,,,,,0.010717333455810213,,,0.01047953732323903,0.011878518003101727
2022-11-25,-0.0004737967332436476,0.0007581865194347924,0.000994360105863561,0.0007421905149644114,-0.00159446338624465,0.0007641644528673976,0.0015127773334042028,-0.006553732974283944,-0.0062191094908237024
2022-11-26,,,,,-0.004699382910309486,,,-0.003913906244352328,-0.004054633532903628
2022-11-27,,,,,0.002434376983630768,,,-0.0016151355296764704,-0.0007565389297759247
2022-11-28,-0.018339494590531837,-0.009828758412778719,-0.016528183084476716,-0.018420829031751164,-0.010325237593164319,-0.00982544302959267,-0.016631109922731445,-0.017932822384435165,-0.016962597150332985
2022-11-29,0.006229594226936347,0.0029724815654768887,0.004774811009668303,0.004199710872548122,0.011226874527849456,0.003012014290271486,0.003892409558375648,0.016379010998877487,0.015971863027602312
2022-11-30,0.025515568887532696,0.017141809227575716,0.022558756022980606,0.023794226081712402,0.03595342036546154,0.017219850783060674,0.02186542721455168,0.034122282916634196,0.03346558538055103
2022-12-01,-0.003572930901665892,0.001939133025651966,-0.0013129842044539877,-0.0002670937734517387,-0.01153041667917383,0.0020710162498528634,0.0002466876245031704,-0.020102116542736657,-0.01930197112242381
2022-12-02,0.0027007363878619552,0.002881690026357795,0.002169103195298627,-0.0008450872380343031,0.006401592119847017,0.002881686659038779,0.0016973239730243947,0.00869650707204106,0.008350881668382791
2022-12-03,,,,,-0.011863627894818065,,,-0.019275456071140586,-0.01844369383970553
2022-12-04,,,,,0.00584182596818692,,,0.011134860482354781,0.01008363018910903
2022-12-05,-0.01466587036262013,-0.008076554865119927,-0.014330164480371072,-0.007795110107350301,-0.005277802067734276,-0.008076550655876879,-0.01553442126466871,-0.00187915914782929,-0.001905196052946542
2022-12-06,-0.009217703200675513,-0.010912726119446324,-0.0085459558462669,-0.013163708171688633,0.006735818675043229,-0.010912725462771024,-0.010074790451056895,0.0064333272466877145,0.006200345588932384
2022-12-07,-0.004218368396410738,0.0031996514055550014,-0.0013461226412488842,0.006411132230915705,-0.012822381179465523,0.0031996455096100353,-3.876545513250933e-05,-0.01939734123673914,-0.018565949114036005
2022-12-08,0.009516938329560378,0.004317273181636432,0.006982645101122604,0.0028588439697514395,0.02395210280151868,0.004317276835533327,0.005836723752879646,0.021648162393384764,0.02191412279233454
2022-12-09,-0.00942279328702782,-0.01655863068241684,-0.010226518917144614,-0.018015631400102258,-0.0028297175311710293,-0.016558630319266125,-0.01058273114061837,-0.005385923408072269,-0.005358155117007684
2022-12-10,,,,,0.0006841975140289243,,,-0.00041431654895387473,-0.0003172781347959796
2022-12-11,,,,,-0.0061640592685568655,,,-0.012363960479477368,-0.012139895679345532
2022-12-12,0.013429631001319251,0.006174117600641542,0.013851841283329162,0.005970277695787686,0.001121892067903678,0.006174117275756396,0.01521510938886169,-0.0025423718663757037,-0.0019253223504752644
2022-12-13,0.011126702718690607,0.0037381981603960717,0.008417603559767756,0.004164128935873221,0.027933807231649767,0.003738204828940607,0.007380968836842944,0.022912054945997573,0.022399061005569848
2022-12-14,-0.009161190736121408,0.00021294961037946072,-0.007074115975011809,0.002006010094704882,0.008994394481864577,0.00021295443557721146,-0.006990755044294248,-0.010998918446365035,-0.008510173801458985
2022-12-15,-0.021888844095310084,-0.01561944619377098,-0.019503596304515,-0.015024681044877823,-0.016015862978624174,-0.015619444561041869,-0.019525972817699702,-0.023407715499227398,-0.021745216347964683
2022-12-16,-0.021319753226927002,-0.005692193148320379,-0.01415962292488473,-0.0028715848694571364,-0.04445899000642542,-0.005692202728258586,-0.0089478095064268,-0.08042107349128047,-0.07644043204812809
2022-12-17,,,,,0.018178122590825827,,,0.014197022017520213,0.01508865839752142
2022-12-18,,,,,-0.008184823977502403,,,-0.006549228491721327,-0.006834904900202779
2022-12-19,-0.010728852442311063,-0.0012974712988915915,-0.007178778773396472,-7.53836502578539e-06,-0.013507610523155753,-0.0012974748543106603,-0.005486825541762393,-0.030900155037951894,-0.028636062574519356
2022-12-20,0.00870012313657669,0.0011535373201107266,0.005253673682233703,0.0018403344845693051,0.02730803018447934,0.0011535340776001896,0.002837197755745134,0.03630442386762825,0.03498504800229284
2022-12-21,0.014259856269343466,0.011509166010335243,0.01406632444772544,0.011329278727316426,-0.004316344831829565,0.011509169833614635,0.015745775869133075,-0.003591498772828527,-0.004630301845329218
2022-12-22,-0.008621359750384588,-0.004721468042016666,-0.0073712374243850584,-0.006455539810972831,0.004883724346206175,-0.0047214730167008095,-0.008769608147530864,0.006183164973579569,0.0067329264824494885
2022-12-23,0.006277644466821743,0.004629383485828968,0.006670845020599192,0.008220852902626662,-0.009383137763977777,0.004629386169649658,0.007392211361174612,-0.001084282471670295,-0.002195736870632525
2022-12-24,,,,,0.0051738887967270565,,,-0.0009345266149806465,-0.0004902735471876362
2022-12-25,,,,,0.00022264211606823114,,,0.0003434715730120663,0.0005812500749630251
2022-12-26,,,,,0.0014160093902799993,,,0.01605461149027626,0.015124644324740711
2022-12-27,-0.0017391378059759654,0.0013442410824657948,0.0009042414520167721,0.003358983179736865,-0.01068046859169726,0.001344236316760955,0.0017797998129228376,-0.011762568229070092,-0.01133396333763734
2022-12-28,-0.015186776727050934,-0.010114599922421991,-0.013204039600737896,-0.011972567800328706,-0.0062440235270382555,-0.010114600040478573,-0.012263628454153143,-0.02708049532085132,-0.0246510800697467
2022-12-29,0.011231947956177222,0.006339246792405922,0.01048321451641389,0.00266011964131088,0.002749772832833489,0.006339249107203307,0.011645986069864805,-0.0006051108231715065,-0.0015084432291259447
2022-12-30,-0.0014994889775808392,0.00012238762037907955,-0.0019551249769179184,0.002331060766050777,0.0006975077017387853,0.00012239178992650736,-0.0021087419306367247,0.000411947255461742,0.0009630891705728475
2022-12-31,,,,,-0.0013970691505496334,,,0.0012423581931927945,0.0007126498426396905
2023-01-01,,,,,0.005091853116686116,,,0.007755602914296445,0.007563601326168078
2023-01-02,,,,,0.0047150328645223965,,,0.019004349613625026,0.01787408214899025
2023-01-03,0.0014249108631881689,-0.0005676101779993706,0.0026616257833497244,-0.008664009491611878,-0.0025866266968896257,-0.0005676179267789009,0.0030516048931285853,-0.0027050635667062563,-0.002613181616846204
2023-01-04,0.02153012742654666,0.008667220559436115,0.017107002709891184,0.018428178719494946,0.0060338743280159085,0.00872414245871746,0.016239648274419108,0.037039870961805214,0.029746942560910775
2023-01-05,-0.008150576794457378,0.0018528761212708268,-0.006241719629671488,-0.00679763801193668,-0.008525983920321261,0.001896570865413442,-0.0055590040265467025,-0.014915270707060859,-0.014103229154315474
2023-01-06,0.02337325761487568,0.014892368976673637,0.021526841252423747,0.023249459158050573,-0.004204638034695781,0.014981106793603434,0.02176304805834539,0.023992249899001263,0.018852078209310275
2023-01-07,,,,,-0.0033841461702943327,,,-0.003315049378442148,-0.00299302920536426
2023-01-08,,,,,0.018265827382710893,,,0.02215294241808401,0.022237327213273685
2023-01-09,0.004700037490849591,-0.01679327819982269,-0.0013290392462804194,0.00017208903132034806,0.009607777773990422,-0.01685067217410444,-0.0034341920387516815,0.027339779788495798,0.026447738521523302
2023-01-10,0.007351108659663849,0.002145746526005615,0.0063248802246677095,0.0076166049742021616,0.010014162309355847,0.0021366395855365447,0.006467120085124402,0.006023627086972294,0.006007328542129675
2023-01-11,0.013105328625998683,0.0028124237344161777,0.009816072901637008,0.009853849638699681,0.029203684971612152,0.0027372427036834266,0.008199302801644886,0.029362723562493698,0.02991487860507015
2023-01-12,0.010156315980829732,-0.002447448282665559,0.005782922041148979,0.007037757028810943,0.03625235269760304,-0.0024868104431611613,0.004342477994975026,0.025749110740923696,0.025836357172630407
2023-01-13,0.008511948595626751,0.0025942185847941403,0.005504170208780503,0.0034311464254617023,0.05343881308222559,0.002472087256704168,0.003073193978388301,0.03391595944645198,0.035661999329707
2023-01-14,,,,,0.04487701063846886,,,0.03433883214203748,0.03436546858531861
2023-01-15,,,,,0.0002105773330433802,,,-0.0026764894860901167,-0.0022273515945578147
2023-01-16,,,,,0.00894580606547323,,,-0.004590647914346924,-0.0031330151624275747
2023-01-17,-0.00419443766987623,-0.006783214052469952,-0.005357165756356826,-0.004052224805721267,-0.00459280520406553,-0.0067556639980891064,-0.005303356065948398,-0.004905501990651051,-0.005213868731585168
2023-01-18,-0.020443878262173084,-0.01733826449275525,-0.01895308021634567,-0.015965505018307232,-0.03075399301168189,-0.017283649883762735,-0.01693367574533102,-0.04283574448150235,-0.04149876099769374
2023-01-19,-0.002273349482211666,-0.0013395172573570353,-0.0035245760212042373,-0.007476202030265404,0.019335620860433004,-0.00139819753267188,-0.005895780491019107,0.02374091325805703,0.023522050081081665
2023-01-20,0.023514059303050755,0.008736389143342944,0.016595402799137203,0.015312907836691318,0.06346155245145405,0.008677449389574295,0.012909536723652228,0.06451981663484795,0.06302770966665469
2023-01-21,,,,,-0.004024448382837779,,,-0.009632871913905805,-0.008902357232439866
2023-01-22,,,,,-0.0018728497848049812,,,0.00994362955139263,0.00807934463445873
2023-01-23,0.013020643241290349,0.002706827199345561,0.008584400036093075,0.011435710954858267,0.012946915582418679,0.0026681962358169747,0.00779413585672053,0.020945304673450772,0.021325624069982917
2023-01-24,-0.009353205795021241,-0.002903724599827177,-0.005565315188072509,-0.0028834216294746054,-0.024081207799336195,-0.002770448529262037,-0.0026245522192022246,-0.041702126622754424,-0.040050564722494936
2023-01-25,0.006658235723298152,-0.001667968721326441,0.004059959339407639,0.0018486905394841727,0.023562068231877675,-0.0016972942648070441,0.001874525390233332,0.03070596164236805,0.029866349875146473
2023-01-26,0.006728874633475803,-0.00031947409155458866,0.004951016577163857,0.008422064284225664,-0.0029517495022751378,-0.00029428046800607146,0.005802532247904578,-0.0017370736202734994,-0.0021108558699395037
2023-01-27,0.0007719281474348107,-0.00598612719338516,-0.0009343118451957424,-0.001206481854240276,0.012811234778929233,-0.006061195530876867,-0.0019344943121506364,0.01066397815581024,0.011550460398758124
2023-01-28,,,,,-0.00424459688234107,,,-0.008871756409081721,-0.008290128781343534
2023-01-29,,,,,0.024106549889670946,,,0.03185076197963703,0.030071938676540462
2023-01-30,-0.016294006955992344,-0.0036029440707289495,-0.01074757611140433,-0.01014423915496513,-0.03348643927334624,-0.0035557264028002883,-0.008014236760177627,-0.04704284596112843,-0.04505304980153961
2023-01-31,0.013220029608013514,0.007640614239853128,0.011716039962499905,0.011922802217140906,0.007868479047844514,0.007676909345129684,0.011160048883716588,0.01970616656237656,0.01830690680509715
2023-02-01,0.00973150505698297,-0.015705240631877254,0.003445017682919552,0.006518284067217186,0.02154146883764424,-0.015740921879111372,0.001967070467804529,0.025797610005811867,0.025022289820094336
2023-02-02,-0.025827889854422758,-0.011744031794700644,-0.003199674677239514,-0.025828072030754736,0.0040443066222973605,-0.011849466272360028,-0.002887135987113806,-0.01745696486389614,-0.00338906156854957
2023-02-03,-0.0025783341975778684,-0.009373375921614904,-0.009804277859533651,-0.002578149364212551,0.003991755955593539,-0.009465026469631939,-0.011868805311655729,0.012977367744010372,0.012052021093715741
2023-02-04,,,,,-0.0047387692386116325,,,-0.013568398221254108,-0.0005104711539997875
2023-02-05,,,,,-0.0010075254892706925,,,-0.021860112148011424,-0.0188684986015286
2023-02-06,-0.0008127821352597003,-0.0014326179782263243,-0.004052509283064829,-0.0008130317780613286,-0.01254561177919347,-0.0014311323350949486,-0.0031738793434773595,-0.004108504899374644,-0.01673441398869174
2023-02-07,0.014513404997194694,0.008598283359775074,0.01097757296658296,0.01451340335478519,0.036117553111262385,0.008484206673453011,0.008907010270868609,0.05064633759502146,0.03809179623484582
2023-02-08,0.002404173812192217,-0.0072540792797994615,-0.009616762376169367,0.0024040857353339546,0.008985090249013871,-0.00734747556978382,-0.0092937077584228,-0.017042373713516246,-0.01206747465470659
2023-02-09,-0.002583523193389778,-0.001826093320097518,-0.01230292214338404,-0.0025833458940017124,-0.059954163059333355,-0.0015122057303898135,-0.00852157774905629,-0.07165935277710556,-0.05750487554026966
2023-02-10,0.019359683887549117,0.012076321309549387,0.009299403422367637,0.019359930413878866,0.0065280052335166695,0.012084905166912858,0.009894212739474939,0.015535727451284176,-7.040667409222441e-05
2023-02-11,,,,,0.008251037532767649,,,0.009636212208593342,0.010425183849925622
2023-02-12,,,,,-0.0005781275199226271,,,-0.02154824826711632,-0.012617110317689483
2023-02-13,0.008331212997127108,0.007999156366965599,0.007333170132169111,0.00833120707014767,0.02088337934592612,0.007906481846494125,0.008140317060901134,-0.013788372299263774,-0.00014005496978167784
2023-02-14,-0.0014972971546339292,-0.006800502785544216,-0.000828639132388881,-0.001497629722696551,0.017836318126294055,-0.006990111238740495,-0.0031790556389899548,0.05010687812879122,0.02849318860615796
2023-02-15,-0.009837457886385154,1.1232919101190151e-05,0.0052553352006697055,-0.009836914506468347,0.06934121220225532,-0.00024050612886374035,0.00014231712601686257,0.07428056312082587,0.06567635752316472
2023-02-16,-0.00800698387846065,-0.013238804479337887,-0.01492974012474324,-0.008006850167939743,-0.04869338462950202,-0.012977511587713531,-0.01254440844254665,-0.037385963914877585,-0.044441344581234436
2023-02-17,0.008018294230620738,0.013982334425564975,0.004982550646260235,0.008017671814603791,0.050030066492349645,0.013655019517155025,0.0008972405086340807,0.013716798704812799,0.0483957488151778
2023-02-18,,,,,-0.002609027969562709,,,-0.005160647799687389,0.006665299449405101
2023-02-19,,,,,-0.0005759750695796019,,,-0.022322771620033932,-0.009885565833582346
2023-02-20,,,,,0.021719996386739448,,,-0.0166392749667128,0.02487716483334458
2023-02-21,-0.008216681869546697,-0.004758170292731214,-0.015083253964746544,-0.00821653469018255,-0.029696640759500126,-0.004611592298453508,-0.014936918007782504,-0.023257446926101544,-0.019935304874435487
2023-02-22,-0.00359542544136773,-0.004414238160629644,-0.00586599104696961,-0.0035954000247204717,-0.002909374220938671,-0.004410421280128626,-0.005722813439527559,0.01610771061613625,-0.006833102167330058
2023-02-23,0.005972901656079214,0.0025813636138853203,0.0017639382040021952,0.0059728073509022804,-0.0007927900622649612,0.002601415302216438,0.0029973031191148263,-0.005533897385007981,-0.010627315636612785
2023-02-24,-0.0052211196858787815,-0.007108491459210954,-0.010192794492624389,-0.005220959719120788,-0.02660979594348671,-0.007031350808459378,-0.008271650882031968,-0.03312734374955939,-0.03360660410739133
2023-02-25,,,,,-0.00044571104571134357,,,0.01865926796891082,-0.002160664000228837
2023-02-26,,,,,0.02270833294026619,,,0.021360696263248435,0.01791589573386944
2023-02-27,-0.0015842756170772261,0.0002604813938370914,0.0005252646851406256,-0.0015843024856610996,-0.0016582858721204178,0.00027142454378496295,0.0010183527069898657,-0.012271667302745759,-0.0043162782945227185
2023-02-28,-0.015201225858994291,-0.010378591495164366,-0.006204289998044478,-0.015201115067007684,-0.008185167680732588,-0.010354882149752937,-0.005552649783582131,-0.003123710431507831,-0.011990778527462363
2023-03-01,0.0055294395790732405,0.0008768267717367764,0.0005733333516360004,0.005529365744580623,0.014833370461966203,0.0008007489625987056,-0.0015028837517181647,0.0420595843026379,0.024427197335389457
2023-03-02,0.008291230851856674,0.005941555527297402,0.008598868905357448,0.0039023953348669106,-0.003543170807027261,0.005941555818182382,0.010333907946174838,-0.02537837401335186,-0.009822203790788873
2023-03-03,0.007100174740261895,0.0038451698753293895,0.00900200727728269,0.005503080451009437,-0.03663767712697609,0.0038451687118662313,0.011879499439374525,-0.049426869782421404,-0.024654418198092963
2023-03-04,,,,,-0.00658073076705104,,,-0.013908910483985461,-0.016899664244677513
2023-03-05,,,,,0.008215444374657155,,,0.007434362001059958,-0.0008967347084618552
2023-03-06,-0.0021608539506573357,0.009592888131978025,-7.67579689766327e-05,0.025162535214529023,0.0019775457332515053,0.009592889177902417,6.28210982263858e-05,-0.028130426835810463,-0.00316044518100691
2023-03-07,-0.015787497184841456,-0.010756300639002257,-0.0160342942532347,-0.004947341984937882,-0.016328003169887563,-0.010756299529426975,-0.0167054646231175,-0.012822923932799714,-0.008977791277007721
2023-03-08,-0.0018752779680403218,-0.006724550064481867,-0.001381623229968595,-0.017270949338853203,-0.015686733282790653,-0.006724549271517811,0.0008384023160245583,-0.04076818087507673,-0.025007247654717284
2023-03-09,-0.024536203840409703,-0.011487338997360113,-0.019608249697983533,-0.009522405731185526,-0.10115083386738397,-0.011487339192328205,-0.016007764256864766,-0.07311215791417305,-0.06409646649436598
2023-03-10,-0.011593807963097254,-0.003026879052055829,-0.010558297076332499,-0.0018273398456164452,-0.01711377332398461,-0.003026880013647774,-0.011133639310622858,-0.06475649707694675,-0.006173889678483159
2023-03-11,,,,,0.0315493354000523,,,-0.028639858932851134,0.005232153091452498
2023-03-12,,,,,0.09045164635800658,,,0.09475222264664332,0.06887830952121846
2023-03-13,0.004382789544936424,0.005905592598120577,0.002654004894785973,-0.013696388482177925,0.042703676232159614,0.00590559267588618,-0.0010656182390054495,0.071501925648243,0.04449801705788388
2023-03-14,0.015481833902104157,0.007075820302107866,0.012843035199858504,0.015122444907588977,0.0004771782829988856,0.007075820340079137,0.012436394812969407,0.03158012202994854,0.0183145482475238
2023-03-15,-0.01672843659227346,0.004368880856821743,-0.00978271822621746,-0.008103141710918946,-0.02621199173529017,0.004368878483000159,-0.006572303317868015,-0.09392217470450871,-0.04796394109228196
2023-03-16,0.014869035327806143,0.001526781157228865,0.01066421552204198,-0.00012024753146093925,0.002818238886381275,0.001526782050158136,0.010327515532739612,0.03435117285183643,0.01679330215696175
2023-03-17,0.0007420631691404379,-0.013457399817347013,-0.006601184201113272,-0.026347519709797304,0.041394819587801196,-0.013457399700581999,-0.012569422226775609,0.08157468648746782,0.06330026300889044
2023-03-18,,,,,-0.027434557295196012,,,-0.029456248616930865,-0.024151209085856502
2023-03-19,,,,,0.01548031578086056,,,0.01750167442856832,0.02772849036567571
2023-03-20,0.00375146243901129,0.01339899381263196,0.00858738535053358,0.0200060008134601,-0.023711888499779423,0.013398993155860899,0.01203624555636317,-0.07119636678013098,-0.03201056099553132
2023-03-21,0.019658805021547755,-0.0013147688305981274,0.011056110552449682,0.005688639299824452,0.030558001775999613,-0.0013147669905447213,0.005666327540390579,0.054967462161440904,0.07269403063447227
2023-03-22,-0.024846038452477917,-0.014723119135873304,-0.02182708790130926,-0.014793029627517723,-0.10301474785765485,-0.014723118412266614,-0.019243644434374527,0.05585926895338809,-0.053791628398501795
2023-03-23,0.009246312215876318,0.00556763019405775,0.004713675591343811,-0.0004998067250421507,0.08611430525423068,0.005567629718016913,0.0010992639329361023,0.07262296505113255,0.04983644622315749
2023-03-24,0.0018179527117647095,0.01613318110923774,0.00735065305368042,0.006193275235984672,-0.02801908045703395,0.01613318172998141,0.010143735170756658,9.502036301854671e-05,-0.02762218993353508
2023-03-25,,,,,0.004090987984285435,,,-0.02271650188943919,-0.0005334876577357713
2023-03-26,,,,,0.00850806119162564,,,0.02122757904130413,0.013128987254744151
2023-03-27,0.0003726837953280831,0.0055284905083534406,0.002976447059719511,0.01577229068534676,-0.011428251003769006,0.005528490183536071,0.0046705594344994715,-0.0457451111201388,-0.01745012334117988
2023-03-28,0.00631299467802165,-0.0011593500648933988,0.003922501984821846,-0.001128319216658593,0.009598396391572511,-0.0011593493601971736,0.0016845782944386505,-0.0012045034923762053,0.028054533780576596
2023-03-29,0.0177458448313086,0.00649673848132565,0.014690270229204303,-8.74940192075581e-05,0.0047458318531607945,0.006496738458536875,0.01362771009131181,0.02470695010714086,0.027249059462240745
2023-03-30,0.003797618035491044,0.0046977485805356455,0.0038639810001896103,0.007297134024573641,0.006073258285957148,0.004697748197181834,0.004319627329045149,-0.02498140714967767,-0.0007538732705527308
2023-03-31,0.014129093881529388,0.006874664697393521,0.01234730714751656,0.006852907342369803,0.01254557388638976,0.006874664403616074,0.011598798988479715,0.0070091828690841485,0.022012216098868463
2023-04-01,,,,,0.017128195781971046,,,0.035582919994235684,-0.003256889923692053
2023-04-02,,,,,-0.019356723571097377,,,0.004101423540388708,-0.007963473347911552
2023-04-03,0.005473537217209084,0.01073601881750698,0.006755809089886775,0.025274795088255666,0.001981251893862375,0.010736019885555576,0.007476841555941197,-0.016301781398530626,-0.0016008013894820252
2023-04-04,-0.0027585180853188034,0.00553589610935004,-0.0020506862415884636,-0.0050640905631622185,0.003369881609380678,0.005535894285758866,-0.002985877091200566,0.0022152748745064487,0.00771710179502624
2023-04-05,0.003848383184211968,0.015280406116810866,0.007140072397478733,0.0037000673038339784,0.003901912157882893,0.015280398920430618,0.00705409343862772,0.0022671143968604566,0.004672463673811448
2023-04-06,-0.0016324530409317138,0.000233379012962317,-0.0003027368498086117,-0.0001610198291767476,-0.0012154449282960138,0.00023337924082315485,0.0003282800806012407,-0.01343757093065458,-0.008382659303196455
2023-04-07,,,,,-0.0007902047523772691,,,0.006088900339859362,-0.0003911231798216559
2023-04-08,,,,,0.0006462652656420703,,,-0.010534461608028393,-0.0068801187652840975
2023-04-09,,,,,0.008971643603160308,,,0.004862026581096251,0.008534849173284714
2023-04-10,0.0068584890585663754,-0.0013962671722266401,0.0036018945017305985,0.0035142478174856424,0.018575441287070515,-0.00139626599168097,0.0019850289823249703,0.03079948300885673,0.0232327859482039
2023-04-11,0.0027781488234734177,-0.0005357496704154817,0.002414193140811809,0.0025692064817885215,-0.0058602175599367905,-0.0005357506331613279,0.0023265362927800924,0.0026012895734365436,0.002672517608070107
2023-04-12,-0.0026424747146835143,0.0009926642907448896,-0.0016348462732963156,-0.002221933994919998,-0.01704744646238586,0.0009926647864327352,-0.0013448778060317162,-0.02027909095817191,-0.006249947984971946
2023-04-13,0.009702366753600436,0.009267256781932078,0.008393335406661939,0.00697289572006567,0.005330531296401309,0.00926725998369187,0.007296794605065651,0.01711535472334901,0.021248773193165323
2023-04-14,-0.002271936706358609,-0.0042602654069707376,-0.004327535660801215,-0.005796901834398557,0.011857512584074466,-0.004260263910550897,-0.006003550617320051,0.022324103043602363,0.015410329144095758
2023-04-15,,,,,-0.004246302251861687,,,1.3371250636429882e-05,-0.0004048112483635445
2023-04-16,,,,,0.006414031349834419,,,0.02218341574936713,0.007729044980600805
2023-04-17,0.00018522706613807055,0.00028221870181594806,0.002280452711047657,0.00501314190495388,-0.015469099842803615,0.0002822199091529864,0.0045231055258612065,-0.01736036438868815,-0.023349728595913884
2023-04-18,0.0036803527513123322,-0.0018914582532210383,0.0009535899053782736,0.0003185701739072889,0.018867769280389236,-0.0018914609051767484,-0.0006504152624374872,0.035747682097028596,0.02083071984256494
2023-04-19,-0.009925908423353688,-0.0006554244756217081,-0.0033046288473950794,0.002150186139879559,-0.022402834423394108,-0.0006554251900622124,0.0022544080738411748,-0.09820830424773408,-0.06591556423775165
2023-04-20,-0.008568364002944076,-0.005090703731190071,-0.0077936420906813565,-0.006963271769652835,-0.009685001620974316,-0.0050907036669908,-0.006991355098502754,-0.014572645849795557,-0.016270500991386154
2023-04-21,-0.00688944540075023,0.005608481455464775,-0.0020414300682352043,-0.0010172047667623984,-0.012708825778441901,0.005608483525786875,0.0006980112400414979,-0.05283104919202582,-0.03420724898507598
2023-04-22,,,,,0.017277023508931774,,,0.03140145838080144,0.02648206445020522
2023-04-23,,,,,0.005165411702122231,,,-0.0076890924345512065,-0.009624486165328027
2023-04-24,0.0004305062900748463,0.00173991328218529,0.0011835600532976319,0.0017570893495593106,-0.006758296732070174,0.0017399097415512431,0.001809033996906728,0.007512226520638697,-0.006063104012072574
2023-04-25,-0.009650637567961994,-0.0002750605789317025,-0.009203136666109788,-0.014954209205319133,0.0032745061500142657,-0.0002750635132544228,-0.011660086538255822,0.02603445856438969,0.015849731561649053
2023-04-26,-0.01252399632443319,-0.01945225372882587,-0.014381978383704596,-0.012476823412631972,-0.007030986842809487,-0.01945225331765007,-0.014371762853999558,-0.025742127119794386,-0.011782136036967608
2023-04-27,0.014707035570013056,0.00518067437652898,0.012492658405620988,0.014661913021796057,0.01569177928878088,0.0051806624103422835,0.012527206400421534,0.014005440086661498,0.014950065750023743
2023-04-28,0.00852458587815826,0.003646387092707583,0.00708882323942592,0.009482238561268223,0.009699201920926931,0.0036463920542077572,0.007440056688860765,0.011428699895793076,0.004321827961341325
2023-04-29,,,,,0.014242141962063245,,,0.007745443615377514,0.006664651755042448
2023-04-30,,,,,-0.007336494428462569,,,-0.022088046845325872,-0.013010735069882044
2023-05-01,-0.005701460638165662,0.0007548477831071255,-0.003891993430532581,-0.003422566579296094,0.004089314018228022,0.0007548488673652671,-0.002855846724497723,-0.018431521397013147,-0.015647594223556043
2023-05-02,-0.011728617620718735,-0.007305752105290053,-0.013151808029554768,0.0033354740289820105,0.013546552489348872,-0.00730573393552696,-0.015455055072591619,0.015463257467168763,0.01330225707170572
2023-05-03,-0.009008965374414552,-0.009182631362123328,-0.009250623942645267,-0.013287329407769423,0.003032405793398671,-0.009182625309874142,-0.010767687276877103,0.006076783463168041,0.00652683815339764
2023-05-04,-0.006213969164150282,0.0006048151476547331,-0.004400546140703029,-0.010275554881089062,0.0007448498700547048,0.0006048198678656677,-0.003999430551174042,-0.004656372777247341,-0.009417170907161331
2023-05-05,0.018044649030289916,0.011005398395959725,0.015889886373693003,0.009738414100718733,0.022704593752858184,0.011005394539612752,0.015595101558024373,0.010002240236822307,0.020857243439424814
2023-05-06,,,,,-0.012682525215686599,,,-0.04316176224860399,-0.028043442871152957
2023-05-07,,,,,-0.014421246788896199,,,-0.007374215931117291,-0.011591984892702726
2023-05-08,-0.006554959489218449,-0.00029690354564311923,-0.004173085292057266,0.0035051480836548457,-0.016695661057155847,-0.0002969019737310909,-0.0013582801581414241,-0.0553670372436527,-0.034120293653890785
2023-05-09,-0.0008714536635478385,-0.0046052768032256025,-0.0024287247581131796,-0.003965316930561075,0.006524190844090228,-0.004605280259191774,-0.004051256894356528,0.01673873415377402,0.015490401154985583
2023-05-10,-0.0017549888693666974,-0.0005092419914821192,-0.0014839567658525095,-0.002816156311117621,0.00310687420319393,-0.0005092384520449553,-0.0015021421717503532,0.007998717890630834,-0.0016572181642638953
2023-05-11,-0.010958382402106734,-0.0016177559278873445,-0.008695612286806782,-0.0031541320452406025,-0.023985561156597425,-0.0016177589905038048,-0.007798916188194463,-0.008865047527411626,-0.020575776675965128
2023-05-12,0.0004064625232982087,0.001398331119709553,0.0004186049059136879,-0.0032547649900090438,0.013098347900507894,0.0013983313329472393,-0.00016545775269111884,-0.0019672827431570904,0.007163517215105402
2023-05-13,,,,,0.0028001098631698904,,,-0.004004177139341853,-0.005970941243140198
2023-05-14,,,,,0.001687549124127895,,,0.025173160540125757,0.009024317284760094
2023-05-15,0.0051931715604700895,-0.002886302088718226,0.002741859929301447,0.0057709476193862855,0.011478429672149626,-0.002886297547208115,0.002440268042005303,0.02903466854139462,0.008453355265176347
2023-05-16,-0.01190408038703456,-0.01492921737078815,-0.01461678042112996,-0.006715433683919391,0.0017666350699761216,-0.014929215990751648,-0.016621316989275402,0.023692921717317357,0.007703240587153793
2023-05-17,0.01275165832915351,-0.0013781469334408247,0.009589334880872826,0.002780592168590755,0.008703677172039091,-0.0013781516331058848,0.00931783820930844,0.032864872322074946,0.014270415848385357
2023-05-18,0.0029668728035717913,0.0008585993418766593,0.002084702053331336,1.2530254895720488e-05,-0.013535718445863439,0.0008586029812001341,0.003486013692320598,-0.02155256320199551,-0.011792354453769792
2023-05-19,-0.0015144502784157742,0.0003157785205838424,-0.0010370938242283262,0.00561549208084506,0.004734883688592894,0.0003157808804554195,-0.001549679237934216,0.011108703445774184,0.003485018899945676
2023-05-20,,,,,0.022844078439575623,,,0.006792048729425656,0.006514351762923902
2023-05-21,,,,,0.021220224921421605,,,-0.007973639520215771,-0.007653299414888603
2023-05-22,0.001982677732827709,-0.0058451785147299205,0.0005592605868672237,-0.007935977411980183,0.030640273853850927,-0.005845181814303369,-0.00016436506049975595,-0.006352425131077662,0.010197514187625108
2023-05-23,-0.0045412686415083345,-0.0032994641960480482,-0.005341566852095781,-0.014258735510653457,0.006667465463776926,-0.0032994749146631123,-0.006672670693528627,0.00910315709288113,0.008323656564516753
2023-05-24,-0.012587796060454324,-0.006640104292678227,-0.0104624047612152,-0.00014787085353528008,-0.023533319196138602,-0.006640103450764701,-0.008867832918861136,-0.0487723746308377,-0.028706452446942764
2023-05-25,0.00017962156988919416,-0.012647658736615917,-0.005538393441376233,-0.00835160646215357,0.0006290472537899347,-0.012647659876515963,-0.005744972729880881,0.005453099868638108,0.0006825895649004763
2023-05-26,0.009530105655791187,-0.0008777539152588863,0.0059827323991386,-0.003130000698398955,-0.010159328352523068,-0.0008777507939282744,0.005650469397160977,0.012607493148874447,0.011442246011610601
2023-05-27,,,,,0.01798135473541343,,,0.011945224508288476,0.009435017702851175
2023-05-28,,,,,0.014593908360716897,,,0.0339500203679582,0.02609907275822022
2023-05-29,,,,,-0.015416122503708567,,,-0.002449348335778417,-0.0070122063158980265
2023-05-30,7.578433379529419e-05,-0.003579672351822705,-0.0017771450834653266,-0.011348422528609124,0.0019059384105583473,-0.003579676112367706,-0.0027617888756934442,0.018227394201838124,0.008847608221465946
2023-05-31,-0.005713966401747791,0.006841868075442682,-0.002246646510894549,0.0025780569035460934,-0.015400026073356917,0.006841868194557375,-0.0016595339201023675,-0.017073006416931914,-0.01093115909930313
2023-06-01,0.003122756880351518,-0.005375131740780403,0.0016006392245614268,0.009549059467686442,-0.008883675256521572,-0.005375111506548681,0.002663935068028729,0.016196147780199996,-0.0071596339004218095
2023-06-02,0.021328520412707667,0.012772827476428435,0.019076337427951742,0.019500197664424103,0.07247982372819206,0.012772832404714397,0.01757168796590995,0.015664021313824352,0.034147043683708134
2023-06-03,,,,,-0.00912636385380335,,,0.0005138492469893581,-0.003687088550356682
2023-06-04,,,,,-0.00241956732460962,,,-0.00915041754943864,0.0013344354863694236
2023-06-05,-0.014175361105293513,0.0011862228377669227,-0.008241677561142557,-0.005896949385171215,-0.042356397465895604,0.001186222949520344,-0.004009280158849204,-0.06031993727262703,-0.05426784324368075
2023-06-06,0.009414201121807917,-0.006501489814572091,0.0041555300252930135,0.004403184679716094,0.01923115303364905,-0.006501488599255652,0.0016367149572454587,0.04501526723249192,0.03320353655223427
2023-06-07,0.0012151655515494283,0.000417871690714685,0.004671950486325977,0.008253330916676533,-0.023965425011824668,0.0004178760180152275,0.008113303535267978,-0.027222408470353107,-0.032936712719899536
2023-06-08,0.004640053398329463,0.006107825094952651,0.004686650484868636,0.004105881849056212,0.008126434891272707,0.006107822666510109,0.004441016069124338,0.0003412755813795042,0.007447761735993509
2023-06-09,-0.004253699654141783,6.979922019875154e-05,-0.0038672362360044825,-0.0028027315168983645,-0.04397644537746131,6.979804645368053e-05,-0.002873165118743211,0.004347442689755454,-0.014440759779776597
2023-06-10,,,,,-0.031536368894044015,,,-0.0846070581337836,-0.07832761920853656
2023-06-11,,,,,0.006875452912005519,,,0.0040235273227407714,0.0019151660541353172
2023-06-12,0.004438536941679719,-0.0026125620997242073,0.002730526411935107,0.005228664642244207,0.006937111633409007,-0.0026125642907152947,0.003127240970627426,-0.0017242726101373384,0.0008694005384991204
2023-06-13,0.00648216286749041,0.006433237929728129,0.006038587381414913,0.007318719029048489,0.007747561026423269,0.006433239456041191,0.006428747142740615,-0.00047000716604644844,0.0029967329030284907
2023-06-14,-0.0070893547692674475,0.0022053856249178052,-0.0043853402538246,0.00012724349296770358,-0.020130542665420147,0.0022053816302470843,-0.0007079669327126272,-0.04434148640918025,-0.04094290435036646
2023-06-15,0.009301110782040432,0.009669861225592023,0.010162409346500237,0.0100035122001367,0.0045353493060507595,0.009669862728802594,0.010634045930183338,0.018342038978522584,0.005387006994539915
2023-06-16,0.002319840849433655,0.0009422750297894061,0.0021036837713226454,0.0005502064556709696,0.006609146768735058,0.0009422786377948399,0.0012680992962065241,0.024395637406812228,0.010903550579580482
2023-06-17,,,,,0.012998579807690855,,,0.009402666567415483,0.009800634845386732
2023-06-18,,,,,-0.0151364366221685,,,-0.00099715955536072,-0.00636032760303882
2023-06-19,,,,,0.005464977215927537,,,0.010430537193114051,0.006227102784049712
2023-06-20,-0.005993356231431427,-0.007585591649604069,-0.008194667301357993,-0.012622406708579165,0.025477097502497246,-0.007585592752849266,-0.01159962315952329,0.04514080806816132,0.02705909788130921
2023-06-21,0.00888656915466569,-0.0012509944706715018,0.004362469111856804,-0.003164890673324904,0.0379104920848001,-0.0012509939320797373,-0.0017429993248595922,0.06014318458003117,0.06832094375208975
2023-06-22,-0.005267702939070903,0.008035412787135541,-0.0034290489187001846,-0.005592422870120342,-0.0052013305543493395,0.008035409509596561,-0.0035037162055014813,0.00432730665960512,-0.003831599727768276
2023-06-23,0.006400617430051085,-0.00526654721941818,-0.0005679453744153768,-0.007259581439822719,0.020605945771009757,-0.005266549819567569,-0.007258167544337611,0.044833813493029756,0.07251173403148714
2023-06-24,,,,,-0.008892509604454743,,,-0.011059456028522126,0.01157149930445248
2023-06-25,,,,,0.007989495515579249,,,-0.010098989608124382,-0.00943330618096186
2023-06-26,0.006565141694990469,0.0005157255417692055,0.006174433703926436,0.006682503230795585,0.0027391521740863754,0.0005157241343778513,0.006257163199304283,-0.009342821077139695,0.0072884662416481776
2023-06-27,0.009790980390278446,0.0027033749324203962,0.006432087685347741,0.00722289618202543,0.014194394249683804,0.0027033686436881144,0.005047178037993805,0.010718401850057145,0.022857390749441504
2023-06-28,-0.00808080814049297,-0.004028098880861058,-0.005233674047556721,-0.0017040372863230948,-0.012873718734313774,-0.004028097587278306,-0.0021645087428759594,-0.03991376916772322,-0.0370182865944691
2023-06-29,0.010228184796819901,-0.0011068084474095644,0.007647717350981199,0.006333876012833469,0.010720241535709166,-0.0011068065980762922,0.005672547133206759,0.016780234017158537,0.028990258741962007
2023-06-30,0.022603202991231905,0.006541360043736104,0.015371234232847955,0.008314033679412115,0.018196340373895177,0.006541360440981581,0.008368908844929943,0.1539461968363254,0.08806217661471094
2023-07-01,,,,,0.008386588473620428,,,-0.0031719567429178237,-0.0014451253656441916
2023-07-02,,,,,-0.008735880685812386,,,0.03103184605190331,0.003816973193680913
2023-07-03,0.003877257598172459,0.0043786389959792225,0.00460281562699658,0.005677130992006776,0.015316652504311759,0.004378639386458402,0.005429158829801243,-0.03331555248557776,-0.002259914406224809
2023-07-04,,,,,-0.007952967070817359,,,-0.044418628317135535,-0.017797048274103035
2023-07-05,-0.0009542336240255065,0.0020750096005040953,-0.0033812088243057917,-0.00038645067001043324,-0.005077979971579004,0.002088766348738993,-0.002506393246340091,-0.006195979905205558,-0.014422156522349861
2023-07-06,-0.011128183019389186,-0.007982641141648114,-0.012812874792513876,-0.012297566915589331,-0.009584321491189002,-0.008164113970981905,-0.0117519645568267,-0.0031255380062111243,-0.0235962839100631
2023-07-07,-0.004013075190036204,-0.013037618293405329,-0.0004412013076027758,-0.004612730498010462,0.017857694385539042,-0.013912133776950377,-0.0020316125706811394,0.009988026568555509,0.01776266226858248
2023-07-08,,,,,0.010244990230481742,,,-0.016995271028085988,0.0030064000623234647
2023-07-09,,,,,-0.019663941220036008,,,-0.022376749762882186,-0.013989150995114883
2023-07-10,0.014650462667971417,0.0006088246226304249,0.004971346679770091,0.013270316038682648,0.003936063169479799,0.0006904718429314838,0.004349760539218638,0.027649974483912366,0.011613381333019021
2023-07-11,-0.0005543005686701825,0.008393674511598115,0.011670264657004147,-0.00014024458862463092,-0.0002533313173007476,0.008965413828544348,0.013020149101400473,-0.0005904977014056435,0.00011406489360618578
2023-07-12,0.0014292973657134365,-0.0023760547975917898,0.005577079568444498,0.00041569051784406946,-0.0007564040608444753,-0.002607683568523541,0.006643045057744808,0.019348668028770662,-0.004299422969585284
2023-07-13,0.015086365842237548,0.0025602110556641657,0.021857913063404285,0.0016775393358442507,0.08534334972509224,0.0014969966147657403,0.0042874519167987865,-0.003793326790664405,0.19560030444106166
2023-07-14,-0.006401706580499387,0.002700617510176567,-0.009968831393732955,-0.0022628926351512695,-0.03481036353073867,0.0033933562219845793,-0.005057743974532207,-0.042632155186990074,-0.059931610705648744
2023-07-15,,,,,0.002566499236803129,,,-0.02975676850919411,-0.009127369158672675
2023-07-16,,,,,-0.0055432096258461365,,,-0.01357298580904549,-0.004339137523982705
2023-07-17,-0.0013654078591577078,-0.0054402164601834585,-0.005236049017757662,0.0010616339606478165,-0.0017598719487691692,-0.005349306312522827,-0.005095087943022863,-0.02248736484603091,-0.004175001027569382
2023-07-18,0.004445280962966856,0.0006262161169928833,0.0045465906244775865,0.003103534765526112,-0.00244325418894791,0.0007140141518420543,0.004858073483811955,0.0028928216646589033,0.0012788971309830965
2023-07-19,-0.004452987382848927,0.008362192521101175,0.008848329815079107,-0.006083517766729499,0.016987197561758947,0.008197702690078195,0.006534200385723693,0.0017142373262895984,0.030168229823973845
2023-07-20,0.010189328699742893,0.015481429116003427,0.005223067324674237,0.011422174329897743,0.004892826855116002,0.015629941648360186,0.005241177802374152,-0.0007506298614418429,0.0004466473416146078
2023-07-21,-0.0004034236649894748,0.005987078785492936,0.005044901336927905,-0.0007911646194711012,-0.0022518622617282054,0.006068914116857027,0.005685379534766766,0.010328583504760862,-0.0023893886615772683
2023-07-22,,,,,0.020652330775685852,,,-0.024455114872729014,-0.009434236392815602
2023-07-23,,,,,0.0008472307651191321,,,0.03372264953735069,0.011566340501617473
2023-07-24,-0.0073234048887137705,0.00038586157538059477,0.0002970405280551885,-0.003731832767461722,-0.028499046179370303,0.0010504246634028412,0.004262396027163877,-0.0427877618704237,-0.03825687053493752
2023-07-25,0.026837695186594967,-0.0027357538809974027,0.001685880895164819,0.029463785509532693,0.0031510951949968824,-0.0028089502427511306,0.0019253842064787176,-0.0020679523949256144,0.0008238961243292079
2023-07-26,-0.00958354324204337,0.0034421249714811117,0.003302292785323717,-0.01156992608026589,0.01014084701945819,0.003415152843596773,0.0020188231069708557,0.01558981375724654,0.015282870013362156
2023-07-27,-0.0014224791953554008,-0.006881464307574341,-0.004414743663083055,-0.0017979158710074964,0.0011900967957471744,-0.007226033300908522,-0.005118696922822559,0.0071448510272338235,0.002199681245226687
2023-07-28,0.0005528934653261756,0.003387146901283098,0.0036984587061250377,0.0013228895806933327,0.01999968003868782,0.002616841551668441,0.0032868717114819574,-0.005258993125834411,0.00879648755771889
2023-07-29,,,,,-0.012995362128793432,,,0.008109974213961474,0.0012753232630699262
2023-07-30,,,,,-0.024056542803892786,,,0.029127937005262942,-0.004834111647515495
2023-07-31,-0.0009580794269046775,-0.004469091989403729,0.0005967728705254153,0.0002138295441563749,-0.018050514788496373,-0.003974372426420228,0.002590564515542768,-0.01698437926490097,-0.017400056510316474
2023-08-01,-0.009301294423326542,-0.005529448525592675,-0.0037939467139894716,-0.009364593542540416,0.01142436456553255,-0.005817870919141176,-0.004938170231378209,-0.004274609127209085,0.008679344143257575
2023-08-02,-0.013443984211693894,-0.00891161501565799,-0.013391427922177387,-0.011249188422054808,-0.021987576730715715,-0.008502120591790754,-0.011409871898880142,-0.0306601545345213,-0.034789984639178304
2023-08-03,0.00042920864755790843,-0.006616767831253583,-0.006355394275503062,0.0030411277750917506,0.004302723050480625,-0.006951680176043106,-0.005456244497122993,-0.006305298677488826,-0.013760706252649382
2023-08-04,0.0002992068677660641,-0.006152842491790552,-0.002755695437779455,0.0031879962073916375,-0.004264634190246715,-0.00594072485785296,-0.002387772204089702,-0.005085649792803912,-0.006021860456529587
2023-08-05,,,,,0.0034131104485702344,,,-0.0022296749648715417,0.004425001013078397
2023-08-06,,,,,-0.003140091619855205,,,-0.005483880469576544,-0.005290081248275762
2023-08-07,0.014503815662655123,0.011414497451734324,0.00883191011146909,0.013674754896609298,0.0019911031054995346,0.011790290341826288,0.00885979869414272,0.019295884826729087,0.0063336272410438425
2023-08-08,-0.003337686293268613,-0.003660307311001657,-0.0008650255775572431,-0.006126933860870666,0.011244927499131302,-0.003894399294449676,-0.002433951383961952,0.018193634571345936,0.013869995907143272
2023-08-09,-0.010809627608334751,0.002235478683144932,-0.0005459419159015812,-0.012078470599331915,-0.004218201017654156,0.0022115008675712396,-0.00048086081250624664,-0.005568981787946048,-0.002471319698578473
2023-08-10,0.00135172229149148,-0.0018108267544230184,-0.00012173958289602234,0.0031990829291125692,0.00077106326875612,-0.0020442330017792208,0.0007607057087953567,-0.010841422600457779,-0.008440936410724204
2023-08-11,0.004344117973981625,0.005976675288838248,0.0027544674920164736,0.00464343790051321,-0.0011731033281811116,0.006086602455672786,0.003175096605143724,-0.0040707302395755415,-0.0024833824682868742
2023-08-12,,,,,0.002061283619280587,,,-0.000732247766963717,0.0006272666445716922
2023-08-13,,,,,-0.0044685727638802825,,,-0.003369775231404806,-0.0060739883439747105
2023-08-14,0.016189314779666526,-0.0005178921895984648,0.0005401520111504826,0.0175292826185548,0.00426592183251991,-0.0005947088467072502,0.000497504958287715,0.006081458921855475,0.0022942297787377835
2023-08-15,-0.01006771061592392,-0.0066357971078618355,-0.013074797237682099,-0.00844445132541894,-0.011206065873459223,-0.0064445142458053484,-0.011908001096252434,-0.011249168776395757,-0.025476344858109227
2023-08-16,-0.008167076676679342,-0.0031663215361842066,-0.00952769372568899,-0.004100578993622137,-0.01874278523092747,-0.002692322239824271,-0.006829822755529033,-0.036134082441087734,-0.03640687986876728
2023-08-17,-0.022237819650600607,-0.005835514744211176,-0.011539812119251135,-0.01163783872146518,-0.050093285372782494,-0.005473656775698458,-0.004559161999098377,-0.08746173145286715,-0.08172972527146088
2023-08-18,0.004279053896679771,0.0037564244569499813,0.0019758490974310537,0.0038838380260732483,-0.011003621635759535,0.0037424394839800225,0.0016856341697221336,-0.010986473953318358,0.0036383043415383677
2023-08-19,,,,,0.007668753174501252,,,0.0038823706325323256,0.012674167080243846
2023-08-20,,,,,0.013133430201606457,,,0.009386069911079441,0.0156698020165122
2023-08-21,0.009432258504679918,-0.003508624837556153,-0.0023967356360868114,0.01359387096614337,-0.006019620580006967,-0.0032228005683065074,-0.0015447239133764084,-0.008408100568819982,-0.008949442871933503
2023-08-22,-0.011678402074512397,-0.0055383726157704006,-0.005364220176143555,-0.012358259458669413,-7.577022148874072e-05,-0.005674135276342317,-0.004627505949202512,-0.004635194425014071,-0.012499195900226839
2023-08-23,0.024756735732412955,0.011096012708507293,0.009361609984686195,0.024576090590085475,0.021424743886248338,0.010708539253534682,0.007335714061716289,0.023799614813646723,0.03033098757932054
2023-08-24,-0.015918761152501733,-0.009293732778354952,-0.011029084668339684,-0.016134925936049788,-0.01174453767868686,-0.009257139351350453,-0.011058680098567454,-0.00802400633822204,-0.01166557693628712
2023-08-25,0.0030091783621227224,0.002608632962450129,0.004254766998460049,0.0022266731733377684,0.0015196874235276015,0.0025244127248371926,0.004710154833137138,-0.003972117024058153,-0.0010147917588145233
2023-08-26,,,,,0.0005282878090424174,,,-0.0038552574660287763,-0.004553872415885293
2023-08-27,,,,,0.0021930553742156786,,,0.012075536344442764,0.00879731555353115
2023-08-28,0.007022750598745934,0.002681419536156358,0.005674047020252252,0.00964392185343734,-0.006277243528342216,0.0030768512568927096,0.006985014783300568,-0.009299549417691061,-0.006336514797325949
2023-08-29,0.02117487281513557,0.005433294627815293,0.014558649761083151,0.015455123922963302,0.03958149659370033,0.005188768076021571,0.01081206454192086,0.0858070414059656,0.05363062427684637
2023-08-30,-0.00399310008821842,0.0011412584221476125,-0.0007215549297708583,-0.0015952929584619028,-0.018481803852517034,0.0017108523127986135,0.0013585520884698233,-0.021479771249253793,-0.021392249885935796
2023-08-31,-0.005526270207942492,-0.0048705671839551715,-0.006916275574805145,-0.0028209569869615263,-0.020828556611156044,-0.005277930596796994,-0.004118999893770358,-0.044298261155823165,-0.035076495924073456
2023-09-01,-0.002519709094728681,0.0007991588506576503,0.0018392471699808584,0.00017303533278637621,-0.006426408783664022,0.0010829379021601475,0.003313328911166868,-0.015183218526759797,-0.012154071571840615
2023-09-02,,,,,0.007467798197289872,,,-0.0033948650027594515,0.0030747211415648947
2023-09-03,,,,,0.0018256530353623491,,,0.004652736267719344,0.004629404908510208
2023-09-04,,,,,-0.0005737297675770968,,,-0.005317343886575574,0.0018845603755196277
2023-09-05,-0.012027580220840835,-0.009154722784318819,-0.008993997153302612,-0.012112185354610151,-0.0005214164737517953,-0.009312275490121279,-0.00960614948960423,-0.003530057409534955,-0.0010052596605430817
2023-09-06,-0.008678586884190861,-0.0019178244559504313,-0.0035045653300474168,-0.009262743848002325,0.008471706610336143,-0.002456870825880383,-0.0041032498659891855,0.004093544846189164,0.00236100595688884
2023-09-07,-0.0009488698817962429,0.005624513345819792,0.0028410582331960675,-0.0013850668239319358,0.010361197803235803,0.005656084147757754,0.0022164444096396596,0.009225702176899902,0.007835176091283928
2023-09-08,0.00049680085884959,0.003583018240194551,0.003092314600627969,0.0003367055094080648,-0.005759020689211693,0.0036702067380141408,0.0037928665478783215,-0.0056279701574206325,-0.0054008591879467225
2023-09-09,,,,,-6.417458422014818e-05,,,-0.0002893276823720078,0.0026261310127104792
2023-09-10,,,,,-0.006758655029275803,,,-0.00796626478219869,-0.01325116463250257
2023-09-11,0.003323947079234437,0.0034643347942212516,0.00017181585561907838,0.0063603229957801795,-0.019266015264683193,0.003698186409901916,0.003239940648051636,-0.0279061045802821,-0.03111939149591024
2023-09-12,0.005836522692828053,-0.0008721896677644612,0.0039114803448638095,0.003188794389997728,0.034195186228597914,-0.001857880994545682,0.0019967253053516567,0.04474850985520841,0.0236127501109374
2023-09-13,-0.005785070656574891,0.0004164967873989036,0.0006098122694234895,-0.006640937005778173,0.009986567623290817,0.0002851839905877423,-0.000378742509567225,0.009589063390575157,0.01098378376867053
2023-09-14,0.01277603037223309,0.009682990536791964,0.012862605412743831,0.011914621742506978,0.021073869898678196,0.008857779922030162,0.012389624406942239,0.023835849880960807,0.016319021817818635
2023-09-15,-0.007419610445473145,-0.00862091591703699,-0.006956157478079697,-0.010487286062967664,0.0036994965999110705,-0.008892399410473619,-0.009267500507446137,0.017635168930637737,0.01573611791069898
2023-09-16,,,,,-0.003916852167707484,,,-0.0048252314029298546,-0.0038866313972713085
2023-09-17,,,,,-0.001810904810966965,,,-0.009737786699977767,-0.014223976457433389
2023-09-18,0.0063769808801301285,0.0011945109250504201,0.0016998869320365034,0.004961454240328398,0.008174024975133613,0.0010440815024190951,3.755188733195049e-05,0.017952700623723707,0.01797296197995709
2023-09-19,-0.0035950009728703855,0.0003360495226601081,-0.0019186544524936783,-0.004979604648330116,0.011217768059272479,0.0002060509806775903,-0.003259047060044572,0.012763844981002992,0.011534156469114723
2023-09-20,-0.009821534289767928,0.0018672348679927174,-0.0037612785537941133,-0.010626041862563804,-0.0024847488715316435,0.0017114347386744727,-0.003296275339574723,-0.005092797242090666,-0.010061501521062284
2023-09-21,-0.01555902062243751,-0.013855736589490793,-0.017161168498442538,-0.014752746179112137,-0.019130334086047845,-0.014052579428989815,-0.017061890333947945,-0.024027291875073794,-0.019525199408545323
2023-09-22,-0.004091636026670213,-0.0013721420470279612,-0.002881718226772738,-0.004443568802656128,0.0022686081060661074,-0.001423804204124628,-0.003267827959538263,0.0005745544223207227,0.0012731914397176806
2023-09-23,,,,,0.0015352186276421462,,,0.00023972044808907595,0.0027081730184489437
2023-09-24,,,,,-0.0061880074032963075,,,-0.011205441186061094,-0.011885536952517636
2023-09-25,0.004309168782363699,-0.0013116915758362205,0.0020550047882083454,0.0036710560950806393,0.006746701541255779,-0.0017500469844368548,0.001386899813561151,0.011586558288521303,0.008502738294184263
2023-09-26,-0.008697965948502862,-0.006082861056922038,-0.010388016080688314,-0.009706214575507187,-0.0010224882242320865,-0.006369175898056215,-0.011189636849431459,0.003732103067455271,-0.002454070761377344
2023-09-27,0.0032835126237670442,-0.0062063136094447574,-0.0018564911240076842,0.0017808117344802622,0.006904644549872892,-0.006510119161486945,-0.0029290539437040906,0.02413919000954239,0.009158657715847786
2023-09-28,0.010940158620501024,0.0021762660854927488,0.004540244780718302,0.00947869833088337,0.02103363317399342,0.0021029997490264038,0.0027721429743301617,0.029125826772350462,0.024970513292601054
2023-09-29,-0.00955629029587385,-0.0037486179020807305,-0.0016988360954031789,-0.01067757786124469,0.012079857360941469,-0.004431189382953176,-0.0023968046848688324,0.0004597836325928406,0.006623748829831007
2023-09-30,,,,,-0.0014003083050633898,,,-0.0023527612065833694,0.0036657318036913624
2023-10-01,,,,,0.027273523591535988,,,0.030683388778729226,0.02966009614339424
2023-10-02,-0.0022632647955279743,-0.007760063494760356,-0.015377364671148494,-0.002142872127779476,-0.022639672346592216,-0.007375806881393405,-0.014559945834720618,-0.012950267466941315,-0.02350492060784258
2023-10-03,-0.015474030827318266,-0.007110505458429147,-0.007073600669948079,-0.012455118290689014,0.015495050570676818,-0.008261357337166705,-0.008049952014131912,0.004919617474940757,0.0011951626295037207
2023-10-04,0.007922402006471435,0.004755859883908138,0.0011707282893965497,0.00710557232867544,-0.002931315652254225,0.005512000535698078,0.0019411766834138877,-0.008631301244101051,-0.006028428766062054
2023-10-05,0.0030335471566730887,-0.013455870016517579,-0.00325607815315759,0.0038005142869349377,-0.011436505589292401,-0.013276258684705033,-0.002400114965099246,-0.009046043361187084,-0.011204956933703901
2023-10-06,0.017441265516948218,0.004628778318718694,0.009268086974274933,0.018545270747979035,0.005109134912976466,0.005347109550544814,0.009475554247820912,-0.007059706729637221,0.009372453323917234
2023-10-07,,,,,0.004764679199421005,,,0.00457631062255455,-0.0030035676379947048
2023-10-08,,,,,-0.001178892013048209,,,-0.004336803105889097,-0.004199276142793279
2023-10-09,-0.004762649157760771,0.00329508971525149,0.005474460595373444,-0.002509592834623468,-0.017050382106147306,0.0040874488065955825,0.008841034557345069,-0.028145462272938748,-0.02914732662353871
2023-10-10,0.004363856767881278,0.010508785197810311,0.0067012828593426745,0.006206788375702021,-0.0033511976979111106,0.010598309275097119,0.008068463097850158,-0.008929008234112685,-0.0065476936563630675
2023-10-11,0.015868719959382774,0.001366730962289053,0.002555717371332888,0.015593324761592675,-0.010854981495345965,0.0017852000440250306,0.003533299626069715,-0.0006297983202657036,-0.00852552350758143
2023-10-12,-0.007182617538780473,-0.0052386877072780535,-0.008038094992378429,-0.007703000333187584,-0.009007332433291227,-0.00501516262082493,-0.007970509242323705,-0.009120339705948836,-0.008767086843661464
2023-10-13,-0.011835892278606758,0.0028064570656073976,0.0028587003318554993,-0.013367433158665067,0.005613853387728125,0.0027171988386931927,0.002383834057646506,0.00969155699419778,0.006960040680889255
2023-10-14,,,,,-0.0022384053772023615,,,-0.006733556180440288,0.0008903470808426398
2023-10-15,,,,,0.014498830100790651,,,0.012632000288574627,0.006954184090009973
2023-10-16,0.0069668509431866105,0.006768253583553771,0.011148023772265167,0.002971903839435945,0.03799492522570666,0.006335648589483513,0.009302620979434736,0.041354140520358754,0.030744486184778826
2023-10-17,-0.005158402108614618,0.005079215013587075,0.001083903722214405,-0.004159892839992102,-0.004389455817296749,0.005211006622730648,0.002884509182922725,-0.009661656063170676,-0.016882576367738666
2023-10-18,-0.020764973218618605,-0.006051928921841965,-0.012108594933406545,-0.02261756393291931,0.001826252368662928,-0.006503012668247857,-0.012829791122475714,0.004530697624697696,-0.0056543713250472106
2023-10-19,-0.007044776437782306,-0.004087398367159878,-0.006964099162230793,-0.007853248112215423,0.010950913572069003,-0.004610121095472158,-0.009140415409024449,0.010018159687742683,0.014367642994563282
2023-10-20,-0.001599235157862729,0.0004333935585453146,-0.0044771331894787455,-0.004807839759815157,0.021712631318787777,0.0002508921367705961,-0.0070787051346967705,0.02333246232334126,0.022141204256341022
2023-10-21,,,,,0.008785902828589319,,,0.010330167280082908,0.01743437122772926
2023-10-22,,,,,-0.004211568989590195,,,-0.008140693295757619,0.0040441877965421424
2023-10-23,0.012139197527298655,-0.003775926035852797,-0.001045462174908968,0.009159147549020856,0.06333029405614515,-0.004381970404121979,-0.006559026894559704,0.03821677718561521,0.05745702673810632
2023-10-24,0.030797834896917696,0.015320887286241295,0.010126094086880954,0.034165891639077496,0.013304293068976172,0.015579684241375206,0.010972769134725446,-0.008793846978525567,0.0015469777216027293
2023-10-25,-0.017370454318459752,-0.0007143912207103708,-0.008115428899543845,-0.01881275671370673,0.014675920935337428,-0.001116864473407872,-0.009647181394454828,0.010251329611053073,0.005136563544883132
2023-10-26,-0.015613010173187699,-0.002422167264909446,-0.0013173417298983226,-0.014813336654010682,-0.007942736664790676,-0.002470265455369801,-0.001422428700030798,-0.012787599925935126,-0.000713130821033894
2023-10-27,-0.019156514363932748,-0.01625793531715885,-0.012509866618239917,-0.018159599312992825,-0.00013732218708507405,-0.016329263995329732,-0.012508379852239179,-0.006098512659207614,-0.009252858586063877
2023-10-28,,,,,0.00608979170446965,,,0.011885123624765627,0.011082484470320921
2023-10-29,,,,,0.009658984015650348,,,0.006709572172910781,0.0118155516486513
2023-10-30,0.018860727317516507,0.0064926386335148,0.009335731741466078,0.019894812499873484,0.0033325895524983617,0.005839071904247216,0.009185567941300592,0.007145261646673653,0.010174473246396367
2023-10-31,-0.010674161818260372,0.00573642360967538,0.005451869550525193,-0.011163126275358762,0.010116082716674687,0.005516034131435997,0.005183648835190588,0.01089324323849801,0.009040232973585428
2023-11-01,0.0028876747061500002,0.0049150776241500835,0.006128684671180423,0.0029604315683482364,0.0264464681600294,0.00432932079518534,0.004679194496473274,0.02075429157648088,0.021586994899115544
2023-11-02,0.005796619616599172,0.014502115734076757,0.020280613417304097,0.009815267534880861,-0.013203203409557341,0.014653115755898187,0.02302388626021007,-0.01599636388075232,-0.010886957997875358
2023-11-03,0.01384830339294531,0.001537148797001075,0.009938613574871987,0.013611694064388571,-0.010044123773098526,0.0016611623608376192,0.01059691132431102,-0.0073086199520949295,0.003048032209622829
2023-11-04,,,,,0.007812081056306467,,,0.007374455782436907,0.009174723506154565
2023-11-05,,,,,0.004507378839061353,,,0.008038904831167914,0.018784094487391337
2023-11-06,0.019997577556470775,0.000968929075908698,-0.0012515538990465914,0.01871970358202342,-0.002335157424727748,0.000984491180880745,-0.0036255410662722693,0.010493754548269929,0.023330093010864583
2023-11-07,0.0014284677899423185,0.0013889898762291868,-0.00431599482833909,0.001454135293371904,-0.0021464151397536614,0.0014531326170377022,-0.003497318641754785,-0.005378944406469271,-0.01253966652469466
2023-11-08,0.012231433972109738,-0.0008366137322782241,-0.0007805730770481545,0.012012214528405096,0.011454611557633766,-0.0009187626336925904,-0.0015559911910539449,0.011087322897274411,0.009679443993742026
2023-11-09,-0.005545344835812158,-0.009796184524560065,-0.008146736325463935,-0.0038805437111109164,0.028755744750547086,-0.0098519600779899,-0.010175427750737988,0.0014901637156994581,0.025090603672350296
2023-11-10,0.0169460178414295,0.005157740945065062,0.009817856990153936,0.017908736006936512,0.04151305738547381,0.0048418132507738,0.009021285094061336,0.03611613130119527,0.020615801065540375
2023-11-11,,,,,0.00517133543906966,,,0.0036625960402987814,0.0005869910930067375
2023-11-12,,,,,0.0007237840195550047,,,0.0009842836050078258,-0.0003549332564392124
2023-11-13,0.0036374858931875003,0.0031564096651504167,-0.0019774313766650936,0.0048992383299694625,-0.010663533303106876,0.0032287745376350105,-0.0007642051983304742,-0.008723416208600888,-0.01481565527809314
2023-11-14,0.010421758105565664,0.007003496888517036,0.01675916723850964,0.012528005360118239,-0.037581777266221576,0.007302813444014011,0.02100725959300787,-0.0361784336884444,-0.032504114583888966
2023-11-15,-0.004200502993248895,0.003434234593325802,0.007309503382274123,-0.007041231444730676,0.03811509025744292,0.0033688907003020614,0.0044201832828798405,0.03337590569510185,0.04164498919627955
2023-11-16,0.0042375529586849816,-0.014564724825205572,-0.0030648412283587325,0.004304627014581739,-0.030976806029381618,-0.014585347827696908,-0.00047823108178200225,-0.028260716695149072,-0.032761115614437494
2023-11-17,0.0008670691235714571,7.835369692478199e-05,0.0022881470659889026,0.0025545041881605023,0.010807886866985073,2.5095425904317662e-05,0.002518306153083665,0.004779915762272944,0.000589882127805144
2023-11-18,,,,,-0.0032782954677534988,,,-0.004906457612990402,0.00044980301733899366
2023-11-19,,,,,0.013579362595526927,,,0.01311875746113756,0.016885249906000235
2023-11-20,0.004707278174799304,0.0038501297672836193,0.0026907439438543226,0.00697127211780959,-0.010329965588660187,0.0039876885660656315,0.004058446141558015,-0.015530460316593343,-0.01172609639965343
2023-11-21,-0.0068352419809809455,0.0029724943293668303,-0.005322585633880714,-0.002997431343849922,-0.04605067606063559,0.0032264038696208745,-0.0013552144507225907,-0.04643098918347319,-0.051942477402300014
2023-11-22,-0.004784552949180619,-0.0005460019742142248,0.005115831793424336,-0.008770670006077322,0.051254210281325166,-0.0008068241840205643,0.001484159958486277,0.04655908174752591,0.048426813403262534
2023-11-23,,,,,0.0027818937613161283,,,0.0052998694819324805,0.00302374503702362
2023-11-24,-0.0012879128229312611,0.004551716665419523,0.003307741702407099,-0.0016360347591106038,0.01856457560167466,0.004453741396294941,0.0025704490105395586,0.015703582307765838,0.012150677794782344
2023-11-25,,,,,0.02094573631989627,,,0.018966942746940725,0.01596617473255469
2023-11-26,,,,,-0.008827594989363608,,,-0.007690224233074071,-0.010573587011132772
2023-11-27,0.0008511411282115134,0.00017575242886656343,-0.0018141122773108333,0.002509087847400453,-0.031737897575188447,0.00044188147964549875,0.00021805967644246448,-0.03045166138641359,-0.025597069725203453
2023-11-28,-0.006220887832124556,-0.0001649959094477406,0.0021737442119966967,-0.006617426610626444,0.011686263377510553,-0.0002118113916509529,0.0014479346574828606,0.00935808267091133,0.010940892935350222
2023-11-29,0.0005338297539046398,-0.0017558320564049377,0.003290422709034852,0.0004724813774459498,0.0015325051483518724,-0.0017928142846457295,0.0037154396131687467,0.0018211379303730863,-0.0013057554176197526
2023-11-30,0.005873038961605865,0.008823142671421513,0.0068155782482726196,0.0069853986300266405,-8.975779014550565e-05,0.008832324123156328,0.007575865188941979,-0.003135398138214378,-0.0029233355561195423
2023-12-01,0.004179381650695445,0.003979343636455931,0.009483942247419415,0.002783034360883406,0.009780478157391165,0.003992758548851337,0.008871795202782709,0.009450467761965871,0.015515000010668986
2023-12-02,,,,,0.010219584234264485,,,0.0032417896222313547,0.018843461040341403
2023-12-03,,,,,0.004869052900714094,,,0.0004170105004219717,0.004663887590389259
2023-12-04,-0.0018953273253496184,0.0021731366070273993,0.001631013493165135,-0.012683718432166658,0.02434885520866235,0.0012957035727180588,-0.0008938803680990009,0.01967677029303412,0.02450041561986607
2023-12-05,0.0035842618869073206,0.0035660390112777886,-0.0017372237320359674,-0.0020610234109586846,0.01947778128191853,0.0030630189461397683,-0.003802534486425064,-0.0014654125233125286,0.01916451409239134
2023-12-06,-0.007886287020497951,-0.0027245896930821506,3.590342133447908e-05,-0.00644568243259732,0.002121703657015163,-0.003039923040940022,-6.524835747577702e-05,0.005599129420479148,-0.00011537291125929532
2023-12-07,0.004083796814416633,6.4524670350519735e-06,0.004723710807576751,0.0046742321449667855,-0.004664708871541469,0.0002895515143589212,0.0031446984547452437,-0.002850750637457977,0.021785003515145743
2023-12-08,0.011841329574145487,-0.0014661728188800618,0.005987601386555257,0.009858125162953073,0.021412616439378557,-0.0021638617627115463,0.0023299758919243722,0.024866513924850103,0.041588058021506266
2023-12-09,,,,,-0.004449666688341411,,,-0.0013619968345038248,0.004997741406067918
2023-12-10,,,,,0.006768357714114491,,,0.007841295422311486,0.003054659056884165
2023-12-11,-0.01114643003746624,0.0051402305907959685,0.0003237846542256169,-0.0022054095452803645,-0.04619806703164654,0.006448772506522937,0.00667394151669151,-0.04482545901524483,-0.06211722975190774
2023-12-12,0.013023213517720206,0.003716829793759373,0.0014769133253659508,0.01476939512218001,0.0006384395429139416,0.003656756993304707,0.0011238520575692283,-0.00025781685744146506,0.005355186256402054
2023-12-13,0.004607774330366428,0.015074482552007069,0.020999410410250243,0.0019614471211574836,0.018447348283286577,0.015061965370154296,0.02012751756964773,0.008008719228225247,0.028849969707539225
2023-12-14,-0.0034239050093055083,-0.0027816903025382387,0.010039712435211023,-0.004805492804086769,0.011423449740847854,-0.0031218819796905795,0.010433843956261563,0.014627889751230711,0.007078455979380534
2023-12-15,0.004260500256389778,-0.00500880541882588,-0.00732875468037142,0.008978198630198659,-0.03535613049766973,-0.004235282081595033,-0.0039674591312335375,-0.04163513309992996,-0.04002600808981831
2023-12-16,,,,,0.009679772056441889,,,0.011625061906356225,0.017515603000690515
2023-12-17,,,,,-0.012258655691896728,,,-0.008006912399699475,-0.017915204088623286
2023-12-18,0.011421149158182946,0.003947836281548078,-0.00012809189930591768,0.008567943173974024,0.00570179588904539,0.003930057673806777,-0.00045666554846669023,-0.008147092803680882,0.0031590393123633225
2023-12-19,0.006793150394384046,0.0036138571118918116,0.005298776726102397,0.009358253360703209,-0.005913941297261275,0.003911409073770575,0.00718210479183385,-0.004882966265479087,-0.012780365261694859
2023-12-20,-0.01427686795084057,-0.012078296582132945,-0.011039951540863182,-0.02123960268907582,0.025205431302191904,-0.013076932663412942,-0.014118281379517695,0.02083612901323202,0.01993067900426533
2023-12-21,0.01956637324340091,0.007652328366698125,0.009221551009807493,0.021100357558191965,0.013536728242295838,0.007611269971204534,0.007628150891378025,0.018448609563446714,0.026192367479753058
2023-12-22,0.0006463035834987446,0.006436534660242859,0.004498662894528153,-0.00038892873135479246,0.005330493827001002,0.0065497854629199825,0.003192577248056571,0.007296806571384492,0.016762078484433094
2023-12-23,,,,,0.006215772869991661,,,0.009125740985488507,-0.006479832689071012
2023-12-24,,,,,-0.009340963871189092,,,-0.005907258441543952,-0.016804599201998408
2023-12-25,,,,,0.0031419672743781316,,,0.0016590397671968177,0.02432893950558428
2023-12-26,0.0028179610698935748,0.002515965537826981,0.0028154553826103506,0.007276393424174078,-0.02586734127029439,0.003246100349658164,0.005338634355019052,-0.02691675369389077,-0.022331412009740762
2023-12-27,0.01215708025321103,0.004092496516725227,0.006267290009754043,0.0034044713109085945,0.024209641595922433,0.003697792884059155,0.001815153607910346,0.042456938031953696,0.0491443886721365
2023-12-28,-0.0009185790827980352,0.0016292151291356451,0.0007151144830052925,0.0015985506691017278,-0.006897505904098427,0.0018678732075980142,0.0016272534276011213,0.0005355311673914678,-0.008793126714321954
2023-12-29,-0.005152844387537428,-0.0002937105157670394,-0.0036335885975645513,-0.0029277562356715223,-0.005254713526026925,-0.00018007712842783125,-0.0022421940303351652,-0.00442704902515962,-0.01603951491704996
2023-12-30,,,,,0.001951281849660507,,,0.012208638060296283,0.00564429180224082
2023-12-31,,,,,0.009794368348661065,,,0.00612963238475223,-0.007428899598787831
