date,Comm,Consumer,Energy,Financials,Healthcare,Industrials,Materials,RealEstate,Tech,Utilities,Comm_z,Consumer_z,Energy_z,Financials_z,Healthcare_z,Industrials_z,Materials_z,RealEstate_z,Tech_z,Utilities_z
2020-01-02,0.11544833333333333,-0.06817095238095237,0.011983333333333335,0.06496666666666667,0.1363554761904762,0.11497300000000002,0.013411111111111111,0.02035,0.10158134615384615,0.3612,0.5664301154441213,-2.067937037155337,-0.45628285194196905,-0.08434279024672119,0.6960192826002934,0.41344318953689335,-0.3257115652802015,-0.5758636983450779,0.3018157238887047,2.0414770607259602
2020-01-03,0.016425,-0.23034791666666668,-0.11866809090909092,0.08810000000000001,0.09495,-0.21636249999999999,-0.058349999999999985,0.10686666666666667,0.08120267857142857,0.010933333333333333,-0.4823091930543025,-4.595182824759377,-1.7538728807857389,0.16919788335585345,0.20197043415300744,-3.0316944292026964,-0.8692524159977307,0.10384467608959641,0.06885085396395835,-0.5801048045961728
2020-01-06,0.09601111111111112,0.026227083333333335,-0.011302196969696972,0.03407399999999999,0.182132,0.03209907407407408,-0.15472750000000002,0.007533333333333333,0.04673000000000001,-0.020887500000000003,0.3605737954609841,-0.5969079106221128,-0.6875476246970473,-0.42292553589714504,1.242223334691764,-0.4482576539285537,-1.5992454098202258,-0.6765563856770493,-0.3252339431343275,-0.8182688308793039
2020-01-07,0.15553333333333333,0.08132750000000001,-0.009894444444444437,0.13442875,0.08464800000000001,0.004971428571428571,0.12246666666666667,0.01745,0.13754303571428572,0.3612,0.9909635437387251,0.26173620402991576,-0.6735662567139636,0.6769596621238049,0.0790472919751466,-0.7303236324578567,0.5003089425455398,-0.598647219275849,0.7129225981158582,2.0414770607259602
2020-01-08,0.05927,0.07723214285714286,-0.12723666666666666,0.32661666666666667,0.12843333333333334,-0.03869682539682539,-0.2546125,-0.094325,0.16129749999999998,0.2899333333333333,-0.028545073426454123,0.19791718920493823,-1.8389733573315767,2.7833337478561737,0.6014925215071177,-1.1843744193210395,-2.3558052934856026,-1.4767948234265218,0.9844789037512706,1.5080794562285562
2020-01-09,-0.027080000000000003,0.12821817460317458,-0.008277499999999997,0.14523999999999998,0.05399444444444445,0.015456666666666665,-0.13731111111111113,0.0077,0.089176,0.015000000000000001,-0.9430632606096658,0.9924457742251656,-0.6575072585019551,0.7954506538018665,-0.28670997533338727,-0.6213009403426255,-1.467328293620108,-0.6752469879224073,0.1600002768574337,-0.5496677102328972
2020-01-10,-0.12117916666666667,0.12495799999999999,-0.200256,0.17256666666666665,0.03246,0.022949999999999995,-0.17615,0.01044,0.20564875000000002,0.027512500000000002,-1.939651556098385,0.9416416259972384,-2.5641790670706865,1.0949501411496916,-0.5436582937342505,-0.5433872710967342,-1.7615060506353781,-0.6537204888360925,1.491493562362438,-0.45601751108031857
2020-01-13,0.027043750000000002,0.02722371428571429,0.06339,0.10831428571428572,0.0693975,0.0456375,0.3237833333333333,0.08673333333333333,0.18527149999999998,-0.025899999999999996,-0.36984781494021185,-0.5813771514462089,0.05427245558373438,0.3907458783008779,-0.1029211976175024,-0.30748873403941795,2.0251436415817796,-0.05433057267116,1.2585448979576146,-0.8557850445258413
2020-01-14,0.05148333333333334,0.011278333333333333,0.046581666666666674,0.03647142857142858,0.049975000000000006,0.15387833333333334,0.11859999999999998,0.0,0.1777333333333333,0.14475000000000002,-0.11101233786420675,-0.8298581673607249,-0.11266277578692822,-0.3966497871256438,-0.3346698608818689,0.8179704057158719,0.4710216132818252,-0.7357411641868689,1.1723700776525705,0.4214502390216141
2020-01-15,0.018138888888888885,0.034347380952380956,0.011300000000000003,0.042468000000000006,0.23234166666666667,-0.0377375,0.15795,0.0066125,0.04008533333333334,0.044845833333333335,-0.4641576868620603,-0.47036720219156936,-0.4630695098360664,-0.330927535282447,1.8413235088685913,-1.1743996112693351,0.7690706839354029,-0.6837908082714464,-0.40119444935647464,-0.3262856334663569
2020-01-16,0.07806458333333334,0.0805975,0.19899238095238095,0.1432251623931624,0.1739,0.10043333333333333,0.013225,0.21320000000000003,0.2407638888888889,0.032579166666666666,0.17050516720891132,0.2503604242878511,1.4010338738503751,0.7733680910913162,1.143999367849583,0.26226363709754574,-0.3271212283984981,0.9392404435512074,1.8929228378807994,-0.4180958853162375
2020-01-17,0.0322,0.09828711111111112,-0.004359722222222216,0.20757799999999998,0.14222777777777776,0.159475,0.14006666666666664,0.01675,0.11770202963702965,0.03369111111111111,-0.31523884675650093,0.5260222321272718,-0.618597086575797,1.4786733560080896,0.7660874016963086,0.8761630439115353,0.633616786090723,-0.6041466898453455,0.48610416745692353,-0.40977350220584186
2020-01-21,0.022704166666666664,0.09778840909090909,0.052511607142857145,0.14067000000000002,0.025517857142857137,0.062976,0.0004899999999999996,0.19510000000000002,0.11552599999999999,-0.019754166666666666,-0.4158076051328057,0.5182508289235174,-0.053768418697759335,0.7453635841319635,-0.6264917254414524,-0.1272076636364083,-0.42358005723644754,0.7970398473970837,0.46122822994566115,-0.809786361958391
2020-01-22,-0.1181,0.08948190476190476,0.05346041666666667,-0.05449999999999999,0.15745520833333332,0.04942023809523808,-0.0010333333333333212,0.08711666666666668,0.09769,0.07348229166666666,-1.9070406247951426,0.38880841293275203,-0.044345132388359354,-1.3936940498888353,0.9477806273985082,-0.2681568383815604,-0.4351182550584453,-0.05131895783548325,0.257330629517516,-0.11195516186266587
2020-01-23,0.17371285714285714,0.106486,0.046168,0.051019999999999996,0.054837222222222225,0.03927857142857143,0.015575000000000006,0.37661666666666666,-0.04423703703703704,0.006208333333333333,1.1834997933987106,0.6537876487432445,-0.11677118673647698,-0.23719785917369132,-0.2766539772163111,-0.37360716697614393,-0.3093216015614991,2.2231049419777107,-1.36515099684088,-0.6154692154649787
2020-01-24,0.01022136363636364,0.04928641025641025,0.037003333333333326,-0.04533333333333333,0.09548533333333334,0.022631111111111112,0.2765066666666667,0.011408333333333333,0.05776626344086022,0.07659368627450981,-0.548010852361964,-0.23756842558487812,-0.20779185607321476,-1.2932276446428586,0.2083580147631687,-0.5467029921930525,1.6670555459375875,-0.6461128878816222,-0.19906957706097791,-0.08866783121996692
2020-01-27,-0.013028030303030305,0.06913722222222222,0.04936083333333333,-0.1428888888888889,0.15339333333333333,0.08442333333333334,0.028542500000000002,0.00925,-0.021180666666666667,0.012855952380952381,-0.7942412356690041,0.07177193691404757,-0.08506094154691045,-2.362433751381862,0.8993144617866176,0.09579595320607981,-0.21110174581308072,-0.6630695888042366,-1.1015751618385754,-0.5657149019624813
2020-01-28,0.008393749999999998,0.05764571428571429,0.017416666666666664,0.05548571428571429,0.002704999999999997,0.04794895833333334,0.08199333333333333,0.025033333333333335,0.030595192307692306,-0.025717500000000004,-0.5673667980434765,-0.1073032181406107,-0.40232064527182926,-0.1882537579582745,-0.8986940242236945,-0.28345481054400073,0.19375139778690048,-0.5390696214396369,-0.5096838518487882,-0.8544191175451944
2020-01-29,0.14114375,0.009065809523809521,-0.06769583333333333,0.0140125,0.107622,0.06501833333333333,0.07986904761904762,0.013333333333333334,0.10751269841269842,0.01031875,0.8385659101044258,-0.864336500965131,-1.247631991629917,-0.6427990037708359,0.3531723422949073,-0.10597202967423865,0.17766140076160114,-0.630989343815507,0.3696217618385835,-0.5847046728529178
2020-01-30,-0.04478333333333333,-0.03794842857142858,-0.019088095238095237,0.03534166666666667,0.12261969696969698,0.07559166666666667,-0.022981121794871794,0.08198,-0.08295208333333334,0.093755,-1.1305562577966968,-1.5969715931739081,-0.764874787544653,-0.40903194538258314,0.5321243940272443,0.00396665308731253,-0.6013575931489878,-0.09167459663355049,-1.8077336970135292,0.03977656023753852
2020-01-31,-0.2285340909090909,0.02476073232323232,-0.0005198412698412674,0.13041607142857142,0.05487541666666666,0.021716999999999997,-0.05672875,0.2527333333333333,0.14619583333333333,0.03145,-3.0766293291542373,-0.6197584395474044,-0.5804605621203773,0.6329808194170057,-0.2761982422983487,-0.5562076742346591,-0.8569725670575248,1.2498295909522947,0.8118396575189855,-0.42654716868964704
2020-02-03,0.10843499999999999,0.1009135064935065,0.034207564102564106,0.179975,0.10428872503840245,0.13013133333333332,-0.03369166666666667,0.07790000000000001,0.06475,0.06503958333333335,0.4921530930224467,0.5669500340254982,-0.23555858190746995,1.1761452632075768,0.3133998095806422,0.5710554719638016,-0.6824825726974479,-0.12372865366718712,-0.11923289134495903,-0.17514487749134114
2020-02-04,0.20932150000000002,0.08559,-0.04180333333333333,0.2609125,0.07446666666666667,0.08291874999999999,0.17020000000000002,0.027016666666666665,0.03284633333333333,0.0694375,1.5606248833091765,0.3281598494416279,-0.9904755923280896,2.063217954981714,-0.042436059305529975,0.08015169944457422,0.8618559727665674,-0.5234877881593969,-0.48394925589938476,-0.14222853210154882
2020-02-05,0.029875000000000002,0.020444212962962963,0.2420249523809524,0.0032333333333333333,0.046906952380952376,0.07299666666666665,0.051685,0.0034666666666666665,0.17055,0.03571333333333333,-0.3398625269557014,-0.6870238826909406,1.8284202259318707,-0.7609383630305369,-0.37127770923021286,-0.023015460572797186,-0.03581329301510317,-0.7085056908903148,1.0902516413584369,-0.394638116484213
2020-02-06,0.02554595238095239,0.13554027777777777,0.107895,0.17873866666666666,0.07227969230769231,0.06558333333333334,0.06293055555555555,0.13933333333333334,0.05638361111111112,0.004083333333333335,-0.3857107351873311,1.1065480111607233,0.4962825183790547,1.1625950851327649,-0.06853096903835286,-0.10009731128581392,0.04936402292686645,0.35891535869386254,-0.21487578317570244,-0.6313738446916903
2020-02-07,0.07058375000000001,0.18446979166666666,0.039542999999999995,-0.014430555555555552,0.08391717171717172,-0.021660000000000002,0.013305555555555557,0.0097,0.11361285714285715,0.12303958333333334,0.09127693167191381,1.8690293438816639,-0.18256866266095736,-0.954534081503012,0.0703270717346395,-1.0072300804907566,-0.32651107570550403,-0.659534214866703,0.4393575617550539,0.25895794375537673
2020-02-10,0.052575,-0.048616904761904764,-0.014450000000000001,0.2157611111111111,0.042550000000000004,0.031284375,0.15956,0.07580416666666667,0.1204,0.08309791666666667,-0.09945068156995855,-1.7632212306072186,-0.7188106426746126,1.5683600204148256,-0.42326472893376343,-0.4567286762851829,0.7812653218960702,-0.1401943304318106,0.5169468274163261,-0.03998671461179554
2020-02-11,-0.04043882352941176,-0.09065016666666667,0.043153428571428565,0.3079428571428572,-0.025597222222222226,-0.07200833333333333,0.04683866666666667,0.1567952380952381,0.08814318181818184,0.04456845238095239,-1.0845442921906512,-2.418236476181304,-0.146710989150674,2.5786693280265123,-1.2363952556517317,-1.5307385400657405,-0.07252092061554676,0.49610283201592825,0.14819330506155554,-0.3283616999144374
2020-02-12,0.06683833333333333,0.11260696078431373,0.01695083333333333,0.33750833333333335,0.21448645833333335,0.16756666666666667,0.07529999999999999,0.027708333333333335,-0.04677625,0.22737277777777778,0.05160985975244883,0.7491721716092273,-0.4069471596167078,2.90270610390753,1.6282757208105774,0.9602980226012154,0.14305402092350494,-0.5180537874776324,-1.394178773815773,1.0398430137211652
2020-02-13,0.07716785714285715,0.002850166666666662,-0.006272916666666666,0.11872000000000002,0.09045,-0.02357,0.05048571428571428,0.01192375,-0.036438636363636354,0.093765,0.1610080923957788,-0.9611964791818347,-0.6375983492772588,0.5047922101156879,0.14827657472761677,-1.02708974796313,-0.04489705394498809,-0.6420635753253919,-1.2760012331896335,0.039851405551546544
2020-02-14,0.5859,-0.040176333333333335,0.021935,0.19892222222222222,0.21721249999999998,0.170715,-0.060091666666666675,0.17562750000000002,-0.014482526881720435,0.1458025,5.5489038312208505,-1.6316896121570932,-0.35744593905012706,1.3838062784144887,1.6608027648189674,0.9930335477803721,-0.8824443380152229,0.6440563607334828,-1.025003361576026,0.4293277083209618
2020-02-18,0.023044571428571425,0.052236111111111115,-0.03703416666666667,0.04511238095238095,0.06684620098039216,0.048916666666666664,0.002967777777777775,0.09105833333333334,-0.08211166666666667,0.13427083333333334,-0.41220243610251417,-0.19160247047795143,-0.9431096860745296,-0.3019451954584492,-0.13336321781993798,-0.2733928389679564,-0.40481260198987185,-0.02035170093819943,-1.7981262210271447,0.3430185870506733
2020-02-19,0.12560416666666668,0.137966,0.06575833333333334,0.14902500000000002,0.023096111111111112,0.2737583333333333,-0.0014999999999999998,0.18211,0.04184134920634921,-0.009815151515151513,0.6739888217479413,1.144348671044876,0.07779401867522785,0.8369341458588876,-0.655387923439801,2.064450477227986,-0.43865293272820405,0.6949853864002842,-0.3811200255606869,-0.7353974909637944
2020-02-20,0.09202361111111113,-0.022733857142857142,0.04521666666666666,0.2275236111111111,0.17223999999999998,0.0626875,0.10557575757575759,0.17867833333333333,0.021986809523809523,0.039007487179487176,0.3183428600655811,-1.3598789720213924,-0.12621953875099107,1.6972766849645498,1.124192299705994,-0.13020740922058632,0.37237197286219764,0.6680248866322049,-0.6080931697003612,-0.3699829185835904
2020-02-21,0.09415,-0.04751041666666666,-0.016865,0.1535355,0.066509375,0.12298,0.08786666666666666,0.22881250000000003,-0.13759285714285713,0.16619,0.34086308371252,-1.7459785390200333,-0.7427956848418005,0.8863690972256487,-0.13738221489593722,0.49669782694594805,0.23823784103057716,1.0618982782172988,-2.4323761429262305,0.5819185922548835
2020-02-24,0.05118333333333333,0.013288571428571436,-0.23225071428571428,-0.05935666666666666,0.03153655462184874,0.05553866666666667,0.01760916666666667,0.012791666666666666,0.0050848484848484915,-0.006528000000000001,-0.1141895869221682,-0.7985321046202647,-2.8819407943046356,-1.4469229780500676,-0.5546768151390239,-0.20453905990928758,-0.2939141940759976,-0.6352448865180936,-0.8013130227152835,-0.7107947022294376
2020-02-25,-0.029966666666666666,0.17341942307692307,-0.13799666666666666,0.16562933333333332,-0.05009444444444444,-0.11479166666666668,-0.13927222222222221,0.04935178571428571,0.07124666666666667,0.13563541666666667,-0.9736354571007162,1.696828577928854,-1.9458383899274119,1.0189171656595364,-1.5286953459434105,-1.9755881596258003,-1.4821823557323077,-0.34801445977570894,-0.04496429165249155,0.3532318538580224
2020-02-26,0.029808333333333336,0.0066616666666666656,0.04901857142857143,0.05206933333333334,0.05006264705882352,0.05216111111111111,-0.04275,0.04047766666666667,0.24132000000000003,0.16114166666666666,-0.3405685823019151,-0.9018008839943293,-0.08846018221686335,-0.22569719576589717,-0.3336240589139759,-0.23965797624583268,-0.7510931910372274,-0.4177329691079792,1.8992801893680717,0.5441341828998171
2020-02-27,-0.013849999999999994,0.02737022222222222,0.03749466666666666,-0.059476666666666664,0.0804856,0.12283541666666667,0.014967857142857144,0.040787500000000004,-0.20084133333333334,0.16951083333333333,-0.8029465771535698,-0.5790940801911698,-0.20291208351911744,-1.4482381746278332,0.02938166520353626,0.4951944882433055,-0.31392028934613414,-0.4152987986820997,-3.15542012845969,0.6067734736150584
2020-02-28,-0.14993357142857142,-0.15373880952380953,0.047421000000000005,-0.08534791666666668,-0.100272,-0.016242708333333335,-0.2164083333333333,0.005646111111111116,0.2445088888888889,-0.11819375,-2.24418457423839,-3.401363195864358,-0.10432677355408088,-1.7317863368154678,-2.1274123713455726,-0.9509025354117724,-2.0664351188961647,-0.6913831329187792,1.935734932162219,-1.5465605144989323
2020-03-02,0.1177375,0.03244273504273504,-0.02151874999999999,0.09271666666666667,0.1169638392857143,0.16554166666666667,-0.05884,0.1040411111111111,0.071446,0.17237333333333332,0.590674290894732,-0.5000477944583585,-0.789015308024223,0.21979641836155447,0.46463887682418187,0.9392426159878351,-0.8729638275509775,0.08164601948923189,-0.04268555267783303,0.628197944749864
2020-03-03,0.0600275,-0.03140121212121213,-0.08471577777777778,-0.06623333333333332,0.027852307692307694,0.06965833333333332,0.12613333333333332,0.19210833333333333,0.0064973333333333385,-0.04536874999999999,-0.02052251955510175,-1.4949446174735193,-1.4166688799045324,-1.5222910486036856,-0.5986371344108471,-0.057726554767530296,0.5280814099507862,0.773536157701259,-0.7851657771867361,-1.001499515235273
2020-03-04,0.026870833333333333,0.09807333333333332,0.09727,0.045336,0.14659899999999998,0.14148838095238098,0.18328333333333333,0.37978333333333336,0.2460009523809524,0.5051300000000001,-0.3716791459944534,0.5226908774509044,0.3907582645379069,-0.2994943370738512,0.8182446887001183,0.6891430055670464,0.9609531860080152,2.2479834993159096,1.9527919048981568,3.118725665243894
2020-03-05,0.08521666666666666,0.008944597402597398,-0.10313416666666667,0.021313333333333337,-0.035558653846153844,0.07238583333333332,-0.027088888888888885,0.32656666666666667,0.016623000000000006,0.04008333333333333,0.24625166731989281,-0.8662253809555112,-1.5995946911474577,-0.5627820786471991,-1.3552547466052927,-0.029366741662347758,-0.63247109161997,1.8298927962587113,-0.6694111721144895,-0.361930714262693
2020-03-06,-0.030774999999999997,-0.08418550824175824,-0.16457785714285716,-0.08021729166666668,0.011840692640692643,-0.047495833333333334,-0.007916666666666655,0.005475,-0.03758507692307693,0.07395000000000002,-0.9821963781735564,-2.3174960236478253,-2.209834652629475,-1.675554833133816,-0.7896872250230442,-1.2758641427272297,-0.4872547506873854,-0.6927274479468785,-1.289107113381573,-0.10845458415541395
2020-03-09,-0.010830952380952379,-0.013459743589743589,-0.1054826894158473,0.08450433333333333,0.035713052631578944,-0.177166,0.009974375,0.08831250000000002,-0.169362,-0.04041458333333332,-0.7709723564750379,-1.2153580499897279,-1.622919501569693,0.12978947923264048,-0.5048429713557179,-2.6241397401551105,-0.3517424675419107,-0.04192402894592668,-2.7955546580770707,-0.9644198992537826
2020-03-10,-0.040745333333333335,-0.0011691414141414141,0.025496676328502416,0.10927666666666666,0.15230833333333332,0.03273133333333334,0.07156875,0.3795,0.335795,0.10175,-1.0877904854765368,-1.023830401706181,-0.32207245792176037,0.4012935460931956,0.8863682756807177,-0.44168359181063843,0.11479237937646151,2.245757523133018,2.979299577148349,0.09961538878697825
2020-03-11,0.0414,0.0008045238095238088,-0.04747339285714286,0.17780500000000002,0.043423055555555555,0.06432857142857143,0.02182777777777777,0.22818999999999998,-0.04994833333333332,0.1644875,-0.21780320897901922,-0.9930742635294849,-1.046788891197256,1.152362125092984,-0.4128474573180843,-0.11314398886988385,-0.26196112873634025,1.0570076776037107,-1.430441398845195,0.5691761775450123
2020-03-12,-0.05520333333333333,-0.010071755555555553,-0.10330947368421053,0.04467504761904763,-0.039354,-0.14795,-0.074445,0.10131250000000001,0.06269857142857142,-0.054079613095238094,-1.240912708409888,-1.1625621518449698,-1.6013357868857574,-0.30673835631963897,-1.4005406983509177,-2.3203596119494225,-0.9911609240579425,0.060208995916151115,-0.14268441428530582,-1.0666962435997003
2020-03-13,0.081205,0.012299074074074073,0.17839162464985994,0.006274999999999996,0.12026562500000001,0.010906666666666665,-0.08532222222222223,0.068,0.2684963690476191,0.039762500000000006,0.20376478686148733,-0.8139516990861791,1.1964334562139656,-0.7276017831080082,0.5040356808232086,-0.6686106193998504,-1.073548369410567,-0.20150688029292332,2.2099550288589467,-0.3643320014204514
2020-03-16,0.016510277777777776,-0.0516471847826087,-0.2075652549019608,-0.05073202380952381,0.01838,0.006982142857142853,-0.020185833333333333,-0.045665625,0.017298398268398265,0.004439047619047613,-0.4814060305906042,-1.8104428718021592,-2.6367723536273138,-1.3523971382987001,-0.7116604138919171,-0.709416764868204,-0.5801852137799864,-1.0945079652228167,-0.6616901535980212,-0.6287114899505467
2020-03-17,0.026663333333333334,0.07516404761904763,-0.20667050000000003,0.031675,0.08695666666666667,0.008376388888888885,0.16970833333333335,0.15561666666666665,0.1933268333333333,0.4753166666666666,-0.37387674325954334,0.16568952356907,-2.627885921307303,-0.4492185074809739,0.10659423052183203,-0.6949197687607944,0.8581319373645003,0.4868435193223881,1.350631864615807,2.895586835747879
2020-03-18,-0.003557499999999998,0.0006428282828282922,-0.04423888888888889,-0.005170000000000008,0.18194166666666667,-0.006906190476190477,0.10794999999999999,0.0597,-0.034340476190476185,0.29231250000000003,-0.6939404573900121,-0.9955940069499855,-1.0146647859929048,-0.8530386567123944,1.2399522833042163,-0.8538239280857333,0.39035521931840467,-0.2667148884740961,-1.2520154838836648,1.525886403852973
2020-03-19,0.03406000000000001,0.008341416666666667,0.0738375,-0.15955416666666666,0.012132499999999997,0.04933055555555555,0.15310875000000002,0.2048888888888889,-0.02585166666666667,0.03453333333333334,-0.2955399025971404,-0.8756249031426404,0.15803383365482992,-2.5450847205555704,-0.7862053887275012,-0.26908933336384994,0.7324015590738621,0.8739451421863917,-1.154973103731369,-0.4034698635371634
2020-03-20,-0.08100833333333333,0.05992415909090909,-0.04423682051282052,-0.004000000000000002,0.014603205128205132,0.12268619047619046,0.06816666666666667,0.002024999999999999,0.23456666666666665,0.024,-1.5142090815455311,-0.07179762052643658,-1.0146442435137257,-0.8402154900791806,-0.756725012319626,0.49364287435795123,0.08902394797147994,-0.7198319814679682,1.8220774274507088,-0.48230692762564786
2020-03-23,0.09480590909090908,0.0361261949814891,-0.09019555555555556,-0.025029999999999997,0.08074594155844157,0.030146666666666665,0.06273357142857142,0.01573333333333334,0.317815,-0.012253035714285713,0.34780970551651724,-0.4426474808255028,-1.4710923586071487,-1.0707036903325873,0.03248805254610263,-0.46855826224358516,0.047872004223407094,-0.6121340161486618,2.7737557973940286,-0.7536439118037418
2020-03-24,0.10560404761904763,0.11563116483516482,0.13875866666666667,0.40857,0.22829809523809522,0.20580755555555558,0.41827999999999993,0.06246875,0.37231291666666666,0.23618333333333333,0.46217095707073214,0.7962991293866811,0.8028110262192336,3.681539943993479,1.7930757408992042,1.3579165237432662,2.7408906220102645,-0.24496251827510548,3.3967651288958427,1.1057858934352618
2020-03-25,0.12598066666666669,0.14363219047619047,0.014782222222222224,0.09199791666666667,0.09252619047619047,0.15665520833333335,0.09575,0.16062222222222222,0.0532125,0.3078541666666667,0.6779762693156828,1.232646389995186,-0.4284851426163898,0.21191893885931304,0.17304961463181806,0.8468436068218129,0.2979486459518572,0.5261690985534703,-0.2511272939542731,1.6422084960404917
2020-03-26,0.11148166666666666,0.182375,-0.053452,-0.00933,0.0568660606060606,-0.023993121693121688,0.11817833333333334,0.28977916666666664,0.27697544444444444,0.1482133333333333,0.5244198223444099,1.8363856608604145,-1.1061665907510776,-0.8986321380749324,-0.2524459409988323,-1.0314892537881273,0.46782777953022203,1.5408759768653506,2.306886130409856,0.44737166610640344
2020-03-27,0.10031777777777777,0.061634102564102566,0.13962233333333335,0.06126266666666667,0.21037000000000003,0.06197757575757575,0.222775,0.21836666666666668,0.24983833333333333,0.30840111111111107,0.40618497082638483,-0.04515112693406702,0.8113886996844075,-0.1249385246137502,1.5791582685704713,-0.13758901099290155,1.2600752838113407,0.97983177394511,1.9966600798319507,1.6463021189094316
2020-03-30,0.06570500000000001,0.06981064912280702,-0.105098,-0.12505933333333333,0.1482621904761905,0.05414600000000001,0.011923333333333333,0.2757604166666667,0.25078666666666666,0.1552375,0.03960691886681717,0.0822661233434089,-1.6190988838221283,-2.167022330967305,0.8380898255059455,-0.21901963420240733,-0.3369804543273606,1.4307392582280236,2.007501237662893,0.4999442620875615
2020-03-31,0.16271666666666665,-0.01064,0.127355,0.010916666666666663,0.05150238095238094,0.06612333333333334,0.18769399999999997,0.25233125,0.013574000000000008,0.0608375,1.0670410072932441,-1.1714172527212054,0.6895532929436413,-0.6767292488152726,-0.3164451990716109,-0.09448253618891252,0.9943609395267623,1.246670668869221,-0.7042667329860647,-0.2065955021484759
2020-04-01,0.1024375,-0.11608888888888891,-0.05901047619047619,0.05448228571428572,-0.013316666666666664,0.026690000000000005,-0.007818333333333339,0.09127777777777775,0.08454999999999999,0.025436666666666673,0.42863458893870265,-2.814654696619061,-1.1613716780446104,-0.19925130648473283,-1.0898640503926873,-0.5044997546848614,-0.4865099436069721,-0.018627660561254363,0.10711676600406951,-0.47155415084649055
2020-04-02,0.007093333333333336,-0.018875,0.21863776923076922,0.047506,0.13921166666666668,0.037109444444444445,0.08314027777777779,0.07301250000000001,-0.06861249999999999,-0.07506666666666666,-0.5811392901405561,-1.2997453981676454,1.5961458681559326,-0.27571119895925816,0.7300992581382293,-0.3961611672955755,0.20243870975025377,-0.16212674282206446,-1.6438064356989917,-1.223774505065444
2020-04-03,0.14545285714285713,0.06434166666666667,-0.04957738095238094,-0.02925928571428571,0.22986944444444443,-0.12779182539682538,0.15256666666666666,0.24780000000000002,-0.21261666666666668,0.05675,0.8842029321387505,-0.0029584517720261357,-1.0676850581469648,-1.1170565411477635,1.8118250305422963,-2.1107603216514677,0.7282956522449726,1.2110714174148913,-3.2900333943773967,-0.2371885242492683
2020-04-06,0.09985833333333333,0.13361227705627707,0.0687623015873016,0.128339898989899,0.2573415517241379,0.07170499999999999,-0.021660000000000002,0.20636666666666664,0.27160863636363636,0.3450770833333333,0.4013190727320625,1.0765034747904036,0.10762851359875686,0.6102260286987302,2.139621356407877,-0.03644586396816319,-0.5913510080617776,0.8855551356108841,2.245533849089204,1.9208045846617237
2020-04-07,0.05723977272727272,0.145785797979798,0.20207785714285714,0.11251066666666668,0.06056473684210527,0.317294,0.3700375,0.07797916666666667,0.083404,0.13083625,-0.05004686572552151,1.2662066154909348,1.4316778806969281,0.4367380938639765,-0.2083134516925622,2.5171226569076173,2.3754870059745543,-0.12310668973373222,0.09401592219992898,0.3173123402436566
2020-04-08,0.03324916666666666,-0.02295798026315789,0.1670127142857143,0.02643792207792207,0.12663333333333335,0.1363607142857143,0.17360833333333336,0.5071187500000001,0.2292982857142857,-0.02576666666666667,-0.3041273007454639,-1.363371540859263,1.0834215949714459,-0.5066167321527092,0.5800149777369615,0.6358269035203585,0.8876717436046263,3.2483797513343484,1.7618503454630532,-0.854787107005734
2020-04-09,-0.0132,0.14514630952380952,0.06999288095238096,0.2245553333333333,0.019035416666666666,0.03748202380952381,0.08102555555555555,0.23479999999999998,0.12864,0.4777416666666667,-0.7960625375279868,1.2562413006650202,0.11985025188509223,1.664744445171293,-0.703840002699682,-0.3922871870350811,0.18642114957175807,1.1089383925528133,0.6111448666363261,2.913736824394832
2020-04-13,-0.11158333333333334,-0.057543163170163183,-0.00635896153846154,0.004229575757575753,-0.08126442424242424,0.030937222222222217,-0.06387809523809523,-0.03842916666666667,0.06324093137254902,-0.10273958333333333,-1.8380237147027598,-1.902321435501875,-0.6384529206554245,-0.7500195744722998,-1.9006145711800755,-0.4603382777138623,-0.9111239191285758,-1.0376555514634533,-0.13648426340251957,-1.430893318808984
2020-04-14,0.1356607142857143,0.18973199999999998,-0.1777395833333333,0.15363266899766898,0.17448571428571427,0.16572555555555554,-0.007933333333333334,0.4728111111111111,0.5258787619047619,0.13288285714285716,0.78049600991115,1.9510317040965357,-2.3405528959717325,0.887434066668975,1.150988092409713,0.9411546433099279,-0.48738098917559114,2.978845679365265,5.152299293045178,0.33263023566948396
2020-04-15,0.002928750000000001,-0.019541484848484846,-0.12896474358974358,0.010020480769230773,-0.03140095238095238,-0.06955333333333333,-0.10060674603174602,-0.13472499999999998,0.014782500000000018,-0.21378374999999997,-0.6252456850493392,-1.3101314047947508,-1.8561360893680754,-0.6865514206931843,-1.305645182604122,-1.5052121088381611,-1.1893180801300347,-1.7941928391517483,-0.6904514016271605,-2.262006871101928
2020-04-16,0.22121375,0.19147475845410628,-0.02522585064935065,0.03614877777777777,0.24060738095238093,0.08218963636363635,0.051655000000000006,-0.080675,0.26714011111111113,-0.0016687499999999966,1.6865736836743128,1.97818956206576,-0.8258330990770948,-0.400186030622501,1.9399497535147212,0.07257057150334134,-0.03604052229387334,-1.3695551473213403,2.1944505581920035,-0.6744254930200735
2020-04-17,0.14001666666666668,0.09648166666666666,-0.042256444444444444,0.09704654545454545,0.17116854882459315,0.06906969696969696,0.32248333333333334,0.3155,0.012705928571428571,0.21097500000000002,0.8266291619075016,0.4978875220772251,-0.9949757534487609,0.26725176639453513,1.111407777751891,-0.06384703772248593,2.0152970395017378,1.742948785350481,-0.7141903527038236,0.9171133310399572
2020-04-20,0.09098750000000001,0.03311857142857143,-0.21230076604554865,0.09827309523809523,0.0333530354609929,0.038311666666666674,0.023471428571428574,0.01578333333333334,0.16466499999999998,0.03189000000000001,0.3073695832265108,-0.48951606039404655,-2.6838040035081185,0.28069471704273263,-0.5330026225110412,-0.3836607832321035,-0.249511609256629,-0.6117411968222691,1.0229754932019197,-0.4232539748732925
2020-04-21,0.04266833333333334,-0.014864684684684683,-0.2635079047619048,-0.03554,0.09691809523809525,-0.010016666666666669,-0.13378333333333334,-0.053925000000000015,-0.2615766666666667,-0.20800999999999997,-0.2043705060173047,-1.2372516122453783,-3.1923776603912835,-1.1858929906018838,0.22545368505302224,-0.886165824852012,-1.4406078136165752,-1.1593968077012955,-3.849734365276813,-2.2187930579265274
2020-04-22,0.0800002380952381,0.12915686274509805,0.08139842424242424,0.112755,0.2513450427350427,-0.03249166666666667,0.12249375,0.017028124999999998,0.3308878571428571,-0.06278782051282052,0.19100535810491234,1.0070735955251782,0.23312662321071353,0.43941598022926,2.06807119847375,-1.119854843931381,0.500514080088874,-0.6019616323422867,2.9232020971343573,-1.1318730954613232
2020-04-23,-0.006843749999999999,-0.021152458874458872,0.13230372222222225,0.118025,0.17039291666666667,0.133782,0.011401523809523808,0.03254444444444444,0.20365547619047622,0.14683000000000002,-0.7287445731124306,-1.3352356317668979,0.7387024901170164,0.49717502993612905,1.1021529590733319,0.6090141243472983,-0.3409328010523826,-0.48005942929710316,1.4687068530801903,0.4370180643352895
2020-04-24,0.027957575757575757,0.00010099999999999276,0.04220000000000001,-0.032260416666666666,0.0023430357142857202,-0.03912279411764706,0.05062222222222223,0.0774125,0.16351290322580647,-0.1123,-0.3601696415155505,-1.0040374579136508,-0.15618015042981093,-1.1499488507977436,-0.9030129707735066,-1.1888035277760922,-0.04386310061301778,-0.12755864209951515,1.0098049522892116,-1.5024485575554347
2020-04-27,0.11120727272727274,0.12891488888888888,-0.022790833333333333,0.11516657142857142,0.04257795238095238,0.058572575757575754,0.11932666666666666,0.014396666666666665,0.18330944588744588,0.07660833333333335,0.5215137627262444,1.003302854029872,-0.80164925104293,0.46584673431171203,-0.42293120199743856,-0.17299328729836322,0.47652561136759236,-0.6226353861408909,1.2361150860345402,-0.08855820484827272
2020-04-28,0.023317525252525256,0.07987788461538461,-0.08652083333333332,0.22864500000000004,0.024134476923076926,0.06702834210526316,0.09663566666666668,0.011200000000000002,0.0922468253968254,0.21426111111111112,-0.4093116285024333,0.23914647070650083,-1.4345961402002327,1.7095670752063081,-0.642998175008729,-0.08507249782759972,0.3046569592151064,-0.6477496350749249,0.1951053413195611,0.9417083328376039
2020-04-29,0.11555714285714286,0.06024821978021978,0.04978811904761904,0.12639783333333335,0.07480735632183909,0.09174938624338624,0.29102666666666666,0.07883560606060608,0.17595485714285714,0.03632222222222223,0.5675824986341914,-0.06674769857484748,-0.08081727037731225,0.5889410444878045,-0.03837096098274935,0.17197028549857463,1.7770345168623636,-0.1163781708172648,1.1520388919799602,-0.3900808684757225
2020-04-30,0.04805,0.027295416666666666,0.07222251948051948,0.008762666666666665,0.08404902564102565,-0.04746512820512821,0.0976347619047619,0.08331250000000001,0.040477,0.10910166666666667,-0.14737418819420903,-0.5802597946068996,0.1419943405455433,-0.7003370273861637,0.07190034863510592,-1.2755448790435382,0.31222441556094366,-0.0812059615851874,-0.3967169940132911,0.15463916880189993
2020-05-01,-0.042414583333333325,0.11268466666666668,-0.11496107936507935,-0.02515833333333333,0.13921060575968222,-0.030538738095238094,0.0752361111111111,0.034926250000000006,-0.1398009523809524,-0.04972499999999999,-1.1054692287765435,0.7503830825712957,-1.7170559746998713,-1.072110220006031,0.7300865994292323,-1.099548816692706,0.14257010671871653,-0.461347044218473,-2.457618648003851,-1.0341040051500319
2020-05-04,0.05846074074074074,0.06100193406593406,0.009889032634032634,-0.011318,0.14180205128205128,0.08873809523809524,0.06034166666666666,0.08903333333333333,0.2910964705882353,0.0693,-0.0371158008235475,-0.055002372954665195,-0.477082806634929,-0.9204205613799142,0.7610076464484861,0.14065968967259102,0.029754977758919703,-0.03626088365710011,2.4683148894534788,-0.14325765516915956
2020-05-05,0.19058285714285716,0.11389866666666668,0.11433404040404041,0.002096666666666666,0.08161728758169935,0.21485222222222222,0.14279416666666667,0.0615625,0.19925937500000002,0.036892999999999995,1.3621670987580714,0.7693011601149482,0.5602331004109949,-0.7733961972810381,0.042884926075808495,1.4519605407058112,0.6542757146855804,-0.25208236856597155,1.418451499638981,-0.38580886427506283
2020-05-06,-0.012814583333333338,0.0737003431372549,0.15378107142857145,0.07794833333333333,0.06935555555555556,-0.009599999999999997,-0.01619535714285714,0.055650000000000005,0.09847333333333333,0.014090833333333334,-0.7919806550576893,0.14288023618229365,0.952008960656853,0.05793590620071769,-0.10342167741831929,-0.8818334366599584,-0.5499601128896012,-0.2985332539118973,0.26628554020388323,-0.5564723966981295
2020-05-07,0.1305325,0.09296777777777777,0.18656142857142857,0.05214399999999999,0.10748333333333333,0.06901666666666666,0.04738,0.14275333333333334,0.26890533333333333,0.008513333333333333,0.726183963216784,0.4431296781894336,1.2775734527176845,-0.22487885122862106,0.35151777596002126,-0.06439843258329277,-0.06842069451862673,0.38578420061911695,2.2146302271387146,-0.5982173705861221
2020-05-08,0.17955000000000002,0.043224285714285715,0.07531833333333333,0.14566166666666666,0.05686541666666667,0.170078125,0.13292916666666665,-0.015125,0.5284142857142857,-0.04180477272727273,1.2453199822121876,-0.3320360879960732,0.17274101789606283,0.8000721084431817,-0.2524536244635648,0.9864114924288182,0.5795551535166465,-0.8545690104206324,5.181284896352552,-0.9748248154257887
2020-05-11,0.08634952380952382,0.08066748214285714,-0.06533233333333333,-0.003328666666666666,0.06549347826086957,0.138615,0.059935,0.093225,0.05810977777777778,0.015475000000000003,0.25824956495305185,0.251450974209797,-1.224158431728406,-0.8328576958913478,-0.14950386305184427,0.6592663614645656,0.026674758646701508,-0.0033295301278531515,-0.19514258956321184,-0.5461125578175146
2020-05-12,0.06129833333333333,0.07544941666666667,0.005630666666666667,-0.16591314285714284,0.009740952380952385,0.019804545454545457,0.046942222222222225,0.025744444444444445,-0.029849666666666656,0.016630555555555555,-0.007063339517904331,0.17013650361142196,-0.5193755964032896,-2.6147789182539594,-0.8147412602088946,-0.5760928634120186,-0.07173655880882886,-0.5334828576864976,-1.2006774436344707,-0.5374637659765839
2020-05-13,-0.05286666666666667,0.07698922222222222,-0.10073532467532469,0.013097545454545455,0.02432993473193473,-0.009042444444444441,0.12213866666666666,-0.24174166666666666,0.07198333333333333,0.11731666666666667,-1.2161654685251,0.19413169381088394,-1.575770125385653,-0.652826879495776,-0.6406659785393054,-0.8760361236072317,0.49782456909765227,-2.6349571374073912,-0.03654286500701426,0.21612459425951697
2020-05-14,0.02447333333333333,0.05096790196078431,-0.08145166666666667,0.10342016666666667,0.039183333333333334,-0.01116566666666668,0.045355000000000006,0.01544,0.05096657142857143,0.08207,-0.3970706613826614,-0.21136530330122338,-1.3842507256029228,0.3371064731124979,-0.4634356904297965,-0.898112818530419,-0.0837586708356151,-0.6144385561968319,-0.27680230216504337,-0.04768018918087353
2020-05-15,0.03297166666666666,0.04525925925925926,0.10089999999999999,-0.02206095238095238,-0.015990454545454547,-0.019510666666666662,0.049763888888888885,0.0078625,-0.07678637426900585,0.12682500000000002,-0.3070662561240781,-0.3003245663131317,0.4268103154972825,-1.0381630131009683,-1.1217676038364537,-0.9848818892408675,-0.05036438275560965,-0.6739703251116315,-1.737248538729472,0.2872900136621759
2020-05-18,0.018767499999999996,0.10035615384615384,0.09119087301587303,0.09190557142857143,0.06224666666666667,0.2154867878787879,0.10248499999999999,0.07658888888888889,0.06240009523809524,-0.05776354166666667,-0.4575001733267209,0.558264662854347,0.33038223263149896,0.21090683768334811,-0.18824471756736846,1.4585585841240218,0.3489616190357668,-0.1340292493370378,-0.14609653466112033,-1.0942687226708818
2020-05-19,0.109237,-0.02539507692307692,0.21148000000000003,0.04289371428571428,0.16274416666666666,0.09060083333333332,0.21291666666666667,0.37591250000000004,0.037740833333333335,0.659375,0.5006469388373969,-1.401349451562496,1.5250570910035524,-0.32626171885180283,1.010888313011119,0.16002794054146577,1.1854052180376895,2.2175727364643487,-0.42799630651075743,4.273177211161135
2020-05-20,0.11520819047619046,-0.005405833333333332,0.02310547619047619,0.3244633333333334,0.1895010989010989,0.153325,0.05567888888888889,0.046009999999999995,0.03234000000000001,0.01035,0.5638868032220102,-1.089851873086608,-0.3458211271311784,2.7597332759329376,1.3301511925778542,0.8122169941968246,-0.005562343291418754,-0.37426882004039197,-0.4897375577430408,-0.5844707812466426
2020-05-21,0.02321333333333333,0.04472824242424242,0.009273333333333331,0.06245400000000001,0.13294916666666667,0.0983125,0.15372999999999998,0.01615,0.02418888888888888,0.07338333333333334,-0.41041510742609905,-0.3085995396754328,-0.48319774398051124,-0.1118815452556002,0.6553753037712273,0.24021178119999312,0.737107098721728,-0.6088605217620568,-0.5829194368851551,-0.11269581861587044
2020-05-22,0.003237499999999995,-0.006991111111111105,-0.045506,0.10983124999999999,0.07008833333333334,-0.04566666666666667,0.07300000000000001,0.004091666666666667,-0.07866733333333334,0.06920833333333334,-0.6219757662271873,-1.1145556687441278,-1.027249346419618,0.4073717636105772,-0.09467819586497483,-1.2568449585641146,0.12563310955112317,-0.7035954493104071,-1.7587512882091731,-0.1439437372142333
2020-05-26,0.14381000000000002,0.15042682142857142,0.07303385714285714,0.2418135714285714,0.06365399999999999,0.11726354166666667,0.010655555555555555,0.17176875,0.06584780952380953,0.1735,0.8668037111070576,1.3385288901909391,0.15005229832732228,1.8538942425139566,-0.17145246019744279,0.43725962714506916,-0.3465829953302049,0.6137405292191332,-0.10668295146875766,0.6366305167947715
2020-05-27,0.15689416666666667,0.08869369047619047,0.249085,0.2559624285714286,-0.10335492063492062,0.13584257142857142,0.22704583333333334,0.883,0.04039333333333333,0.0877,1.005375898493311,0.37652546484530747,1.8985384618926209,2.008965313293781,-2.1641976840546975,0.6304393931297599,1.2924238964140426,6.20144813990657,-0.397673454686601,-0.005542277394338702
2020-05-28,0.027732,0.072276,0.03350499999999999,-0.013681499999999996,0.01489166666666667,0.13017892063492062,0.0445375,0.19265000000000002,0.145848,-0.0008160000000000001,-0.3625586760597388,0.12068432685827601,-0.24253623392616674,-0.9463244539761543,-0.7532830982538959,0.5715502719561739,-0.08995066868210305,0.7777917004038458,0.8078632961142093,-0.6680430588680366
2020-05-29,0.06067416666666667,0.08024990476190477,0.082255,0.015082000000000002,0.13924131944444446,-0.07298333333333334,0.08857333333333334,0.06793333333333333,0.066475,0.0861375,-0.013673782696829442,0.24494375734543766,0.24163387193321675,-0.6310773142715007,0.7304530741563565,-1.5408763284351459,0.24359035293049744,-0.2020306393947802,-0.09951303483349057,-0.017236857708097224
2020-06-01,0.052932,0.04882191866028708,0.025296401515151515,0.128054,0.13194944444444445,0.082215,0.03842,0.240975,0.08438999999999999,0.10338750000000001,-0.0956697551909845,-0.2448067188582167,-0.3240615261798337,0.607092583922882,0.6434466494457964,0.07283429578819586,-0.13628650577799276,1.1574515793623001,0.10528767786387541,0.11187130895579733
2020-06-02,0.24737777777777778,-0.13008966666666666,0.16705,0.06327737373737373,0.022647662337662338,0.28571166666666664,0.17800833333333332,0.10230625000000002,0.1347875,0.07401666666666666,1.963672459039044,-3.0328324558212407,1.0837919052941691,-0.10285739257546755,-0.6607388001955892,2.188738029681618,0.9209987044909218,0.06801628002820419,0.681421862522849,-0.1079556153953604
2020-06-03,-0.04811666666666667,0.09213952380952381,0.22594444444444442,0.14261523809523807,0.0846342857142857,0.22589507246376814,0.0980111111111111,0.24596666666666667,0.21564166666666665,0.0,-1.1658590251073784,0.4302227813218336,1.6687135340366561,0.7666833381802652,0.0788836535464213,1.5667811342892253,0.31507500085175916,1.196668042113829,1.6057305958683668,-0.6619356812449794
2020-06-04,0.06102,0.06515,0.016734000000000002,0.19571500000000003,0.09716,0.21636314285714286,0.15231250000000002,0.17003333333333334,0.15185666666666667,-0.08941333333333334,-0.010011120588346243,0.00963801666382147,-0.4091006820362738,1.3486552143244874,0.22834008511525472,1.4676706880286758,0.7263705152998364,0.6001064250989233,0.8765531769790844,-1.3311525822290002
2020-06-05,0.08533125,-0.016588888888888875,-0.01656550505050505,0.159174,0.03548125,0.12955380952380952,0.11653333333333334,0.0323,-0.021294999999999998,0.09545833333333333,0.2474651999461975,-1.2641203345157461,-0.7398211925053632,0.9481668964234061,-0.5076088331144812,0.5650505343645758,0.45536804074432274,-0.48197987933724473,-1.1028821977387557,0.05252521205691043
2020-06-08,0.0584725,0.03983766666666667,0.2744566666666667,0.2963647619047619,0.08373625,0.2641972549019608,0.34640000000000004,0.025449999999999997,0.157150625,0.0168,-0.036991260505534806,-0.38481065286729865,2.150522103653216,2.451773734408295,0.06816831945712419,1.9650369493094824,2.1964492700768687,-0.5357961270530319,0.9370726544927225,-0.5361955537114473
2020-06-09,-0.20013333333333333,0.10146335227272728,0.14146,0.01983733333333333,0.012915000000000001,0.1987285,0.4144,0.0348,0.1443457142857143,0.745,-2.7758417283110215,0.5755184237193604,0.8296398435722897,-0.578958996553715,-0.7768686231718638,1.2843104036637938,2.711502301955986,-0.46233891301761443,0.7906894649693148,4.914040212355104
2020-06-10,-0.11949000000000001,-0.0019891372549019626,0.31961833333333334,0.06499111111111111,0.07408125,0.09669083333333335,0.5341,0.006866666666666667,0.12704321428571427,-0.0245,-1.921761878763697,-1.0366086100265932,2.599053979156522,-0.08407487983273199,-0.04703483893224166,0.22335012635652088,3.6181471242490795,-0.6817939766956174,0.5928907303086292,-0.8453067005647136
2020-06-11,0.0155,0.04104095238095238,-0.1811154761904762,0.04678666666666668,0.21681666666666666,-0.016601929824561403,0.0099,0.132825,0.09606999999999999,-0.0245,-0.4921057109830167,-0.36605953882279585,-2.374081232423278,-0.28359507177819687,1.6560796938509934,-0.9546376240844003,-0.3523058067955285,0.3077833763750915,0.23881111209804987,-0.8453067005647136
2020-06-12,0.08457395833333334,0.00865866666666667,-0.043281,0.11891961904761902,0.10659166666666667,0.153764,0.19476666666666664,0.5041,0.08400416666666666,0.42925,0.23944485249780206,-0.8706811139328186,-1.0051513262034717,0.5069800291847322,0.34087843714795313,0.8167815983959724,1.0479315043817188,3.2246632845033942,0.10087690802580299,2.5507994225507735
2020-06-15,0.0032854166666666657,-0.008524545454545457,-0.09132,-0.00024375000000000655,0.03199942857142857,-0.004810595238095245,0.2812,0.01225,0.18140416666666667,0.05805,-0.6214682889470963,-1.1384515746890955,-1.4822599972881676,-0.7990470972022495,-0.5491538176322651,-0.8320344911300993,1.702604304216303,-0.6395004292206802,1.214334313369005,-0.22745863342822123
2020-06-16,-7.7777777777778e-05,0.08229166666666668,0.01780312500000001,-0.028864583333333336,-0.005079166666666662,0.23490458333333333,0.0,0.100775,0.13420625,-0.26055,-0.6570873102149363,0.276761063803396,-0.3984824591762344,-1.112730614308893,-0.9915744577223192,1.6604596107071832,-0.4272914687896941,0.055986188157430505,0.6747771282635499,-2.6120303377248475
2020-06-17,0.12914833333333334,0.17406516666666666,-0.019577499999999998,-0.0101675,-0.09114166666666668,0.010291666666666668,-0.009,0.086075,0.0929625,0.0103,0.7115244890910235,1.7068913681299132,-0.7697354061165406,-0.9078111141905874,-2.018469519232915,-0.6750052243713214,-0.4954602524207537,-0.05950269380199597,0.20328679087521637,-0.5848450078166829
2020-06-18,0.0746425,0.03977247619047619,0.021278333333333337,-0.010845000000000004,0.1776916666666667,-0.004623333333333331,0.020233333333333336,0.13203333333333334,-0.090575,0.19519999999999998,0.13426246371858258,-0.3858265330021249,-0.36396775175811324,-0.915236494869222,1.1892414160691254,-0.8300873920940706,-0.2740379441080155,0.30156373704054196,-1.8948773624428321,0.7990448481922504
2020-06-19,-0.01250833333333333,-0.04950488888888889,0.010334126984126982,-0.04777083333333333,0.08357916666666666,0.1035875,0.00065,0.13203333333333334,0.014416666666666668,0.023200000000000002,-0.7887372133110204,-1.7770589180634115,-0.4726622655353887,-1.3199425751287206,0.06629400603088599,0.2950598157113912,-0.4223681677496731,0.30156373704054196,-0.6946335354477088,-0.48829455274629224
2020-06-22,0.0353,0.027109499999999998,0.12802083333333333,-0.06713333333333334,0.21230833333333332,0.07941666666666668,0.11991666666666666,0.13203333333333334,0.10771238095238096,0.00818888888888889,-0.2824072731575669,-0.5831569823471446,0.6961661461843532,-1.5321550229369272,1.6022864013525928,0.043737976690364305,0.4809944538500729,0.30156373704054196,0.3719044928706909,-0.6006456852183835
2020-06-23,0.09414444444444443,0.16102466666666668,-0.038993749999999994,0.080225,0.013982291666666664,0.11644399999999999,0.003016666666666667,0.01915,0.05390416666666667,0.0042,0.34080424576700213,1.5036778671348554,-0.9625716690476637,0.08288810793999135,-0.7641337323461104,0.42873825281011896,-0.40444230242446855,-0.5852913621785003,-0.24322029834822537,-0.6305006493615964
2020-06-24,-0.0033732323232323197,0.020888166666666663,-0.0009557142857142858,-0.048858888888888896,0.027508333333333333,-0.014993333333333334,0.0,-0.0045,-0.12979166666666667,0.0181,-0.6919889097152694,-0.6801056367333966,-0.5847895197457412,-1.331867632987766,-0.6027414257167822,-0.9379118694178996,-0.4272914687896941,-0.7710949035622034,-2.343194486805008,-0.5264656628904001
2020-06-25,0.05418,0.08746373333333335,-0.01512,0.07111385714285715,0.027566666666666656,-0.002414705882352941,0.0142,-0.0045,-0.2862,-0.10815,-0.08245239910986525,0.3573587229969218,-0.7254648779756543,-0.01696975793706714,-0.6020453942057125,-0.807122676519816,-0.3197362768384666,-0.7710949035622034,-4.131223408852112,-1.4713877522420922
2020-06-26,0.17455,0.06869313725490196,0.04151666666666667,-0.016471428571428567,0.004238333333333337,0.08511481481481481,0.3442,0.2723,-0.08887500000000001,0.1216,1.192365831246165,0.06485164544144863,-0.16296680832390834,-0.9769019915540967,-0.8803983387898576,0.1029857920990255,2.1797857896337205,1.4035528873472685,-1.8754433009532692,0.2481833370929671
2020-06-29,0.06640628205128205,0.02898353846153846,-0.03049166666666666,0.08401833333333333,0.09566291666666667,0.11815178571428571,0.1903,0.009,0.013649999999999995,0.009,0.04703407798948732,-0.5539533538997212,-0.8781315749445805,0.12446293309269013,0.21047693354901137,0.446495350401629,1.0140995895426006,-0.6650336854361997,-0.7033979161194726,-0.59457489863773
2020-06-30,0.0015428571428571427,0.11343133333333333,0.03236583333333333,0.07400309523809523,0.01325,0.06835583333333332,0.024533333333333334,0.36040000000000005,0.18428,0.18005,-0.6399234409653143,0.7620185833120372,-0.25385008922035096,0.014696209189656917,-0.7728714136368625,-0.0712696002558897,-0.2414684141509537,2.0957005404510425,1.2472102673888492,0.6856541974700474
2020-07-01,0.0977875,0.035307857142857155,0.05606249999999998,-0.12769166666666668,0.13669861111111112,0.13433055555555554,0.0187,0.0245,0.10431666666666667,0.0253,0.37938722854030155,-0.45539985206779615,-0.018502035712360865,-2.1958726292301223,0.7001135577541855,0.6147178578150762,-0.2856518850229368,-0.5432596942544914,0.33308536332389127,-0.47257703680460067
2020-07-02,0.009891666666666665,0.131772,-0.005678484848484849,0.10437833333333332,0.04018055555555556,0.08241041666666667,0.0077,0.09355000000000001,0.28652500000000003,0.5927,-0.5515026169832388,1.0478259590964545,-0.6316946340703813,0.3476079524535726,-0.4515368660262685,0.07486618585026902,-0.3689692872386764,-0.0007762045063011603,2.4160547479773062,3.7741460800124296
2020-07-06,0.06571,0.02803909523809524,0.06979761904761905,0.144685,0.048602,-0.04425181818181817,-0.12064166666666669,0.02815000000000001,0.047286742424242426,0.007375603864734304,0.0396598730177831,-0.5686708581309207,0.11791097030357679,0.7893678696297013,-0.3510524539909937,-1.2421337436777886,-1.3410687656664078,-0.514583883427831,-0.3188693746010478,-0.6067327425194732
2020-07-07,0.08569166666666668,0.11318931818181818,-0.12475119047619049,-0.21372500000000003,0.052697916666666664,-0.06412142857142858,-0.3612,0.4796,0.011000000000000001,-0.1796,0.25128231166166515,0.7582471983012445,-1.8142883671725238,-3.1387955090114557,-0.3021801042758572,-1.4487326207161555,-3.1631319851828885,3.0321818145710173,-0.7336921884414386,-2.006157520829644
2020-07-08,0.04640624999999999,0.06966416666666667,0.0207,0.09615833333333333,0.1306970238095238,0.02472,0.0155,-0.3071,0.010851111111111103,0.008575000000000001,-0.16478286532428912,0.07998344915556059,-0.3697115817318981,0.2575169868766349,0.6285028055540436,-0.5249832860568907,-0.3098896747584247,-3.1484374668902606,-0.735394256571897,-0.5977558244830724
2020-07-09,0.0859625,0.04728535714285714,0.06766875000000001,0.08355902777777778,0.1253888888888889,-0.06960000000000001,0.0077,0.0,0.10712698412698413,0.18843333333333334,0.25415066150565785,-0.26875135636837477,0.09676769333646962,0.11942895730256219,0.5651663055008043,-1.5056973363156712,-0.3689692872386764,-0.7357411641868689,0.3652123529291867,0.7483995190468001
2020-07-10,0.014216666666666667,-0.006964285714285716,0.10475999999999999,0.11571777777777778,0.012493636363636363,0.015395238095238092,-0.0142,0.0348,0.10111111111111111,0.03605,-0.5056972763976292,-1.1141376416129236,0.4651466561868665,0.47188794017936886,-0.7818963209180595,-0.621939658144654,-0.5348466607409216,-0.46233891301761443,0.29644009051514,-0.3921183242459418
2020-07-13,0.0413888888888889,0.009322761904761907,-0.05438333333333334,0.016202666666666664,0.080375,0.09672499999999999,0.0,0.0323,0.19955625000000002,0.07964166666666667,-0.2179208848700547,-0.8603323452255236,-1.1154163088760085,-0.6187948395647017,0.02806198945854774,0.223705382188269,-0.4272914687896941,-0.48197987933724473,1.4218453155241069,-0.06585512626582954
2020-07-14,0.04336071428571429,0.05972047619047619,0.00645,0.071243125,0.1766,0.0969395,0.0,0.0,0.012812500000000001,0.0168,-0.19703761692162888,-0.07497166410527152,-0.5112382280600256,-0.015552985909322392,1.1762156835048174,0.22593569562953822,-0.4272914687896941,-0.7357411641868689,-0.7129720493533014,-0.5361955537114473
2020-07-15,0.13748333333333332,0.09048257142857144,-0.1624833333333333,0.1657875652173913,0.23228333333333334,0.10982,0.0,0.04481666666666667,0.03696250000000001,0.21056666666666668,0.7997990587513831,0.40440206169333565,-2.189032482073944,1.0206513825962567,1.8406274773575215,0.3598636782881284,-0.4272914687896941,-0.38364410796362874,-0.4368940581927436,0.9140571473846282
2020-07-16,0.06002916666666667,0.1316243650793651,-0.014741666666666674,-0.1793888888888889,0.2086075,0.0198125,0.0258,0.04481666666666667,0.03949166666666667,0.025500000000000002,-0.020504868171446367,1.0455253257548383,-0.7217073868977029,-2.7624727104522067,1.5581281736288597,-0.5760101541828976,-0.23187428904732307,-0.38364410796362874,-0.4079811284766535,-0.47108013052443964
2020-07-17,-0.53915,0.05696444444444445,-0.10470833333333332,-0.03078404761904762,0.08885833333333332,0.1199625,0.19675,0.04481666666666667,-0.039119999999999995,0.16653333333333334,-6.366309677643912,-0.11791962315320932,-1.6152288335400795,-1.1337678881398479,0.12928485778270984,0.46532267165909613,1.0629538844781934,-0.38364410796362874,-1.3066540483572628,0.5844882813691601
2020-07-20,0.05641666666666667,0.09947308441558442,0.05840277777777778,0.16940158730158728,0.050083333333333334,0.2915181818181818,0.0103,0.030299999999999997,0.10013858974358975,-0.1446111111111111,-0.058764242244397726,0.5445035623898153,0.004740888172911778,1.0602609615721197,-0.3333772309327392,2.2491126161121886,-0.3492760830785925,-0.4976926523929491,0.2853224198937728,-1.744282083261461
2020-07-21,0.15707333333333334,0.203759751552795,-0.004075848595848597,0.15245833333333333,0.08031250000000001,-0.10262142857142857,0.0103,0.07792,0.16562416666666668,0.021325,1.0072734222362603,2.1696298026458503,-0.6157777404479612,0.8745633812782897,0.027316241410972955,-1.8490452896619043,-0.3492760830785925,-0.12357152593663014,1.033940495542355,-0.5023280491228025
2020-07-22,0.06514166666666667,0.087928,0.14691666666666667,-0.015862499999999998,0.15664999999999998,-0.09705740740740743,0.2787,0.01355,0.16169999999999998,0.021325,0.03364075119131181,0.36459351113607574,0.8838337897802767,-0.9702281517770426,0.9381729067189186,-1.791192090642685,1.683668530985453,-0.6292871267344724,0.9890802036039466,-0.5023280491228025
2020-07-23,0.003679166666666671,0.054859038461538466,-0.039349999999999996,0.024530000000000003,-0.06013,0.08783250000000001,-0.013040833333333335,0.00485,0.16319999999999998,0.2539,-0.6172981495585219,-0.15072871182329606,-0.9661098352058669,-0.527527503715429,-1.6484392813335655,0.13124355339346208,-0.5260667738862175,-0.6976376895267858,1.006227904918267,1.2383868414195323
2020-07-24,-0.009243750000000002,-0.021718833333333333,0.15937788461538463,0.019125,0.010510000000000002,-0.016540625000000003,-0.051383333333333336,0.0,-0.0462281746031746,0.4077611111111111,-0.7541625655761214,-1.3440615921719485,1.0075947992852536,-0.5867661495722841,-0.8055650080425447,-0.9540001929690906,-0.8164847279277625,-0.7357411641868689,-1.3879132850141132,2.389965158893464
2020-07-27,0.077675,0.01718611111111111,-0.11697333333333333,0.07168541666666667,0.08931785714285714,0.11555,-0.010447500000000002,-0.05590000000000001,0.061351190476190476,-0.041318750000000015,0.16637915627947525,-0.7377957306962546,-1.737041066327061,-0.010705481856204036,0.1347678815229748,0.4194426807052489,-0.5064240651214158,-1.1749131710938034,-0.1580874050373278,-0.9711871630620109
2020-07-28,0.12195999999999999,0.06920504761904762,0.0207,0.01975285714285715,0.07098958333333333,0.049689407894736845,0.31339375,-0.05590000000000001,0.014110119047619043,0.125,0.635394071385538,0.07282887770199807,-0.3697115817318981,-0.5798848531921895,-0.0839245090189453,-0.2653580830351463,1.9464497239965728,-1.1749131710938034,-0.6981379267877386,0.27363074385570574
2020-07-29,0.06004999999999999,0.05920388888888889,0.0232125,-0.11168928571428571,0.07966,0.06982395833333334,0.06526666666666667,0.09859,0.22102986660079052,0.03611111111111111,-0.0202842258757547,-0.08302177829760661,-0.34475819935299146,-2.0204869903578597,0.019530631794291143,-0.05600443046118884,0.06705845102369405,0.038819983594073536,1.667327424596498,-0.3916609362158926
2020-07-30,0.06031500000000001,0.05456066666666666,0.006316222222222226,0.10526444444444444,0.006046875,0.03953255189255189,0.03723,0.09356249999999999,-0.011874242424242426,0.12443333333333334,-0.01747765587455534,-0.15537831705577018,-0.5125668680770163,0.35731970496068377,-0.8588188761198662,-0.3709663462645569,-0.14529993383587733,-0.0006779996747031285,-0.9951859730296148,0.26938950939524936
2020-07-31,0.01035,0.046304285714285714,-0.12410095238095238,0.041466666666666666,0.009303988603988607,-0.06812933333333333,0.3538,0.0216,0.26084999999999997,0.03648333333333333,-0.54664848647802,-0.28403964744051335,-1.8078304010719035,-0.3419021200591349,-0.8199550983454014,-1.4904057389529988,2.2524991588401844,-0.5660432151852627,2.1225432604805223,-0.38887502730559276
2020-08-03,0.045426,0.009408705882352944,0.08128450000000001,-0.034736666666666666,0.05675285714285714,-0.06899851515151516,0.5388999999999999,-0.08185,0.08030722222222222,0.13493333333333332,-0.17516452662117774,-0.8589930578841091,0.23199516244118548,-1.177088480178509,-0.2537966811854354,-1.4994432582630113,3.6545038088523105,-1.3787864014915663,0.05861417528649022,0.3479770891037068
2020-08-04,0.09231974358974358,0.15952474747474749,-0.008433333333333333,0.00783166666666667,-0.05081666666666667,-0.03857407407407407,0.07315,-0.14579999999999999,0.21724515151515153,0.28531666666666666,0.3214791488614702,1.4803042365072279,-0.6590549475582921,-0.7105407608353278,-1.5373128789376092,-1.1830980840060474,0.12676925594497412,-1.8812023199477106,1.6240613153642713,1.4735258695948377
2020-08-05,0.14981875,0.07067094117647059,-0.0737138888888889,0.089245,0.12943333333333334,0.005179999999999999,0.02001666666666667,0.17205,0.07147053571428572,0.0084,0.9304413620304751,0.09567227802330636,-1.3074014807663474,0.18174705070203268,0.6134244902683157,-0.7281549627114344,-0.27567904445468916,0.6159501379300918,-0.042405065277763006,-0.5990656174782133
2020-08-06,0.15064761904761906,0.023632666666666663,0.12457499999999999,0.10410833333333333,0.18496,0.14672222222222223,0.12756666666666666,0.0045,-0.012858333333333328,-0.029062500000000005,0.9392197733662117,-0.6373373798812103,0.6619431822915575,0.3446487601536003,1.275966942348432,0.7435630826467493,0.5389379199364736,-0.7003874248115342,-1.006435904346434,-0.8794548750808887
2020-08-07,0.01853589743589744,0.1513625,0.0029866666666666665,-0.05986666666666667,0.051621428571428575,0.01723333333333333,0.12756666666666666,0.19568750000000001,0.192325,0.0,-0.45995303675544186,1.3531098125716805,-0.5456349966062067,-1.4525125635055711,-0.3150247266000395,-0.6028276370917092,0.5389379199364736,0.8016554744821968,1.3391791054379873,-0.6619356812449794
2020-08-10,0.18227333333333334,0.06529536796536797,0.11762555555555557,0.14541666666666667,0.018338888888888887,0.1340977777777778,0.11984444444444443,0.0077,0.10753541666666666,-0.03613888888888889,1.2741623431050146,0.011903323452284658,0.5929234232693921,0.7973869154302438,-0.7121509503854331,0.6122974969451159,0.48044742040118166,-0.6752469879224073,0.3698814723942036,-0.9324183299240886
2020-08-11,0.13285555555555553,0.00022437499999999888,0.08755357142857143,0.038361428571428574,0.20759444444444444,-0.013174074074074074,-0.000325,0.0181,0.168265,0.01935,0.7507870501350532,-1.0021148732209422,0.2942576645378308,-0.375935441025837,1.5460404263866128,-0.9189956998184623,-0.42975311930970456,-0.593540568032745,1.0641299763562888,-0.5171099986393933
2020-08-12,0.0086,0.0795875,0.11122833333333333,-0.01217638888888889,0.02045,0.006324999999999996,-0.000325,0.0155,0.003902976190476191,0.004739999999999999,-0.5651824393161279,0.23462133176800845,0.5293881666429441,-0.9298284791220695,-0.6869612385562375,-0.7162495599596713,-0.42975311930970456,-0.6139671730051607,-0.8148239514456613,-0.6264590024051614
2020-08-13,0.14936875,-0.02278404761904763,-0.080325,-0.02427833333333334,-0.1499,-0.04630666666666666,0.3705,-0.00575,0.0002873015873015871,0.0,0.925675488443533,-1.3606611032574094,-1.3730610164897281,-1.0624654451024174,-2.7195721170263027,-1.2634995068271087,2.3789901240222613,-0.7809153867220187,-0.8561576235423359,-0.6619356812449794
2020-08-14,-0.075525,-0.046771875,0.24855833333333333,0.1001875,0.00805,0.08605500000000002,0.0099,-0.11206666666666666,0.13439166666666666,0.3839,-1.4561360293194596,-1.734469652266147,1.8933077694669262,0.30167653863702565,-0.8349176511950916,0.11276158536616172,-0.3523058067955285,-1.6161802144081652,0.6768967746760143,2.211375923524245
2020-08-17,0.14206333333333332,0.0611751851851852,-0.13175416666666667,0.05786833333333335,0.01688,0.2037616666666667,0.31015833333333337,0.192,0.004815000000000007,0.12764999999999999,0.8483050610362599,-0.052302555731833476,-1.8838397871412131,-0.16214032114537852,-0.729558367033714,1.3366439200685243,1.9219436774736478,0.7726850491607419,-0.8043978768608194,0.2934647520678402
2020-08-18,0.15536333333333335,0.06116080357142857,0.041479166666666664,0.13892916666666666,-0.03195,0.14,0.0,0.18169999999999997,0.00043333333333333245,0.009,0.9891631026058806,-0.052526668157081235,-0.16333924686687712,0.7262841004447954,-1.3121964016430083,0.6736672198149519,-0.4272914687896941,0.6917642679238646,-0.8544882177000953,-0.59457489863773
2020-08-19,-0.0077,0.12965636363636363,0.05134444444444444,0.08718999999999999,0.09595208333333334,0.12300166666666666,0.01615,0.0168,0.15343333333333334,0.009,-0.737812971465362,1.014857447744359,-0.06536032202587425,0.15922430930779805,0.21392726118245786,0.49692311113193477,-0.30496637371840374,-0.6037538705189529,0.8945773163605812,-0.59457489863773
2020-08-20,0.103455,0.10902,-0.006322500000000002,0.11660785714285715,0.06355,0.11165,0.005588888888888889,0.010950000000000001,-0.16099722222222224,0.00978,0.4394107586602883,0.693275629382137,-0.638090795795184,0.481643184636803,-0.1726933849486073,0.3788915272276276,-0.38495949574472743,-0.6497137317068878,-2.699930184147739,-0.5887369641451018
2020-08-21,0.14484444444444447,0.18183033333333332,0.011949999999999999,0.27515833333333334,0.007425000000000001,-0.10636199999999998,-0.3324,0.35001666666666664,-0.05527583333333333,0.18885000000000002,0.8777593365624725,1.827897978623641,-0.4566139084246079,2.2193518820435303,-0.8423751316708403,-1.8879387476347262,-2.9449918775634973,2.014125060336844,-1.4913443180132233,0.7515180737971359
2020-08-24,-0.18252500000000002,0.044612857142857135,0.08006074074074075,0.25717666666666666,0.17548750000000002,0.07351125,0.019766666666666665,0.01,0.01523333333333333,-0.09275,-2.589354859992345,-0.31039761850627545,0.21984115936217102,2.0222733281891947,1.1629413682579848,-0.01766496115561091,-0.2775726217777742,-0.6571772989083474,-0.6852975647321344,-1.3561259686696878
2020-08-25,0.11716666666666667,0.08678749999999999,0.039953333333333334,0.05067222222222223,0.053487037037037034,0.044533333333333334,-0.1444,0.02325,0.20223000000000002,0.19440000000000002,0.5846286919927778,0.34682080319658976,-0.1784933573596725,-0.2410094936999931,-0.29276434466777296,-0.31896956274835986,-1.5210217306035845,-0.5530801774143065,1.4524110931168832,0.7930572230716062
2020-08-26,0.1429725,-0.004030357142857141,0.09919404761904761,0.026743749999999997,0.10392799999999999,-0.20194374999999998,0.0,0.015050000000000001,0.11022777777777777,0.26475,0.8579338908202486,-1.068417470095771,0.4098673176536562,-0.5032648668485257,0.3090956496910422,-2.8817721358166826,-0.4272914687896941,-0.6175025469426941,0.400660008503287,1.3195940071182717
2020-08-27,0.0019249999999999996,-0.004821754385964913,-0.07820714285714285,-0.055799999999999995,0.09778466666666667,0.06569833333333333,0.014525,0.12396666666666667,0.07599583333333335,0.0097,-0.6358762308557682,-1.0807500190355943,-1.3520271063963498,-1.4079420128146285,0.23579358826808314,-0.09890157214480724,-0.31727462631845615,0.23818888571586802,0.00932723600879288,-0.5893357266571662
2020-08-28,0.021779166666666662,-0.03474900284900285,-0.010625,0.04655333333333333,0.044956,0.05963333333333334,-0.04053333333333334,0.0155,0.3836,0.0097,-0.4256041230615199,-1.5471141105445785,-0.6808219112917994,-0.28615239845718554,-0.3945564120943213,-0.1619638146683388,-0.7343034721058739,-0.6139671730051607,3.5257968180357384,-0.5893357266571662
2020-08-31,0.05545555555555556,0.017386176470588238,0.04428619047619048,0.062329999999999997,0.061255555555555556,0.032102000000000006,0.0038499999999999997,0.1964,0.16780833333333334,0.035166666666666666,-0.06894320681897767,-0.734678060198407,-0.13546074399493957,-0.11324058171929138,-0.20007062438402246,-0.44822723093591615,-0.39813037801418527,0.8072531498832912,1.0589094539561512,-0.3987296603166533
2020-09-01,0.06508333333333333,0.07842410714285714,0.19383958333333334,0.07273666666666666,0.0215625,0.17908333333333334,0.0038499999999999997,-0.08325,0.025043749999999993,0.0194,0.0330229527633748,0.2164918784853394,1.3498578621850157,0.000816188163595844,-0.6736869233094048,1.080045232229576,-0.39813037801418527,-1.3897853426305595,-0.5731468348861143,-0.5167357720693531
2020-09-02,0.17952222222222222,0.10792333333333334,-0.08072,0.08837222222222223,-0.08304375,0.23895555555555556,-0.02723333333333333,0.0,0.144684126984127,0.025833333333333333,1.2450257924845984,0.6761859876691726,-1.376984035808999,0.17218143114800663,-1.9218454305354644,1.7025805328397252,-0.6335651585177523,-0.7357411641868689,0.7945581315515509,-0.4685852867241711
2020-09-03,-0.020588095238095235,0.09764732142857144,0.012199999999999997,-0.0012699999999999975,-0.08587333333333334,0.10068333333333333,0.0057875,-0.009,-0.027575000000000002,0.1411,-0.8743085996458765,0.5160522232097147,-0.4541309848048163,-0.810294767935015,-1.955607930476004,0.2648630700127779,-0.38345515376027656,-0.806448642937538,-1.174673907241377,0.394131699408674
2020-09-04,0.013958333333333333,0.035274,0.13854375000000002,-0.028768666666666665,0.04933571428571429,0.009044444444444445,0.08020000000000001,0.024522222222222223,0.0096375,0.0219,-0.508433240864207,-0.4559274567251093,0.8006765395474196,-1.1116793703776373,-0.3422977980542062,-0.687973506359535,0.18016813645597088,-0.5430851078872058,-0.7492680171352795,-0.4980244435673393
2020-09-08,0.08745,0.0094539696969697,-0.14831228571428573,0.003725000000000006,0.03778666666666667,-0.083606,0.17635,0.025150000000000002,0.10496458333333333,0.010291428571428573,0.26990452141804966,-0.8582877000959367,-2.0482899666718386,-0.7555497103855254,-0.48010067346626956,-1.6513279659586362,0.9084379749144581,-0.5381530430113874,0.34049221764160464,-0.5849091609429755
2020-09-09,0.23929999999999998,0.11436212121212122,0.20049999999999998,-0.11049999999999999,0.2021333333333333,0.05893333333333334,0.17635,-0.3485,0.05466875,0.0413,1.8781220862561583,0.7765232927581667,1.4160070856223,-2.0074524528460764,1.4808786192074037,-0.16924222683098877,0.9084379749144581,-3.473691869143339,-0.23447973392828708,-0.352824534391713
2020-09-10,-0.076625,0.19368124999999997,0.016800000000000002,0.22007500000000002,0.3839,0.046193333333333336,-0.23775,-0.3485,0.03526666666666667,0.0097,-1.4677859425319844,2.012573893338108,-0.40844519020064873,1.6156401196108872,3.6497128077011456,-0.30170932819121843,-2.2280835030435195,-3.473691869143339,-0.4562804871786558,-0.5893357266571662
2020-09-11,0.02363333333333333,0.07267708333333334,0.0782888888888889,-0.04530555555555555,-0.025616666666666666,-0.08723000000000002,-0.0387,0.0097,-0.053266666666666684,0.0194,-0.40596695874495314,0.1269345126914445,0.20224366810723238,-1.2929232009905978,-1.2366272661554214,-1.6890093454978414,-0.7204172384032506,-0.659534214866703,-1.4683759247527641,-0.5167357720693531
2020-09-14,0.19844166666666666,0.040295761904761904,-0.11555714285714287,-0.015316666666666673,0.1614575072463768,0.007853333333333332,0.0659625,0.1948,0.081218125,0.061149999999999996,1.4453984159454762,-0.3776720357036548,-1.7229758951932315,-0.9642458340101231,0.9955359330019196,-0.7003583600712188,0.07232890790628056,0.7946829314387278,0.06902743445963559,-0.20425658608572425
2020-09-15,0.028044444444444445,0.17240595238095238,-0.28678333333333333,0.05973749999999999,0.04999833333333333,-0.025346666666666667,0.0659625,0.010549999999999999,-0.02289166666666666,0.0010666666666666665,-0.35924963000381754,1.6810354006515946,-3.4235421058343825,-0.14165430778476729,-0.33439144827744105,-1.0455630512140466,0.07232890790628056,-0.6528562863180287,-1.1211349731377767,-0.6539521810841202
2020-09-16,-0.04089444444444445,-0.06546111111111111,0.13089166666666666,-0.08380666666666667,0.0017333333333333333,0.13374621212121213,0.0116,0.0026,0.08592499999999999,0.09058749999999999,-1.0893696959342347,-2.0257088763037334,0.724678385751628,-1.7148942807697916,-0.9102879205366584,0.608642011586948,-0.3394294809985505,-0.7153145592144532,0.12283549220886318,0.016069307025487027
2020-09-17,0.04615555555555556,0.17045458333333335,0.041683333333333336,0.07384500000000001,0.04088333333333334,0.11077204545454547,0.013016666666666668,-0.3596,-0.014085714285714285,0.09058749999999999,-0.1674379276157798,1.6506267095814628,-0.16131152591071385,0.012963489888791422,-0.44315134353575997,0.3697627914534989,-0.3286992095010689,-3.560897759602498,-1.0204670789933104,0.016069307025487027
2020-09-18,-0.0779625,0.0668240909090909,-0.09410000000000002,-0.06875624999999999,0.0498625,0.171175,0.013016666666666668,0.009,0.011516666666666668,0.0,-1.4819511779153958,0.03572581043095936,-1.5098701079402517,-1.549942143320249,-0.33601220736750376,0.9978165043443992,-0.3286992095010689,-0.6650336854361997,-0.7277857579887282,-0.6619356812449794
2020-09-21,0.12578375,0.08963433333333334,-0.06273888888888891,-0.016155833333333335,-0.015847499999999997,0.11082833333333333,0.16308333333333333,0.0026,0.22797222222222224,0.0077,0.6758907583368041,0.3911837469806549,-1.1984011338574916,-0.9734430767449139,-1.1200618746658189,0.37034805771289797,0.8079521383027479,-0.7153145592144532,1.7466910516725676,-0.6043047894587772
2020-09-22,0.05355000000000001,0.06683833333333333,0.27616666666666667,0.09733750000000001,0.35845,0.018726666666666662,0.16308333333333333,0.0,0.08343333333333335,0.0207,-0.08912462213158402,0.03594775382982913,2.1675053012125907,0.2704406199150947,3.3460442027286588,-0.5873003578113892,0.8079521383027479,-0.7357411641868689,0.09435125502563131,-0.5070058812483059
2020-09-23,0.0213,0.10913166666666667,-0.06616944444444445,0.1908875,0.06665833333333333,0.027802777777777777,0.0181,0.0,0.14175,0.009,-0.43067889586243036,0.6950157600732747,-1.2324723635290775,1.2957459519981285,-0.1356048487158837,-0.49292938995328384,-0.29019647059834075,-0.7357411641868689,0.7610157761234858,-0.59457489863773
2020-09-24,0.10736500000000002,0.18320238095238095,0.09435833333333332,0.219740625,-0.11286666666666667,0.05812777777777777,0.3612,0.0,-0.0013750000000000004,-0.0013,0.48082090471571814,1.8492789532947502,0.3618404807793994,1.6119753791468008,-2.27769154056994,-0.17761817733562577,2.3085490476035,-0.7357411641868689,-0.8751607242845815,-0.6716655720660265
2020-09-25,0.009325,0.051304166666666665,0.0283,0.021355555555555555,0.26466666666666666,0.12649583333333334,0.3798,0.0,-0.0026875,-0.0013,-0.5575040874260547,-0.20612520298732231,-0.29423070369023013,-0.5623193242957631,2.2270243990743137,0.533254518510496,2.4494312004410235,-0.7357411641868689,-0.8901649629346117,-0.6716655720660265
2020-09-28,0.010724374999999998,0.05991515151515151,0.029023809523809525,0.23825333333333334,-0.050965,0.05854607843137254,0.0017875,0.1903,0.030670833333333335,0.15589999999999998,-0.5426835444244391,-0.07193798792072176,-0.28704204863864263,1.814874134523227,-1.5390827876371869,-0.1732687993859563,-0.41375239092963645,0.7593291920633932,-0.5088191387055874,0.504902764140595
2020-09-29,0.06786666666666667,0.13686349206349208,0.20027,-0.10090416666666667,0.09610178571428571,0.1587,0.0017875,0.0155,0.11034444444444447,0.0012499999999999998,0.06250076346779422,1.1271680033057085,1.4137227958920915,-1.9022823931726744,0.21571350531545846,0.8681048018743157,-0.41375239092963645,-0.6139671730051607,0.4019937186055122,-0.6525800169939725
2020-09-30,-0.028787499999999997,0.07428467532467534,-0.11538888888888887,0.01020238095238095,0.14864375,0.05601133333333332,-0.17865,0.0271,0.08511666666666667,0.06622333333333334,-0.9611471031645625,0.15198603653886023,-1.7213048481856255,-0.6845577998734007,0.842642581824578,-0.19962439874422214,-1.780441823866228,-0.5228330892820758,0.11359478650059077,-0.16628506344563768
2020-10-01,0.04750277777777778,0.024470000000000002,0.03877222222222222,0.15439666666666665,0.04055208333333333,0.07000625,-0.17865,0.0271,-0.0077,0.3674,-0.1531697258277126,-0.624288996907664,-0.19022379206117734,0.8958074593330297,-0.4471038081879069,-0.054109010627165395,-1.780441823866228,-0.5228330892820758,-0.9474668648266322,2.087881155410954
2020-10-02,0.028975000000000008,0.06831636904761905,0.024966666666666668,0.07278148148148149,-0.1251,0.007724999999999999,-0.17865,0.0271,0.020590000000000004,0.3242666666666667,-0.34939427412958546,0.05898036853752681,-0.3273363519541196,0.0013073572559096848,-2.4236592917485944,-0.7016927356343714,-1.780441823866228,-0.5228330892820758,-0.6240612180385503,1.7650483676562114
2020-10-05,0.047808333333333335,0.07650266666666668,-0.006539375000000001,0.023645,0.020560000000000002,0.11118202380952381,-0.09855000000000001,0.2033,0.011346666666666666,0.4573375,-0.14993363882423347,0.18654957212283227,-0.6402447320353534,-0.5372270784764497,-0.6856487219925057,0.37402563637535263,-1.1737396495497974,0.8614622169254711,-0.7297291641376844,2.761021198270897
2020-10-06,0.0430375,0.08606555555555556,0.009616666666666667,0.19711666666666666,0.0010916666666666666,-0.019755555555555557,-0.09855000000000001,0.0426,0.004866666666666666,-0.2248,-0.2004607245376468,0.33557055527055285,-0.47978786220933056,1.3640174410175536,-0.9179442671584271,-0.9874281781942771,-1.1737396495497974,-0.4010590981003677,-0.8038072338155483,-2.3444583401460513
2020-10-07,-0.07332500000000002,0.10205982142857142,-0.07916,-0.03153000000000001,0.053592261904761906,0.001088888888888891,0.0142,0.0426,0.14698333333333335,0.012249999999999999,-1.4328362028944097,0.5848133576095222,-1.3614905924214988,-1.141943504961553,-0.29150880483317865,-0.7706932382398111,-0.3197362768384666,-0.4010590981003677,0.8208422007090039,-0.5702501715851123
2020-10-08,0.002206666666666669,0.08023547619047619,0.24025,0.2516598958333333,-0.012086805555555559,0.008291666666666664,0.3612,0.0426,0.06314761904761904,0.12673333333333334,-0.6328931470180156,0.2447189131665826,1.810791941169182,1.961809677186556,-1.0751893860342971,-0.6958006876931785,2.3085490476035,-0.4010590981003677,-0.1375509913204157,0.2866039316171019
2020-10-09,0.09906696428571429,0.07509428571428571,0.24025,0.07761666666666667,-0.11221333333333335,0.2912333333333333,0.0,0.0426,0.23371583333333332,0.3378,0.3929378175285713,0.16460240567460632,1.810791941169182,0.05430084899272695,-2.2698959876459575,2.2461508380027118,-0.4272914687896941,-0.4010590981003677,1.812350870205197,1.866339025947112
2020-10-12,-0.04395606060606061,0.14782948717948716,-0.03413437499999999,0.23140467032967033,0.04387083333333334,0.026523809523809533,-0.0023999999999999976,0.0077,0.12575833333333333,0.3767,-1.121794752818682,1.2980539554866883,-0.9143098411879621,1.739812983317503,-0.4075045868616812,-0.5062277586608919,-0.44546981109131,-0.6752469879224073,0.5782022271113706,2.1574872974384447
2020-10-13,-0.04802857142857143,0.0050071929824561405,-0.0021500000000000004,0.04912166666666666,0.07328124999999999,0.0670575,0.0168,0.0077,-0.029633333333333334,0.0129,-1.164926023399882,-0.9275829774472347,-0.5966508005808604,-0.2580035383691764,-0.0565804139412001,-0.08476932186232844,-0.30004307267838276,-0.6752469879224073,-1.1982043640449167,-0.5653852261745888
2020-10-14,0.2065846666666667,0.13617008928571428,-0.011386666666666661,0.008038586956521739,0.126225,0.12336250000000001,0.0413,0.02,0.06394444444444446,0.0271,1.5316395462087413,1.1163625275899058,-0.688386551920098,-0.7082729203595974,0.5751427571594723,0.5006749593062533,-0.11447249501605367,-0.578613433629826,-0.12844184205079762,-0.45910488028315083
2020-10-15,0.012233333333333332,0.03322181818181818,0.1661375,0.08694199999999999,0.10867,0.018545,0.0245,0.02,0.09857708333333334,0.5768,-0.5267024229474848,-0.4879071394022406,1.0747292340819292,0.156506236380416,0.3656770455566428,-0.5891892790631245,-0.24172089112736503,-0.578613433629826,0.26747158954479056,3.655142030739622
2020-10-16,0.12573333333333334,0.11083333333333334,0.07702708333333333,0.33407,0.014402564102564108,0.08303504273504274,0.2712,0.02,0.07803333333333334,0.5768,0.6753568039812301,0.7215332740382242,0.18971180083733913,2.8650220686307204,-0.7591190547697895,0.08136088009766422,1.6268612112929033,-0.578613433629826,0.032619530294078006,3.655142030739622
2020-10-19,0.2282433333333333,0.1524895238095238,0.025028787878787883,0.13361499999999998,0.12809666666666666,0.1476975,0.19519999999999998,0.0,0.018121874999999996,0.09110000000000001,1.7610228070866265,1.3706725175322354,-0.3267193830546561,0.6680409853308321,0.5974754253575143,0.7537037592749494,1.051213705075066,-0.7357411641868689,-0.652276331576155,0.019905129368400037
2020-10-20,0.0051333333333333335,0.1890125,0.1535277777777778,0.08866041666666667,0.20314166666666666,0.06882777777777778,0.19519999999999998,0.32763333333333333,0.1371125,0.007725,-0.601897317319237,1.939819548583638,0.9494933255036576,0.1753400340402097,1.492910021041612,-0.06636244856369027,1.051213705075066,1.8382729418884203,0.7080007995600455,-0.6041176761737571
2020-10-21,-0.058550000000000005,0.1434976785714286,0.0244,-0.010825000000000001,0.07030888888888889,0.11904999999999999,0.17408333333333334,0.01095,0.16293125,0.04723333333333334,-1.2763566867898126,1.2305502560208619,-0.3329643121589807,-0.9150172954395943,-0.09204653386597726,0.45583474151849873,0.8912695405184876,-0.6497137317068878,1.0031556084327846,-0.30841631474693376
2020-10-22,0.029408333333333335,0.1137856283891547,0.09854999999999998,0.16039642857142858,-0.135925,0.027997619047619045,0.08451250000000002,-0.13715,0.18013125,0.2589666666666666,-0.3448049143791969,0.7675396552554979,0.40347083347124035,0.9615646787042864,-2.5528228535885615,-0.4909034827129997,0.21283234527918704,-1.8132445764817897,1.199782583503658,1.276308467183613
2020-10-23,-0.007518750000000003,0.23327166666666668,0.23814166666666667,0.206275,0.0019850000000000054,0.19979375,0.0194,0.0,0.14597500000000002,0.23726666666666668,-0.7358933834928435,2.6295216466210682,1.7898526186422719,1.4643925131678523,-0.9072850417317571,1.2953865873155979,-0.28034986851829885,-0.7357411641868689,0.8093151348254886,1.1138941357861345
2020-10-26,0.07369400000000001,0.03533000000000001,-0.0028216666666666694,-0.030169999999999995,0.02481388888888889,0.11451166666666665,0.01355,0.24453333333333335,0.056417410714285715,-0.028887499999999997,0.12421706128032817,-0.4550547941695535,-0.6033215887060341,-1.127037943746877,-0.6348914526566766,0.4086463693306513,-0.3246595778784876,1.1854072214239078,-0.21448939284251542,-0.8781450820857477
2020-10-27,0.009,0.16576500000000002,-0.1320888888888889,0.08425,0.00783571428571428,-0.013121495726495725,0.0545125,0.24453333333333335,0.05603635714285714,-0.15555000000000002,-0.5609461072388462,1.5775477135786453,-1.8871641459877118,0.12700199315254304,-0.8374745016439199,-0.9184490042691675,-0.01439693349101196,1.1854072214239078,-0.21884552139425695,-1.8261545406402722
2020-10-28,0.10998999999999999,-0.010984999999999998,-0.06261968253968254,-0.03922485714285714,0.05401333333333332,0.07992921212121212,0.0545125,0.0045,0.019476339285714284,0.0026,0.5086218339728797,-1.176793477393825,-1.1972172128171972,-1.226278919800555,-0.2864845937012315,0.049067286790756504,-0.01439693349101196,-0.7003874248115342,-0.6367923655679265,-0.6424758996028851
2020-10-29,0.174656,0.040819761904761914,-0.05876696428571428,0.09775625,0.12949566666666668,0.023692,0.12282666666666665,0.00775,0.08144625,0.1469666666666667,1.1934884592466446,-0.3695064075052412,-1.1589531922044751,0.27503010797292227,0.6141682496544303,-0.5356721542043252,0.5030356938907822,-0.6748541685960148,0.07163531403452177,0.4380409502933996
2020-10-30,0.25378333333333336,0.1453228888888889,-0.018215833333333334,0.09782666666666667,0.11077386363636363,0.04178,0.12282666666666665,0.0,0.06561666666666667,0.009899999999999999,2.031512610221071,1.258992982807673,-0.7562117488007417,0.27580187263140277,0.39078028074355387,-0.3475979839214498,0.5030356938907822,-0.7357411641868689,-0.10932533058557391,-0.5878388203770052
2020-11-02,0.03973,0.0571738888888889,0.017356666666666673,0.017579166666666667,0.15691220238095238,0.05339375,0.1707,0.1913,-0.026967499999999995,-0.15579583333333333,-0.23548989540167076,-0.11465579593649819,-0.40291654694057916,-0.603708438820583,0.9413014973375544,-0.22684132784434094,0.8656431274127372,0.7671855785912454,-1.1677290882090772,-1.82799448794297
2020-11-03,0.031172666666666664,0.07048971428571428,-0.0015083333333333383,0.024752827380952386,-0.012026666666666675,0.17403250000000003,0.009,0.0155,0.0048000000000000004,0.3699,-0.32611915964165306,0.09284817228004204,-0.5902779632900618,-0.5250853219749204,-1.0744718106907418,1.0275280225655028,-0.35912268515863444,-0.6139671730051607,-0.8045693538739627,2.1065924839129684
2020-11-04,-0.011595555555555553,0.06254952380952382,0.00789875,0.08495,0.1082611111111111,0.23331666666666667,0.0,0.00775,0.09282333333333334,-0.07056666666666667,-0.7790701388624452,-0.030885879729795028,-0.49684968568333265,0.1346739731895085,0.3607981961076195,1.6439488793072674,-0.4272914687896941,-0.6748541685960148,0.2016958652532767,-1.1900941137618195
2020-11-05,-0.03838933333333334,-0.006129999999999998,0.030873333333333343,0.029258,-0.051020833333333335,0.03973,0.0,0.022833333333333334,0.0873,0.196325,-1.062838489541347,-1.1011367504791356,-0.26867314323050734,-0.4757087585514677,-1.5397489892263534,-0.3689133338263533,-0.4272914687896941,-0.5563536718009117,0.138554218413657,0.8074649460181567
2020-11-06,0.006842401960784313,0.06907178571428571,0.087475,-0.0559125,0.006125,0.06441904761904761,0.1401666666666667,0.005475,0.01718333333333333,0.08501,-0.5837968616973706,0.07075222280257408,0.29347731711446773,-1.4091750096062838,-0.8578866910603976,-0.11220324171960945,0.6343742170199573,-0.6927274479468785,-0.6630055530235179,-0.02567566686250543
2020-11-09,0.2100262857142857,0.06604499999999999,0.13282820512820512,0.049214464285714285,0.24359333333333333,0.19498733333333332,0.1401666666666667,0.3425,-0.11776666666666667,0.03255,1.5680891491317723,0.02358503429279087,0.7439114940987838,-0.2569864791108745,1.9755780440466697,1.2454107565649832,0.6343742170199573,1.9550712216024888,-2.2057270812685394,-0.418314184148761
2020-11-10,0.034534999999999996,0.1502638888888889,-0.06794533333333333,0.08976666666666666,0.173488,0.043673194444444445,-0.1602,0.3425,0.005345000000000001,0.0077,-0.2905092582553684,1.335989870075537,-1.250109949402469,0.18746450249148544,1.1390833967199694,-0.32791305610615573,-1.640695817422556,1.9550712216024888,-0.7983390223964262,-0.6043047894587772
2020-11-11,0.001775,0.08131333333333333,0.011086666666666667,0.13428,0.0632,0.017705,0.0,0.30395,0.20531904761904762,0.02125,-0.637464855384749,0.2615154411810399,-0.4651882713249553,0.6753293663659496,-0.17686957401502643,-0.5979233736583045,-0.4272914687896941,1.6522075209537888,1.487724470394977,-0.5028893889778628
2020-11-12,-0.04253125,0.012726764069264066,0.15435666666666667,0.04787615384615384,0.06015,-0.018743333333333327,-0.033625,0.30395,0.14792916666666667,0.10713333333333334,-1.1067048256324175,-0.8072868947256777,0.957725596705278,-0.2716543233616892,-0.21326207873668013,-0.9769033631463816,-0.6819776187446253,1.6522075209537888,0.8316547790377556,0.13990711616131457
2020-11-13,0.04451666666666667,0.18568281573498965,0.21948333333333334,-0.0158125,0.18278333333333333,0.13377499999999998,0.194,0.2691,-0.00594,0.10713333333333334,-0.1847951215435317,1.8879322132283287,1.6045437524851507,-0.9696801532029737,1.2499950236782242,0.6089413402256714,1.0421245339242584,1.3784124504581416,-0.9273468952844964,0.13990711616131457
2020-11-16,0.08647600000000001,0.020287500000000003,0.18105312499999998,0.12433999999999998,0.018031000000000005,0.10705892857142857,0.01615,0.0387,0.1350125,-6.666666666666626e-05,0.25958905280986855,-0.6894659815257256,1.2228666645477522,0.566387249841039,-0.7158246709895751,0.331154798477186,-0.30496637371840374,-0.43169900555899104,0.6839940177199971,-0.662434650005033
2020-11-17,-0.055211249999999996,0.20896631578947367,-0.263775,-0.17892166666666665,0.012993749999999991,0.0947875,0.1933,0.0387,0.23430555555555554,-6.666666666666626e-05,-1.2409965524822508,2.250765046439503,-3.195030368692885,-2.757351968221184,-0.7759289806319195,0.20355977709522,1.0368225174196206,-0.43169900555899104,1.8190924572219198,-0.662434650005033
2020-11-18,0.008654,0.09068333333333334,0.16334722222222223,0.043279166666666674,0.1737,0.0067599999999999995,0.1933,0.3849,0.2312125,-0.0089,-0.5646105344856949,0.4075305866374023,1.0470170476810319,-0.3220371717491348,1.1416129740973433,-0.7117265466871674,1.0368225174196206,2.2881820103834194,1.7837332620117425,-0.7285480107121483
2020-11-19,0.06098809523809524,-0.15655333333333335,-0.018625,0.09337333333333334,0.04799166666666667,0.016838095238095235,0.16453333333333334,0.0077,-0.12221250000000002,-0.083375,-0.010349018504034186,-3.4452226519409868,-0.7602754671251342,0.22699346630099354,-0.3583349322582448,-0.6069372167481714,0.818934886776641,-0.6752469879224073,-2.256550962664039,-1.2859584867871363
2020-11-20,0.004177500000000001,0.041802529761904766,0.0194,0.05138800000000001,0.021309375000000002,0.09464666666666666,0.16453333333333334,0.0077,-0.03482222222222223,0.06658333333333333,-0.612020385845575,-0.35419168054573735,-0.38262278455481497,-0.2331645896685436,-0.676707202902083,0.20209542988630583,0.818934886776641,-0.6752469879224073,-1.2575227085914915,-0.1635906321413478
2020-11-23,0.004391111111111123,0.12246493406593409,-0.08639607142857143,0.012682500000000003,0.08124480952380952,0.05750171428571429,0.058896000000000004,0.009,0.13621875,0.11353333333333335,-0.6097580668404153,0.9027915315474055,-1.4333570430794986,-0.6573757658410704,0.038440529524835405,-0.18412781752880572,0.018805051291960303,-0.6650336854361997,0.6977836275269296,0.18780811712646966
2020-11-24,0.013770833333333336,0.04571875,0.10384333333333333,0.09016833333333334,0.139525,0.024012142857142857,0.0168,0.08866666666666667,0.0,0.0129,-0.5104190215254328,-0.29316420266904303,0.45604260291429694,0.19186675770317288,0.7338379416834047,-0.5323433946825908,-0.30004307267838276,-0.039141558717312466,-0.8594419980797878,-0.5653852261745888
2020-11-25,0.32593000000000005,0.12543125,0.031775,0.08836666666666668,-0.0130125,0.2844116666666667,0.012700000000000001,0.08866666666666667,0.07317222222222222,0.22516666666666668,2.795605705893468,0.9490164037546797,-0.2597180653751254,0.17212054241755456,-1.0862347432278228,2.1752209785224115,-0.33109774077697657,-0.039141558717312466,-0.022951723965293644,1.0233313058363882
2020-11-27,0.13426666666666667,0.13417600000000002,0.0782875,0.2999777777777778,-0.08816111111111113,0.06335238095238095,0.0194,0.0975,0.013933333333333325,0.0155,0.7657318882965755,1.0852881159456644,0.20222987408712234,2.4913722853383193,-1.9829056234530116,-0.12329415549126649,-0.28034986851829885,0.03025652227871475,-0.7001589058712121,-0.5459254445324945
2020-11-30,0.012611111111111113,0.12468375000000001,0.053713333333333335,-0.18086624999999998,0.033644999999999994,-0.09213257142857142,0.022600000000000002,0.02323333333333333,-0.07776041666666667,-0.014570833333333331,-0.5227014426522741,0.9373679169640042,-0.041833241326336756,-2.778664546097683,-0.529518910752231,-1.7399849676606622,-0.25611207878281095,-0.5532111171897708,-1.74838359746452,-0.770991540864216
2020-12-01,0.10223750000000001,0.04109166666666667,0.13486333333333334,0.2185,0.19283333333333333,0.0538,0.31105,0.3442,0.11324999999999999,0.0077,0.4265164229000618,-0.3652692449268206,0.7641237656580524,1.5983781645277146,1.3699113097282634,-0.22261724935708868,1.9286974365926508,1.9684270786998372,0.43520945115139903,-0.6043047894587772
2020-12-02,-0.24355,0.046773555555555554,0.03481541666666667,0.01647916666666667,-0.011106250000000012,0.02507222222222223,0.15538333333333335,0.0284,0.09525624999999999,0.0681125,-3.2356602725326518,-0.27672689353108965,-0.22952157595242512,-0.6157644074501002,-1.0634894277767895,-0.521320973905208,0.7496299567517303,-0.5126197867958682,0.22950848413503105,-0.152145536207616
2020-12-03,0.023985714285714284,0.07715583333333333,-0.07588333333333334,0.14034166666666667,0.19687500000000002,0.1536518207282913,0.0077,0.2504,0.05698333333333333,0.0681125,-0.4022349519149668,0.1967280380609943,-1.3289477401780956,0.7417650601622439,1.4181363501381052,0.8156151884308269,-0.3689692872386764,1.2314980223873067,-0.20801987815021783,-0.152145536207616
2020-12-04,0.031188095238095237,0.03992083333333333,0.0663522077922078,-0.02415416666666667,0.0931111111111111,0.0834375,0.0077,0.0,0.19929166666666667,0.147,-0.32595575826152934,-0.38351464508389915,0.08369219835974952,-1.0611045819768128,0.1800288693754711,0.08554552274368103,-0.3689692872386764,-0.7357411641868689,1.4188206515422752,0.43829043467342627
2020-12-07,0.15344444444444444,0.034422190476190474,0.1057475,0.08350333333333333,0.010755555555555558,0.046270833333333324,0.0,0.0207,0.050263888888888886,0.0168,0.9688404762240312,-0.4692014259375066,0.4749542044850438,0.11881854777977977,-0.8026350468245173,-0.3009035039874966,-0.4272914687896941,-0.5731139630603296,-0.2848352290378862,-0.5361955537114473
2020-12-08,0.12810909090909092,0.09968611111111111,0.04741666666666666,0.10136200000000002,0.05057222222222222,-0.13964305555555553,0.2482,-0.3612,0.07072083333333332,0.021933333333333332,0.7005180490462979,0.547823212756242,-0.10436981089682403,0.31454902514190586,-0.3275438239828202,-2.233986232693848,1.4526520975690844,-3.5734679780470615,-0.05097551361323405,-0.4977749591873125
2020-12-09,0.10319062500000001,0.041069469696969695,-0.032690000000000004,0.179685,-0.00435,0.009282777777777777,0.035550000000000005,0.0142,0.14743333333333333,0.17875,0.43661080792795987,-0.3656151460750591,-0.8999647499746158,1.172966871477977,-0.9828740638339457,-0.6854953803136804,-0.15802477344700844,-0.6241804754913685,0.8259865111032998,0.6759243066490003
2020-12-10,0.09418125,0.057187809523809516,0.11297666666666667,0.002717,0.05746875,-0.008884,0.0,0.0451,0.23475416666666668,0.0074666666666666675,0.3411940471560576,-0.11443886706426994,0.5467520791573541,-0.7665973616387558,-0.2452546699776421,-0.8743886607907335,-0.4272914687896941,-0.38141813178073736,1.824220890114999,-0.6060511801189652
2020-12-11,0.048246428571428565,0.05407143859649123,-0.21738399999999997,0.04366333333333333,0.217347,-0.10584133333333334,0.0323,0.0121125,0.011715833333333335,0.19540000000000002,-0.14529384654911537,-0.1630020852337852,-2.734289130109856,-0.3178267160383717,1.662407614617349,-1.882524995349936,-0.18264127864711333,-0.6405806823682598,-0.7255089243142157,0.8005417544724117
2020-12-14,0.03759330357142857,0.05790533333333333,0.0840875,0.10683749999999999,0.10664,0.12302589285714285,0.0323,0.07327,0.05490833333333334,-0.05705,-0.25811928445109733,-0.1032575070412152,0.25983370206629003,0.3745603489881979,0.341455148971411,0.4971750085596727,-0.18264127864711333,-0.16010372329114259,-0.2317408649683609,-1.088928197660932
2020-12-15,0.14320714285714287,0.05631571428571428,0.06975555555555556,0.0676375,0.05804444444444443,-0.003587500000000002,0.001925,0.0441375,-0.08342,-0.05705,0.860418953476297,-0.1280289538350572,0.11749320855167529,-0.05507053308187066,-0.23838550185053592,-0.8193170750486256,-0.41271092340193966,-0.388979903813795,-1.8130828271735238,-1.088928197660932
2020-12-16,0.12441666666666668,0.09171866666666666,-0.07549166666666665,0.22496,0.1897875,-0.09040555555555556,0.00835,0.016966666666666668,0.0096,0.0,0.6614122108935108,0.4236644550752342,-1.3250578265070883,1.6691795802974247,1.3335685215431148,-1.7220279200388788,-0.3640459861986554,-0.6024444727643108,-0.7496967096681375,-0.6619356812449794
2020-12-17,0.0386625,0.176637,0.14119,0.176805,0.12771333333333332,0.1355361111111111,0.25193333333333334,0.1806,0.142025,0.014122222222222222,-0.2467956066329166,1.746968915435803,0.8269582860629147,1.1414021536116044,0.592901503999055,0.6272529009840846,1.4809295189271534,0.6831222427432275,0.7641595213644449,-0.5562374655736042
2020-12-18,0.223655,0.12048466666666666,0.015166666666666667,0.1832666666666667,0.06898333333333333,0.081615,0.11816249999999999,0.18125000000000002,0.02033125,0.0206,1.7124285478834733,0.8719325099522587,-0.4246669578499546,1.2122218360004506,-0.10786302134609863,0.0665956567916387,0.46770785296642653,0.6882288939863316,-0.6270191965152707,-0.5077543343883865
2020-12-21,0.07942333333333333,0.09608633333333334,0.06230066666666667,0.18885168421052628,0.22155,0.0961715,0.0120125,0.024999999999999998,0.08532952380952381,0.153225,0.1848954577339279,0.49172693998860045,0.04345352973109532,1.2734334690041549,1.7125576793206636,0.21795023771394506,-0.3363050784154603,-0.5393315009905654,0.11602812697281334,0.4848816426434404
2020-12-22,0.03746666666666667,0.033398,-0.0749065,0.23921666666666666,0.017564999999999997,0.100275,0.018750000000000003,0.024999999999999998,0.21016666666666667,0.15965000000000001,-0.2594604744056237,-0.48516165233622305,-1.3192461299543627,1.8254322403836225,-0.7213849684322935,0.26061732958456546,-0.2852731695583198,-0.5393315009905654,1.543141486071098,0.5329697568936157
2020-12-23,0.1297625,0.119937,0.16169999999999998,0.09071458333333333,0.11321203703703704,0.1770875,0.018750000000000003,0.00065,0.07501666666666666,0.012899999999999998,0.7180290239680167,0.8633980779357237,1.0306573398306262,0.1978536421248763,0.4198724895947727,1.0592930927896393,-0.2852731695583198,-0.7306345129437649,-0.001866402349166437,-0.5653852261745888
2020-12-24,0.008674999999999999,0.12125875,0.08313333333333334,0.252525,0.41523333333333334,0.22744999999999999,0.018750000000000003,0.02,0.18106666666666668,0.012899999999999998,-0.5643881270516377,0.8839952517358247,0.25035721025075175,1.9712911941816453,4.02358116221868,1.582948853563153,-0.2852731695583198,-0.578613433629826,1.210476080573283,-0.5653852261745888
2020-12-28,0.19542083333333335,0.11161654545454544,0.19151916666666666,0.14399744444444446,-0.004295833333333346,0.10658928571428572,0.0,0.0,0.14983194444444442,0.06055000000000003,1.4134052830701713,0.7337382720960653,1.3268121927873158,0.7818322803489486,-0.9822277488593811,0.32627157807214285,-0.4272914687896941,-0.7357411641868689,0.853406955704995,-0.2087473049262073
2020-12-29,0.012166666666666666,0.1398507777777778,0.1476875,-0.3161125,0.014416666666666666,0.1668133333333333,0.0152,0.0181,-0.029547500000000008,0.06055000000000003,-0.5274084782936984,1.1737196530486267,0.8914894709413012,-4.260959589061179,-0.758950783415465,0.9524650647499823,-0.3121619675461267,-0.593540568032745,-1.1972231344697084,-0.2087473049262073
2020-12-30,0.24512499999999998,0.23922083333333333,0.09135,0.27645,0.22525,0.06860000000000001,0.0194,0.02248,0.10368541666666667,0.0,1.9398136721315746,2.72222905709892,0.33196263322123926,2.233508511873645,1.756705963737096,-0.06873082077534613,-0.28034986851829885,-0.5591295950407528,0.32586903902078146,-0.6619356812449794
2020-12-31,0.026333333333333334,0.2062755555555556,0.07290833333333335,0.14263166666666666,0.11641666666666667,0.023941666666666663,0.0142,0.13246666666666668,0.12105,0.0451,-0.3773717172233009,2.2088342303302455,0.14880563420127094,0.7668633948546023,0.4581100302267227,-0.5330761871996468,-0.3197362768384666,0.30496817120261127,0.5243774979858651,-0.3243833150686522
2021-01-04,0.025838888888888894,0.0213148888888889,0.010089583333333334,0.2907875,0.10176875,0.09333749999999999,0.022216666666666666,0.009,0.11864333333333334,0.024175,-0.3826082943743853,-0.6734559134305961,-0.4750909983618913,2.390647102987921,0.2833315461434257,0.18848306618687352,-0.2590155640115413,-0.6650336854361997,0.49686496387711104,-0.48099713463050686
2021-01-05,0.09771666666666667,0.03788166666666667,0.092525,0.29652166666666663,0.06894444444444445,0.2116240740740741,0.11873333333333332,0.0059375,0.10762916666666666,0.1799333333333333,0.37863704473494963,-0.4152915092720633,0.34363237423426024,2.453493406124063,-0.10832704235347844,1.4183951224996434,0.4720315211874705,-0.6890938691777467,0.3709532037263487,0.6847810021399533
2021-01-06,0.1251847619047619,0.045183333333333325,-0.00857,0.1991875,-0.014325000000000004,0.023733666666666663,0.4215,0.15855,0.160865,0.1799333333333333,0.6695469771323864,-0.30150773975155054,-0.6604122791371114,1.3867137152935767,-1.1018954522268951,-0.5352389153851199,2.7652798979315993,0.5098889198040878,0.9795346498723084,0.6847810021399533
2021-01-07,0.12009,0.052100333333333325,-0.14996666666666666,0.17286178571428573,-0.07236,0.06664,-0.12825,0.0155,-0.03170333333333334,0.010175,0.6155892189242457,-0.1937183308805091,-2.064720772843039,1.0981846374952087,-1.7943672592830162,-0.08911037483076611,-1.398696635532294,-0.6139671730051607,-1.221868191858679,-0.5857805742417835
2021-01-08,-0.05441666666666667,0.180001,0.030842857142857144,0.13142500000000001,0.0284,0.025335555555555556,0.00116,0.0077,0.15557500000000002,0.07891666666666668,-1.232581255324567,1.7993910018088237,-0.2689758234432058,0.6440386477866118,-0.592102086904714,-0.5185829045678303,-0.41850527001057974,-0.6752469879224073,0.9190604232371388,-0.07128141153141343
2021-01-11,0.07097500000000001,0.11077666666666666,-0.009986666666666673,0.036391545893719804,0.038315714285714286,0.06943437499999999,0.1162,0.3408333333333333,0.20951187500000001,0.2697,0.09542059398500503,0.7206502226427214,-0.6744821796492646,-0.3975252989951882,-0.4737880938026072,-0.06005521342075904,0.4528432709802094,1.9419772440560683,1.5356560381223607,1.3566424375522588
2021-01-12,-0.04706666666666667,0.07829666666666665,-0.025120833333333335,0.10573986111111111,0.18223333333333333,0.14399166666666668,0.0,0.007333333333333334,-0.055549999999999995,0.33945000000000003,-1.1547386534045139,0.21450594042045346,-0.8247900991793887,0.3625302580691229,1.2434324408595656,0.7151714986948251,-0.4272914687896941,-0.6781276629826198,-1.4944785367534517,1.8786885027584415
2021-01-13,-0.15038749999999998,-0.020394999999999996,0.0537375,0.10027604166666666,0.046745833333333334,0.1144284090909091,0.01615,0.36395,0.054275698757763974,0.023944444444444445,-2.248992054658234,-1.3234319532470127,-0.04159322537642357,0.3026469527786061,-0.37320017667323724,0.4077806793991848,-0.30496637371840374,2.123590712624917,-0.23897301746367774,-0.48272273492569256
2021-01-14,0.011871666666666666,0.031535,0.005958333333333334,0.15842857142857142,0.04220000000000001,0.05194166666666667,0.0194,0.0077,0.08266666666666665,-0.5676,-0.5305327732006938,-0.5141932655683685,-0.5161213111789492,0.9399970205391434,-0.4274409180001827,-0.2419397006936475,-0.28034986851829885,-0.6752469879224073,0.08558687435386728,-4.91015570434217
2021-01-15,0.015916666666666666,0.011461666666666662,-0.015342307692307693,0.009346753246753253,0.18468333333333334,-0.050293333333333336,-0.05038888888888889,0.1031125,0.054517499999999997,0.0207,-0.4876928650691814,-0.827001236375275,-0.727672770056023,-0.6939354551257583,1.2726657643245005,-1.3049517970486773,-0.8089524981314911,0.07435049166628482,-0.23620879381081447,-0.5070058812483059
2021-01-19,-0.04298,0.05317109090909091,0.14099791666666667,0.12108888888888888,0.07205800000000001,0.023925098039215685,0.0475,0.18705000000000002,0.11445403846153847,0.01895,-1.1114574606816179,-0.17703243726548823,0.8250505730817079,0.5307551647804661,-0.07117619472833522,-0.533248463341872,-0.06751177740354593,0.733795935847874,0.44897377909100944,-0.5201038111997156
2021-01-20,-0.1760125,-0.02241375,-0.08537499999999999,0.09914163865546217,0.31666666666666665,0.05006000000000001,0.0194,0.0884375,0.07783333333333332,0.01065,-2.5203820783591,-1.3548906592117973,-1.4232160736095207,0.2902139281274141,2.8474867746566055,-0.26150476576896137,-0.28034986851829885,-0.040941980629945265,0.030333170118835066,-0.582225421826401
2021-01-21,0.03079166666666667,0.058905625,0.02124,0.14171166666666668,0.00038333333333333334,0.14607499999999998,-0.058699999999999995,0.0884375,0.11985833333333332,0.009,-0.330154265945264,-0.08766970200310191,-0.364348466713148,0.7567802210917336,-0.9263960783642757,0.7368334396550925,-0.8719034242500497,-0.040941980629945265,0.5107546019417103,-0.59457489863773
2021-01-22,0.18289999999999998,0.05479375,-0.1909225,0.12379250000000001,0.0,0.09797499999999999,-0.1852,0.0884375,0.09213833333333334,0.0073,1.2807992633594225,-0.1517461188892684,-2.471481596649383,0.5603866654549843,-0.9309699997227349,0.23670254676442967,-1.8300535497310548,-0.040941980629945265,0.19386508165307034,-0.6072986020190994
2021-01-25,0.05551380952380952,0.04069249999999999,0.17308888888888888,0.17917916666666667,0.062469,0.17159083333333336,-0.05056666666666667,0.08065,0.09402884615384616,-0.05748888888888889,-0.0683262489331196,-0.3714895628451415,1.1437683047322487,1.1674229525703126,-0.18559184317946223,1.0021402277600688,-0.8102990420056848,-0.10212359071559382,0.2154770477711018,-1.0922130753312855
2021-01-26,-0.05106428571428571,0.03357,0.06810999999999999,-0.007361805555555559,0.06286833333333333,0.16304813738892687,0.0034333333333333334,0.09525833333333333,0.2195877777777778,0.053412499999999995,-1.197076757914967,-0.48248133162987356,0.10115005352540175,-0.877060783094012,-0.18082701032082385,0.9133155676692277,-0.4012863402193269,0.012645122478779516,1.6508417523260033,-0.2621681477994567
2021-01-27,-0.0027599999999999986,-0.05840285714285713,0.0939388888888889,0.012189999999999993,0.07227857142857143,-0.05030905797101449,0.0,0.17840000000000003,0.06795833333333334,0.0804,-0.6854942703109316,-1.9157182701305693,0.35767468670619357,-0.6627735517956498,-0.06854434333300828,-1.3051152976117513,-0.4272914687896941,0.665838192381953,-0.08255586353377374,-0.06017935662021872
2021-01-28,0.13768229166666668,0.10682580952380953,0.056487499999999996,-0.02848611111111111,0.19891999999999999,0.04459149999999999,0.202225,0.108825,-0.06426388888888888,0.13433333333333333,0.8019061926752398,0.659082988876276,-0.014281065558714801,-1.1085825695468432,1.4425372262547547,-0.31836476135674924,1.1044232278537545,0.11923009970664024,-1.5940939793886792,0.34348637026322354
2021-01-29,0.05554999999999999,0.08837847222222221,-0.3344805555555556,0.09934625,0.06735000000000001,-0.01785833333333334,-0.07185,0.043425,0.09478125,0.015066666666666667,-0.06794296174517515,0.371613336861991,-3.8972563444504216,0.29245646262831526,-0.12735190365605506,-0.96770137062646,-0.9715055914443201,-0.39457757921488973,0.22407837871882974,-0.5491687414728434
2021-02-01,0.27318333333333333,0.04089333333333332,-0.03981878787878788,0.08186375,0.1953,0.03031771428571429,0.15877500000000003,0.0236,0.21886464285714285,0.2015,2.2369747159692386,-0.36835992481108043,-0.9707656931935249,0.10084876120510163,1.3993434993392184,-0.4667797549994872,0.7753194891015834,-0.5503304421295584,1.6425750179066685,0.8461973960173251
2021-02-02,0.06943666666666667,0.07493666666666667,0.06969473684210527,0.22232708333333334,0.02794166666666667,0.02127836538461538,0.0,0.008577777777777778,0.1887875,0.0168,0.07912836687112537,0.1621461870871156,0.11688917567107103,1.64032288871791,-0.5975709059202631,-0.560768479262623,-0.4272914687896941,-0.668350826414626,1.2987391098383818,-0.5361955537114473
2021-02-03,0.004394444444444445,-0.005812500000000002,-0.021191666666666668,0.14870916666666667,0.13548083333333333,0.03495416666666667,0.04086666666666667,0.07441666666666667,0.07382083333333335,-0.023633333333333326,-0.6097227640731048,-1.0961890654543336,-0.785766816288329,0.8334726215326852,0.6855830713516599,-0.41857116728367116,-0.11775469570940099,-0.15109506673920545,-0.015536930896971597,-0.8388201066840155
2021-02-04,0.09448541666666667,0.06805333333333333,-0.08099999999999999,-0.0653975,0.03299590909090909,0.1451,0.04086666666666667,0.0,0.03848556998556999,0.25766666666666665,0.34441542467315744,0.05488141463340216,-1.3797649102631655,-1.5131303391071664,-0.5372638432026813,0.7266956512856875,-0.11775469570940099,-0.7357411641868689,-0.4194826253971701,1.266578576362566
2021-02-05,0.099341,-0.015886666666666664,-0.09150916666666667,0.13809166666666667,0.29886833333333335,-0.052062500000000005,0.0071,0.1977,0.01847083333333334,0.03106666666666667,0.3958400832454448,-1.2531774231048105,-1.4841387428271433,0.7171051243291404,2.635117617321885,-1.3233471173121367,-0.3735138728140803,0.817466452369499,-0.6482871093953929,-0.42941623905995574
2021-02-08,-0.036851666666666665,0.08497771428571428,0.13439500000000001,0.05698642857142856,0.008050000000000002,0.11143928571428571,-0.157125,0.11366666666666668,0.09966249999999999,0.16369999999999998,-1.0465533229809294,0.3186184420102211,0.7594724220769761,-0.17180597218514757,-0.8349176511950916,0.3767005766276462,-1.6174048163486103,0.15726810447899106,0.2798798567458471,0.5632821090668777
2021-02-09,0.0774529761904762,-0.003075952380952382,-0.050624999999999996,-0.0165375,0.24447916666666664,0.0017520833333333381,0.43385,-0.0013,0.0679388888888889,0.0077,0.16402773981396032,-1.0535447326215162,-1.078089690458473,-0.9776261325269736,1.9861477797076306,-0.7637975203674591,2.858822617691998,-0.7459544666730765,-0.08277814855081125,-0.6043047894587772
2021-02-10,0.051449999999999996,0.15900208333333332,-0.15543333333333334,0.0659875,0.108729,0.026631547619047617,-0.0858,-0.0013,-0.010449999999999994,0.13492500000000002,-0.11136536553731367,1.4721594253403747,-2.119014035995818,-0.07315448602614649,0.3663810317135535,-0.5051075268569467,-1.0771672060724629,-0.7459544666730765,-0.9789043172362196,0.3479147180087003
2021-02-11,0.102065,0.019048333333333323,0.06931875000000001,0.16226666666666667,0.0841625,-0.041466666666666666,-0.0858,0.06372000000000001,0.044628333333333325,0.0014375,0.42468950469173394,-0.708776237777381,0.1131549892270949,0.982062434891485,0.07325432114158484,-1.2131744855882147,-1.0771672060724629,-0.23513221463213044,-0.34925977797583657,-0.6511766673563215
2021-02-12,0.02775,0.022622,-0.19486333333333333,0.012816666666666665,0.09030833333333332,0.18194583333333333,-0.0858,0.20155,0.20530416666666668,-0.005399999999999999,-0.3623680411162611,-0.653086861241,-2.5106207493093664,-0.655905303000652,0.1465862124864469,1.1098087391089837,-1.0771672060724629,0.8477135405017299,1.4875543543105096,-0.702352150809329
2021-02-16,0.12924575757575757,0.0717542380952381,0.094275,0.0487465,-0.13511666666666666,-0.14191071428571428,-0.10706666666666668,0.0271,0.050925,0.2060625,0.7125562926992401,0.11255357547968482,0.3610128395728022,-0.26211535433660715,-2.543177845506593,-2.2575647396686,-1.2382475170228928,-0.5228330892820758,-0.2772775384586117,0.8803455705335002
2021-02-17,0.04674444444444445,0.06024833333333333,-0.061850909090909095,0.14558988095238096,0.16175925925925927,-0.027114285714285712,-0.06641666666666667,0.011600000000000001,0.009151111111111115,0.34943,-0.1612011053908927,-0.06674592904716432,-1.1895819898002837,0.7992853390618399,0.9991364285932617,-1.0639422797499354,-0.9303518442892732,-0.644607080463784,-0.7548283180614601,1.9533841261384801
2021-02-18,0.0016083333333333331,0.05209961904761905,0.046288888888888886,0.012766666666666667,0.11803000000000001,0.11092714285714286,0.09057916666666666,0.011600000000000001,0.1912833333333333,0.03045,-0.639229993750283,-0.1937294617804523,-0.11557055522610661,-0.6564533015747209,0.4773602731614554,0.3713754526270136,0.25878315498604926,-0.644607080463784,1.3272709795252646,-0.43403170009045244
2021-02-19,0.2365,0.08289444444444445,0.110925,0.207425,0.221,0.06346583333333333,-0.11626666666666667,0.06225,0.16150208333333332,0.48310000000000003,1.8484677617151857,0.2861543065888905,0.5263755526509302,1.4769964803714388,1.7059950965020048,-0.1221145080778302,-1.3079311625124204,-0.24668110282807318,0.9868176596805294,2.9538414384841483
2021-02-22,0.114985,0.07813083333333333,0.09421388888888887,0.04699107142857143,0.127962,0.12555166666666667,0.09399166666666668,0.12453333333333333,0.1586425,0.024944444444444446,0.5615230307879365,0.21192171648361474,0.36040590268796413,-0.28135480141706265,0.595868586897673,0.5234373268673026,0.28463048544615954,0.24264083808165085,0.9541274724249236,-0.47523820352488705
2021-02-23,0.18078888888888892,0.0666172619047619,0.16023958333333332,-0.0023236111111111096,0.03735416666666667,0.12543055555555557,0.10672500000000001,0.129,0.13604791666666669,0.012055555555555555,1.2584408440626578,0.03250274029737412,1.0161529276850099,-0.8218423156652572,-0.4852612499554877,0.5221780460328125,0.3810766904352884,0.27773269790605715,0.6958306948772434,-0.5717054971352689
2021-02-24,0.09209107142857142,0.084078125,0.14397166666666666,0.11706166666666667,0.07213333333333333,0.062503,0.008075,0.17042500000000002,0.26837222222222223,-0.05308333333333334,0.3190573208325828,0.30459990834911593,0.8545849495391303,0.4866169240757337,-0.0702773197483252,-0.1321257907120275,-0.3661289212540489,0.6031835098223322,2.2085358070715957,-1.059239556437737
2021-02-25,-0.04490555555555556,0.0357407380952381,0.0105625,0.13553291666666667,0.33945625,0.14839999999999998,0.06735000000000001,0.008266666666666667,0.0208125,-0.10846666666666667,-1.1318506925980885,-0.4486541556721512,-0.4703941345144519,0.6890612973011611,3.1194113710706555,0.7610081657667513,0.08283826204940235,-0.6707950355566245,-0.6215176423435929,-1.4737578538523473
2021-02-26,0.05084166666666667,0.0853095,-0.06065277777777778,-0.005816666666666668,-0.002308333333333336,0.11210416666666667,0.11739999999999999,0.014199999999999999,0.12283888888888889,-0.0951,-0.11780812057151305,0.3237887450338894,-1.1776825156523405,-0.8601261049370196,-0.9585129609465001,0.38361383035696606,0.4619324421310173,-0.6241804754913685,0.5448277195533137,-1.3737146174615806
2021-03-01,0.023541666666666666,0.1733875,0.04674433333333333,0.002947142857142859,0.1272625,-0.020488249999999986,-0.155075,0.19058750000000002,0.08426666666666667,0.11076666666666668,-0.4069377848459969,1.6963311123236955,-0.1110472201516505,-0.7640750024878269,0.5875221747492151,-0.9950465384170635,-1.6018774822993134,0.7615879031901509,0.1038777557558092,0.16710091358424115
2021-03-02,0.07625555555555555,0.06038999999999999,0.006496666666666671,0.18975416666666667,0.06099444444444444,0.002706666666666665,0.010133333333333334,0.0155,-0.08230416666666665,-0.10827499999999998,0.15134606119967658,-0.06453830055840754,-0.5107747489843311,1.2833246509858987,-0.20318619400500196,-0.7538720190194644,-0.35053846796064914,-0.6139671730051607,-1.8003268426958157,-1.4723233186671927
2021-03-03,-0.0231475,0.02657071428571428,-0.11499659090909091,-0.016270714285714288,0.04446666666666666,0.008195535714285707,0.010133333333333334,0.0064444444444444445,0.18215,0.0129,-0.901414820874889,-0.5915530201743846,-1.7174086645054776,-0.9747021687067629,-0.40039512214146755,-0.6968002315403452,-0.35053846796064914,-0.6851111176740439,1.2228605315225143,-0.5653852261745888
2021-03-04,0.16138750000000002,-0.06785909090909091,0.12084999999999999,0.11050499999999999,0.02366875,0.03994583333333333,0.0065,0.5537,-0.06538333333333335,0.3027,1.0529640288281104,-2.063077218780088,0.624947620356661,0.41475604439615654,-0.6485552141061317,-0.36666915674286954,-0.3780584583894844,3.61434005628486,-1.6068912453695519,1.6036319737788398
2021-03-05,0.08680266666666667,0.11156250000000001,0.09293333333333334,0.13218833333333335,0.026974999999999996,-0.03528214285714285,-0.3023,0.011200000000000002,0.11668055555555557,0.0129,0.26304872400631524,0.7328960677303549,0.3476878161465868,0.6524047593507314,-0.609105142389421,-1.1488694665661625,-2.7170051678640648,-0.6477496350749249,0.4744268791572986,-0.5653852261745888
2021-03-08,-0.059132,0.1489625,0.06666666666666667,0.15664375,0.073485,0.21983333333333333,0.08954444444444444,0.031733333333333356,0.16928500000000002,0.0012749999999999997,-1.2825205499622576,1.3157099887621533,0.0868153078271377,0.9204354285826459,-0.05414927530610599,1.503752797412414,0.25094584884328086,-0.48643183170302745,1.075790413250027,-0.6523929037089524
2021-03-09,-0.046875,0.06272666666666665,-0.1652015873015873,0.012016666666666669,0.053761111111111114,0.06489166666666667,0.0,0.031733333333333356,0.014443750000000002,0.0339,-1.1527087442841495,-0.028125416543854094,-2.216029350003425,-0.6646732801857553,-0.28949410137766685,-0.1072890756846229,-0.4272914687896941,-0.48643183170302745,-0.6943239241739779,-0.4082100667576736
2021-03-10,0.12485520833333333,0.10306966233766235,0.01594375,0.0934888888888889,0.06523333333333332,0.09276554487179488,0.22945,0.1962,0.008166666666666668,0.19415000000000002,0.6660567312178223,0.6005499709743778,-0.4169492035984354,0.22825995189439746,-0.15260790420059087,0.18253603024170478,1.3106337983377099,0.805681872577721,-0.7660822909240436,0.7911860902214048
2021-03-11,0.006486666666666669,0.0694052380952381,0.06870555555555555,0.03354375,-0.060511999999999996,0.22721200000000003,0.19135,0.0194,0.12318214285714285,0.19415000000000002,-0.5875643937911001,0.07594849792611025,0.10706492934855003,-0.4287370607751464,-1.652997293400343,1.5804741934278523,1.0220526142995576,-0.5833272655465374,0.5487517305683631,0.7911860902214048
2021-03-12,0.11861428571428573,0.017530952380952387,0.3094,0.14600333333333332,-0.123,-0.010544444444444445,0.00515,0.12040000000000001,0.012483333333333332,0.18705000000000002,0.5999601795105597,-0.7324219795569558,2.4975686144035687,0.8038167653659861,-2.3986021573500786,-0.8916535165619464,-0.38828377593414326,0.21016777376652876,-0.7167350171417217,0.738045917275686
2021-03-15,0.177078125,0.09107785714285714,-0.002862499999999998,0.13946041666666664,0.12854914285714286,0.03367916666666666,0.00195,0.20750000000000002,0.021606666666666663,0.05865,1.21914077382836,0.41367855370609136,-0.6037271328972668,0.732106585294278,0.6028743571274622,-0.43182827515135513,-0.41252156566963116,0.8944590403424502,-0.6124388871477333,-0.22296791458773793
2021-03-16,0.05178,0.1265445,0.08485000000000001,0.164855,0.07345,0.015041666666666667,0.3674,0.09074166666666666,-0.008004999999999998,0.009588888888888892,-0.10787039157355613,0.9663644678613282,0.26740661910665486,1.0104304944091218,-0.054566894212747845,-0.6256159989819108,2.3555097652160075,-0.02283955667201933,-0.9509535640938774,-0.5901673412572557
2021-03-17,0.02046,0.126465,0.09071666666666668,0.15224499999999996,0.13033333333333333,-0.01844375,0.00385,0.003225,0.08764444444444443,0.009588888888888892,-0.4395751932247222,0.9651255986976375,0.3256725600511004,0.8722252540289284,0.6241632621533936,-0.9737883760362951,-0.39813037801418527,-0.7104043176345456,0.1424918387154637,-0.5901673412572557
2021-03-18,0.14285,0.07053266666666666,-0.1282083333333333,-0.04395416666666666,0.11937916666666668,-0.13461499999999998,0.00385,0.01805,0.2918444444444444,0.17450000000000002,0.856636514121581,0.09351751039663316,-1.8486236538005003,-1.2781120173081226,0.4934584876817716,-2.18170586025094,-0.39813037801418527,-0.5939333873591377,2.476865577638275,0.6441150481955772
2021-03-19,0.3084966666666667,0.049834285714285706,0.26818888888888887,-0.023432291666666667,0.14668333333333336,-0.013224999999999999,0.1721,0.01805,0.15705,0.17450000000000002,2.610972232858602,-0.22903073992066725,2.088272449701015,-1.053192852563692,0.81925095139898,-0.9195252139308243,0.8762471604220132,-0.5939333873591377,0.9359223295295536,0.6441150481955772
2021-03-22,0.007941666666666666,0.104698,0.016729166666666666,0.12423999999999999,-0.09256333333333333,0.07531875,0.02065,0.01805,0.04967916666666667,0.17450000000000002,-0.5721547358599877,0.6259247800051467,-0.4091486852262564,0.5652912526929013,-2.035432801488418,0.0011289388215174722,-0.2708819819028739,-0.5939333873591377,-0.2915196570502277,0.6441150481955772
2021-03-23,0.03768,0.17171499999999998,-0.09178861111111111,0.13611041666666665,0.13093333333333332,0.102075,0.014825,0.00775,0.21915416666666665,0.013250000000000001,-0.2572010972977401,1.6702681101064307,-1.486914099673266,0.6953906808316574,0.6313224434101122,0.2793332465742368,-0.3150023335307542,-0.6748541685960148,1.6458847964460672,-0.5627656401843067
2021-03-24,0.10001249999999999,0.1195784090909091,0.23990583333333332,0.07867222222222221,0.08612499999999998,-0.014599999999999998,0.0116,0.00775,-0.07456911764705883,0.013250000000000001,0.4029518257201815,0.8578100625941828,1.807373782985935,0.06586970777862722,0.0966708098354355,-0.9338220949646011,-0.3394294809985505,-0.6748541685960148,-1.7119013025359078,-0.5627656401843067
2021-03-25,0.0088525,0.03043314285714286,-0.02332291666666667,0.010306071428571425,0.164,0.04371111111111111,0.259375,0.017725,-0.09429916666666666,0.08618333333333333,-0.5625082546923438,-0.531363791820921,-0.8069337401470533,-0.6834213552114624,1.0258728771137235,-0.3275188087806789,1.5372950039109834,-0.5964867129806897,-1.9374512942059972,-0.016893816685560344
2021-03-26,0.08635,0.02802103174603174,0.2928727777777778,0.17199599999999998,0.056347222222222215,0.12113035714285714,0.05818888888888888,0.017725,0.10615416666666667,0.3049,0.25825460820552465,-0.5689523462228205,2.3334252927031613,1.0886956507576513,-0.25863670438690234,0.4774657368488233,0.013449173032354484,-0.5964867129806897,0.3540912974339338,1.6200979428606117
2021-03-29,0.08150486111111112,0.03622028571428571,0.15936499999999998,-0.11394199999999999,0.22528333333333334,0.03952866666666667,0.05818888888888888,0.0303125,0.0420375,0.140225,0.20694056497081081,-0.44118124048021007,1.0074668332217718,-2.045176674684984,1.757103696029136,-0.37100674380075355,0.013449173032354484,-0.4975944475613508,-0.3788776687459598,0.3875827344329691
2021-03-30,0.15387499999999998,0.08961,0.31335,-0.034577051282051276,-0.042899999999999994,0.025179166666666662,0.05818888888888888,0.1255666666666667,0.0487,0.0,0.9734004170016608,0.3908045543225858,2.536798807596278,-1.175339100115135,-1.4428514595781254,-0.5202089942692477,0.013449173032354484,0.25075910416043157,-0.30271329540818687,-0.6619356812449794
2021-03-31,-0.030111111111111116,0.12532666666666667,0.10758124999999999,0.040565,0.12447,0.24371666666666666,0.1806,0.0077,0.022077777777777776,0.0071,-0.9751652436841791,0.94738665448798,0.49316644923621594,-0.35178436101151195,0.5542021519835698,1.752085288580924,0.940628789406903,-0.6752469879224073,-0.6070532387349392,-0.6087955082992605
2021-04-01,0.14460250000000002,-0.022365000000000003,-0.13063,0.158972,0.10351000000000002,0.1410625,-0.10729999999999999,-0.0765,0.0900725,0.07612222222222222,0.8751969440351722,-1.3541309752906665,-1.872674907264216,0.9459529821841673,0.30410808674886175,0.6847148097046885,-1.240014855857772,-1.3367547335675574,0.17024888634295912,-0.09219651872366443
2021-04-05,0.04996799999999999,0.17382666666666666,0.012821666666666667,0.1655525974025974,0.1140125,0.17824874999999998,0.1699,0.0008666666666666666,0.2059185897435897,0.00816111111111111,-0.12706097588364285,1.7031747606388414,-0.44795678140360085,1.0180761420470734,0.4294235886633427,1.0713674586808923,0.8595836799788653,-0.7289322958627303,1.4945783165796438,-0.6008535888684058
2021-04-06,0.03430952380952381,0.03868805555555555,0.06885374999999999,-0.01664375,0.11916666666666666,0.063497,0.2453,0.4897,0.05694444444444444,0.246775,-0.2928972383013123,-0.40272534161939466,0.1085367512942821,-0.9787906294968701,0.4909229443200168,-0.1217904454410646,1.4306866006212984,3.111531318502324,-0.20846444818429277,1.185059555188793
2021-04-07,0.008835,0.011946000000000002,-0.16956666666666667,0.20975625,0.19508333333333336,0.17569166666666666,-0.17745,0.4157,-0.054,0.36845,-0.5626935942207248,-0.8194537441537134,-2.259381984634709,1.5025469138874044,1.396758239440959,1.0447795923462597,-1.7713526527154202,2.5301587154412655,-1.4767592453953207,2.0957399133818
2021-04-08,0.04880666666666667,0.20576957142857144,0.0029599999999999995,0.013035416666666667,-0.010575000000000001,-0.013691666666666664,0.099925,0.0,0.07981833333333334,0.2553666666666667,-0.13936046001468422,2.200949348163735,-0.5458998417923179,-0.6535078092391002,-1.0571505693724028,-0.9243774887059244,0.32957138724737656,-0.7357411641868689,0.053025294858119174,1.2493641541407137
2021-04-09,0.05162875,0.13042142857142858,-0.0764125,0.11977857142857143,-0.1138,0.11567238095238097,0.099925,0.0,0.18525,0.0168,-0.10947225464027831,1.0267796534836409,-1.334203261839988,0.5163941227838335,-2.2888280447470577,0.42071516500851514,0.32957138724737656,-0.7357411641868689,1.2582991142387763,-0.5361955537114473
2021-04-12,0.025013333333333332,0.17604380952380955,0.0002999999999999999,0.13204339682539684,0.09648666666666667,0.022583333333333334,0.0159,0.36605,-0.03590625,0.14843333333333333,-0.3913516130783309,1.7377250740628813,-0.5723181491069016,0.6508162593571365,0.22030589281604815,-0.5471997727057414,-0.3068599510414887,2.1400891243334064,-1.2699150982913314,0.44901826301458087
2021-04-13,0.18297333333333335,0.1398633333333333,0.09538333333333332,0.15095089743589743,0.02653958333333333,0.21556666666666668,0.0159,0.0077,0.15684444444444443,0.16413888888888892,1.2815759242402578,1.1739153095342962,0.37202046762054536,0.8580419268323848,-0.6143005204541927,1.4593891423257859,-0.3068599510414887,-0.6752469879224073,0.9335724593494428,0.5665669867372316
2021-04-14,0.146795,0.04945916666666667,0.013125000000000001,0.13017035190615836,-0.013019999999999999,0.1087375,0.17965,0.1806,0.06233333333333334,0.0857625,0.898417339233773,-0.2348763175408962,-0.44494416741158693,0.6302877404589404,-1.0863242329935319,0.34860813376517324,0.93343319557918,0.6831222427432275,-0.14685974346247513,-0.020043556983399283
2021-04-15,-0.03760833333333333,-0.0536002380952381,0.01213,0.2291975,0.047439999999999996,0.15390555555555555,0.17965,0.032100000000000004,0.04196875,0.03675,-1.0545670511604541,-1.840877809211723,-0.4548262034183579,1.7156224594497695,-0.3649174016915057,0.8182534550777525,0.93343319557918,-0.4835511566428151,-0.3796636050561995,-0.38687915226537795
2021-04-16,0.100425,0.16574645833333335,0.15060833333333334,0.1924252380952381,-0.13405,-0.011527777777777776,-0.1769,0.0,0.008549999999999995,0.03675,0.4073205431748785,1.5772587739676167,0.9204982952325345,1.3125995176677685,-2.530450412161316,-0.9018779526951928,-1.7671867826046335,-0.7357411641868689,-0.7617001005881618,-0.38687915226537795
2021-04-19,-0.01608125,0.10649607843137254,0.08459166666666666,0.08612535714285714,0.012305238095238097,0.07359375000000001,0.19726666666666667,0.09025,0.07983619047619048,0.029924999999999997,-0.8265773670221573,0.6539447035589151,0.2648409313662033,0.14755585395565826,-0.7841442831712514,-0.01680714829358417,1.0668672776125692,-0.026702280048213307,0.05322943415948008,-0.4379610790758754
2021-04-20,-0.10611904761904761,0.04415650793650793,0.0668,0.16133000000000003,0.1400736111111111,0.025946969696969698,-0.4137,0.09025,0.0605375,0.024499999999999997,-1.7801523925756062,-0.3175090268033912,0.08813953375769328,0.9717965949372601,0.7403839523232283,-0.5122255843917091,-3.5607832230307364,-0.026702280048213307,-0.1673893525360087,-0.47856466192524516
2021-04-21,-0.13837222222222223,0.07903333333333333,0.06364375,0.08905416666666667,0.10338,-0.04010000000000001,0.186525,0.094175,0.04334166666666667,0.0970357142857143,-2.1217402879896055,0.22598560856198904,0.056792623057822934,0.17965552281100278,0.3025569308099058,-1.198964252318279,0.985506571964017,0.004134037073606322,-0.36396869510323127,0.06433116932603825
2021-04-22,0.18976666666666664,0.13971250000000002,-0.010983333333333336,0.076625,-0.0034099999999999985,0.080096,0.1407607142857143,0.1515,0.350085,0.20375000000000001,1.3535229640194268,1.1715648344962675,-0.6843807684801675,0.04343221060702579,-0.9716580131984197,0.050801502398688324,0.6388737174210021,0.4545013947827302,3.1426600116694403,0.8630375916691375
2021-04-23,0.010026666666666663,0.02822466666666667,0.028797499999999997,0.012808333333333333,0.18245,0.2222738095238095,0.225875,0.3839,0.06152019230769231,0.011166666666666667,-0.5500728549071562,-0.5657790503256482,-0.2892896856868446,-0.6559966360963302,1.246017700757825,1.5291282139658702,1.2835556426175945,2.280325623855567,-0.15615540975188344,-0.5783584139359847
2021-04-26,-0.06704583333333333,0.07747254901960784,0.009946666666666677,0.08864666666666668,0.12007399999999999,0.10078769841269841,0.0,0.057499999999999996,0.18888888888888888,0.16676666666666665,-1.3663346149729125,0.20166350092115282,-0.47651040303120545,0.1751893344323408,0.5017492173093436,0.2659482301027875,-0.4272914687896941,-0.28399893883537086,1.29989816742722,0.5862346720293479
2021-04-27,-0.09092592592592592,0.04885571428571429,0.0011555555555555555,0.12312142857142858,0.09037833333333334,0.06056101190476191,0.08635833333333333,0.057499999999999996,0.021740000000000002,0.13976666666666668,-1.6192446206190623,-0.24428007284300407,-0.5638210327191701,0.5530317417358729,0.14742145029973094,-0.15231806181503096,0.22681325784796436,-0.28399893883537086,-0.6109146470309047,0.3841523242076001
2021-04-28,0.08393333333333335,0.11154850000000001,0.21947333333333333,0.057835000000000004,0.07353533333333333,-0.029814105263157885,0.5775,0.17926666666666669,0.044915584415584416,0.06266666666666668,0.2326601019052805,0.732677902091466,1.6044444355403589,-0.16250565352809127,-0.05354869954512571,-1.0920142789520373,3.9468721475366335,0.6726470607060915,-0.34597598080206526,-0.19290504679450252
2021-04-29,0.24058374999999999,0.14494041666666668,0.08725555555555553,0.30404166666666665,0.16924961904761907,-0.01707653846153846,0.04733333333333334,0.10342666666666667,0.07970357142857143,0.1806,1.8917180645166847,1.2530328187563609,0.2912978619370948,2.5359123916640356,1.0885111675981038,-0.9595724773356469,-0.06877416228560256,0.07681870643378506,0.05171335961470604,0.6897706897404906
2021-04-30,0.04694444444444445,0.08503437500000001,-0.009022142857142857,0.09296388888888889,0.03059938461538461,0.06290499999999999,0.1531,0.12684444444444445,-0.0010166666666666692,-0.11392000000000002,-0.1590829393522518,0.31950140064822447,-0.664902823855192,0.2225059668666732,-0.5658590983800855,-0.1279459025843344,0.7323352838675541,0.26079782027935366,-0.8710643289706049,-1.5145734984247399
2021-05-03,0.14438666666666666,0.06674361904761905,0.07165375,0.044921666666666665,0.06935133333333333,-0.01678761904761905,0.002566666666666667,0.27299999999999996,0.04851944444444445,0.250725,0.8729110898518052,0.034471796497346066,0.13634549583594938,-0.30403541859096944,-0.10347205684197772,-0.9565683707980801,-0.4078507416060215,1.4090523579167646,-0.30477737056639204,1.2146234542219747
2021-05-04,0.21406000000000003,0.09699812499999999,0.07147761904761907,0.11156119047619047,0.20220000000000002,0.044515000000000006,0.16724687500000002,0.27299999999999996,0.19624166666666665,0.08236666666666667,1.6108095321796763,0.505935626523737,0.13459621702857724,0.42633186189410854,1.4816740837914841,-0.31916018782881017,0.839488090637626,1.4090523579167646,1.3839536588698236,-0.045459778198634566
2021-05-05,0.20438583333333332,0.04278472222222223,0.031277083333333316,0.19600499999999998,0.26067,0.187982,0.5461,0.027125000000000003,-0.011816666666666665,0.009033333333333332,1.5083520757522497,-0.338885920144521,-0.264663221584544,1.351833606054087,2.1793362972587262,1.1725711803696253,3.709038835757159,-0.5226366796188796,-0.9945277784337115,-0.5943254142577031
2021-05-06,-0.07887499999999999,0.062096,0.12717083333333334,0.08224,0.0048375,0.1563,0.172475,0.004250000000000004,0.04768333333333333,0.0103,-1.4916153104666947,-0.037953259133801875,0.6877242058770616,0.10497245047497053,-0.87324910084044,0.8431502458880871,0.8790875264066407,-0.7023515214434972,-0.3143356262990041,-0.5848450078166829
2021-05-07,0.06613333333333334,-0.07042666666666667,-0.0827,-0.007347916666666662,0.012899999999999998,-0.005580952380952378,0.172475,0.004250000000000004,0.04871388888888889,0.12363333333333333,0.04414332446623966,-2.1030884191763155,-1.3966487908777496,-0.8769085612678816,-0.7770476027032818,-0.8400444579846075,0.8790875264066407,-0.7023515214434972,-0.3025545203960172,0.26340188427460487
2021-05-10,0.02085366666666667,0.007541666666666669,0.14538485714285715,-0.02973999999999999,0.10722266666666666,0.1814375,0.2113,0.004250000000000004,-0.05854444444444445,0.09750357142857144,-0.43540593640533065,-0.8880876152641692,0.8686203255895225,-1.1223251560098837,0.3484075094362689,1.1045232255146784,1.1731600846817396,-0.7023515214434972,-1.5287104293772245,0.06783286080284368
2021-05-11,0.09981333333333334,0.04430533333333333,0.0383475,-0.045183333333333325,0.009899999999999999,-0.004629166666666666,0.0239,0.5803,0.04072833333333334,0.09750357142857144,0.4008424853733684,-0.31518984196186917,-0.19444200341080126,-1.2915836489206516,-0.8128435089868756,-0.8301480455287594,-0.246265476702769,3.8233199379257274,-0.39384380139306935,0.06783286080284368
2021-05-12,0.05911333333333333,-0.020612500000000002,0.11326666666666667,-0.05117916666666667,0.1951625,0.12159714285714288,0.0323,0.1618,0.12281666666666667,0.013766666666666668,-0.030204303490056233,-1.3268213122797512,0.5496322705563125,-1.3572978112610883,1.3977028536345535,0.4823192494491213,-0.18264127864711333,0.5354221760196073,0.5445736795338424,-0.5588986322938906
2021-05-13,0.0168,0.2735,0.04282777777777778,-0.1393875,0.006700000000000001,0.03267333333333333,0.0045,0.012933333333333333,-0.0459125,0.1837,-0.47833763173185073,3.2564102211283994,-0.14994525334011183,-2.324058629014421,-0.8510258090227089,-0.4422866602469724,-0.3932070769741643,-0.6341318984266477,-1.3843045558089435,0.7129727370829875
2021-05-14,0.0,-0.02725394021739131,-0.09951666666666666,0.06891875,0.13535833333333333,-0.009875000000000002,0.15255000000000002,0.012933333333333333,-0.05361666666666667,0.3027,-0.656263578977687,-1.4303166014347275,-1.5636667863690716,-0.04102806962135345,0.6841214051784131,-0.8846928128667139,0.7281694137567671,-0.6341318984266477,-1.4723770550594386,1.6036319737788398
2021-05-17,0.037216581196581194,0.005691137770897832,0.11419333333333334,0.17201304761904762,-0.054959,0.07569107142857143,0.07987,0.0,-0.007183333333333333,0.015525,-0.2621090871530867,-0.9169248880375832,0.5588356407736739,1.0888824921762388,-1.5867390708694113,0.005000237127416705,0.1776686143894986,-0.7357411641868689,-0.941560434373922,-0.5457383312474743
2021-05-18,-0.05804,0.12366919642857144,-0.0801375,0.2522277777777778,0.09341666666666666,0.096846,0.1783888888888889,0.0181,0.17807499999999998,0.18175000000000002,-1.2709553633912782,0.921557864957023,-1.3711988237748842,1.9680336471024575,0.1836747487191705,0.22496350771924145,0.923881149971618,-0.593540568032745,1.1762759429519438,0.6983779008514169
2021-05-19,0.02938,0.0019246666666666635,-0.0701375,0.11430277777777777,0.009049999999999999,0.08451249999999999,-0.0026,0.0,0.031971428571428574,-0.0155,-0.34510498790133776,-0.9756187862383837,-1.271881878983216,0.45637958053321703,-0.8229856824338937,0.09672308427917914,-0.44698467294977795,-0.7357411641868689,-0.493950992923131,-0.7779459179574644
2021-05-20,0.11903999999999999,0.09605166666666667,0.11470000000000001,0.13596666666666668,0.0759,0.26356666666666667,0.00485,0.0,0.15392958333333334,0.018340000000000002,0.6044688472213808,0.4911867203113517,0.5638676993097851,0.6938151849312095,-0.02533357074781302,1.9584802620503559,-0.3905560687218453,-0.7357411641868689,0.9002503475454022,-0.5246693753542069
2021-05-21,0.07385428571428572,-0.007571130952380948,-0.01561000000000001,-0.04034166666666667,0.02184,0.091625,0.17070000000000002,0.0,0.1842375,0.12573333333333334,0.1259146200627246,-1.123594268689762,-0.7303314082704462,-1.2385191203316401,-0.6703758019781724,0.1706769507175335,0.8656431274127374,-0.7357411641868689,1.24672441585161,0.27911940021629644
2021-05-24,0.13756600000000002,0.12555188888888888,0.13616166666666665,0.099275,0.07992500000000001,0.17253333333333334,0.12066249999999999,0.210125,0.012886111111111112,0.0743,0.8006745673806884,0.9508963509167719,0.7770184156568372,0.29167556466026706,0.022692603516008773,1.011940089850494,0.4866436261972764,0.9150820549780619,-0.7121305417888023,-0.10583499816513212
2021-05-25,0.10876249999999998,0.12312291666666667,-0.05247361111111111,0.06683611111111111,0.005912500000000001,0.0161,0.0026,0.281775,-0.008124444444444441,0.0077,0.49562158991072114,0.9130450454378776,-1.0964495312248217,-0.06385373244958717,-0.8604222344221522,-0.6146117329740948,-0.4075982646296102,1.4779921496986674,-0.9523190291985363,-0.6043047894587772
2021-05-26,0.059771428571428566,0.14127840909090908,0.1289475,-0.049797916666666664,0.006066666666666667,0.07778333333333333,0.0,0.008166666666666668,0.18998749999999998,0.20215000000000002,-0.023234528572433088,1.1959668028719908,0.7053695164017145,-1.3421593506524332,-0.8585827225714675,0.0267550149775142,-0.4272914687896941,-0.6715806742094097,1.3124572708898379,0.8510623414278488
2021-05-27,0.10635000000000001,0.07371999999999998,0.1366488888888889,-0.02795833333333333,0.03974583333333333,0.06515694444444445,0.2497,0.00775,0.04005625,0.2031,0.4700712120696155,0.14318655418367446,0.7818573579114093,-1.102798140153893,-0.45672395800162274,-0.10453078853568211,1.4640135615075944,-0.6748541685960148,-0.4015269242319579,0.8581726462586138
2021-05-28,0.08505866666666667,0.25740833333333335,0.0135575,0.09000666666666667,0.07581666666666667,0.092225,0.012700000000000001,0.0232,0.093075,0.0219,0.2445783161493666,3.005649596905493,-0.44064870954934726,0.1900948956470165,-0.026327901477912734,0.17691558971409066,-0.33109774077697657,-0.5534729967406992,0.20457286847379041,-0.4980244435673393
2021-06-01,0.153455,0.17556294871794872,0.07000866666666668,0.14161944444444444,0.08138,0.0871375,0.009883333333333334,0.06375,0.004536666666666667,0.16356666666666667,0.9689522683205152,1.7302316951395054,0.1200070307765134,0.7557694681662284,0.04005361806355155,0.12401712988911673,-0.3524320452837341,-0.23489652303629496,-0.8075797281046989,0.5622841715467705
2021-06-02,0.168595,0.043362857142857134,0.11321,0.20398199999999997,0.11728749999999999,-0.1422,0.0,0.0297,0.08511666666666666,0.022366666666666663,1.1292974374456317,-0.3298766934070709,0.5490694745358264,1.4392612985610496,0.4685007863562657,-2.260572654899083,-0.4272914687896941,-0.5024064843096603,0.11359478650059061,-0.4945316622469635
2021-06-03,0.24978333333333336,0.11261333333333332,0.20820333333333335,0.026021666666666665,0.0347,0.14760833333333334,0.0112875,0.04426666666666667,0.1312,0.017612500000000003,1.989149289448253,0.7492714766969565,1.4925142387601487,-0.5111788795890383,-0.5169306837091672,0.7527766282018499,-0.34179645265240677,-0.38796512055394744,0.6404102768794329,-0.5301143719482928
2021-06-04,0.143315,0.029129333333333333,0.04501111111111111,0.09515833333333334,0.1106,0.1709166666666667,0.0045,0.3193,0.07297,0.554,0.861561250161421,-0.5516813945174459,-0.1282610537272642,0.2465570153952557,0.3887057452657548,0.9951304236653262,-0.3932070769741643,1.772803054156319,-0.02526348814248357,3.4844947148012575
2021-06-07,0.11433333333333333,0.02577916666666667,-0.22472666666666669,-0.02341619047619048,-0.041793333333333335,0.26854374999999997,0.03828541666666666,0.3439,0.151335,0.554,0.5546213397786982,-0.6038879124615643,-2.8072142521055525,-1.0530163839752567,-1.4296467474824,2.010230639004435,-0.13730588157025356,1.9660701627414816,0.870589587521993,3.4844947148012575
2021-06-08,0.26595416666666666,-0.06260520833333333,0.02061666666666667,0.10603333333333334,0.00615,0.03236666666666666,0.12486666666666667,0.3439,0.4545,-0.019522222222222222,2.1604118393641976,-1.9812046010095554,-0.3705392229384953,0.3657467052552556,-0.8575883918413677,-0.44547529795632385,0.5184872848471558,1.9660701627414816,4.3363115001592805,-0.8080503664807042
2021-06-09,-0.1732,-0.023383333333333336,0.012145,0.25922,0.018493181818181815,0.1169375,0.0155,0.017775,0.011,0.02065,-2.4905953684407125,-1.3699999283098476,-0.4546772280011704,2.04466820324948,-0.7103099319730362,0.4338695333847873,-0.3098896747584247,-0.5960938936542971,-0.7336921884414386,-0.5073801078183462
2021-06-10,-0.06098085714285715,0.022729833333333328,0.052635,0.05387083333333333,0.20510416666666667,0.06119166666666667,0.0,0.09028,0.13249687500000001,0.3612,-1.3021014820137509,-0.6514064663795582,-0.052542918539705004,-0.20595280714219244,1.516326509735463,-0.14576068283005847,-0.4272914687896941,-0.026466588452377725,0.6552358936407724,2.0414770607259602
2021-06-11,0.140775,0.03107833333333333,0.019308333333333334,0.22065833333333335,0.018872916666666666,0.1458,0.0,0.0097,0.026749999999999996,0.0071,0.8346605414706817,-0.5213096209321257,-0.38353318988207197,1.6220334363083584,-0.7057789476233767,0.7339740634483375,-0.4272914687896941,-0.659534214866703,-0.5536413246410749,-0.6087955082992605
2021-06-14,0.09441666666666666,0.035148253968253974,0.30417933333333336,0.005393749999999999,0.13783166666666669,-0.11136666666666666,0.30763333333333337,-0.00325,-0.15624625,0.06956666666666668,0.34368730509737455,-0.4578869898217962,2.4457185480926653,-0.7372602579759737,0.7136331412477763,-1.9399759286871197,1.9028185465104894,-0.7612744204023884,-2.6456180157348728,-0.14126178012894466
2021-06-15,0.013620000000000002,0.08708333333333333,0.05760333333333333,0.25962,0.15380000000000002,-0.07703333333333333,0.0284,-0.148,0.006866666666666667,0.0181,-0.5120164717462412,0.35143085092311144,-0.003198949802377766,2.0490521918420317,0.904166795749505,-1.5829871416619066,-0.21218108488723916,-1.8984863703089851,-0.7809436320631212,-0.5264656628904001
2021-06-16,0.262,0.0995237142857143,0.047144000000000005,0.10361333333333334,0.0,0.0803,0.00775,0.0028888888888888888,0.09072916666666667,0.0194,2.1185339316419016,0.5452925408157973,-0.10707785292481009,0.33922357427031763,-0.9309699997227349,0.05292263965751771,-0.3685905717740594,-0.7130449364397404,0.17775576891833936,-0.5167357720693531
2021-06-17,0.18220000000000003,-0.027425,-0.04622166666666667,-0.05584233333333334,0.088575,0.0074555555555555555,0.0021275,0.2006,0.02152,-0.1977,1.2733856822241798,-1.4329822704890862,-1.0343571291018752,-1.4084059849406736,0.12590413330037065,-0.7044943466652326,-0.41117712577024085,0.8402499733002703,-0.6134296432236718,-2.1416275391842228
2021-06-18,0.0027833333333333334,0.2652816666666667,0.12141249999999999,0.17352291666666667,0.11331666666666666,-0.04816666666666666,-0.11715000000000002,0.11651666666666667,0.05084,0.0,-0.6267857682732677,3.1283417966806364,0.6305341985011923,1.1054306138787608,0.42112092706700904,-1.2828392877164358,-1.3146218023873206,0.1796588060833696,-0.2782492415330898,-0.6619356812449794
2021-06-21,0.17255555555555557,0.013358492063492069,0.21067399999999997,0.13569333333333333,0.19513166666666665,0.05672777777777779,-0.11581111111111113,0.11651666666666667,0.08934553571428572,0.031529166666666664,1.1712430088052737,-0.7974425131924805,1.517052145253343,0.6908194593929656,1.3973349512644164,-0.19217500166092558,-1.304480643834799,0.1796588060833696,0.1619383753845546,-0.42595464328708327
2021-06-22,0.094775,0.056401,0.15083749999999999,-0.0174125,0.0,-0.24241666666666664,-0.086425,0.0116,-0.009209999999999977,0.031529166666666664,0.34748235258327287,-0.1266999243818257,0.9227743085506765,-0.9872161075731805,-0.9309699997227349,-3.3025986628518056,-1.0819011493801751,-0.644607080463784,-0.9647288841497146,-0.42595464328708327
2021-06-23,0.026210833333333336,0.08662966666666667,0.42168874999999995,0.14651666666666666,0.23803333333333332,0.012900000000000002,-0.086425,0.0116,0.06585666666666666,-0.39394999999999997,-0.3786690939219684,0.3443612453391163,3.6127861728511137,0.8094428840597608,1.9092362977344093,-0.6478844742890661,-1.0819011493801751,-0.644607080463784,-0.10658169837528277,-3.6104668265922983
2021-06-24,-0.06577500000000001,0.134575,-0.08288166666666667,0.08153821428571428,0.17085000000000003,0.08043333333333333,0.00805,0.04235,0.22377291666666668,0.534275,-1.3528754349357155,1.0915058366539983,-1.3984530487081315,0.09728089906035974,1.1076068631279297,0.05430900387897484,-0.3663182789863574,-0.4030231947323307,1.6986854267430787,3.3368623329203695
2021-06-25,-0.01,0.17041833333333334,0.07957499999999999,0.012742261904761916,0.041708,0.17488888888888887,0.0819,0.3612,0.3546833333333333,0.3798,-0.7621718809097323,1.6500618164093395,0.21501693072904962,-0.6567207770692068,-0.4333114466306921,1.0364325244295698,0.19304446225294875,2.101985649673324,3.195227242698562,2.1806893447809426
2021-06-28,0.20274,0.03256730158730159,-0.10074333333333334,-0.011164333333333332,0.03671666666666667,0.156775,0.1806,0.11816666666666668,0.11228708333333333,0.245,1.4909213343926007,-0.4981066416169624,-1.5758496649301832,-0.918736379095609,-0.4928678800407513,0.8480891684270281,0.940628789406903,0.19262184385432574,0.42420157955767845,1.1717745119523635
2021-06-29,0.14234999999999998,0.0003514285714285734,0.33798,0.18118666666666666,0.154175,0.19574999999999998,-0.3116,0.0155,0.19955416666666667,-0.11913333333333335,0.8513410990249785,-1.0001349643935256,2.7814164426181573,1.1894250953191814,0.9086412840349541,1.253340759911718,-2.787446244282826,-0.6139671730051607,1.4218214992722813,-1.553592855460939
2021-06-30,0.11787424242424242,-0.10069399999999999,0.08359166666666668,0.09170733333333334,0.1672833333333333,0.0009999999999999998,-0.3116,0.36945,0.03145888888888888,0.02,0.5921225066900907,-2.5747521416141885,0.2549092368870366,0.2087341538130156,1.0650495078796565,-0.7716174810541158,-2.787446244282826,2.1668008385281037,-0.4998102445150825,-0.5122450532288697
2021-07-01,-0.006329166666666668,0.029523333333333335,0.18545,0.16857757575757573,0.0071,0.181275,0.011166666666666667,0.32426666666666665,0.1003375,-0.00065,-0.723294708408844,-0.5455415901087153,1.266535083710839,1.0512298185494258,-0.8462530215182297,1.1028335941197773,-0.34271168169189786,1.8118231072446511,0.2875963223372914,-0.6668006266555029
2021-07-02,0.16005999999999998,0.252825,0.25813,0.24382916666666668,0.25170000000000003,0.018533333333333346,0.0065,0.1939,0.03978333333333333,0.0194,1.0389047017466309,2.9342263222692435,1.988370638456685,1.8759851088414847,2.0723065374707814,-0.5893105859325019,-0.3780584583894844,0.7876121835636608,-0.40464685322109123,-0.5167357720693531
2021-07-06,0.1239875,0.105436,-0.12695555555555552,0.017898124999999997,0.03816,0.007316666666666667,0.110475,0.0,0.17084166666666667,0.098625,0.6568669796022604,0.6374252258265763,-1.8361814476613214,-0.6002126645835014,-0.47564607179542234,-0.7059384760625839,0.40948035028156315,-0.7357411641868689,1.0935859166139992,0.0762262281594612
2021-07-07,0.01549,0.11741333333333333,-0.007940000000000006,0.14284107142857144,0.044725,0.18481666666666668,0.0,0.19996666666666665,0.19598333333333331,0.3094,-0.4922116192849488,0.824071124316011,-0.6541553116152364,0.7691584650731438,-0.397312696878158,1.139658893752233,-0.4272914687896941,0.8352742618326304,1.3810004436434684,1.6537783341642365
2021-07-08,-0.02700625,0.07237,-0.03239333333333334,0.050575347222222226,0.02286875,0.005833333333333333,-0.03225,0.0245,0.21198666666666666,0.4507,-0.942282186882917,0.12214915329081578,-0.8970183472791297,-0.24207124093725177,-0.65810078911509,-0.7213617780262945,-0.6715629434676579,-0.5432596942544914,1.5639473636658066,2.711342621098051
2021-07-09,0.2197666666666667,0.113155,0.22047866666666666,0.16740380952380954,0.08282500000000001,0.013762499999999999,-0.03225,0.00065,0.15540833333333334,0.0084,1.6712478698155635,0.7577124091539682,1.6144290990567476,1.0383653741015424,0.05729531292348273,-0.6389164307315153,-0.6715629434676579,-0.7306345129437649,0.917155123091103,-0.5990656174782133
2021-07-12,0.04738833333333333,-0.028342222222222224,-0.043816666666666663,0.06259666666666666,0.0839875,0.2484666666666667,0.3612,0.3612,0.07273333333333334,0.06828333333333333,-0.1543817875053794,-1.4472755827829586,-1.0104714038794786,-0.11031792265759026,0.07116622660837527,1.8014745139703348,2.3085490476035,2.101985649673324,-0.027969014349853914,-0.15086692875997845
2021-07-13,0.04977999999999999,0.1731225,0.094825,0.061578632478632475,-0.011583333333333334,-0.04083333333333332,-0.00065,0.009,0.12771666666666667,-0.05595,-0.1290520519599653,1.692201548444727,0.36647527153634407,-0.12147554832551408,-1.0691819712066108,-1.2065892555362931,-0.4322147698297151,-0.6650336854361997,0.6005895038272889,-1.080695213120046
2021-07-14,0.004208333333333333,-0.027685333333333333,0.019674999999999998,0.16023317307692309,0.105975,0.06849999999999999,0.0077,0.0027375,0.140425,0.3653,-0.6116938352479512,-1.437039112488425,-0.3798915685730441,0.9597754031403277,0.3335203897452144,-0.06977059394143917,-0.3689692872386764,-0.7142343060668735,0.7458686399625029,2.0721636394692626
2021-07-15,0.007499999999999997,0.007449999999999998,-0.06375333333333334,0.00019622222222221987,-0.18705000000000002,-0.04425,0.0187,0.1806,0.08723714285714286,-0.3038,-0.576832352528653,-0.8895160807568944,-1.2084762861458018,-0.794225014194095,-3.1628447565048057,-1.2421148387111325,-0.2856518850229368,0.6831222427432275,0.13783564807286644,-2.935736320809685
2021-07-16,-0.017632499999999995,0.08300793650793652,0.23842066666666667,0.30848000000000003,0.3726,0.1182,0.11903333333333334,0.00325,-0.02327326923076923,0.42214999999999997,-0.8430063923593658,0.28792288291321677,1.7926235614019592,2.5845563984222246,3.5148815606996093,0.4469966696067096,0.4743038139751727,-0.7102079079713494,-1.12549737766445,2.497659249605054
2021-07-19,0.15502,0.07317472727272728,-0.142428,0.003431558441558437,0.11919166666666667,0.057766071428571424,-0.10783333333333334,-0.1292,-0.09140446428571428,-0.11496666666666668,0.9855269175728801,0.13468942754694974,-1.9898490387294268,-0.7587658214974966,0.4912212435390469,-0.18137910289472747,-1.2440544874803534,-1.7507863035853652,-1.9043596329910486,-1.522407307957583
2021-07-20,0.30168666666666666,0.07105375,0.35969666666666666,0.18752,0.0623375,0.0,-0.07193333333333334,0.0284,0.02765625,0.0084,2.5388486792428786,0.10163768742027815,2.997099741057397,1.2588382480345837,-0.18716089707155975,-0.7820152127150444,-0.9721367838853486,-0.5126197867958682,-0.5432812550970062,-0.5990656174782133
2021-07-21,-0.0656875,0.028478749999999997,0.12923333333333334,0.18915833333333332,0.0013,-0.04450833333333334,0.048211111111111114,0.0,0.09445535714285715,-0.082275,-1.35194873729381,-0.5618196037008133,0.7082083257403431,1.27679433464491,-0.9154584403331777,-1.2448009193902057,-0.06212560190677082,-0.7357411641868689,0.22035283646899234,-1.2777255022462504
2021-07-22,0.12743125000000002,0.022590000000000002,0.16191499999999998,0.037587999999999996,-0.0015839285714285684,0.03986666666666667,0.14933,0.005175,0.13170277777777778,0.05071250000000001,0.6933391510801088,-0.6535855255584604,1.0327926541436472,-0.3844121961115781,-0.9498693859569894,-0.3674923104993597,0.7037801378354323,-0.695084363905234,0.6461579323199735,-0.2823763825816314
2021-07-23,0.1151826388888889,0.0890425,0.2976683333333333,0.178315,0.08353333333333333,0.3125972222222222,0.01745,0.005175,0.12242583333333334,0.1410833333333333,0.5636161906997325,0.3819610543176247,2.3810532853388096,1.1579517105484873,0.06574712412933115,2.468286821903271,-0.2951197716383618,-0.695084363905234,0.540105750691389,0.39400695721866036
2021-07-26,0.022809999999999997,0.11093125000000001,0.05783666666666667,-0.015673214285714283,0.17656666666666668,0.05662777777777778,0.09649999999999999,0.45730000000000004,0.05562235576923076,0.3359,-0.4146867422706916,0.7230591349054533,-0.0008815544239054831,-0.9681535857466386,1.1758179512127775,-0.19321477482701852,0.3036293779211121,2.8569843949999143,-0.2235783026600326,1.8521184162855815
2021-07-27,-0.08825555555555555,0.0006822916666666679,0.0207,0.08617380952380951,0.0015437500000000104,0.07563248677248677,0.1691,0.45730000000000004,0.09000481481481482,0.0,-1.590963181473505,-0.9949790387822841,-0.3697115817318981,0.14808689066910116,-0.9125500229476354,0.004391089594000634,0.8535242325449933,2.8569843949999143,0.16947512278365243,-0.6619356812449794
2021-07-28,-0.08064583333333333,0.10123333333333333,0.047808333333333335,0.06005866666666667,-0.005658333333333333,0.14880000000000002,0.1691,0.0798,0.12248214285714286,0.0,-1.5103699056004942,0.5719339788001153,-0.10047989722581696,-0.13813433027733085,-0.9984850562965131,0.7651672584311232,0.8535242325449933,-0.10880151926426816,0.5407494699550137,-0.6619356812449794
2021-07-29,0.13466785714285714,0.08264438095238094,-0.03691666666666667,0.204925,0.12085816666666667,0.08852222222222222,-0.016362500000000006,0.038400000000000004,0.04924791666666667,0.0632,0.7699808285050396,0.2822575021954029,-0.9419427119732275,1.4495965516679905,0.5111058694795833,0.13841509998070803,-0.5512261045856067,-0.4340559215173467,-0.2964496211780948,-0.18891329671407295
2021-07-30,0.04337777777777777,0.06275761904761905,0.08672386363636364,-0.174675,0.035312222222222224,0.08842499999999999,0.296,0.0,0.11520000000000001,0.0,-0.1968569003746814,-0.027643077546310364,0.28601726023863905,-2.7108086226635932,-0.5096256672787004,0.13740420940256207,1.8147040817429343,-0.7357411641868689,0.45750146286001575,-0.6619356812449794
2021-08-02,0.012432291666666668,0.08538257575757574,-0.07257866666666665,0.22570533333333334,0.10730500000000001,0.060661375661375666,0.0,0.19669999999999999,0.002773015873015875,0.006233333333333334,-0.5245952890236285,0.3249275035580896,-1.2961268004892752,1.6773484123748796,0.3493899081976078,-0.1512745064052784,-0.4272914687896941,0.8096100658416467,-0.8277414327928908,-0.6152821021799585
2021-08-03,0.0927275,0.16279464285714285,0.13371666666666668,0.24718500000000002,0.10270555555555555,-0.1753,0.1141611111111111,0.00935,0.13240416666666666,0.3612,0.3257976277626866,1.5312598661643833,0.7527354226552745,1.91276494647108,0.2945094807676311,-2.604737572875818,0.4374000959230495,-0.6622839501514514,0.6541760704345398,2.0414770607259602
2021-08-04,0.01118333333333333,-0.056454166666666666,0.00205,0.162386,-0.010300000000000002,0.22343333333333334,-0.16897500000000001,0.0071,-0.03211666666666666,0.1806,-0.5378227946503497,-1.8853513199352245,-0.5549376837683596,0.9833703248215964,-1.0538692779630734,1.5411846313917568,-1.707160381462839,-0.6799608198391187,-1.226593336220847,0.6897706897404906
2021-08-05,0.06964375,0.18742166666666665,0.017741666666666656,0.05568066666666667,0.11176666666666667,0.060875,0.00385,0.0071,0.04184910714285714,0.02938,0.08132155129030144,1.9150291792598921,-0.3990928445661001,-0.18611708542280944,0.40262637548715235,-0.14905329785601923,-0.39813037801418527,-0.6799608198391187,-0.38103133837531794,-0.44204014868931435
2021-08-06,-0.2104125,0.06594166666666668,-0.00645833333333333,0.06724999999999999,0.130125,-0.149025,0.009,0.0028166666666666665,0.017334166666666664,0.013712499999999999,-2.8847066370053365,0.021974764100992045,-0.6394398509619376,-0.05931752203090528,0.621677435328144,-2.3315371734849206,-0.35912268515863444,-0.7136123421334186,-0.6612812563913557,-0.5593040444114342
2021-08-09,0.018851666666666673,0.04914121212121212,-0.14924583333333336,0.22566770833333333,0.07951875,0.1069,0.005166666666666667,0.002425,0.0506625,0.0077333333333333325,-0.45660877845212605,-0.23983108586566226,-2.057561676405973,1.6769360434478926,0.01784524120677199,0.329502301838217,-0.3881575374459376,-0.7166894268568275,-0.2802783861886177,-0.6040553050787504
2021-08-10,0.17647083333333333,0.05045833333333333,-0.09474285714285714,0.054633333333333325,0.0226625,0.13068333333333335,0.092225,0.2743,0.057640000000000004,0.19046666666666667,1.212709050908945,-0.21930604367019393,-1.5162547686768586,-0.19759582888764082,-0.660561757672087,0.5767950198406343,0.27124920569635885,1.4192656604029728,-0.2005129955748375,0.763618066228438
2021-08-11,-0.09093333333333331,0.12892,0.13831583333333333,0.13625,0.18558333333333335,-0.09575,-0.23098333333333335,0.09590000000000001,0.0,0.016475,-1.6193230712130857,1.0033825018027998,0.7984129408473759,0.6969205101842669,1.2834045362095787,-1.7775980192489522,-2.1768306768320196,0.017686303834151405,-0.8594419980797878,-0.538628026416709
2021-08-12,0.22063666666666668,0.057917916666666666,0.061086666666666664,0.05804357142857144,0.14023750000000001,0.2977,0.20836666666666667,0.5683,0.16590833333333335,0.022175,1.6804618920836512,-0.1030614176872138,0.03139645263338671,-0.16021971661911782,0.7423394694257582,2.3133895027433837,1.1509421107575426,3.7290432995915017,1.0371890322913457,-0.49596619743211784
2021-08-13,0.024583333333333332,0.11718894736842105,0.18254166666666669,0.048266666666666666,0.18655,-0.111225,0.0097,0.5683,0.127525,0.06561111111111112,-0.3959056700614088,0.8205744595022402,1.2376504056005957,-0.2673743139857556,1.2949387726787365,-1.9385029167018217,-0.3538206686539965,3.7290432995915017,0.5983984086593479,-0.1708672598921308
2021-08-16,0.08243928571428571,0.001801140350877195,-0.07831857142857145,-0.07295208333333333,0.025684000000000002,0.02768541666666667,0.055869999999999996,0.1907375,0.030219999999999997,0.012770833333333334,0.2168368972713855,-0.9775437289243695,-1.3531337809240287,-1.595928356994203,-0.6245093140601276,-0.4941496792940455,-0.00411480862666048,0.7627663611693286,-0.5139729756006137,-0.5663519781471927
2021-08-17,0.0990125,0.006526296296296301,-0.11551499999999999,-0.06163678571428571,-0.09182,0.1255666666666667,0.17215,0.0065,-0.09940333333333332,0.296,0.3923609955269771,-0.9039103956613636,-1.7225573452116092,-1.4719130177861222,-2.0265633713759277,0.5235932928422167,0.8766258758866302,-0.6846746517558299,-1.9958011111783374,1.553485613393443
2021-08-18,-0.028871428571428576,0.11823145833333334,-0.09702,0.010737500000000007,0.103775,-0.06175625,0.31173333333333336,0.11261666666666666,0.151592,0.296,-0.9620359764129207,0.836820178838582,-1.5388706558194187,-0.678692910372353,0.30727005847057903,-1.4241401286002628,1.9338732146090833,0.14901889862474615,0.8735275603471799,1.553485613393443
2021-08-19,-0.09755,0.06703333333333333,-0.043116071428571434,0.08172083333333334,-0.02730000000000002,0.10930000000000001,-0.07965000000000001,0.0284,0.03241142857142858,0.296,-1.6893990643247894,0.03898648951435322,-1.0035133060211578,0.09928239861422124,-1.2567127469034383,0.35445685782444564,-1.0305852039245722,-0.5126197867958682,-0.488921000537597,1.553485613393443
2021-08-20,0.027633333333333333,0.10013333333333332,-0.17437333333333335,0.040711111111111115,0.3023,-0.2114666666666667,-0.17085,0.5719,-0.02307333333333333,0.26356666666666667,-0.36360363797213496,0.5547923928874153,-2.3071203294312377,-0.3501829874006214,2.6760641567873957,-2.9807888679460675,-1.7213622113859766,3.757326291091769,-1.1232117502969556,1.3107373116273187
2021-08-23,0.08181333333333334,0.02212916666666667,0.0408580303030303,0.033479999999999996,0.0433875,-0.04277222222222223,0.132375,0.0,0.2520460227272727,0.09763333333333335,0.21020754189568677,-0.6607668111718868,-0.16950818346041419,-0.4294357589570843,-0.4132717050962602,-1.2267493019233158,0.5753577237838082,-0.7357411641868689,2.0218979453799943,0.06880406785366253
2021-08-24,0.21593333333333334,0.018405357142857143,0.12234583333333333,0.087725,0.06869166666666666,0.1023375,0.0,0.0258,0.03857671957671958,-0.18645555555555557,1.6306496874082792,-0.7187959028763518,0.6398037800150814,0.16508789405033605,-0.11134317890144797,0.2820626511352305,-0.4272914687896941,-0.5330463917682836,-0.4184406214211997,-2.057468141655166
2021-08-25,0.19295,0.15036791666666666,0.012249999999999999,0.12269166666666668,0.04316,0.27930555555555553,0.0097,-0.0038499999999999997,0.003121527777777775,-0.16235,1.3872371068011282,1.337610961975614,-0.4536344000808579,0.5483215635158992,-0.4159862279894328,2.122129005358192,-0.3538206686539965,-0.7659882523190996,-0.8237573140946629,-1.877049354165749
2021-08-26,0.06789166666666667,0.020220833333333334,-0.0177,0.0010680000000000093,0.1490375,0.0077375000000000005,0.0077,-0.0038499999999999997,0.13945333333333332,-0.16235,0.0627655342226243,-0.6905048655204347,-0.7510886497319048,-0.7846703546115501,0.8473407945242996,-0.7015627639886098,-0.3689692872386764,-0.7659882523190996,0.7347607401111153,-1.877049354165749
2021-08-27,0.30062083333333334,0.032878787878787875,0.16057083333333333,0.06546249999999999,0.24809583333333335,0.07314166666666667,0.1806,0.104375,0.021169999999999987,0.0,2.527560619395288,-0.49325266977501653,1.019442801481234,-0.07890847105387076,2.0293017333939636,-0.021507789481962337,0.940628789406903,0.08426917965769815,-0.6174307735303466,-0.6619356812449794
2021-08-30,0.07667625,0.13707940476190475,0.11058428571428572,0.19155,0.10504999999999999,0.04383888888888889,0.19287500000000002,0.06693333333333334,0.16687416666666666,0.07003333333333334,0.1558015646240123,1.1305326270052392,0.5229916824605283,1.3030069331045422,0.3224833186411062,-0.32619020973511575,1.033603435970376,-0.20988702592263223,1.0482302466376217,-0.13776899880856885
2021-08-31,0.012383333333333333,-0.009732857142857144,0.0065833333333333325,0.08564464285714285,-0.017544999999999998,0.220975,0.06531666666666668,0.18510000000000001,0.026183333333333333,-0.002599999999999999,-0.5251137984185041,-1.1572810097931996,-0.50991400212947,0.14228723909353796,-1.1403163916379524,1.5156235410586405,0.06743716648831112,0.7184759821185622,-0.5601193451375958,-0.6813954628870736
2021-09-01,0.012383333333333333,0.18071666666666666,0.10045476190476191,0.16741875,0.06337583333333333,0.0097,0.0,0.2982,-0.05214444444444444,0.011166666666666667,-0.5251137984185041,1.8105434214920257,0.4223883467648917,1.038529121294508,-0.17477153617451596,-0.6811572156040374,-0.4272914687896941,1.607033298418639,-1.4555469037694575,-0.5783584139359847
2021-09-02,0.06666666666666667,0.037965000000000006,0.2658378974358974,0.18886677777777777,0.09091666666666667,-0.03786666666666666,0.00385,0.2982,0.3299125,0.050949999999999995,0.04979176723594871,-0.41399290427867685,2.0649231208667715,1.2735988940707834,0.15384482681617584,-1.1757426516088718,-0.39813037801418527,1.607033298418639,2.912052008494022,-0.28059880637394014
2021-09-03,0.020872222222222223,0.14561000000000002,0.005679910714285712,0.11519375,0.09091666666666667,-0.013088888888888895,0.00385,0.0516,0.08387083333333334,0.0077,-0.4352094176673012,1.2634671098782202,-0.5188865195674197,0.4661446106794738,0.15384482681617584,-0.9181099671214203,-0.39813037801418527,-0.3303516193496985,0.09935266790897468,-0.6043047894587772
2021-09-07,0.1273277777777778,0.073485,0.17787833333333333,-0.03913333333333333,0.008918333333333328,0.10445333333333331,0.13396666666666665,0.04498958333333334,0.05221452380952381,0.19291666666666668,0.6922432943448396,0.13952448810232515,1.191335603679414,-1.2252758214583066,-0.8245567249874515,0.30406251837447834,0.5874134994074492,-0.38228560779318765,-0.26253595904299915,0.7819551681604114
2021-09-08,0.040772916666666666,0.06882833333333334,0.07939761904761904,0.03812,-0.12136333333333334,0.20518333333333336,-0.1601,0.008075,-0.012254166666666667,0.3695,-0.22444454207934122,0.0669584410718955,0.21325523730357832,-0.3785814912834843,-2.379073501810918,1.3514260285798108,-1.6399383864933217,-0.6723008429744628,-0.9995291913170549,2.1035986713526458
2021-09-09,-0.12737885714285718,0.03913333333333333,0.17578114285714286,-0.11109714285714287,0.12162928571428573,0.0045,0.3469,0.3612,0.052805000000000005,0.3695,-2.005311425182146,-0.3957864622714002,1.170506948605272,-2.0139971215306716,0.5203068378669385,-0.7352254202408659,2.2002364247230384,2.101985649673324,-0.2557857528113301,2.1035986713526458
2021-09-10,0.10086250000000001,0.04217750000000001,0.13632916666666667,0.06207083333333333,-0.050350000000000006,0.005599999999999999,0.0,0.02861666666666667,0.0071925,0.203725,0.41195403138440556,-0.34834842186299636,0.7786819744820977,-0.11608104099488217,-1.53174462684905,-0.7237879154138446,-0.4272914687896941,-0.5109175697148335,-0.7772187702776217,0.8628504783841171
2021-09-13,0.23813285714285715,0.08141316017316017,0.07267098214285715,0.01815416666666667,0.07133444444444445,-0.020455555555555553,0.08299666666666668,-0.005174999999999998,0.023425333333333336,0.0811,1.8657610744449469,0.26307106877311714,0.14644833469319476,-0.5974064552187899,-0.07980963701421538,-0.994706590356927,0.20135095477688164,-0.7763979644685036,-0.5916482519541928,-0.05494018463965484
2021-09-14,0.054217916666666664,0.09666833333333333,-0.045697499999999995,0.07354000000000001,0.01645,0.014922222222222224,0.12376666666666668,0.015033333333333334,0.02904333333333333,0.00485,-0.08205083013170626,0.5007963972624105,-1.0291512659123783,0.009620698586970738,-0.7346891136010292,-0.6268579502636328,0.5101555446255819,-0.6176334867181583,-0.527424394631625,-0.6256357039510728
2021-09-15,-0.06300833333333335,0.06972166666666665,0.05658333333333333,0.05208166666666667,0.043008333333333336,-0.055883333333333333,0.12376666666666668,0.0097,0.0025217261904761923,0.534875,-1.3235741380678496,0.080879486600997,-0.013329278171127945,-0.22556202278429352,-0.4177959099182144,-1.3630751170332678,0.5101555446255819,-0.659534214866703,-0.8306141264059314,3.3413530517608523
2021-09-16,0.040912500000000004,-0.078058,-0.04130000000000001,0.04901875,0.10139166666666667,0.014433333333333333,0.2639,-0.15163333333333334,0.07098,-0.013700000000000002,-0.22296623869820636,-2.222009470050665,-0.9854766394402424,-0.2591315021008016,0.278832199589724,-0.631941285742309,1.5715687534588219,-1.9270312413601818,-0.048012771886148484,-0.7644737614360145
2021-09-17,0.017853690476190474,0.21404833333333334,0.0146,0.09051000000000001,-0.011710000000000002,0.0,-0.008866666666666667,0.0045,0.06158333333333332,-0.0052,-0.46717817482232066,2.329959446746702,-0.4302949180548158,0.1956114146259775,-1.0706933539163626,-0.7820152127150444,-0.4944503445151084,-0.7003874248115342,-0.15543359411963548,-0.7008552445291678
2021-09-20,0.19987575757575757,0.09572595604395603,0.08000375000000001,-0.05137619047619048,-0.02266666666666666,-0.07875833333333333,0.01725416666666666,0.019325000000000002,0.0795925,0.00675,1.4605866292452765,0.48611108701873945,0.21927514473699258,-1.3594571865946221,-1.2014279583098877,-1.6009232287770083,-0.2966030738747784,-0.5839164945361263,0.05044361316024085,-0.6114150942895423
2021-09-21,-0.02451666666666667,-0.0027504761904761895,0.01489,-0.040782,0.0228,-0.037283333333333335,0.009,0.18135,0.11066095238095237,0.0271,-0.9159154325477515,-1.048472752547347,-0.42741472665585745,-1.243345161107274,-0.6589211119674223,-1.169677308139997,-0.35912268515863444,0.6890145326391167,0.4056119743114118,-0.45910488028315083
2021-09-22,0.025987999999999983,0.17579666666666666,0.05246166666666667,-0.004635714285714286,-0.15754,-0.012624999999999997,-0.07944999999999999,0.017075,0.008546666666666657,0.2046,-0.38102908391668766,1.733873782682495,-0.054264412249427234,-0.8471829005209146,-2.810732358361855,-0.9132865749342672,-1.0290703420661038,-0.6015933642237936,-0.7617382065910825,0.869399443359822
2021-09-23,0.14879,0.1056047619047619,0.12605833333333333,0.0902975,0.027875,0.11746666666666668,0.009,0.0245,-0.014114999999999999,0.274,0.919546045469216,0.6400550864531827,0.6766751957689883,0.19328242068618437,-0.5983663705043429,0.4393716663886954,-0.35912268515863444,-0.5432596942544914,-1.0208018674475423,1.3888259225757225
2021-09-24,-0.07267499999999999,0.004783437500000005,-0.10636507936507937,0.06935,-0.08082500000000001,0.025027777777777777,0.025825,0.0,0.15480666666666668,0.274,-1.4259521632688263,-0.931069817289016,-1.6316831289569533,-0.03630158192000869,-1.8953713748465566,-0.5217830953123606,-0.23168493131501458,-0.7357411641868689,0.9102769895639146,1.3888259225757225
2021-09-27,0.15460416666666668,0.08821380952380953,0.035706666666666664,0.1301185,0.09681,0.06605,0.1147,0.2333166666666667,0.07859200000000002,0.15508125,0.9811228973508728,0.36904735523339277,-0.22066995324786773,0.6297194450461896,0.2241638960488354,-0.09524503651071403,0.4414818070416994,1.0972847525364997,0.03900609638358947,0.4987748040561856
2021-09-28,0.010003999999999999,0.11322833333333335,0.007483333333333333,0.16500285714285715,0.09390533333333333,0.30616666666666664,-0.1806,0.0258,-0.06409566666666668,0.0058000000000000005,-0.5503129137248688,0.7588551815481483,-0.5009754770982199,1.0120510044781543,0.18950550412047587,2.4014236308059114,-1.795211726986291,-0.5330463917682836,-1.5921708964412808,-0.6185253991203076
2021-09-29,-0.078175,0.25709000000000004,-0.11905595238095239,-0.038625,0.040558333333333335,0.183175,0.0,0.18835000000000002,0.13143666666666667,0.1935,-1.4842017293314513,3.0006889258307576,-1.7577250024245068,-1.2197045026219389,-0.4470292333831493,1.1225892842755418,-0.4272914687896941,0.7440092383340817,0.6431158030868034,0.7863211448108812
2021-09-30,-0.0202,0.02436119047619048,0.07696166666666668,0.07460133333333334,0.008491666666666666,0.0327,0.017766666666666667,0.01745,0.07051,0.04243333333333333,-0.8701983488804186,-0.6259846039990286,0.18906210249016045,0.02125288165254128,-0.8296476983255626,-0.442009387402681,-0.2927212403624541,-0.598647219275849,-0.05338571829796884,-0.34434206547080015
2021-10-01,0.0087125,0.1426938095238095,0.3217125,0.13114222222222224,0.01480987654320988,0.2154,-0.0155,0.0323,-0.03304,0.27,-0.5639909709193924,1.2180233557096591,2.6198526026783107,0.6409394114065996,-0.7542590154519568,1.457656187048964,-0.5446932628209635,-0.48197987933724473,-1.2371486990298841,1.3588877969725006
2021-10-04,0.024210000000000002,0.04696833333333334,0.15805,0.07495000000000002,0.10656533333333333,0.127975,-0.0155,-0.1806,0.07538857142857143,-0.18230000000000002,-0.39985958000020516,-0.27369162079321446,0.9944066549816675,0.025074258375715648,0.34056422863724156,0.5486344965922861,-0.5446932628209635,-2.1546045711169652,0.0023851388338444863,-2.0263657556118186
2021-10-05,0.03812857142857143,0.002930333333333332,0.176765,0.088918,0.06638416666666666,0.11906666666666667,-0.11626666666666667,0.3612,0.07993333333333333,0.01515,-0.2524503534682169,-0.959947221178197,1.180278317159275,0.17816314002762154,-0.13887619681791222,0.456008037046181,-1.3079311625124204,2.101985649673324,0.05433995195888362,-0.5485450305227764
2021-10-06,0.025779761904761903,0.12604933333333335,0.19183055555555553,0.09085416666666665,0.10379259259259259,-0.256245,-0.01671587301587302,0.25685,-0.006940208333333336,0.01515,-0.38323449822311056,0.9586481569906267,1.3299048120959673,0.19938347147748534,0.3074799727358222,-3.446381962169679,-0.5539026611033959,1.2821717154919532,-0.9387810777858926,-0.5485450305227764
2021-10-07,0.04882499999999999,0.048624999999999995,0.04354714285714286,0.028867999999999998,0.09518444444444445,0.009,0.12419999999999999,0.0,0.11259666666666668,0.009,-0.1391662947944756,-0.24787535352469384,-0.14280073915287622,-0.47998314742920567,0.2047678179403549,-0.6884356277666875,0.513437745318929,-0.7357411641868689,0.4277406745789398,-0.59457489863773
2021-10-08,0.0056812500000000005,0.16103125,0.08622222222222221,0.12907,-0.018699999999999998,-0.15885000000000002,0.00043749999999999995,0.3612,0.06608466666666667,0.009,-0.5960944249425437,1.5037804569293327,0.2810351109752892,0.6182279149479633,-1.154097815557136,-2.433694887053544,-0.42397770847429533,2.101985649673324,-0.103975247775506,-0.59457489863773
2021-10-11,0.09204,0.05944121212121212,-0.04941190476190477,0.093398021978022,-0.004500961538461537,0.372275,0.16892000000000001,0.156225,0.12941111111111112,0.1926466666666667,0.31851643200485846,-0.0793235086831082,-1.066041599179579,0.22726405314269515,-0.9846753321950112,3.0888003413571297,0.8521608568723723,0.4916228211268316,0.6199600553119841,0.779934344682194
2021-10-12,0.12673333333333334,0.07396312499999999,0.10216666666666667,0.09023541666666668,0.014253333333333335,0.3559,-0.18125000000000002,0.0284,0.15128111111111112,-0.009,0.6859476341744346,0.1469752342518793,0.4393904618375606,0.19260198912338217,-0.7608996716464604,2.9185374854094244,-1.8001350280263124,-0.5126197867958682,0.8699735404747749,-0.7292964638522287
2021-10-13,0.03985555555555555,0.029568749999999998,0.11379166666666665,0.17341955555555555,-0.0433475,0.228875,-0.048141666666666666,0.248475,0.08982333333333332,0.0,-0.23416015783296854,-0.5448338503873197,0.554846410157875,1.1042977790486992,-1.4481910155987616,1.5977656211799762,-0.7919313419717604,1.2163744783211914,0.1674004626246358,-0.6619356812449794
2021-10-14,-0.03571666666666667,0.15574613095238096,0.16910555555555554,0.21855516666666666,0.002475,0.25793333333333335,-0.12705,0.03606666666666667,0.111765,0.14930000000000002,-1.0345327307116423,1.4214210730987795,1.1042070550569008,1.598982789621104,-0.90143837703877,1.8999063736937918,-1.3896074643814862,-0.452387490082335,0.4182332268502221,0.45550485689527903
2021-10-15,0.15605,0.09481666666666667,0.21812399999999998,0.14588698412698414,0.10285000000000001,0.07983749999999999,-0.08375,0.2627,0.0750875,0.12846666666666665,0.9964354726718808,0.4719413943093658,1.591043269123136,0.8025415813825181,0.296232987366471,0.048113688764338206,-1.061639872023166,1.3281315766798878,-0.0010566497871012394,0.2995771193784979
2021-10-18,0.18651666666666666,0.010033712121212113,0.015122000000000005,-0.06328900000000001,0.07966333333333334,0.06489583333333333,0.0129,0.009,0.08976854761904762,0.23995,1.3191027658915124,-0.8492534232119474,-0.4251105735366907,-1.4900212392386782,0.019570405023495233,-0.10724575180270238,-0.32958287891850857,-0.6650336854361997,0.16677416324806052,1.1339776283782956
2021-10-19,0.19281666666666666,0.09653385416666668,0.07772799999999999,-0.051149999999999994,0.11715267857142857,0.024605555555555558,0.0,0.2106,0.29072333333333333,0.08139,1.385824996108701,0.4987007734543336,0.19667309102602845,-1.3569781454262149,0.4668921012822114,-0.526173248680308,-0.4272914687896941,0.9188138385787917,2.4640492586559426,-0.052769670533421256
2021-10-20,-0.02668333333333333,0.16916874999999998,-0.1101361111111111,0.027445833333333336,0.062872,0.004187499999999999,0.0090375,0.12735,0.20328999999999997,0.26708,-0.9388622312996946,1.6305892345335107,-1.6691358641297798,-0.4955700535376405,-0.18078325976869947,-0.7384747113849061,-0.35883864856017167,0.264769660135101,1.464528802045669,1.3370329652821484
2021-10-21,0.034177142857142864,-0.057347999999999996,-0.029458333333333336,-0.04932857142857143,0.05900333333333334,-0.007211666666666672,0.05827708333333333,0.03613333333333333,0.04217283333333333,0.26708,-0.2942992624887936,-1.8992801570942868,-0.8678688239827749,-1.3370153402279883,-0.2269440695828537,-0.8570001875431075,0.014117185032442813,-0.4518637309804782,-0.3773305650273789,1.3370329652821484
2021-10-22,0.049475000000000005,-0.02467999999999999,0.08462685714285714,-0.021614999999999995,0.050890000000000005,0.005583333333333333,0.0168,0.3736,0.09743833333333334,-0.08405,-0.13228225516889253,-1.3902062220069393,0.2651904324243035,-1.0332753877236769,-0.3237521094653728,-0.7239612109415267,-0.30004307267838276,2.1994048426186903,0.25445362629700224,-1.29101054548268
2021-10-25,0.020525000000000005,0.14969,0.07451458333333333,0.12594083333333334,-0.016638888888888894,0.024052083333333342,0.00255,0.18705000000000002,-0.04193958333333333,0.25676666666666664,-0.4388867892621638,1.327046810354416,0.16475841845843242,0.583932337520814,-1.1295047021660003,-0.5319281043287525,-0.4079769800942272,0.733795935847874,-1.3388869635778198,1.259842498101841
2021-10-26,0.18363142857142858,0.06786933333333332,0.19035119047619045,0.20420208333333334,-0.03328333333333334,0.24150833333333332,-0.001625,0.36265000000000003,0.08184833333333333,0.0161,1.288545699157881,0.05201409480800502,1.315212210104565,1.4416734056179101,-1.3281056933246056,1.7291236311630402,-0.4395997213897465,2.1133774101387095,0.0762318506368326,-0.5414347256920111
2021-10-27,0.0529,0.09282583333333334,-0.005961428571428569,0.037521428571428574,-0.005019642857142856,0.027566666666666663,0.27504999999999996,0.00195,0.012469285714285721,0.021099999999999997,-0.09600866175716702,0.4409177210173657,-0.6345047446814563,-0.3851418170701956,-0.9908642214865337,-0.49538440992878086,1.656022302068412,-0.7204212104575572,-0.7168956067254589,-0.5040120686879838
2021-10-28,0.035562500000000004,0.03217361111111111,0.12998437499999999,0.10085,0.09717323076923076,0.08105079545454544,-0.14520833333333336,0.05923333333333334,0.053849999999999995,0.002575,-0.2796271802318506,-0.5042416226357177,0.7156674421148005,0.3089375197434394,0.22849795424040284,0.060729209326126084,-1.5271442972815594,-0.27038120218709377,-0.24383952089568703,-0.6426630128879053
2021-10-29,0.058177083333333324,0.02285770833333334,0.2805783333333333,0.17680083333333335,0.060678361344537815,0.17023333333333335,0.0284,0.057350000000000005,-0.05742000000000001,0.0168,-0.04011996825844405,-0.6494137570172066,2.211320626689848,1.1413564870637656,-0.20695768767903042,0.9880253070303583,-0.21218108488723916,-0.2851773968145486,-1.5158560043919713,-0.5361955537114473
2021-11-01,0.08392500000000001,0.08418833333333334,-0.01089270833333333,0.207405,0.20424800000000004,0.12843333333333332,0.12763333333333332,0.04323333333333334,0.13074166666666667,0.0668,0.2325718449870038,0.3063173134528694,-0.683480708667993,1.4767772809418112,1.5061107558144178,0.5534001236035448,0.5394428738892962,-0.39608338663272796,0.6351707014778349,-0.16196898367117327
2021-11-02,0.031338333333333336,0.028133,0.032731481481481486,0.08649821428571429,0.04031041666666666,0.11768333333333332,-0.0205625,0.0241,0.1108152380952381,0.007775000000000001,-0.3243646121063121,-0.5672075158183733,-0.25021858352607035,0.15164235760800115,-0.4499873673051964,0.44162450824856303,-0.5830382036134345,-0.5464022488656323,0.40737573787517073,-0.6037434496037167
2021-11-03,0.0822885,0.10341523809523809,0.07462,0.18934722222222225,0.15133333333333335,0.009683333333333334,-0.0205625,0.00775,0.11869,0.0483,0.21523995137582444,0.6059351678269513,0.16580538458477803,1.278864551480282,0.8747346061385501,-0.6813305111317196,-0.5830382036134345,-0.6748541685960148,0.49739844791800103,-0.3004328145860746
2021-11-04,0.1337637142857143,0.07101666666666666,0.023278333333333335,0.09353500000000001,0.04534090909090909,0.145,0.00385,0.04979999999999999,0.09188254818865346,0.08855,0.7604052050346408,0.10105980819822111,-0.34410436279977963,0.2287653283571499,-0.38996368884569294,0.7256558781195944,-0.39813037801418527,-0.3444931150998324,0.19094099681199656,0.0008195742963459828
2021-11-05,0.026220833333333336,0.266125,0.2165083333333333,0.07313333333333333,0.3451611111111111,0.31755,0.19111666666666668,0.04979999999999999,0.013610000000000014,0.13165,-0.3785631856200363,3.141483679213706,1.5749969614096286,0.00516364351787634,3.1874815956354063,2.519784476212815,1.0202852754646785,-0.3444931150998324,-0.703855188154521,0.32340287767106213
2021-11-08,-0.04465999999999999,0.07364033333333334,0.06068333333333333,-0.036257083333333336,0.043815230769230766,-0.02135833333333334,0.20174,-0.03783333333333334,0.148987,0.01676666666666667,-1.1292500554062015,0.14194508780999743,0.027390669193456098,-1.1937522034849894,-0.4081680349195956,-1.0040934314397099,1.1007496878469698,-1.032974454490608,0.8437477190646436,-0.5364450380914741
2021-11-09,0.14565,0.06769166666666666,-0.006130833333333335,0.03691666666666666,0.03500833333333334,0.0544265625,0.296,0.437975,-0.05531250000000001,0.0054625,0.8862908386625538,0.04924546896210542,-0.6361872210200105,-0.3917699902994108,-0.5132516600077976,-0.21610242061328816,1.8147040817429343,2.7051597253491715,-1.4917634840453509,-0.6210514284680795
2021-11-10,0.0742111111111111,0.17871897435897438,-0.07501666666666668,-0.03637416666666668,0.045775,-0.18604895833333335,0.4282333333333333,0.437975,0.11708333333333334,0.018375000000000002,0.12969369724912508,1.7794128630198012,-1.3203402716294845,-1.1950354334792679,-0.3847841296789002,-2.7165023572603197,2.8162802471666883,2.7051597253491715,0.479031354510218,-0.5244074167551787
2021-11-11,0.002275000000000006,0.059277199999999995,0.0047666666666666664,0.090896,0.026053333333333335,0.10701875000000001,0.00385,0.19226666666666667,0.11715909090909092,0.06531666666666668,-0.6321694402881466,-0.08187935219809159,-0.5279565804332897,0.1998419636177899,-0.6201024402643251,0.3307370324729524,-0.39813037801418527,0.7747800855681691,0.4798974000311433,-0.173071038582368
2021-11-12,0.03751249999999999,-0.08931333333333333,0.0047666666666666664,0.13676666666666668,0.0921125,0.122225,0.07162222222222221,0.0155,0.009781249999999998,0.3612,-0.25897506135510195,-2.3974042548774,-0.5279565804332897,0.7025831621163129,0.16811347279310826,0.488847539541947,0.11519739452612128,-0.6139671730051607,-0.7476246957593238,2.0414770607259602
2021-11-15,0.10281,-0.03197005263157894,-0.25179583333333333,0.16029285714285715,0.02115583333333333,0.10217708333333334,0.19195,0.0781788888888889,0.10828541666666668,0.19083333333333333,0.4325796731856713,-1.5038090069999528,-3.0760569452445323,0.9604295388008579,-0.6785392572722919,0.28039468168128995,1.0265971998749615,-0.12153759475775283,0.378455323051364,0.7663623944087332
2021-11-16,0.12970357142857142,0.07144551630434783,0.044912499999999994,0.129241,0.11284666666666666,0.10495125,0.07593749999999999,0.018099999999999998,0.1712810606060606,0.1816,0.7174049214744884,0.10774268356907744,-0.129240429155071,0.6201020700712792,0.41551290174924604,0.3092397222639825,0.14788264309737165,-0.5935405680327451,1.0986089806353656,0.697255221141296
2021-11-17,0.004546666666666667,0.06462252380952381,-0.10344404761904763,-0.02480751879699248,0.07333333333333333,0.009250000000000001,0.02065,0.016774999999999998,0.028100000000000003,0.18215,-0.608110604365917,0.001418218085683937,-1.602672334091419,-1.068265302692482,-0.05595895723488761,-0.6858361948514554,-0.2708819819028739,-0.6039502801821492,-0.5382083934581865,0.701371713411739
2021-11-18,0.05434666666666667,0.15168714285714285,-0.04736333333333333,0.1771971428571429,-0.013750000000000002,0.120225,0.0077,0.31973333333333337,0.09827701149425289,0.0129,-0.08068726074433114,1.3581688065959154,-1.0456958136322572,1.1457000281425171,-1.0950345701892061,0.4680520762200899,-0.3689692872386764,1.7762074883183885,0.2640412280318636,-0.5653852261745888
2021-11-19,0.0009874999999999953,0.060594333333333326,0.1924634920634921,0.175423,0.028620833333333335,-0.0009999999999999998,-0.0058,0.31973333333333337,0.05341929824561403,0.2112,-0.6458051341618976,-0.06135412111462417,1.336190944117504,1.1262554730243381,-0.5894671104699495,-0.7924129443759729,-0.47122246268526585,1.7762074883183885,-0.2487632175888632,0.9187973506051382
2021-11-22,0.11169166666666666,0.1604950476190476,0.25222916666666667,0.19550535714285713,0.05390625,0.09214375,0.14226,0.12658333333333333,0.09660204545454545,0.12167222222222222,0.5266438966849829,1.4954246758568874,1.9297653646175346,1.3463575345889265,-0.2877623086894096,0.17607077401664015,0.6502297711385888,0.2587464304637477,0.24489334979150817,0.24872388658302527
2021-11-23,0.009232000000000008,-0.004884166666666669,0.1938125,0.07122937500000001,0.15042916666666667,0.18155000000000002,0.1372,0.12658333333333333,0.27601200000000004,0.0194,-0.5584890346340226,-1.0817226058280096,1.3495888787928716,-0.01570368551719128,0.8639461177169668,1.105692970326533,0.6119037661193485,0.2587464304637477,2.295872225365673,-0.5167357720693531
2021-11-24,0.033918750000000004,0.03622083333333333,0.014922222222222224,0.08192916666666666,-0.0121,0.0025666666666666667,0.0034333333333333334,0.5719,0.03251180555555556,0.09,-0.2970358573619306,-0.44117270679025355,-0.4270947053893065,0.10156572600617517,-1.0753468217332296,-0.7553277014519945,-0.4012863402193269,3.757326291091769,-0.48777351084250253,0.011672144827513877
2021-11-26,-0.10455999999999999,0.20476533333333333,-0.15137083333333332,-0.21968200000000002,-0.07875555555555555,-0.033612500000000003,0.0,0.20845,0.030370000000000005,0.09,-1.763640783979153,2.1853000449034354,-2.078666527174202,-3.204084059126032,-1.8706788283824107,-1.131508968168005,-0.4272914687896941,0.9019226075439095,-0.5122582054691815,0.011672144827513877
2021-11-29,-0.18366666666666664,0.02085339393939394,-0.18147708333333332,0.014125416666666661,0.08066378205128205,0.053750000000000006,0.0903,0.0184,0.12814145454545453,0.158225,-2.601446057796253,-0.680647509180637,-2.377672604087619,-0.6415614403243969,0.03150772787323981,-0.22313713594013504,0.25666866030860447,-0.5911836520743895,0.6054455942722209,0.5223042996474678
2021-11-30,0.05798181818181817,0.07127222222222222,-0.10035000000000001,0.07621583333333334,0.10851428571428572,0.0032416666666666666,0.014499999999999999,-0.00104,-0.03335944444444444,0.0103,-0.04218798832079141,0.10504219684460608,-1.5719431984350443,0.03894775560922822,0.3638190675638277,-0.7483092325808676,-0.31746398405076465,-0.7439118061758351,-1.2408005243097857,-0.5848450078166829
2021-12-01,0.20207083333333334,-0.06514133333333333,0.008953333333333332,-0.0904375,-0.20618333333333333,-0.042766666666666654,-0.24866666666666667,0.00645,0.004910000000000003,0.0012833333333333334,1.4838343038549813,-2.0207256960757793,-0.4863758862138446,-1.7875680250009043,-3.3911430921357253,-1.2266915367474216,-2.310769712818231,-0.6850674710822225,-0.8033118557775792,-0.6523305326139457
2021-12-02,0.0005299999999999999,0.12527232142857142,0.08070404761904762,-0.03175833333333333,-0.05260833333333333,-0.018166666666666668,-0.09213333333333333,0.08076666666666667,0.20494030303030306,0.0103,-0.6506504389752885,0.9465397785172928,0.2262302867338614,-1.1444460317831344,-1.5586909896347554,-0.9709073378885795,-1.1251378315906158,-0.1012070122873444,1.4833947376735053,-0.5848450078166829
2021-12-03,-0.07116666666666666,0.04533678571428571,-0.004962500000000002,-0.05933333333333333,0.14152499999999998,0.12496666666666667,0.014491666666666667,-0.04063333333333333,0.03471078869047619,0.0281,-1.4099776610607428,-0.299116451413729,-0.6245836913035171,-1.4466672453821685,0.7577018792058001,0.5173546538456594,-0.3175271032948675,-1.054972336768594,-0.46263517351393796,-0.45162034888234537
2021-12-06,0.0402,0.08267190476190477,-0.20314642857142856,0.0124025,0.14763666666666667,0.043239999999999994,0.1085,0.0086,0.00733303535353535,0.13616666666666666,-0.23051220521086466,0.2826864128732187,-2.59288592055597,-0.6604445578558565,0.8306260949513217,-0.33241729569649414,0.39452108942919173,-0.6681762400473404,-0.7756121980999372,0.3572080111647002
2021-12-07,0.1295625,0.021223333333333334,0.13201708333333334,0.07097500000000001,0.10396666666666667,0.12488750000000001,0.00775,0.007516666666666667,0.14168039215686273,-0.0888,0.7159108579293757,-0.6748826474499967,0.7358556802467239,-0.018491628262767155,0.30955701914980854,0.5165315000891694,-0.3685905717740594,-0.6766873254525135,0.760220033121318,-1.3265620696365061
2021-12-08,0.273,0.14777708333333334,0.18344404761904762,-0.071376,0.06355555555555556,0.16965833333333336,0.22255,0.0834625,0.015186607142857137,-0.3612,2.2350330637671516,1.2972373327312323,1.2466125775234629,-1.5786545286085925,-0.1726270962332672,0.9820466113253244,1.2583710642205643,-0.08002750360600971,-0.6858317292373624,-3.3653484232159196
2021-12-09,0.008783333333333334,0.07699533333333333,-0.023250000000000003,0.05359666666666667,-0.041987500000000004,0.07706666666666667,0.13226,0.1858,0.04993151515151515,-0.3612,-0.5632407871140405,0.19422692484373225,-0.8062095540912808,-0.20895766599000393,-1.4319635380835325,0.019303307287182176,0.5744866782151891,0.7239754526880585,-0.2886348594200257,-3.3653484232159196
2021-12-10,0.10558333333333333,0.1003,0.14493999999999999,0.02241499999999999,0.06344,0.006883333333333333,0.3442,-0.057449999999999994,0.06483181818181817,0.3049,0.4619515755881586,0.5573896028741883,0.8642021403597901,-0.5507078433985464,-0.17400590151233905,-0.7104441597823195,2.1797857896337205,-1.187090570211974,-0.11829756218235989,1.6200979428606117
2021-12-13,0.00781,0.07715238095238096,0.033489285714285714,0.17394,0.13870833333333335,-0.042916666666666665,0.00385,0.00615,0.07622819696969696,0.011083333333333332,-0.5735491951687596,0.19667423871126846,-0.2426923034108393,1.110001835317453,0.7240935005284265,-1.228251196496561,-0.39813037801418527,-0.6874243870405782,0.011983570830574613,-0.5789821248860519
2021-12-14,0.01158888888888889,0.08703666666666668,0.015483333333333333,0.02646666666666667,0.04187,0.089725,0.03689166666666667,0.43650000000000005,-0.013165000000000005,0.1488,-0.53352762462755,0.3507036321268153,-0.4215219212648851,-0.5063016922798245,-0.4313784676913781,0.15092126056176927,-0.14786257514645232,2.6935715552205903,-1.0099416566151396,0.4517625911948761
2021-12-15,0.17711333333333334,0.183825,0.13893333333333333,0.029755416666666652,-0.04710625,0.07490416666666666,0.06605833333333334,0.020183333333333334,0.16566095238095238,0.016366666666666668,1.219513659308079,1.858981387745337,0.8045457621882613,-0.4702570860704384,-1.4930403031799142,-0.0031817874295759223,0.07305477921346328,-0.5771730960997198,1.0343610225031583,-0.5394388506517963
2021-12-16,0.0252075,0.05665833333333334,-0.07565,0.06560625,-0.004024000000000005,0.022763333333333333,-0.06575,0.0801875,0.10982625000000001,-0.0045,-0.38929522688248364,-0.12268983216224855,-1.3266303447996233,-0.07733297515342236,-0.9789842420177953,-0.5453281810067743,-0.9253023047610466,-0.10575716948472547,0.3960698229014631,-0.695616072548604
2021-12-17,0.04768571428571429,0.06534380952380953,0.12304999999999999,0.07274266666666666,0.07597333333333331,-0.06355571428571428,-0.3612,0.095175,-0.11886809523809524,0.00225,-0.15123227633601924,0.012658200848440077,0.646797348210828,0.0008819479924841856,-0.0244585597053254,-1.4428504753765443,-3.1631319851828885,0.011990423601458468,-2.2183183933764834,-0.645095485593167
2021-12-20,-0.0549875,0.13618242835595779,-0.022166666666666657,-0.08471373737373737,0.054689999999999996,-0.078945,0.0103,0.16297499999999998,-0.039426,0.06508333333333333,-1.2386268542265213,1.1165548105286895,-0.7954502184055166,-1.7248357498508813,-0.27841062817282086,-1.6028641386870484,-0.3492760830785925,0.5446534301898334,-1.310152179425384,-0.17481742924255605
2021-12-21,-0.013168750000000003,0.12086685463659148,0.0,0.08472,0.06247761904761904,0.115395,0.0103,0.019025,0.13650444444444446,0.31435,-0.7957315740844492,0.8778882444261376,-0.5752976574506518,0.13215317974879132,-0.18548900097252055,0.417831032297805,-0.3492760830785925,-0.5862734104944819,0.7010496295272591,1.6908267645982238
2021-12-22,0.10643333333333334,-0.042112500000000004,0.06346666666666667,0.0419625,0.10162291666666669,0.1799625,0.0103,0.0074,0.29383,0.009,0.47095378125238246,-1.6618614005734322,0.055033885493803864,-0.3364678008662843,0.2815914673657512,1.0891865713148088,-0.3492760830785925,-0.677603903880763,2.499564053378046,-0.59457489863773
2021-12-23,0.14427666666666666,0.050022500000000004,0.0201,0.10878866666666667,0.19754117647058825,0.04612666666666667,0.05221,0.009,0.060143333333333326,-0.1847,0.8717460985305527,-0.22609774778560443,-0.3756705984193982,0.39594508001028267,1.4260851469746092,-0.302402510301947,-0.03183678063662471,-0.6650336854361997,-0.171895387381383,-2.0443286309737516
2021-12-27,0.035175,0.06791749999999999,0.09071458333333335,0.09661333333333333,0.20457145833333334,0.16681166666666666,0.0,0.14295,0.09325125,0.0058,-0.2837311269317175,0.052764688494182366,0.32565186902093546,0.26250377390066243,1.5099702505433,0.9524477351972143,-0.4272914687896941,0.38732928996959437,0.20658772337822293,-0.6185253991203076
2021-12-28,0.019293750000000002,0.07988875000000001,-0.01743888888888889,0.24596666666666667,0.20733888888888888,0.11402083333333334,0.23226875,0.01225,0.17881622727272728,0.07373333333333332,-0.4519267489375469,0.2393157888191002,-0.7484953739512334,1.8994120478829328,1.542991145480973,0.40354281604041237,1.3319838826554933,-0.6395004292206802,1.184749505537781,-0.1100762326255887
2021-12-29,-0.04471666666666667,0.13820312499999998,0.045375,0.05329666666666667,0.17800000000000002,0.07617499999999999,0.3726,0.25243333333333334,0.008066666666666672,0.1735833333333333,-1.1298502024504833,1.1480438515535565,-0.1246470204584563,-0.21224565743441767,1.1929204397704947,0.010031996556187424,2.3948961735361753,1.2474726749939393,-0.7672254710116649,0.6372542277448385
2021-12-30,0.02360166666666667,0.0630675,0.04165625,0.16340416666666666,0.14061369047619046,0.112375,0.18309999999999998,0.21806666666666666,0.071908,0.2688,-0.4063023350344046,-0.02281412212090369,-0.16158050930285797,0.9945294024515539,0.7468281624359228,0.38642988268180084,0.9595645626377526,0.9774748579867543,-0.03740406067302231,1.3499063592915337
2021-12-31,0.07955555555555556,0.020306666666666664,0.18545333333333333,0.091605,0.1561,0.3097,0.18309999999999998,0.30079999999999996,0.12357442857142857,0.014849999999999999,0.18629580083725167,-0.6891673023772467,1.266568189359103,0.20761258339808783,0.9316103239002599,2.4381622826745257,0.9595645626377526,1.6274599033910542,0.5532362627406607,-0.550790389943018
2022-01-03,-0.08882692307692308,0.006964000000000002,0.07255476190476191,0.12483095238095239,0.09493157142857142,0.1925666666666667,0.01095,0.1303,0.2889806547619047,-0.08743333333333335,-1.5970144378702207,-0.8970895450783235,0.14529407079613685,0.5717680739349927,0.20175054501440806,1.2202413141244293,-0.3443527820385715,0.28794600039226487,2.444127304236126,-1.3163332100554053
2022-01-04,0.06340625,0.01195,0.03349166666666667,0.20961055555555555,0.04441166666666667,0.1279625,0.00225,0.38382499999999997,-0.0023412745098039256,0.1793,0.015261247960188074,-0.8193914111140308,-0.2426686565192222,1.5009501069312976,-0.4010513804233334,0.5485045249465246,-0.41024927288192914,2.279736394865978,-0.8862069820724208,0.6800407989194432
2022-01-05,0.10681041666666666,0.03674722222222222,-0.017816666666666668,0.17397,0.0513625,0.13953888888888888,0.0021333333333333334,0.0153,-0.020665803030303027,0.2947,0.47494740680440317,-0.43296985191536297,-0.7522473474211409,1.1103306344618944,-0.3181142542257069,0.6688727102157458,-0.4111329422993688,-0.6155384503107312,-1.0956893432692631,1.543755722572396
2022-01-06,0.035782666666666664,0.10212133333333333,-0.060863999999999994,0.029946666666666667,0.14062666666666668,0.02986190476190476,0.12504444444444443,0.00605,0.07027399999999999,0.5775,-0.27729543245098015,0.5857719136096404,-1.179780310230662,-0.46816099152462454,0.7469829939353244,-0.47151914011655444,0.5198338287213494,-0.6882100256933634,-0.05608362330475541,3.660381202720186
2022-01-07,0.026385,0.06978633333333334,0.14336666666666667,0.12699166666666667,0.027249999999999996,0.0704275,0.38155,0.0084,-0.03231666666666666,0.20540000000000003,-0.3768245243299853,0.0818872040758651,0.8485762743792344,0.5954494408858301,-0.6058238509800917,-0.049728966164999264,2.462686241702618,-0.6697475173529108,-1.2288796963960897,0.8753870684804665
2022-01-10,0.016726964285714286,0.08456233333333332,0.08828253968253968,0.2232195357142857,0.06549333333333333,0.22276904761904764,0.28595,0.18425,0.08260833333333334,0.33881666666666665,-0.4791111405798901,0.31214545266318716,0.30149755452125526,1.650104141361637,-0.1495055923226793,1.534277566788426,1.7385822733549177,0.7117980535698878,0.08492001930275504,1.873948299537931
2022-01-11,-0.05584,0.10466,0.09062857142857143,0.286485,0.04510555555555556,0.11054249999999999,0.0,-0.00475,0.17947244444444443,0.26745,-1.247655536966228,0.6253326161281626,0.3247976250612689,2.3434918256892865,-0.3927719198773688,0.3673760394131491,-0.4272914687896941,-0.7730590001941665,1.1922512495764035,1.3398022419004467
2022-01-12,0.15532133333333334,0.09936633333333333,0.19317395833333334,0.2026987878787879,0.05482,0.3251479166666667,0.00775,-0.0638375,0.13111166666666665,0.0077,0.9887182877377659,0.5428400325282874,1.3432470780473202,1.425197330308005,-0.27685947223386503,2.598785574894912,-0.3685905717740594,-1.2372732391586299,0.6394004678020337,-0.6043047894587772
2022-01-13,0.07606,0.090175,0.15042300000000003,0.058695523809523795,0.06804,0.11597301587301588,0.17601666666666668,0.12823333333333334,0.19516336507936508,0.21293333333333334,0.14927496551745,0.39960909617774554,0.9186576211890624,-0.15307433711666266,-0.11911884521082855,0.4238410862411815,0.9059132051503449,0.2717094682347038,1.371626729839287,0.9317705383665343
2022-01-14,0.036624000000000004,0.010119999999999997,0.19918833333333333,0.0995130402930403,0.16572,0.16482222222222223,0.34459999999999996,0.057133333333333335,0.07742761904761905,0.10825,-0.268385013981764,-0.8479087767687954,1.4029800130304595,0.29428447948340786,1.046395863382984,0.931762025709556,2.1828155133506564,-0.28687961389558325,0.025695125191914275,0.14826484289221392
2022-01-18,0.014320749299719904,0.08271796736596737,0.24100535714285712,0.16800183752417797,0.15263066666666666,0.09728717948717949,0.07976666666666667,0.026062500000000002,0.1660402380952381,0.28844,-0.5045949549049007,0.28340421840494767,1.8182939175346953,1.0449197439306466,0.890214346944744,0.22955077364123985,0.1768859357626235,-0.5309840903047224,1.0386969412640652,1.4969025560033533
2022-01-19,0.053596,0.04623066666666666,0.08646000000000001,0.191114489549666,0.061531999999999996,0.1426073015873016,0.10936111111111112,0.36290833333333333,0.10569297619047618,0.13507666666666668,-0.08863744394269671,-0.2851868721946707,0.2833966472181135,1.2982337509890391,-0.19677209790870467,0.7007772420788267,0.40104341131981786,2.1154069766584045,0.348819059744118,0.3490498719378224
2022-01-20,0.3358919191919192,0.06499412698412699,0.20960104166666665,0.11579809523809523,-0.011472,0.10298133333333334,-0.046275,0.22191,0.17090745238095237,0.14020000000000002,2.9011107004535086,0.0072090069428588505,1.5063958508978004,0.4727682172539049,-1.0678535453511973,0.2887570573695918,-0.7777926312927258,1.0076695702087992,1.0943379658002128,0.3873956211479492
2022-01-21,0.21920416666666667,0.046827843137254896,0.05475624999999999,0.258807380952381,0.05339733333333334,0.08390625,0.009783333333333333,0.3208625,0.03381960227272727,0.056056666666666664,1.6652905278318857,-0.27588091603500603,-0.03147531162577243,2.0401459102549016,-0.2938346864581292,0.09041945945974132,-0.35318947621296815,1.785078658106088,-0.4728230391852297,-0.24237779935382683
2022-01-24,0.10914722222222221,0.0951153492063492,0.007115833333333324,0.0776325,-0.015384444444444445,0.07133942857142858,0.11579999999999999,0.08917333333333333,0.01746283993783994,0.051649999999999995,0.4996961176378291,0.47659584195899446,-0.5046253748193138,0.05447438187451537,-1.114536710242231,-0.04024697758535101,0.44981354726327333,-0.03516098954320081,-0.6598102891772119,-0.27535963439337635
2022-01-25,0.04542083333333333,0.07306766666666667,0.037605000000000006,0.12475742857142857,0.013191666666666671,0.04708708898944193,0.093625,0.18978333333333333,0.07145833333333333,0.15252708333333334,-0.17521924591050936,0.13302107429544638,-0.20181628656158257,0.5709622550794093,-0.7735674451479323,-0.29241629670856417,0.2818532387056348,0.7552700590240029,-0.04254456046702636,0.4796580634366283
2022-01-26,0.2770233333333333,0.08539784313725489,0.13683805555555556,0.04289666666666666,0.08517276785714285,0.06521782608695652,0.00365,-0.09946666666666666,0.05275830713146503,0.011166666666666667,2.277643503911144,0.3251654191039368,0.7837361034503849,-0.3262293608407626,0.08530880565345571,-0.10389775755376503,-0.3996452398726532,-1.5171897441572282,-0.25631953638676114,-0.5783584139359847
2022-01-27,0.07288720238095238,0.013092142857142854,0.238760641025641,0.20500528571428572,0.10559166666666667,0.14664166666666667,0.1316125,0.22168333333333332,0.1389971590909091,0.31875,0.11567240469671299,-0.8015931021046755,1.7960000828660432,1.4504764808069242,0.3289464683867552,0.7427254875962856,0.569582312948399,1.0058887892624861,0.729545847006864,1.7237587027617676
2022-01-28,-0.13058,0.007912500000000001,0.151034375,0.10446882783882783,0.2025047619047619,0.10060091666666666,0.0,-0.14276250000000001,0.12184676190476189,0.20781999999999998,-2.039214185606335,-0.8823088230436,0.9247296109012627,0.3485997696530139,1.4853104933187062,0.2640061236283897,-0.4272914687896941,-1.85733854586936,0.5334859214268556,0.8934996344704155
2022-01-31,0.05192457142857143,0.11277790476190477,0.14595083333333334,0.07279333333333333,0.053134571428571434,0.03506250000000001,-0.1144,0.22344,0.1433625,0.091725,-0.1063392601227671,0.7518360360438959,0.8742414281958147,0.001437253214207452,-0.29696995329738113,-0.4174447463537372,-1.2937924518333859,1.0196898415964133,0.7794495550363804,0.024582961493903363
2022-02-01,-0.09332285714285714,-0.041575999999999995,0.03757369565217391,0.022053666666666666,0.18547094017094018,-0.0003929824561403547,0.16976666666666665,0.04195,0.08394203703703704,0.2628,-1.6446301121223719,-1.6535009816260104,-0.20212719178006094,-0.5546680464271513,1.2820634645069313,-0.7861013388414443,0.8585737720732198,-0.4061657493434716,0.10016665447136426,1.3049991708867008
2022-02-02,0.03468047619047619,0.014825476190476194,0.25156266666666666,0.17284400000000003,0.09945409523809523,0.08784583333333333,0.2424666666666667,0.08885,0.06978479229989869,0.22856666666666667,-0.2889685446248807,-0.7745821182422392,1.9231458902471696,1.0979897065738613,0.25571315783141996,0.1313821898156077,1.4092260576263356,-0.03770122118720629,-0.06167614831942389,1.0487787125991268
2022-02-03,-0.008090952380952383,0.005973333333333329,0.06707388888888889,0.18275999999999998,0.15903666666666666,0.12691249999999998,-0.023566666666666663,0.220325,0.15654809523809526,0.2811875,-0.7419534817456577,-0.9125273612397007,0.09085971452337623,1.206668783783218,0.9666505388289778,0.5375869067025494,-0.6057926911125059,0.9952171975621535,0.9301846542326353,1.4426209920190116
2022-02-04,-0.026054666666666677,0.07748333333333332,0.1858216666666667,0.17323809523809525,0.030459999999999997,0.17335,0.0029,0.0,0.08079166666666668,0.16072083333333334,-0.9322041293849002,0.20183155568500258,1.270226363492263,1.1023089791443323,-0.5675222312566464,1.020431570706919,-0.4053259718419082,-0.7357411641868689,0.06415224771096713,0.5409844426019782
2022-02-07,0.08348533333333334,0.05950481818181817,0.1137686507936508,0.024561666666666676,0.24954484126984128,0.04889642857142856,0.29225,0.0535375,0.07007571428571428,0.05852666666666666,0.22791540997872484,-0.07833231890815628,0.5546178235389102,-0.5271804379518519,2.0465912508271042,-0.2736032692515705,1.7863004218966596,-0.31512987045198493,-0.05835038610706738,-0.22389100679383733
2022-02-08,0.10326666666666666,0.15297927272727274,0.13651999999999997,0.14432333333333336,0.15284285714285714,0.04440208333333334,-0.03724090909090909,0.12543333333333334,0.10418797619047619,0.07135,0.43741615230723463,1.3783044022133677,0.7805772728452052,0.7854040132772694,0.8927461970780725,-0.32033426502885665,-0.7093656325721546,0.24971158595671786,0.33161419942541664,-0.12791436579750834
2022-02-09,0.05007400000000001,0.05251080952380952,0.0974,0.13202708333333332,0.23595333333333332,0.009025,0.01355,0.0071933333333333346,-0.007147692307692306,0.2379111111111111,-0.125938347883163,-0.18732177371308592,0.39204938482019863,0.6506374639493586,1.8844178027111176,-0.6881756844751642,-0.3246595778784876,-0.6792275570965192,-0.9411529932657698,1.1187175004666534
2022-02-10,0.2915375,0.11729114078674949,0.09988785714285715,-0.0020749999999999987,0.019726333333333335,-0.003032000000000003,0.0683,0.18707500000000002,0.003567500000000004,0.079417,2.4313605784736803,0.8221669661022306,0.4167580218708688,-0.8191175449775253,-0.6955960066164244,-0.8135411351109798,0.09003385587712527,0.7339923455110702,-0.8186590484538959,-0.0675366509872105
2022-02-11,0.03716,0.008024761904761904,0.15572666666666668,-0.009531333333333334,0.14856666666666665,0.12305666666666668,0.0223,-0.08905,0.007431666666666661,0.09879199999999999,-0.26270832899820645,-0.8805594166025096,0.9713320181417368,-0.9008387456665167,0.8417228258992355,0.49749498637328593,-0.25838437157051297,-1.435352384492102,-0.7744846645680608,0.07747614490339562
2022-02-14,0.05287666666666666,0.06868746031746031,0.23607777777777778,-0.03329055555555556,0.0014961904761904815,-0.10201041666666667,0.3506,0.258675,0.051674743589743596,0.044689999999999994,-0.09625578112834186,0.06476318024974223,1.76935470475888,-1.1612391436418257,-0.9131175017000281,-1.8426921518345571,2.2282613691046964,1.296509620905283,-0.2687066190324453,-0.3274519729429825
2022-02-15,0.11343666666666667,0.17660111111111113,-0.010717952380952371,0.11306233333333333,0.08353541666666667,-0.002816666666666667,0.0,0.18171666666666667,0.07455606535947713,0.18222,0.5451248953721249,1.746409649551985,-0.6817450859405294,0.44278434479787065,0.06577198239758364,-0.8113021568933264,-0.4272914687896941,0.691895207699329,-0.007131904776280808,0.7018956306097953
2022-02-16,0.014183333333333334,0.180104,0.13266066666666668,0.016390740740740737,0.10863958333333333,-0.014554464285714285,0.0008666666666666672,0.44110000000000005,0.08868560784313725,0.024358333333333336,-0.506050304070736,1.800996077580649,0.7422475532852744,-0.616733553076463,0.3653141148401563,-0.9333486268264696,-0.4207270674029994,2.7297109332487097,0.15439421136892184,-0.47962497054035913
2022-02-17,0.14301285714285714,0.08637399999999999,0.0769225,-0.11407812121212121,0.02983035714285714,0.043120666666666675,0.0588,0.03578,0.03351044444444445,0.07237666666666667,0.8583613064673313,0.34037712521940666,0.18867311112305968,-2.0466685592878435,-0.5750351101587863,-0.3336580916746982,0.01807791759989562,-0.4546396542203193,-0.47635726991748156,-0.12023024689268132
2022-02-18,0.3030333333333333,0.06321083333333333,0.08229333333333334,0.04151,0.19896,-0.06794166666666666,-0.04599,-0.11670000000000001,0.13459933333333335,-0.06453125000000001,2.553110997236394,-0.02058052153227922,0.24201458688825164,-0.3414271879616085,1.4430145050052028,-1.4884544313112977,-0.775633953144409,-1.6525814719872136,0.6792707786579749,-1.1449218482032082
2022-02-22,-0.06312857142857144,0.08086214285714285,0.007454687499999996,-0.013923214285714289,0.04514714285714286,-0.037778124999999996,0.149175,0.15180875,0.06899070238095237,0.03484866666666667,-1.3248475593172706,0.254484422716848,-0.5012599787629877,-0.9489736356542249,-0.3922757014939666,-1.1748220191180605,0.7026061198951197,0.4569270541232045,-0.0707540261506268,-0.40110974130210947
2022-02-23,-0.04455,0.06109666666666667,0.10152883333333333,0.07852708333333333,0.006925000000000001,-0.1587025,0.10432499999999999,0.06997666666666666,0.12227000000000002,0.03573333333333334,-1.1280850640849491,-0.053526130214491076,0.4330556960422653,0.06427898969556599,-0.8483411160514392,-2.4321612216335566,0.3628983481336723,-0.18597742292286903,0.5383242950548458,-0.3944884258561968
2022-02-24,-0.004166666666666652,0.016035,-0.14099799999999998,0.060899999999999996,0.11989166666666666,-0.08756666666666668,-0.07085000000000001,0.3710166666666666,0.07057416666666667,0.19865,-0.700392038116039,-0.7557337943382315,-1.9756467156242177,-0.1289133409376638,0.49957362167188535,-1.6925099151570207,-0.9639312821519804,2.179109177421738,-0.05265217774174509,0.8248664815250294
2022-02-25,0.30551249999999996,0.057050000000000003,0.16676794871794873,0.03536583333333333,0.02198333333333333,-0.006491666666666661,0.004316666666666667,-0.0187375,-0.05959047619047619,0.1868,2.5793674304237135,-0.11658638869333268,1.0809906581333786,-0.4087670794051165,-0.6686655531224007,-0.8495138207472387,-0.3945957003444266,-0.8829502067524984,-1.5406684560080575,0.7361747844254845
2022-02-28,0.08921388888888888,0.05261852747252747,0.11170333333333335,0.02149717261904762,0.10748333333333333,0.0248875,-0.11223333333333334,0.0257,0.046042878787878785,0.010994444444444454,0.28858556911995203,-0.1856431769200964,0.5341057215205485,-0.5607672053186135,0.35151777596002126,-0.5232416660036852,-1.277381448366649,-0.5338320304210689,-0.33308897600911985,-0.5796474165661234
2022-03-01,0.012612500000000006,0.05492095238095238,0.04028320488721805,-0.0466652380952381,0.06979,0.0992525,0.13093333333333332,0.099175,-0.01669,0.1891875,-0.5226867331658948,-0.14976389112436367,-0.17521717386912147,-1.307825282849248,-0.09823789987873217,0.2499856489612659,0.564438094554018,0.04341596971286705,-1.0502387547037924,0.7540441031449076
2022-03-02,0.12372999999999999,0.06032460317460316,0.10969095238095236,0.10196488095238095,-0.008487499999999995,0.13164833333333334,0.47155,0.18104,0.22277875000000003,0.0,0.6541398408275101,-0.0655573962865508,0.5141193687258058,0.3211565831866676,-1.0322425845834022,0.5868288308934303,3.1443740780132146,0.6865790528154825,1.6873203113719768,-0.6619356812449794
2022-03-03,-0.030522000000000004,0.049261999999999986,0.04009450549450548,0.15069375,-0.0659625,0.04400833333333334,0.0077,0.1167625,0.035840000000000004,0.1748,-0.9795168981346758,-0.23794881695524864,-0.17709127858594703,0.855223598268439,-1.7180324891332526,-0.3244283718703473,-0.3689692872386764,0.18159016777146658,-0.44972625467629335,0.6463604076158188
2022-03-04,0.0672375,0.06902971428571428,0.12537625,-0.011269791666666671,0.12886000000000003,0.12619666666666668,-0.001800000000000003,0.2714833333333333,0.01745509523809525,0.015579166666666668,0.055837366137903036,0.07009661279591295,0.6699009524929899,-0.9198921994214162,0.6065834948452291,0.5301438637886016,-0.440925225515906,1.3971368383495224,-0.6598988250425392,-0.5453329191299306
2022-03-07,0.22679166666666667,0.12276130952380952,0.03193907326007327,0.021719423076923077,0.16907333333333335,0.26398541666666664,0.005475000000000001,0.07778333333333336,-0.03992007142857143,0.006208333333333334,1.745648451922825,0.907410027341576,-0.25808853988387676,-0.5583313466385749,1.0864077319622012,1.9628343121833693,-0.3858221254141328,-0.12464523209543643,-1.315800305615439,-0.6154692154649787
2022-03-08,-0.07238888888888889,0.09313,0.09682155555555556,0.13065625,0.05950833333333333,-0.01717,0.06419166666666667,0.17765,0.08180852272727272,-0.0909,-1.4229220090746597,0.44565762924322583,0.38630445132480506,0.6356131697103014,-0.22091842535844886,-0.9605442653331875,0.058916068534428656,0.6599459024860637,0.07577674371558639,-1.3422795855781977
2022-03-09,0.011992000000000003,-0.02828235714285714,0.086724,0.09146766666666667,-0.08067733333333334,0.11943190476190477,0.004299999999999999,-0.11136666666666667,0.038769142857142856,0.0103,-0.5292583433007781,-1.446342689691043,0.2860186145606134,0.20610741398131172,-1.8936094207928198,0.4598056847528154,-0.3947219388326323,-1.6106807438386688,-0.41624087679545296,-0.5848450078166829
2022-03-10,0.03969583333333333,0.018410666666666665,-0.0010543571428571386,0.006192857142857146,0.04921944444444445,0.08861923809523811,0.04768,0.05712916666666667,0.11183041025641025,-0.02667,-0.23585174876660528,-0.7187131631867731,-0.5857692104654361,-0.728502066479693,-0.34368512616810737,0.13942384499517793,-0.06614840173092473,-0.2869123488394493,0.418980983876766,-0.8615481337044616
2022-03-11,0.0103375,0.0015713333333333274,-0.010496388888888888,0.08509107142857142,0.12572666666666668,0.04934,0.15254444444444445,0.098875,0.05625933333333333,0.3736,-0.5467808718554351,-0.9811248714103418,-0.6795445850296177,0.1362201120234887,0.5691966593934754,-0.26899113256483,0.7281273342606985,0.04105905375451145,-0.2162965019845965,2.134285250095948
2022-03-14,0.12009761904761902,0.04133328571428572,0.11551105555555555,0.20216000000000003,0.07471666666666668,0.14961000000000002,0.13085,0.17592000000000002,0.09311266666666666,0.012058333333333332,0.6156699109638127,-0.36150403250599644,0.5719228552931936,1.419292230521977,-0.03945306711523033,0.7735894210764753,0.5638069021129898,0.6463543537928796,0.20500346630679436,-0.5716847067702666
2022-03-15,0.12140750000000002,0.11301666666666668,0.23932616666666667,-0.11189211111111111,-0.06128399999999999,0.05532291666666668,0.2801,0.19005833333333336,0.15283599711399712,0.014849999999999999,0.6295426377037928,0.755556724864947,1.801616710752845,-2.0227099509227653,-1.6622087732839879,-0.20678237051513276,1.6942725639947291,0.7574305653191624,0.8877486876449794,-0.550790389943018
2022-03-16,-0.022750000000000003,0.009156666666666665,0.10575931818181819,0.09036,0.0932452380952381,-0.08379722222222223,0.30905,0.13133333333333336,0.15463146645021644,-0.0391125,-0.8972049658730902,-0.8629206504923417,0.4750715790561613,0.1939674189037705,0.18162926836010815,-1.6533162433129094,1.9135488180079707,0.2960642664710456,0.908274135575986,-0.9546744156589837
2022-03-17,-0.021733333333333327,0.04192833333333333,0.1455676767676768,0.055672321428571425,0.0336711111111111,0.01487159090909091,0.09960000000000001,0.0026,0.05385983333333334,0.048275,-0.8864376218433321,-0.3522312507932217,0.8704360342480271,-0.18620854899433864,-0.5292073537901331,-0.6273844010712126,0.3271097367273661,-0.7153145592144532,-0.24372710818707077,-0.3006199278710948
2022-03-18,0.10883000000000001,0.04733714285714286,0.0185,0.14899,0.01646111111111111,0.11457307692307693,0.11511249999999999,0.07169,0.114092,0.0245,0.4963364709487627,-0.26794436612248457,-0.3915613095860651,0.8365505468570392,-0.7345565361703492,0.4092848966980342,0.44460620962478964,-0.17251681400514896,0.444835027489171,-0.47856466192524516
2022-03-21,0.016645,0.128049,0.026883506493506494,0.06373733333333334,0.18948666666666666,-0.03361333333333333,0.17706666666666665,0.17032833333333333,0.10291666666666668,0.042743333333333335,-0.4799792104117975,0.9898094824119255,-0.30829888442844733,-0.09781624852116347,1.3299789876074544,-1.131517632944389,0.9138662299073016,0.6024240591246396,0.31708084209719245,-0.34202186073655044
2022-03-22,0.1053888888888889,0.16185694444444443,0.14213933333333334,0.09055000000000002,0.00841666666666668,-0.1118125,0.20753333333333335,0.088825,0.1853037142857143,0.38249999999999995,0.45989224749503566,1.5166474680721358,0.8363867746884703,0.19604981348523282,-0.8305425959826522,-1.9446115840526172,1.1446301863472592,-0.03789763085040257,1.2589131652572703,2.200897579563117
2022-03-23,0.24509999999999998,0.07214374999999999,-0.01361,0.20062083333333336,-0.01388333333333334,0.030050000000000004,-0.3705,0.3685,0.059116151515151504,0.0077,1.9395489013767446,0.11862344073377164,-0.7104680193121123,1.4024230077502207,-1.096625499357366,-0.4695633763041415,-3.23357306160165,2.159337271326644,-0.18363792539050458,-0.6043047894587772
2022-03-24,0.007131250000000004,-0.040530476190476186,0.07854384615384616,0.09885494047619048,0.07393125,-0.03788095238095238,0.189,0.04981111111111111,0.07752287645687646,0.3736,-0.5807377211623971,-1.6372083123489871,0.2047758257680319,0.2870717242588329,-0.04882463424642131,-1.1758911906325995,1.0042529874625585,-0.3444058219161895,0.026784088926528938,2.134285250095948
2022-03-25,0.0,0.0813425,0.11659233333333334,0.123072,0.020466666666666664,0.15784791666666667,0.27928333333333333,0.11958333333333333,0.019763333333333327,-0.0005499999999999949,-0.656263578977687,0.2619699529287251,0.5826617758291951,0.5524900060026503,-0.6867623724102175,0.8592450680215661,1.6880868780726512,0.20375172476878278,-0.633511506762887,-0.6660521735154223
2022-03-28,0.036686666666666666,0.07107238095238097,0.12867555555555557,0.07606761904761905,-0.04667708333333333,0.10295916666666668,0.11763333333333335,0.06957500000000001,0.15139952380952382,0.12964666666666666,-0.26772132195632325,0.10192801839379982,0.7026686472641858,0.03732333126466656,-1.4879194999199001,0.2885265743177746,0.46369978096589687,-0.18913307151155617,0.871327210864244,0.3084088664314485
2022-03-29,0.07982291666666667,0.12755833333333336,0.027059818181818185,0.112955,0.04538000000000001,0.09087466666666669,-0.05333333333333334,0.048725000000000004,0.08888416666666668,0.20118,0.18912737696529597,0.982163296210867,-0.3065478106070295,0.4416079745255359,-0.38949725733957324,0.16287518606128368,-0.8312546310478254,-0.3529387306172733,0.15666409630172548,0.8438023459690672
2022-03-30,0.16483333333333333,0.007032142857142857,0.15035416666666668,-0.009876388888888884,0.03991666666666666,0.12277777777777778,0.11893333333333334,0.19176666666666667,0.09083766666666666,0.30315000000000003,1.0894582645355273,-0.8960276572237317,0.9179739895524128,-0.904620544714897,-0.45468558000491804,0.4945951745434047,0.47354638304593866,0.770851892304243,0.1789961193134085,1.6070000129092024
2022-03-31,0.08014583333333333,0.04547333333333333,-0.020846666666666666,0.0495425,0.18212708333333333,0.24211333333333332,0.2278,0.094775,0.08083666666666667,-0.030125000000000002,0.1925473325485182,-0.29698859437456593,-0.7823403816930165,-0.2533912170374292,1.2421646691786883,1.7354142588179016,1.298136188005349,0.008847868990317632,0.06466667875039661,-0.8874071896942445
2022-04-01,0.020416666666666677,-0.01653654761904762,-0.05218433333333333,0.2095358333333333,0.2200375,-0.03283166666666667,0.3327333333333333,0.189725,0.07564797202797202,0.021533333333333335,-0.440034129199761,-1.2633046869032336,-1.0935765127163206,1.5001311535067166,1.6945105765693518,-1.1233900726960966,2.0929337097482223,0.7548117698098783,0.005350554833362495,-0.5007687717476347
2022-04-04,0.16870375,0.07806353641456583,-0.056505555555555545,-0.0027953846153846162,-0.014001999999999997,0.11648499999999999,0.06988333333333334,0.157225,0.07684587719298246,0.13813333333333333,1.130449190229143,0.21087301110660284,-1.1364935716040179,-0.8270129398177652,-1.0980414263170282,0.42916455980821705,0.10202651225666358,0.49947920765468373,0.019044768148349548,0.37192758958628436
2022-04-05,-0.032884,0.013065238095238097,0.064445,-0.0044379999999999975,0.16462933333333335,-0.04059333333333333,-0.0332375,0.10410666666666667,-0.032967948717948725,0.1732,-1.0045324390510249,-0.8020123660025402,0.0647503932592554,-0.8450159575880247,1.0333820627874377,-1.2040937999376704,-0.6790425738938436,0.08216104927272452,-1.2363250231205982,0.6343851573745298
2022-04-06,0.09175,0.07304,0.07759375,0.09089375,0.008058333333333334,0.0805325,0.2138875,0.1638777777777778,0.029762190476190477,0.37346666666666667,0.31544509124882913,0.13258993743764197,0.1953397610422004,0.1998173036819567,-0.8348182181220817,0.055340112268683704,1.1927586099756693,0.5517460013608112,-0.5192065629160383,2.133287312575841
2022-04-07,0.08826874999999999,-0.025301555555555556,0.1100025,0.030557333333333332,-0.08172499999999999,0.09533214285714287,0.28415,0.14748,0.04804392857142857,0.13863333333333333,0.2785757636387358,-1.3998920837842772,0.5172135644938988,-0.46146810227332885,-1.9061101467316346,0.20922282737483297,1.724948516628706,0.4229187209407646,-0.31021337334018845,0.3756698552866871
2022-04-08,0.06922500000000001,0.04946233333333334,0.19828785714285715,0.08615333333333333,0.137446,0.165975,0.032233333333333336,0.1332,0.22835866666666665,0.13863333333333333,0.07688664114689708,-0.23482697055114754,1.3940367586208862,0.1478624722054349,0.7090313786288742,0.9437482997075709,-0.18314623259993598,0.31072952132303616,1.7511088076111752,0.3756698552866871
2022-04-11,0.037146078431372555,0.08861614285714285,0.19321458333333336,0.057855357142857146,0.12799633333333332,0.058848611111111115,0.07988333333333333,0.06696666666666667,0.05623710256410256,0.2349333333333333,-0.26285576996756277,0.375317020141462,1.3436505531355367,-0.16228253982293464,0.596278251158474,-0.170123145763373,0.17776960518006316,-0.20962514637170385,-0.21655063971176766,1.0964302291842547
2022-04-12,0.0411952380952381,0.10964999999999998,0.12612733333333334,0.0652018181818182,0.03687833333333333,0.04549333333333333,0.11413458333333334,0.19233333333333333,0.03991428571428572,0.41775,-0.21997180754238962,0.7030930831321376,0.6773604826880509,-0.08176553634685738,-0.4909388784243577,-0.3089877403538685,0.4371991663293223,0.7753038446700259,-0.40314983167777746,2.4647273114415102
2022-04-13,0.08364375,0.06778999999999999,0.18236652777777776,0.1497676666666667,0.13861166666666666,0.00658333333333333,0.15054166666666668,0.09720833333333334,0.068755,0.3612,0.2295931739951649,0.0507778228543012,1.23591097966473,0.8450737513457254,0.7229400768815104,-0.7135634792805982,0.7129576759279844,0.027965076208091244,-0.07344852883572374,2.0414770607259602
2022-04-14,-0.0895,0.11209166666666667,0.0758375,0.13513834285714285,0.04129035714285714,0.08466666666666667,0.10878333333333332,0.053394444444444446,0.06639333333333333,0.28604999999999997,-1.604142881269493,0.7411422094383583,0.17789722261316362,0.6847367796014808,-0.43829474815545816,0.09832606791023907,0.3966671437286879,-0.316253770191386,-0.1004466319050481,1.4790145259554281
2022-04-18,0.16566142857142857,0.16941833333333334,0.2013638888888889,0.22043707792207795,0.008349999999999998,0.161375,0.207655,0.03403333333333334,-0.11344233333333334,0.009562500000000002,1.0982284805859952,1.6344785564887032,1.4245869661306914,1.6196084833108984,-0.8313380605667323,0.8959187340672994,1.1455517273111608,-0.46836214268896764,-2.1562921636795003,-0.590364849724777
2022-04-19,-0.023722666666666656,0.09364916666666666,0.21350100000000002,0.22471257142857146,-0.013284095238095216,0.010985000000000002,0.05823750000000001,0.008875999999999995,0.15274533333333334,0.010333333333333333,-0.9075063133743471,0.45374793835202265,1.5451290455459483,1.6664677702108897,-1.089475409124465,-0.6677961304197442,0.013817368622954495,-0.6660078773656533,0.8867122373577464,-0.5845955234366561
2022-04-20,0.16590277777777776,-0.01740666666666666,0.18329,0.03276,0.19755729166666666,0.17171,0.026797777777777778,0.028558333333333335,0.0746675,-0.0116,1.1007845690477043,-1.276863978184178,1.2450826236358385,-0.43732693842367737,1.4262774329907975,1.003379290782996,-0.22431681155341054,-0.5113758589289581,-0.005858006155110982,-0.748756245494323
2022-04-21,0.1549542105263158,0.07367133333333334,0.10082500000000001,0.03745833333333334,0.12754,0.14735666666666666,0.0697888888888889,-0.010338333333333333,-0.012131285714285716,0.27672833333333335,0.9848301524285906,0.1424281688675372,0.4260654384113452,-0.38583333908033024,0.5908332960804473,0.7501598657338494,0.10131116082349818,-0.8169631069073136,-0.9981244407379565,1.40924621908092
2022-04-22,-0.0038214285714285694,0.04148857142857143,0.19173500000000004,0.19335933333333336,0.20491250000000003,-0.012653333333333332,-0.0017694444444444465,0.00645,0.06625,0.006056000000000001,-0.6967356800731471,-0.3590841748583205,1.3289557835124028,1.3228371748381849,1.5140395490562337,-0.9135811773313269,-0.440693788287529,-0.6850674710822225,-0.10208519003063865,-0.6166093590817013
2022-04-25,0.1283133333333333,0.02140986666666667,0.15641435497835499,0.034082,0.17495733333333333,0.055830000000000005,0.18755333333333332,0.14175333333333334,0.04392157142857143,0.08215416666666667,0.7026811458796974,-0.6719758500328007,0.978161928350319,-0.4228378561252939,1.1566154361530894,-0.20150985408540367,0.9932954866863068,0.3779278140912648,-0.35733933933796797,-0.047050241121305764
2022-04-26,0.0697325,0.09061999999999999,0.11222857142857143,0.08419866666666667,0.02363321428571429,-0.045750705627705626,0.03384687500000002,0.0109875,0.04875266666666668,0.224975,0.08226148746994832,0.4065436468424285,0.5393222258112726,0.1264393812831656,-0.6489792251388957,-1.2577187731300608,-0.1709247689605248,-0.6494191172120934,-0.3021112205620395,1.0218967706512339
2022-04-27,0.1193065476190476,0.06697077777777778,0.27921666666666667,-0.04440888888888888,0.07713000000000002,0.05301363636363636,0.179875,0.11525833333333334,0.10382333333333334,0.039700000000000006,0.6072918077931171,0.038011670032651254,2.19779696937405,-1.2830957598956279,-0.01065724917153931,-0.2307936474359098,0.9351374151699565,0.16977285303582232,0.32744567489162596,-0.3647997846330017
2022-04-28,0.12721999999999997,0.06447166666666666,0.23318714285714287,0.22477380952380957,0.10738066666666665,0.12055023809523809,0.06530000000000001,0.256425,0.12051051136363637,0.18800833333333333,0.6911018382017938,-0.0009326279823435503,1.7406458018763236,1.6671389379882733,0.3502927605005381,0.471433814660287,0.06731092800010546,1.2788327512176159,0.518210171319976,0.7452185932014578
2022-04-29,-0.04437000000000001,0.0749591038961039,0.0411117037037037,0.05675555555555556,0.18334533333333333,0.16233266666666668,0.3622,0.028625,-0.048199653679653676,0.20060555555555556,-1.1261787146501723,0.16249583226533496,-0.1669887767474347,-0.17433633385493572,1.2567007901220177,0.9058762950879156,2.31612335689584,-0.5108520998271013,-1.4104508412480434,0.8395028984866046
2022-05-02,-0.03816599999999999,0.01853904761904762,0.09910717948717948,-0.06392500000000001,0.064411,0.10843666666666667,-0.05553333333333333,0.13011666666666669,0.14571181818181816,0.025935000000000003,-1.0604732041315312,-0.7167125694369619,0.40900456990796596,-1.4969917811008355,-0.16241995984521587,0.34548014949051054,-0.8479181114909733,0.2865056628621588,0.8063064926857937,-0.46782435936508926
2022-05-03,0.17306666666666667,0.025335999999999997,0.21705466666666667,0.06218,-0.08579999999999999,0.08494166666666667,-0.12738888888888888,0.15516666666666667,-0.03794928571428571,0.19169,1.1766560997929114,-0.6107938938163932,1.5804229771600806,-0.11488457744149826,-1.9547329194335161,0.10118544411699439,-1.3921743136416682,0.4833081453848548,-1.2932706757600383,0.7727741429754232
2022-05-04,-0.1363625,0.05278362318840579,0.1353338888888889,0.12183333333333335,0.006599999999999995,0.10228,-0.20939999999999998,0.05467500000000001,-0.007496875000000007,0.24094920634920636,-2.1004556611985405,-0.18307044746778092,0.7687971796713048,0.5389142546610487,-0.8522190058988287,0.2814647815647271,-2.013351834605682,-0.3061932307765531,-0.9451447802736515,1.141456219674815
2022-05-05,0.12058333333333335,0.02002761904761905,0.29388016666666666,0.10230999999999998,0.24348999999999998,0.04629866666666667,0.08627499999999999,0.0699,0.08301361111111112,0.17037666666666668,0.6208140284862268,-0.6935157739551003,2.3434303713693128,0.32493907810625305,1.9743450739413457,-0.3006141004562673,0.226182065406936,-0.18657974589000428,0.08955307415786498,0.6132538303862558
2022-05-06,0.030067,0.057062095238095245,0.08837057142857144,-0.09933666666666667,-0.003233333333333324,0.12596666666666664,0.07498333333333333,0.10968333333333334,0.062172261904761904,0.16709000000000002,-0.3378290875586062,-0.11639790545429254,0.3023718589273102,-1.8851026378756124,-0.9695500320506081,0.5277523855065877,0.14065548964759733,0.12597349814304667,-0.14870107996075102,0.5886546705156086
2022-05-09,-0.05826,0.06571881818181818,0.12221914502164502,0.09153333333333334,0.15156666666666666,0.038232,0.02585,0.06301999999999999,-0.002292341880341886,0.11120625,-1.2732853460337832,0.018502058238678003,0.6385455504093117,0.20682711877525567,0.8775187321828293,-0.38448913585442424,-0.2314955735827061,-0.2406316852016271,-0.8856475939960612,0.1703909888458452
2022-05-10,0.13582857142857144,0.10515666666666668,0.06962642857142858,0.08859479166666667,0.05863733333333333,0.09825625,0.343225,0.15002333333333334,0.04192179487179487,0.0,0.7822737564078663,0.6330723018887454,0.11621075879630989,0.17462078591174418,-0.2313111701494522,0.23962690879406595,2.1724008380736892,0.44290013067660194,-0.3802003867319576,-0.6619356812449794
2022-05-11,-0.044430000000000004,-0.12204975,0.16895208333333334,0.07213166666666666,0.07938666666666667,0.18089666666666665,0.0168,-0.06893333333333333,0.033266785714285714,0.0036333333333333335,-1.1268141644617646,-2.9075443446643177,1.102682815834751,-0.005814594582638574,0.016269226999563874,1.0988997856413927,-0.30004307267838276,-1.2773080755068096,-0.47914272800240726,-0.6347418838220528
2022-05-12,0.01994083333333333,0.05097872549019609,0.06307595238095239,-0.016245833333333327,-0.04295166666666666,0.021154166666666672,0.09805833333333333,0.16657777777777777,-0.07041238095238095,-0.057324999999999994,-0.4450735992333609,-0.21119663742914097,0.05115343057944367,-0.9744294741782379,-1.4434679446307874,-0.5620598642044851,0.31543267656834195,0.5729582449860119,-1.6643823163475,-1.0909864437961534
2022-05-13,0.2657944444444445,0.03139285714285714,-0.01674722222222222,0.08885150000000001,0.029004166666666668,0.056305,0.094175,0.0225625,0.023390303030303025,0.195625,2.158720248430561,-0.5164083146570876,-0.7416259519364764,0.17743430192411,-0.5848931891114904,-0.19657093154646266,0.28601910881642173,-0.5584814431522049,-0.5920487114030687,0.8022257740375928
2022-05-16,-0.17697777777777776,0.006614666666666666,0.012378339438339447,-0.06056785714285715,0.05063583333333334,0.072945,0.10314999999999999,0.06302083333333333,0.06334533333333334,0.0077,-2.530605171392818,-0.9025332972105993,-0.4523597719896426,-1.4601975911276335,-0.3267848181921773,-0.02355267670861174,0.35399853471517284,-0.24062513821285383,-0.13529076097574702,-0.6043047894587772
2022-05-17,-0.022101333333333327,0.030401617647058825,0.13689348484848485,0.04838666666666667,0.006272916666666663,0.075692,0.02681875,0.2428,0.06605395604395604,0.08321999999999999,-0.8903350473544314,-0.5318550573637132,0.7842866102529549,-0.2660591174079901,-0.8561217540144705,0.005009892163958965,-0.22415796145575176,1.1717894847756305,-0.10432632549911837,-0.03907297806994735
2022-05-18,0.00787,-0.10685790322580643,0.0987312564102564,-0.030523333333333336,0.13452,-0.06693750000000001,0.0,-0.06833333333333332,0.04117499999999998,0.0129,-0.5729137453571672,-2.670805847707579,0.4052710167602976,-1.130910467003631,0.6741184380336089,-1.478013375768449,-0.4272914687896941,-1.272594243590098,-0.3887375970016942,-0.5653852261745888
2022-05-19,0.06384444444444444,0.010025714285714294,0.20061535714285714,0.11833200000000002,0.0326875,0.17114444444444443,-0.03581111111111112,-0.01576875,0.0032664772727272707,0.155975,0.019902090912904763,-0.8493780555613124,1.4171527775211468,0.5005397411809127,-0.5409437708410779,0.9974987958769818,-0.6985359004476018,-0.8596265592479372,-0.8221002803312925,0.5054641039956556
2022-05-20,-0.00039,0.039393024844720494,0.029610000000000004,-0.0025625000000000023,0.01709333333333334,0.05730462962962963,0.12805,0.13811199999999998,0.15194666666666667,0.011783333333333333,-0.6603940027530367,-0.3917396219502712,-0.2812201839225215,-0.8244605310746977,-0.7270128803646585,-0.18617705089726042,0.5425988360944379,0.3493200919478457,0.8775820390579437,-0.573742952905488
2022-05-23,0.1033875,0.02867587267080745,0.141001,0.09037966666666666,0.23045,0.12165833333333334,0.2597083333333334,0.14770933333333333,0.10617168922305764,0.0121125,0.4386958776222469,-0.5587477898853708,0.825081195806352,0.19418296500957097,1.818752201295325,0.4829554916007542,1.539819773675097,0.424720452251152,0.3542916118094375,-0.571279294652723
2022-05-24,0.14484000000000002,0.1393585,0.1446371111111111,0.13109600000000002,0.2017516666666667,0.20538,-0.1806,0.32338333333333336,0.07937333333333334,0.05675,0.8777122662060582,1.166048360484362,0.8611939404542115,0.6404328171692381,1.4763245844635473,1.3534709158064602,-1.795211726986291,1.8048832991450487,0.047938143468204124,-0.2371885242492683
2022-05-25,0.08567142857142858,-0.011497428571428565,0.05390059523809524,-0.01743333333333334,0.009812500000000005,0.002065833333333322,-0.03282222222222223,0.071025,-0.02014242424242424,0.01891666666666667,0.2510679734315645,-1.1847787850131566,-0.039973413300654674,-0.987444440312376,-0.8138875562534803,-0.7605352320588429,-0.6758971315627191,-0.1777413110461706,-1.0897061811833988,-0.5203532955797424
2022-05-26,0.09483,-0.008145333333333343,0.151149,0.07876000000000001,0.013239238095238096,0.0009583333333333388,-0.06080000000000001,0.003500000000000003,0.09942736842105263,0.012875,0.3480648482438991,-1.1325422136391914,0.9258680313809372,0.06683174971977072,-0.7729998243482925,-0.7720507198733211,-0.8878094737639638,-0.7082438113393863,0.2771918793556112,-0.5655723394596088
2022-05-27,0.22437291666666667,0.05443,0.07781761904761905,0.05816,-0.05737625,0.08191,-0.1858,-0.043,0.035250000000000004,0.3674,1.7200318813930116,-0.1574145296853999,0.19756316002649485,-0.15894366279664301,-1.6155816223574169,0.06966298763161266,-1.8345981353064587,-1.0735657848845108,-0.4564710171932594,2.087881155410954
2022-05-31,0.020701111111111115,0.06174844444444444,0.150991336996337,-0.0010999999999999996,0.2249225,0.11795749999999999,0.06743333333333333,0.18178333333333332,0.20074388888888892,0.01763666666666667,-0.4370216263892495,-0.043369307692885314,0.9243021705978884,-0.8084315727831807,1.7527982439678036,0.44447521967893433,0.08346945449043063,0.6924189668011858,1.4354221668147322,-0.5299334957727734
2022-06-01,-0.20218750000000002,-0.005235000000000001,0.08023642857142857,0.20454750000000002,0.01245,0.12489333333333334,0.0747625,0.09515000000000001,0.13873472222222225,0.31867500000000004,-2.7975970586662293,-1.087189732850166,0.22158603722027,1.44545916243377,-0.7824169886458208,0.516592153523858,0.13898282967887224,0.011794013938262295,0.7265457209814589,1.7231973629067077
2022-06-02,0.0045333333333333215,0.019831333333333333,0.171298,-0.036608749999999995,-0.129992,0.033854166666666685,-0.21093333333333333,-0.04745000000000001,0.10275095238095237,0.24907500000000002,-0.6082518154351599,-0.6965745452595224,1.12598174344167,-1.197606460122608,-2.4820304829283746,-0.4300086721106924,-2.024965775520603,-1.1085267049334528,0.3151864293805625,1.202273977410646
2022-06-03,0.09719666666666667,-0.10438125000000001,0.14383566666666667,-0.01731875,0.07044166666666667,-0.0011833333333333325,0.0013,0.05241250000000001,0.04626952380952381,0.24125,0.37312981303448317,-2.632211516756555,0.8532342390899637,-0.9861886102468012,-0.0904622335693516,-0.7943191951804764,-0.41744486670965214,-0.32396830529581855,-0.33049801525208883,1.1437075191993429
2022-06-06,0.05440666666666667,0.012227500000000002,0.08311575091575091,0.25193499999999996,0.1465564761904762,-0.038578749999999995,0.0574,0.044986666666666654,0.046481666666666664,-0.030644444444444436,-0.08005181093273882,-0.8150670564860543,0.2501825870511179,1.9648248110076312,0.8177372959332736,-1.1831467030290914,0.007473884590619688,-0.38230852225389406,-0.3280728403519207,-0.8912949879496628
2022-06-07,0.253775,0.06148750000000001,0.07248942857142857,0.055390666666666664,0.10076666666666667,0.202965,-0.134825,0.04396333333333333,0.05518000000000001,0.09713750000000002,2.0314243533027936,-0.04743567279550894,0.14464520009016446,-0.1892954771524095,0.2713747191139753,1.328360393845318,-1.4484977191294293,-0.390348224467396,-0.22863522573032286,0.06509298770076313
2022-06-08,0.15027333333333334,0.13789761904761905,0.11282015873015874,0.06583333333333333,0.08510000000000001,0.0031750000000000007,0.072925,0.16010500000000003,-0.0394053125,0.0116,0.9352557769224694,1.143283072890303,0.5451976901483926,-0.07484414829619258,0.08444054185520798,-0.7490024146915962,0.1250650363541976,0.5221056008548981,-1.3099156840447574,-0.5751151169956358
2022-06-09,0.06975866666666666,0.04606642857142858,0.16124333333333335,0.06295277777777779,0.0001083333333333334,0.17631375,0.1392875,0.17358333333333334,0.00794,0.05706,0.0825386141933371,-0.287746237121636,1.0261218660184739,-0.10641495503561002,-0.929677369773605,1.0512478479169955,0.6277151367671083,0.6279965972727983,-0.768673499122652,-0.23486831951501863
2022-06-10,0.012904000000000002,0.06649718181818182,0.06462866666666667,0.100555,0.04173333333333334,0.005258333333333333,0.01637777777777778,0.02015625,0.030515833333333325,0.05249166666666666,-0.5195995061645756,0.030631501096904143,0.06657451447859569,0.3057043281564326,-0.43300917008874173,-0.7273404737313284,-0.3032411143795929,-0.5773858732348491,-0.5105910678414006,-0.2690601537976984
2022-06-13,0.10822000000000001,0.09016909090909091,0.11702720959595961,0.12185433333333333,0.21815446428571428,-0.07986499999999999,0.088725,0.17077,0.056961920634920636,0.0497,0.489876064530908,0.3995170132782144,0.5869808340058411,0.5391444140621574,1.6720422532502746,-1.6124300518151027,0.24473912317316895,0.605893963174441,-0.20826466385469417,-0.28995447062494695
2022-06-14,0.2575,0.07871651785714287,0.14656145833333334,-0.0679855238095238,0.033835,0.167826,0.1062125,0.13173,0.07540595238095239,-0.058991666666666664,2.070875195772481,0.22104859064963292,0.8803059691371561,-1.541495006252678,-0.5272518366876033,0.9629945010119495,0.37719485692296406,0.29918063312709353,0.0025838344205026073,-1.103460662797496
2022-06-15,0.022746666666666672,0.0032700000000000008,0.18411750000000002,0.09655333333333334,0.059117333333333334,0.1386209090909091,0.2430675,-0.05780000000000001,0.101799,-0.06205,-0.41535749484959444,-0.9546541072251541,1.2533011008173496,0.26184617561177975,-0.2255838251440772,0.6593278026061986,1.4137769551261492,-1.1898403054967226,0.30430389931787755,-1.1263508546649594
2022-06-16,0.10038999999999998,0.12295888888888888,0.00769333333333333,0.03278666666666667,0.21352500000000002,0.008589333333333334,0.12678,0.06313750000000001,-0.017658571428571433,0.044225,0.4069498641181161,0.910488957942562,-0.49888982125759485,-0.4370346725175072,1.6168036300120507,-0.6927056295687753,0.5329794632931663,-0.23970855978460429,-1.0613112704096106,-0.330932280044357
2022-06-17,0.04364,0.080518,0.12384166666666666,0.0007500000000000007,0.12788333333333332,0.14233333333333334,0.030099999999999995,0.26786,0.09048625,0.09716,-0.19407974934624106,0.24912155512416057,0.6546599396735018,-0.7881556255426289,0.5949299386884587,0.6979285936904518,-0.1993047590902613,1.368670531163605,0.1749787939554925,0.06526138965728112
2022-06-21,0.07168571428571428,0.00591453463203463,0.07356169400452489,0.011103333333333337,0.1897916666666667,0.14251,-0.0004749999999999893,0.13414166666666666,0.05206588461538462,0.05940666666666666,0.10294764830088955,-0.9134436366850341,0.15529461277224868,-0.6746833874720818,1.3336182380796202,0.6997655262838824,-0.4308892657035555,0.3181276186367635,-0.2642351727127992,-0.21730461916112848
2022-06-22,0.046158333333333336,0.07569645454545457,0.022169999999999995,0.1350111111111111,0.05294333333333334,-0.08066999999999999,0.06826111111111112,0.08628333333333334,0.10487714285714285,0.21832666666666664,-0.16740850864302093,0.1739861590868164,-0.3551119908475229,0.6833423232934469,-0.299251800275713,-1.62080022580215,0.08973929940464545,-0.05786594660869341,0.33949261552927373,0.9721371110548784
2022-06-23,-0.0008733333333333324,0.0045973571428571435,0.08865888888888888,0.03446183333333333,-0.04255633333333333,0.09773266666666666,0.053246666666666664,0.007300000000000015,0.02809166666666667,0.13945555555555555,-0.6655129040130856,-0.933969555860498,0.30523533985619244,-0.4186748936242834,-1.438750839647194,0.23418282979193136,-0.023984746670232298,-0.6783895425335481,-0.5383036584654882,0.3818238033273494
2022-06-24,-0.030339999999999995,0.08731333333333333,-0.07087083333333333,0.25074133333333337,0.22192857142857145,0.1834888888888889,0.0,-0.12108333333333333,-0.015289333333333335,0.0103,-0.9775893670395126,0.3550150007048577,-1.2791651216012718,1.9517422583826922,1.7170747817802603,1.1258530167135554,-0.4272914687896941,-1.6870186329342987,-1.0342266122765091,-0.5848450078166829
2022-06-27,0.06918125,0.06381711764705883,0.048985,0.03549633333333334,0.219086875,0.11541642857142857,0.223665,0.02089,0.09580961904761906,0.11880357142857143,0.07642329232594429,-0.011132635485690101,-0.08879360338866397,-0.40733680312679643,1.683167748765738,0.41805384083339636,1.2668164190815232,-0.5716212496200376,0.23583448889847225,0.2272533796400003
2022-06-28,0.1570375,0.12730670175438596,0.054554845938375354,0.02847857142857143,0.040100000000000004,0.02788714285714286,0.24806666666666669,0.05252,0.029197499999999998,0.14905,1.0068939174876703,0.9782420559118896,-0.03347559523269163,-0.48425127346609703,-0.45249805239869834,-0.49205218449649274,1.4516421896634393,-0.3231237437440745,-0.5256619919965421,0.45363372404507746
2022-06-29,-0.0024958333333333343,-0.012415636363636367,0.15069269230769233,0.09171458333333332,0.19823928571428573,0.091225,0.08887500000000001,0.021775000000000003,-0.04167777777777778,0.16715,-0.68269652600156,-1.1990874557002844,0.9213361227924437,0.20881361360625547,1.434414964662311,0.1665178580531621,0.24587526956702005,-0.5646683475428885,-1.3358940545984221,0.5891037423996567
2022-06-30,0.09654333333333334,0.14711626373626374,-0.03017249999999999,0.04509571428571428,0.11564166666666668,0.19784583333333333,0.1977,0.09864999999999999,-0.006856666666666661,0.10533999999999999,0.3662104706415897,1.2869396091894467,-0.8749617091233132,-0.3021278616498056,0.44886275443679446,1.2751326725177476,1.070149478305916,0.03929136678574459,-0.9378260460876922,0.1264848565158699
2022-07-01,0.24518333333333334,0.07832455357142858,0.13771692307692307,0.032069999999999994,0.11654375,0.0742111111111111,0.20095,0.05693999999999999,-0.05082214285714285,0.3797833333333333,1.9404314705595118,0.21494050930574052,0.7924647471602697,-0.44488931874582915,0.4596263845901249,-0.010387993122358368,1.094765983506021,-0.2883985152909681,-1.4404306153251247,2.180564602590928
2022-07-05,0.19920624999999997,-0.0010547649572649586,0.030800136946386947,0.09058952380952381,0.076339,0.055238541666666675,0.34056041666666664,0.1283375,0.07727,0.065025,1.453495988197364,-1.0220480436498738,-0.2694001073826378,0.19648299331044908,-0.020095436461647027,-0.20765967912402367,2.152218459771808,0.27252784183135503,0.023893255625234925,-0.175254026907603
2022-07-06,-0.2021611111111111,0.006028666666666666,0.11010271428571428,-0.029198,0.0218175,0.07501500000000001,0.102425,-0.014249999999999999,0.04470999999999999,0.2330833333333333,-2.797317578425019,-0.911665087524092,0.5182088621620609,-1.1163848514669763,-0.6706442712752992,-0.0020293721704894847,0.34850716047822644,-0.8476946722087618,-0.3483261809042791,1.0825838460927646
2022-07-07,0.0077,-0.06684,0.0696511111111111,0.10072600000000001,-0.1551392857142857,0.035102499999999995,-0.04449999999999999,0.12643333333333334,0.082852,0.36273333333333335,-0.574714186490012,-2.0471964602609667,0.11645589823940658,0.3075784832797485,-2.78208711050015,-0.4170288370873002,-0.7643482322988223,0.25756797248457003,0.08770556811625896,2.052953342207196
2022-07-08,0.027958333333333335,0.04791625,0.054505,-0.006438666666666667,0.33386,0.09392500000000001,0.09922500000000001,0.22918333333333332,0.022126000000000007,0.09604583333333333,-0.3601616181593435,-0.25891998899344476,-0.03397064986366304,-0.8669432071984375,3.052637090890802,0.19459173353766926,0.32426937074273865,1.0648116882213772,-0.6065019718926863,0.05692237425488368
2022-07-11,0.033730666666666666,0.0484225,-0.07990576923076924,0.025578882783882782,0.06207857142857143,0.12223333333333333,-0.04311,0.19497,0.10490347619047617,0.0601125,-0.2990278160074359,-0.2510309636586226,-1.3688973445734622,-0.5160317783167641,-0.19025042469722706,0.488934187305788,-0.7538199423824697,0.7960185171484627,0.3397936529523472,-0.21202178741405991
2022-07-12,0.19141333333333335,0.03377555194805194,0.13888904761904763,-0.08905166666666665,0.04967714285714285,0.10125500000000001,0.0,0.092175,-0.033677619047619047,0.0601125,1.3709625310709042,-0.479278162196187,0.8041059300041842,-1.7723793311896257,-0.33822388300574013,0.2708071066122755,-0.4272914687896941,-0.011578735982097861,-1.2444378330171462,-0.21202178741405991
2022-07-13,0.016254166666666674,0.10244190476190478,0.125325,-0.07615858974358973,0.1887311904761905,0.14150222222222222,0.06795000000000001,0.21085,0.06563380952380952,-0.17726666666666668,-0.48411845987897484,0.590767461504199,0.6693919531509326,-1.6310715758054732,1.320964669302864,0.6892869233767023,0.08738284762480636,0.9207779352107548,-0.10912935685626743,-1.9886936142277643
2022-07-14,-0.05409666666666666,0.025857142857142856,0.06535514069264069,-0.11892758928571429,-0.061994999999999995,0.14117333333333332,-0.03629166666666666,0.008166666666666668,0.16714964285714284,0.006933333333333329,-1.2291921896627416,-0.6026727892177529,0.07378963255161997,-2.099818591074283,-1.6706924030731998,0.6858672249637745,-0.7021757768575317,-0.6715806742094097,1.0513794355932833,-0.6100429301993947
2022-07-15,-0.23984999999999998,0.09052642424242426,0.10438700000000001,0.067786,0.0283875,-0.0332625,-0.0052,-0.1728725,0.11690357142857141,0.08565,-3.1964742008177947,0.4050854314898553,0.46144213414613744,-0.053442977316885874,-0.5922512365142291,-1.12786976208668,-0.46667787710986186,-2.0938943442229876,0.4769763522098507,-0.02088556676598991
2022-07-18,0.03842901785714286,0.089825,0.21415690476190474,0.13441236134453782,0.13569828571428572,0.1401211111111111,0.15819166666666667,0.18555937500000003,0.2628367142857143,0.024424,-0.2492683763610621,0.39415495520552274,1.5516432912486164,0.6767800429273211,0.6881777063682318,0.674926500649442,0.770901142014385,0.7220850096797944,2.1452549825927374,-0.4791334863117063
2022-07-19,0.1076125,0.07302928571428573,0.184808,0.19871666666666665,0.05283523809523809,0.10896250000000002,0.08720000000000001,-0.10736666666666668,0.09815666666666667,-0.06679583333333335,0.48344213518853607,0.1324229739384926,1.260158935855214,1.3815533953877606,-0.3005415892798999,0.3509476233888823,0.23318830150235065,-1.5792551977272602,0.2626654699264157,-1.1618711932712824
2022-07-20,-0.08796875,0.018917619047619055,0.050697142857142864,0.10181666666666667,0.18626333333333334,0.08142857142857143,0.18068333333333333,0.18999333333333332,0.09678892857142858,0.09885,-1.5879256725361486,-0.7108131924670066,-0.07178912362683326,0.3195321588421061,1.2915182749671932,0.0646572225319943,0.9412599818479312,0.7569199001948518,0.24702976037084223,0.07791024772464236
2022-07-21,0.11896566666666668,0.030240000000000006,0.14792833333333333,0.037837499999999996,0.00871666666666667,-0.08334444444444444,0.06378214285714286,0.26535555555555557,0.09192559523809524,-0.087125,0.6036815955103528,-0.5343735871655925,0.8938813540283671,-0.381677683226974,-0.826963005354293,-1.6486083814775443,0.05581420853851794,1.3489946475705177,0.19143310210952344,-1.3140254795401567
2022-07-22,0.06941166666666668,0.09908380952380953,0.18850318181818182,0.09054,0.13001933333333332,0.0869375,-0.05175,0.3648666666666667,0.09661488888888889,0.23400500000000002,0.07886359611629529,0.5384373905707097,1.296858352718368,0.19594021377041876,0.6204166239623774,0.12193758355693096,-0.8192619746682871,2.1307924002754484,0.24504017337548906,1.0894820892005073
2022-07-25,-0.020140555555555557,0.045381794871794875,0.17238797113997112,-0.02911600000000001,0.166218,0.10644238095238095,0.12128862745098039,0.10741733333333334,-0.013994318181818182,0.11617499999999999,-0.8695687828633781,-0.29841506201345486,1.1368070037949722,-1.1154861338055033,1.0523379838260605,0.3247441017781445,0.49138610916742637,0.10817092627093369,-1.0194222569327083,0.20757975424359726
2022-07-26,0.06271666666666666,-0.0646620231884058,0.053515,0.05731111111111111,0.12233333333333334,0.08102229662698414,-0.0432875,0.1374375,0.04562777777777777,0.10306000000000001,0.007957987972790702,-2.0132564815047758,-0.043803027398038194,-0.16824746080972502,0.5287075120638104,0.06043288616449262,-0.7551643822818601,0.34402095923480946,-0.3378343281001098,0.10942012492203358
2022-07-27,0.06413777777777778,0.03992291666666667,0.0737887619047619,0.050570000000000004,0.09958916666666666,0.0045,0.11760714285714287,0.12768333333333332,0.06766363636363637,0.210765,0.023008734436244828,-0.38348217995906436,0.15754978178342857,-0.24212984634031193,0.2573248258976646,-0.7352254202408659,0.46350140619871644,0.26738845564438496,-0.08592478061017307,0.9155415794457878
2022-07-28,-0.02644537037037038,0.10733933333333334,0.13024645454545455,-0.008526,0.147927,0.024825396825396823,0.16163333333333332,0.2144875,0.02536638257575758,0.21510619047619048,-0.9363420059666822,0.667085363875521,0.7182703360894942,-0.8898203210039034,0.8340903432149894,-0.5238873981485008,0.7969693898288549,0.9493555412058168,-0.5694585635238736,0.9480333558817131
2022-07-29,0.15857500000000002,0.09414357142857142,0.2648026923076923,0.008549999999999999,0.19540833333333335,0.01485,0.024550000000000002,0.09398000000000001,0.18105830409356724,0.10594666666666666,1.0231773189097226,0.46145237626278496,2.0546417798101717,-0.7026678479878703,1.4006361292883482,-0.6276088975502554,-0.24134217566274802,0.002602041700675258,1.2103804813027974,0.1310254722323586
2022-08-01,0.07074861111111111,0.04835742857142857,0.1511230505050505,0.065252,0.060050000000000006,0.03388125,0.0,0.08183541666666666,0.17925611111111112,0.11134444444444443,0.09302294770515444,-0.2520449886434583,0.9256103089252101,-0.08121554505070097,-0.21445527561279987,-0.4297270668782091,-0.4272914687896941,-0.09281049918570247,1.1897781699868495,0.1714253095047063
2022-08-02,-0.037878125,0.04402133333333332,0.10221785714285714,0.010792499999999997,0.10671499999999998,-0.06662692307692308,0.02265333333333334,0.056875,-0.12355261904761905,0.2989875,-1.0574243688896625,-0.31961548777933,0.4398988700073274,-0.6780901119408773,0.3423500466285006,-1.474784080262218,-0.25570811562055273,-0.2889091804152784,-2.271870936766841,1.5758456509533494
2022-08-03,0.131666,0.12289748376623376,0.19868481283422462,0.0817625,0.25791,0.19356666666666666,0.10813333333333332,0.010195833333333333,0.14892142857142857,0.09480000000000001,0.7381886692407815,0.9095320659557686,1.397979201269314,0.09973906409261199,2.1464040634778194,1.2306390457853575,0.39174384268866697,-0.655638756546643,0.8429981195500461,0.04759789555138028
2022-08-04,0.07512083333333335,0.08068375000000001,0.08515595238095239,0.06381,0.0639736111111111,0.0055000000000000005,-0.02903000000000001,0.27080000000000004,-0.0016658333333333304,0.15225809523809525,0.13932841082766553,0.25170448045600613,0.2704452446794475,-0.09701982392684992,-0.1676388704039332,-0.7248276885799373,-0.6471736675463233,1.3917683075554905,-0.8784854730394135,0.47764481359137595
2022-08-05,0.1257125,0.14794166666666667,0.1868425,0.2407166666666667,0.17869375,0.12651666666666667,0.2558,0.35641666666666666,0.029834166666666665,0.09928333333333335,0.6751361616855384,1.2998020775931702,1.2803649682730789,1.8418721976056918,1.2011982430985757,0.5334711379200986,1.5102168481908682,2.0644059341150975,-0.5183837454386861,0.08115354466499157
2022-08-08,-0.12651133333333334,0.07233857142857143,0.1436138888888889,0.021692380952380953,0.034620000000000005,0.06075333333333333,0.35555000000000003,-0.03662500000000001,0.0902387962962963,0.2521825,-1.996123627826917,0.12165939369331007,0.8510316099588063,-0.5586277275523526,-0.517885241210063,-0.15031835520809886,2.2657542001017794,-1.0234813207694535,0.17214995248867027,1.2255321587386487
2022-08-09,0.140975,0.14788,0.03943566137566138,0.01635,-0.04938888888888889,0.14085,0.0194,0.1011,-0.02775316239316239,0.10001499999999999,0.8367787075093224,1.2988411098980646,-0.18363471708370252,-0.6171800704331117,-1.5202766790952322,0.6825052917267411,-0.28034986851829885,0.05853951377898239,-1.1767106242436391,0.08662972680658074
2022-08-10,0.10597133333333333,0.10584227272727273,0.12434914285714287,0.239675625,0.15617499999999998,0.21435555555555555,0.02325,0.12783333333333333,0.056005396825396826,0.18197,0.4660608177031219,0.6437562793343331,0.6597000381527629,1.8304624106280971,0.9325052215573496,1.446796333980883,-0.25118877774278997,0.2685669136235629,-0.2191994535785276,0.700024497759594
2022-08-11,0.06110000000000001,-0.04618166666666666,0.042326666666666665,-0.11863125000000001,0.056694,-0.016916666666666663,0.02325,0.23890833333333333,0.0709642207792208,0.3602166666666667,-0.009163854172889768,-1.725272282400488,-0.1549221357957832,-2.096570720954042,-0.25449896277538014,-0.9579101733124189,-0.25118877774278997,1.141215047204739,-0.048193156796078204,2.0341172715151683
2022-08-12,0.07163333333333334,0.03154914285714286,0.0012662499999999948,0.177595,0.05363000000000001,0.05474444444444445,0.02325,0.047093750000000004,0.20626733333333336,0.0174,0.10239289052886466,-0.5139728737494909,-0.5627216493164067,1.150060531081894,-0.29105851505969044,-0.21279716945510055,-0.25118877774278997,-0.3657544611408321,1.4985650838544495,-0.531704834870964
2022-08-15,0.03887999999999999,0.053484108225108226,0.1153380505050505,0.060771666666666654,0.07547888888888889,0.11165,0.06235000000000001,0.013787500000000008,0.12425561904761903,0.040181249999999995,-0.24449210106589472,-0.17215460707033042,0.5702046219882246,-0.13031987061110756,-0.030358255370584106,0.3788915272276276,0.04496671558770257,-0.6274212349341074,0.5610234966232431,-0.36119785389636416
2022-08-16,0.00542222222222222,0.09074226190476191,0.09782083333333333,0.0017166666666666673,0.14126666666666665,-0.14500000000000002,0.0153375,0.013966666666666667,0.12992333333333334,0.17694166666666666,-0.5988377441523113,0.4084488858827255,0.3962289729135146,-0.7775609864439622,0.7546194539424907,-2.2896863035496833,-0.3111205000184299,-0.6260136323478672,0.6258156777608002,0.6623897790325437
2022-08-17,-0.04501666666666666,0.02619925120772947,0.26602499999999996,0.07730833333333334,0.15655833333333333,0.050216666666666666,0.066,0.14255208333333333,0.06694444444444445,0.33313333333333334,-1.1330274515084444,-0.5973416258695415,2.0667813663697068,0.050921524452635064,0.937079142915809,-0.2598757878087493,0.07261294450474338,0.38420310283038656,-0.09414643942215703,1.8314112127433533
2022-08-18,0.0075812499999999994,-0.010689999999999996,-0.07461266666666667,0.140856,-0.005826,-0.08608333333333333,0.004175,0.19415000000000002,0.05187200000000001,0.16453333333333334,-0.5759718475754552,-1.172196415717237,-1.316327867059901,0.7474021388275,-1.000485649725474,-1.6770866131933098,-0.39566872749417475,0.7895762801956241,-0.26645162302883735,0.5695192185675491
2022-08-19,-0.04441875000000001,-0.052564,0.12467777777777778,0.15130416666666668,-0.17009333333333335,-0.025691666666666668,0.004175,0.026575,0.13417333333333334,0.01948888888888889,-1.126695017622091,-1.8247298416339626,0.6629639397796941,0.8619137475268646,-2.960518339544093,-1.0491502686370668,-0.39566872749417475,-0.5269576922091982,0.6744008314847079,-0.5160704803892815
2022-08-22,0.09700666666666666,0.15351666666666666,0.050291111111111106,0.095429,0.07819666666666666,0.1245547619047619,-0.040562499999999994,0.33809374999999997,0.12528690476190477,0.22901666666666665,0.37111755529777424,1.3866787516507177,-0.07582170687726335,0.24952351434288222,0.0020701841737382266,0.513071778661515,-0.7345243894602337,1.9204540184641399,0.5728129495554414,1.0521467517294891
2022-08-23,0.020108333333333332,0.04184228571428571,0.015244444444444446,0.3093066666666667,0.15695666666666666,0.0112,0.0014333333333333333,0.015050000000000001,0.01867599999999999,-0.14375,-0.44329963517599913,-0.35357215320639274,-0.42389449272379714,2.593616641513498,0.9418320438056862,-0.6655606181126447,-0.41643495880400677,-0.6175025469426941,-0.6459416849156232,-1.7378370701107673
2022-08-24,0.10275666666666665,0.010143999999999997,-0.009934666666666666,0.07587666666666668,0.08089375,-0.012308333333333334,-0.17675000000000002,0.210105,0.12620815126050422,0.11097499999999999,0.43201482890870024,-0.8475347785307,-0.6739657315363479,0.03523049861512705,0.034251698253419144,-0.9099939599083066,-1.7660506362107824,0.9149249272475047,0.5833444560853392,0.1686601909594088
2022-08-25,-0.1303638888888889,0.09547400000000002,0.1902039285714286,0.068236,0.04998630952380953,0.11883333333333333,-0.0072250000000000005,0.1436,0.05021083333333334,-0.01867,-2.0369253895256927,0.4821847904971976,1.3137496498580497,-0.048510990150265124,-0.33453491599706964,0.453581899658631,-0.48201585342685027,0.39243594121269837,-0.28544174958437407,-0.8016718824980177
2022-08-26,0.04084466666666667,0.02038904761904762,0.13812222222222223,0.10930416666666667,0.0663875,-0.12190000000000001,0.0077333333333333325,0.0309,0.04187590476190477,0.013575,-0.22368465001297877,-0.6878835385837847,0.7964900544440484,0.40159494530893375,-0.13883642358870812,-2.049498702182234,-0.36871681026226505,-0.49297882047623776,-0.3807249933304088,-0.5603331674790449
2022-08-29,0.03504,0.045563035714285716,0.10961111111111112,0.04251875,0.21379333333333334,0.08328,-0.20296666666666666,0.07965416666666666,-0.05984666666666667,0.1004125,-0.2851608890078,-0.29559073885668496,0.5133264096269138,-0.33037131672976705,1.620005374962972,0.08390788000708488,-1.9646237781582947,-0.10994724229957992,-1.5435971745182495,0.08960482803840099
2022-08-30,-0.23815,0.09284833333333334,0.04520857142857143,-0.017341666666666658,-0.05317499999999999,0.15176875,-0.006383333333333334,-0.00905,0.1141385,0.0759375,-3.178469789489347,0.44126834436557993,-0.12629993818248902,-0.9864397762599161,-1.5654524385994342,0.7960355242995047,-0.4756408097724642,-0.8068414622639307,0.445366606229915,-0.09357907799631314
2022-08-31,0.13906666666666667,0.02523250000000001,0.219755,0.11290333333333333,-0.2230033333333333,0.12659444444444445,-0.21081666666666665,0.08888,0.07348750000000001,0.0696,0.8165678732239572,-0.6124067612181788,1.6072418628186578,0.4410417093323313,-3.591838806699074,0.5342798503826154,-2.0240821061031635,-0.03746552959137071,-0.01934753118904284,-0.14101229574891794
2022-09-01,-0.04186666666666668,0.121523,0.045333,0.124229,0.05903833333333334,0.0793375,0.0058,0.0297,-0.04031634453781512,0.007653333333333333,-1.0996663363998505,0.888113128169853,-0.1250641516265813,0.5651706930066063,-0.22652645067621177,0.042914822933874074,-0.38336047489412234,-0.5024064843096603,-1.320330420892911,-0.6046540675908147
2022-09-02,0.006475,-0.029816666666666658,0.06036714285714286,0.12326633333333334,0.04380833333333333,0.038041666666666654,0.1027,0.011333333333333327,-0.028310761904761905,-0.11896666666666667,-0.5876879534766876,-1.4702522337992745,0.024250361986710073,0.5546198937938651,-0.40825033490925616,-0.38646817078055445,0.3505900955336199,-0.6467021168712114,-1.1830849908289187,-1.5523454335608047
2022-09-06,0.10244375,0.1344526666666667,0.013501666666666669,0.013708333333333331,0.16753625,0.052782499999999996,0.0025666666666666667,0.16686875,0.07449791062801933,0.01159375,0.42870078162741015,1.0895994845237074,-0.4412032291577674,-0.6461326617630888,1.0680673016455096,-0.23319694132208352,-0.4078507416060215,0.5752442352326579,-0.007796718086316072,-0.5751618953168909
2022-09-07,-0.12683571428571427,0.11931696428571428,0.07901166666666667,0.0024333333333333316,0.07893666666666667,0.05611875,0.010849999999999999,0.08502499999999999,-0.001673333333333335,-0.007469999999999999,-1.9995590914114934,0.853735900239932,0.20942207617245245,-0.7697063402156404,0.01089984105702474,-0.1985075090683106,-0.34511021296780553,-0.06775189965624079,-0.8785712115459852,-0.7178451308089964
2022-09-08,0.1363282857142857,0.19724000000000003,0.10269666666666666,0.263865,0.11241233333333334,0.11772291666666668,0.11655,0.23168333333333332,0.01798333333333334,0.08698,0.7875661455529847,2.0680308195806734,0.4446542599115189,2.095577270780487,0.41033044998396584,0.44203608512680836,0.4554942792325284,1.0844526545410076,-0.653860112322547,-0.010931140002918636
2022-09-09,0.044725,0.12228166666666666,-0.09911466666666666,0.05119666666666666,-0.02504666666666667,-0.015588888888888887,0.1955,0.029337500000000002,0.11089266666666667,0.14673125,-0.1825886985866141,0.8999356280296422,-1.5596742451884464,-0.23526159754531434,-1.2298260439615387,-0.9441042962737415,1.0534859978627682,-0.5052544244260067,0.4082608858858717,0.4362789668594599
2022-09-12,0.03269702380952381,0.12216483333333335,0.20296770833333333,0.0262,0.10539200000000001,0.028775,-0.0922625,0.21333055555555558,0.04357414285714286,0.10003958333333333,-0.30997495198785463,0.8981149838289149,1.4405156108526604,-0.5092243513415255,0.32656405195743615,-0.48282048417182555,-1.1261161798742096,0.9402661384590103,-0.3613110735852467,0.0868137215368506
2022-09-13,-0.11429166666666668,0.21525699999999998,0.1441747142857143,0.017737499999999996,0.07259499999999999,0.11989375,0.0,0.049624999999999996,-0.023861666666666666,0.018066666666666665,-1.8667072131426887,2.3487944135707775,0.8566015564562337,-0.601973110002698,-0.06476872750357217,0.4646078276074072,-0.4272914687896941,-0.3458679827422065,-1.132223819987704,-0.526715147270427
2022-09-14,0.097245,0.14555095238095236,0.05725729166666667,0.04033466666666667,0.029150000000000002,0.03370625,0.08204305555555556,0.14649166666666666,-0.055910499999999995,0.0032666666666666725,0.37364170316048806,1.2625469554829059,-0.006635729912772772,-0.3543088077760562,-0.5831531103338156,-0.4315466699188716,0.19412800927671411,0.41515399225573735,-1.4985997009693266,-0.6374862120023481
2022-09-15,0.10264166666666667,-0.03696964285714286,0.07594833333333333,0.17287589285714283,0.11776666666666666,-0.015004166666666666,-0.06730000000000001,0.16572499999999998,-0.021637391304347827,-0.08411166666666667,0.4307968834364819,-1.5817189209815883,0.17899798541793788,1.098339251378606,0.47421818805433974,-0.938024511510893,-0.9370424841641736,0.5662584931414267,-1.1067963469518072,-1.2914720915857296
2022-09-16,0.08328333333333333,0.06892266666666669,0.22305999999999998,0.03638066666666666,0.09429249999999999,0.0655,0.0097,0.22594999999999998,0.051254428571428576,0.41257666666666665,0.22577606227969743,0.0684284619244091,1.6400661130723035,-0.3976445350134301,0.1941251646925196,-0.10096378892422468,-0.3538206686539965,1.0394093717813218,-0.2735115766271047,2.426007335661343
2022-09-19,0.02510568181818182,0.22380685714285714,0.043953857142857135,0.0069999999999999975,0.026099238095238102,0.13269087301587304,-0.070925,0.05366666666666667,-0.04038911111111111,0.06042666666666666,-0.3903735659567008,2.4820290597122296,-0.13876137712684947,-0.7196558037840083,-0.6195547060792872,0.5976688787583477,-0.9644993553489059,-0.3141150871921374,-1.3211622738692752,-0.20967039713230687
2022-09-20,-0.0077624999999999994,-0.06996,0.08328333333333333,-0.12659375,0.017066666666666674,0.033958333333333326,-0.070925,0.05359166666666666,-0.04012238095238095,0.1410875,-0.7384748983524372,-2.0958162312133517,0.2518469644226267,-2.1838394938745247,-0.7273310661982904,-0.42892557506267925,-0.9644993553489059,-0.3147043161817263,-1.318113067806991,0.39403814276616395
2022-09-21,0.06454533333333333,0.09397916666666667,0.07573374999999999,0.011269999999999999,-0.0789,0.059199999999999996,0.004400000000000007,0.08458750000000001,0.09307782051282051,0.35214999999999996,0.027325086119430794,0.4588904141258328,0.17686680931094995,-0.6728567255585186,-1.8724023349812506,-0.1664694983880746,-0.3939645079033982,-0.07118906876217594,0.20460511201472328,1.9737420515486706
2022-09-22,0.0469,0.15200857142857144,0.056312499999999995,-0.02197833333333333,0.06309333333333333,-0.09352583333333334,0.08626666666666666,0.04548,0.12409957142857145,0.11237291666666666,-0.1595536429163943,1.363177711570406,-0.016019112092569014,-1.0372575106952446,-0.17814231734955427,-1.7544717310797706,0.22611894616283318,-0.37843270490015357,0.5592395913150839,0.17912294214678479
2022-09-23,0.055682499999999996,-0.011028333333333324,-0.13975520833333333,-0.02391,0.04481875,0.09532666666666667,0.08299166666666666,0.049077777777777776,-4.142857142858114e-06,0.015483333333333335,-0.06653967674457548,-1.1774687519903857,-1.9633036884896302,-1.0584285222734426,-0.39619407480679575,0.20916588741573738,0.2013130832304198,-0.3501671720366144,-0.8594893583977036,-0.5460501867225078
2022-09-26,0.06302333333333333,0.1746647619047619,-0.022977083333333318,0.11656066666666667,0.02008833333333334,0.09026250000000002,0.10157777777777777,-0.050888571428571436,0.021797261904761906,0.37317,0.011205842565373538,1.7162350165723272,-0.8034990291396746,0.48112597836356263,-0.6912766339248706,0.1565100413295186,0.34209003732777166,-1.1355414511799387,-0.610260040337874,2.131066901593602
2022-09-27,0.13495208333333333,0.096345,0.019035714285714288,-0.024887083333333327,0.1628966666666667,0.0007499999999999995,-0.0039,-0.09193333333333333,0.09884346031746033,0.05368333333333333,0.7729910198248343,0.49575780988807155,-0.38624075897222576,-1.0691373277417069,1.0127079382472022,-0.7742169139693479,-0.45683127502981996,-1.4580049656474088,0.27051675818533655,-0.2601410872117385
2022-09-28,-0.07595142857142857,0.08861333333333334,0.1164875,0.035666666666666666,0.16628500000000002,0.017300000000000006,-0.14049166666666665,-0.17958333333333332,0.0027835,-0.12657833333333332,-1.4606522619089903,0.3752732386016851,0.5816206031912956,-0.4054699546511349,1.053137425733061,-0.6021344549809804,-1.4914188051193555,-2.146617244813649,-0.8276215803408474,-1.6093151917399358
2022-09-29,-0.1187,0.07119623809523809,0.15041833333333335,0.03750044444444445,0.0989375,0.0015874999999999997,0.0,0.0,0.0623564393939394,0.3674,-1.9133951229110653,0.10385811644396971,0.9186112732814927,-0.3853718025035033,0.24954915958828403,-0.7655088137033202,-0.4272914687896941,-0.7357411641868689,-0.1465955995785929,2.087881155410954
2022-09-30,0.0194,0.09134909090909091,0.1715269841269841,0.2454333333333333,0.010672222222222222,0.12276666666666668,0.08627222222222224,0.2857,-0.010183333333333332,-0.04666666666666666,-0.45080147322951897,0.41790525998456524,1.1282559438314548,1.8935667297595302,-0.8036293775546172,0.49447964419161666,0.2261610256589019,1.5088284668204872,-0.9758558370025627,-1.0112138132825685
2022-10-03,0.200462,0.12836940476190478,0.06984974358974358,0.06645875,0.049133333333333334,0.04123666666666667,0.004333333333333333,0.029950000000000004,0.14752738095238097,0.006437499999999999,1.4667954232124807,0.9948024330964973,0.11842865533082406,-0.06798959946554659,-0.3447126012558772,-0.35324741812388755,-0.3944694618562209,-0.5004423876776972,0.8270616447571343,-0.6137540103522942
2022-10-04,-0.06743999999999999,-0.06330666666666666,0.15210416666666668,0.23891398809523812,-0.07108999999999999,0.058812500000000004,0.2097,0.34803666666666666,0.13234294372294372,-0.03588125,-1.3705091672074008,-1.992135608541385,0.9353544548909548,1.822114891872741,-1.7792136589562946,-0.17049861940668432,1.1610411898139956,1.9985694150116966,0.6534761819328436,-0.9304900235701311
2022-10-05,0.20753333333333335,0.06284133333333333,0.06580888888888889,-0.004962500000000005,0.10048888888888889,0.2766444444444444,-0.08093333333333334,-0.04394166666666666,0.10240344444444445,0.14846666666666666,1.5416867137853612,-0.026338536072954263,0.07829612100723016,-0.8507644626300083,0.26806028334697585,2.094459486104943,-1.0403055675164083,-1.0809638821982384,0.31121378784750003,0.4492677473946077
2022-10-06,0.1048375,0.13519333333333333,0.10715699999999999,0.05503885714285715,-0.08933333333333333,0.016116666666666665,-0.18756666666666666,-0.03215,-0.15911999999999998,0.027325000000000002,0.4540525814023935,1.1011414857049249,0.48895292785342936,-0.19315129950023938,-1.996892542389749,-0.6144384374464127,-1.8479794150562596,-0.988323991057315,-2.6784701535028907,-0.4574208607179696
2022-10-07,0.09031666666666667,0.05157333333333334,0.182672,-0.06384499999999999,0.040025000000000005,-0.0633125,0.34299999999999997,0.031760416666666666,0.10066870015948963,0.2129633333333333,0.30026490130523603,-0.20193070885868425,1.2389448364477136,-1.4961149833823248,-0.45339295005578817,-1.4403215984975826,2.1706966184829124,-0.48621905456789827,0.29138253661074703,0.9319950743085583
2022-10-10,0.0051625,0.049522500000000004,0.042112857142857146,-0.020238,0.18482300000000002,0.19906666666666667,0.04175000000000001,0.012570000000000001,0.0005003333333333249,0.26134999999999997,-0.6015884181052685,-0.23388937774592258,-0.1570456266629955,-1.0181835069938179,1.274332262628148,1.2878265699204645,-0.11106405583450063,-0.6369863855317675,-0.8537222870413891,1.2941466003555329
2022-10-11,0.11694,0.13974444444444445,0.10115666666666667,-0.12600083333333334,0.15018828571428572,0.3001,0.0023666666666666667,-0.1366,0.03997604166666666,0.12306666666666666,0.5822281038156514,1.1720626330770654,0.42935945041360213,-2.1773411441170234,0.8610719337179897,2.3383440587296116,-0.40936560346448947,-1.8089235638914711,-0.4024438499272376,0.2591606498141484
2022-10-12,-0.040490000000000005,0.048552142857142856,0.042046538461538455,0.034804166666666664,0.13433333333333333,0.13349999999999998,0.34,0.004525,0.0006641666666666685,0.015083333333333336,-1.0850862935005388,-0.24901070531891156,-0.15770428354411398,-0.4149229300538245,0.6718911371981853,0.6060819640189161,2.147973690605893,-0.7001910151483379,-0.8518493769978359,-0.54904399928283
2022-10-13,0.0540125,0.013563499999999996,-0.018503555555555558,-0.002621333333333334,0.004118750000000004,0.1653625,-0.174475,0.0155,0.03133678571428571,0.00385,-0.08422636316722702,-0.7942478212320843,-0.7590693180067198,-0.8251053427301857,-0.8818252033875509,0.9373796890652519,-1.7488190825707088,-0.6139671730051607,-0.5012061036934995,-0.6331202353518782
2022-10-14,0.24351666666666666,-0.011842222222222221,0.1781198095238095,0.01168233583208396,0.27671999999999997,0.13971944444444445,0.00775,-0.13714999999999997,0.031375,0.038925,1.922780086904171,-1.1901517940924593,1.1937338714272165,-0.6683375365981276,2.3708443958759524,0.6707500784323025,-0.3685905717740594,-1.8132445764817893,-0.500769245588587,-0.370600296468626
2022-10-17,0.064325,0.10871009523809523,0.02836600000000001,0.2317215,0.12174,-0.08563749999999999,-0.15116249999999998,0.1392175,0.012894,-0.10623,0.024991573200194697,0.688446302926732,-0.293575211854605,1.743285427468771,0.5216278772654995,-1.6724509578278124,-1.5722429971930334,0.3580053272543863,-0.71204035758189,-1.4570174519525458
2022-10-18,0.143636,-0.05506476190476191,0.14112812500000002,0.16451258620689654,0.062053333333333335,0.11162083333333334,0.08451111111111109,0.036375,0.06856966666666667,0.18390000000000004,0.8649609066534399,-1.863699864395493,0.8263437624670164,1.006677649001877,-0.1905515648612001,0.3785882600541839,0.2128218254051696,-0.4499651042362473,-0.07556722259811527,0.7144696433631488
2022-10-19,0.07618958333333332,0.105558,0.15421733333333335,0.08734083333333334,0.0003585714285714303,0.12151666666666666,-0.00021666666666666666,0.1370625,-0.18278833333333333,-0.04885833333333334,0.15064736059665265,0.639326383536894,0.9563417806078476,0.16087743833957294,-0.9266915366383625,0.48148247961545587,-0.42893256913636774,0.341074814286865,-2.949041827241406,-1.027617411269334
2022-10-20,0.06377222222222223,0.13783499999999999,0.16064733333333334,0.05703958333333334,-0.05809333333333333,0.20405,0.024106666666666672,0.040108333333333336,0.1408575,0.10436000000000001,0.019137197621173458,1.1423072639952723,1.0202025761088902,-0.17122339751057172,-1.6241378382899259,1.3396419326974254,-0.2447001194490187,-0.4206345945322659,0.7508128938414653,0.11915001574308066
2022-10-21,-0.1378833333333333,0.05333888888888889,0.1387152380952381,0.09819666666666668,0.065962,0.13503333333333334,0.27390000000000003,0.15489999999999998,0.038323,0.006130000000000002,-2.1165625487840387,-0.17441759773213866,0.8023797069161386,0.27985706207951316,-0.1439134762965978,0.6220251525656735,1.6473118463822214,0.48121310897742736,-0.4213410931006551,-0.6160555037580419
2022-10-24,0.13731041666666668,0.071673,0.15279183333333332,-0.07841111111111111,0.08726166666666665,0.15803611111111113,0.13295416666666668,0.050116666666666664,-0.03333904761904761,0.06351,0.7979677276971419,0.11128762112613222,0.942184150127795,-1.655759145754705,0.11023348099399723,0.8612018633549771,0.5797445112489553,-0.3420052593660125,-1.2405673518633422,-0.18659309197982332
2022-10-25,0.02602888888888889,0.06211666666666667,0.13928500000000002,0.21026270833333333,0.12899,0.07877977716727716,-0.11065555555555555,0.046830000000000004,-0.05567166666666666,0.05158750000000001,-0.3805960366376765,-0.03763120509544202,0.808038408080102,1.5080976827772443,0.6081346507841844,0.03711577057804899,-1.2654308714831792,-0.3678265830875531,-1.4958694058600577,-0.27582741760592655
2022-10-26,0.006633333333333331,0.06389500000000001,0.04356750000000001,-0.017784848484848483,0.1530027777777778,0.08115666666666667,0.0021000000000000185,0.1187375,0.16138,0.06725833333333334,-0.5860110720294303,-0.009918974536576995,-0.14259855822955025,-0.9912970363482547,0.8946543650982166,0.06183002978037988,-0.41138541927578004,0.1971065311639745,0.9854220273235583,-0.15853857344580405
2022-10-27,0.08354083333333334,-0.0414375,0.07068460606060606,0.11259800000000002,0.03883230519480518,0.17496666666666666,0.0101,0.027586,-0.05327333333333334,0.105765,0.22850320105444769,-1.6513427001270025,0.12672025432355252,0.4376952647066837,-0.4676241472130158,1.0372412368920865,-0.3507909449370605,-0.5190148854295398,-1.4684521367586054,0.1296657823612123
2022-10-28,0.047776785714285716,-0.08109200000000001,0.14887388888888892,0.05253000000000001,-0.005653333333333341,0.157575,0.0097,0.0017333333333333333,0.08325568181818181,0.050824999999999995,-0.15026775430056669,-2.269289080649876,0.9032723229192241,-0.22064830223680845,-0.9984253964527072,0.8564073537557709,-0.3538206686539965,-0.7221234275385917,0.09232037827906135,-0.28153437279904087
2022-10-31,0.177025,0.026727083333333335,0.07966083333333333,0.16638166666666665,0.06065,0.1913722222222222,0.0129,0.14787142857142857,0.04582916666666666,0.30316,1.218578135974346,-0.5891162806617946,0.21586940117184483,1.0271627175373608,-0.20729609435608118,1.2078218013072084,-0.32958287891850857,0.42599393509595246,-0.3355320904236501,1.6070748582232102
2022-11-01,0.046356249999999995,0.223995,0.12914090909090908,-0.11912083333333333,0.24390833333333334,0.4421333333333333,-0.235425,0.34179583333333335,-0.0016893333333333287,0.5868,-0.1653124068339493,2.4849609387572977,0.707290396402117,-2.1019365403251338,1.9793366142064472,3.8151685456368294,-2.2104732339388296,1.9495390160891262,-0.8787541203600046,3.729987344747677
2022-11-02,0.0018458333333333382,0.2029233333333333,0.14085638095238096,0.07607083333333332,0.22012,0.1909,-0.06616666666666668,0.17665999999999996,0.13615466666666667,0.126975,-0.6367146715793969,2.156595680129622,0.8236448836095316,0.037358559744428,1.6954949639921508,1.2029117613562146,-0.9284582669661883,0.6521680798234897,0.6970510396207791,0.2884126933722966
2022-11-03,0.11202999999999999,0.127445,0.24373,0.0111375,-0.10139000000000001,-0.08716,-0.2051166666666667,0.12216944444444444,-0.018341666666666666,0.23504999999999998,0.5302271275670171,0.9803971934198612,1.8453542379566823,-0.6743089217798014,-2.1407523124205916,-1.6882815042815762,-1.9809085431368259,0.22406921326164483,-1.069120279151005,1.0973034245143487
2022-11-04,0.04725,0.03947392156862746,0.19466666666666668,0.18350833333333333,0.23196,0.20302499999999998,-0.2051166666666667,0.0013,0.06608333333333334,0.2885,-0.15584685234877266,-0.390478987274901,1.3580722011604938,1.214870495775117,1.836769474124734,1.328984257744973,-1.9809085431368259,-0.7255278617006611,-0.1039904901766742,1.4973516278874017
2022-11-07,0.04322133333333334,0.10036007142857142,0.06394155844155844,0.1655533333333333,-0.039125,0.13845833333333335,0.045925,-0.000429166666666668,0.05915676190476191,0.012321666666666672,-0.1985137769204626,0.5583257115594207,0.05975036551269817,1.0180842078269514,-1.3978082775046032,0.6576373835043539,-0.07944131453898136,-0.739112863405072,-0.18317367550297295,-0.5697137801680544
2022-11-08,0.049910576923076926,0.07687966666666665,0.08633958333333333,0.03440000000000001,-0.021207333333333342,0.111925,0.023340476190476182,0.19685,0.08365061904761906,0.10466666666666664,-0.12766913394050636,0.19242446111291175,0.28220070567458033,-0.41935258519421525,-1.1840152385643796,0.3817509034343829,-0.25050348309253073,0.8107885238208247,0.0968352220445914,0.12144527203932745
2022-11-09,0.07333333333333333,0.08889999999999999,-0.017174999999999992,0.10814166666666666,0.06394083333333334,0.25253333333333333,0.00065,0.010325,-0.03164375,0.0727,0.1203973018573123,0.379740439778934,-0.7458745101303421,0.3888539784618302,-0.16802997382443902,1.8437586227247775,-0.4223681677496731,-0.6546239732867954,-1.221187047056471,-0.11781024840642092
2022-11-10,0.006840000000000001,-0.022899444444444444,0.053234000000000004,0.05782,0.2558566666666667,0.3099388888888889,0.0029000000000000007,0.051625000000000004,0.0334063076923077,0.188225,-0.583822300456168,-1.3624593619815841,-0.046593833546684046,-0.16267005310031196,2.1219037542881605,2.44064618523797,-0.4053259718419082,-0.33015520968650214,-0.47754774053180443,0.7468402416716323
2022-11-11,0.0431,0.13000333333333333,-0.001214571428571426,0.15544333333333332,0.28423333333333334,0.16983333333333334,0.10970833333333334,0.15286666666666668,0.04144785714285715,0.04465,-0.1997987976505715,1.0202643667168223,-0.5873604098023483,0.9072788961502067,2.460493254501753,0.9838662143659868,0.40367337982410256,0.4652384563707949,-0.3856183484768985,-0.32775135419901463
2022-11-14,0.09353880952380952,0.06505764705882353,0.13179772727272726,0.11232166666666668,0.104596,0.03412916666666666,0.21888333333333335,0.05077777777777778,0.09229708180708181,-0.00509333333333333,0.3343900691634829,0.008198856777033237,0.7336771028706306,0.43466665925399584,0.3170662048235224,-0.4271492959039373,1.230598596815318,-0.33681131493926575,0.19567986259436568,-0.700056894513082
2022-11-15,-0.029570833333333324,0.07058077777777778,0.1947542857142857,0.26661666666666667,0.16001333333333334,-0.020133333333333336,0.2123375,-0.3378,0.031985000000000006,0.0212,-0.9694432534825725,0.0942672383461484,1.3589424067720013,2.1257354589734154,0.9783040949857479,-0.9913562101550724,1.1810184305725424,-3.3896285332953213,-0.4937958470540966,-0.5032636155479032
2022-11-16,0.3184888888888889,0.055413333333333335,0.102961,0.17991333333333334,0.053075000000000004,-0.034425000000000004,0.2123375,0.10726666666666668,-0.03771166666666667,0.1033625,2.7167981616669215,-0.1420909907634408,0.4472795378188454,1.1754693982995585,-0.29768075772215535,-1.1399571251425094,1.1810184305725424,0.10698723070073736,-1.290554262123262,0.11168419567077711
2022-11-17,-0.025533333333333335,0.1931045,-0.0017200000000000002,0.166765,-0.01977333333333333,0.11974166666666668,0.3939,0.10726666666666668,-0.00031266666666666666,0.1033625,-0.9266827765775094,2.0035862481788818,-0.5923801719548186,1.0313640399385562,-1.1669047953608218,0.4630265059173078,2.5562289614630163,0.10698723070073736,-0.8630163411537506,0.11168419567077711
2022-11-18,0.0,-0.15152285714285715,-0.07408333333333335,0.08389166666666666,0.04030333333333334,0.08979999999999999,0.21720000000000003,0.006866666666666667,0.11330208333333333,0.0746125,-0.656263578977687,-3.3668314339402237,-1.3110706901155953,0.12307467003838196,-0.4500718854172548,0.1517010904363388,1.2178485095065459,-0.6817939766956174,0.43580485744703523,-0.10349608210238045
2022-11-21,0.0080625,0.1780731851851852,0.12102483333333333,0.1477267857142857,0.16935416666666667,-0.04311666666666667,0.05648333333333333,0.17489166666666667,0.048433,0.033174999999999996,-0.5708750105449754,1.7693493624707113,0.626684011608102,0.8227057543107397,1.0897586265226373,-1.2303307428287469,0.0005307677393080331,0.6382753696467381,-0.30576558624213596,-0.4136363520232576
2022-11-22,0.36696666666666666,0.03083366666666667,-0.08261166666666667,0.05343500000000001,0.07450166666666666,0.09203916666666667,0.0,-0.02005,0.028013333333333328,0.0112,3.2302180742552706,-0.5251223251927081,-1.3957714911987562,-0.21072952804616016,-0.04201844039888812,0.1749833445804348,-0.4272914687896941,-0.8932617140703042,-0.5391991495341251,-0.5781089295559579
2022-11-23,0.0103,0.09336468253968254,0.10573390476190477,0.0046444444444444484,0.054584821428571434,0.02585,0.1837,0.19968333333333335,0.15605916666666667,0.1415625,-0.5471780279876803,0.4493147482579338,0.47481918073391044,-0.7454726254957016,-0.27966561560145387,-0.5132338492800415,0.964109148213157,0.8330482856497393,0.9245953201613719,0.39759329518154657
2022-11-25,0.16245833333333334,0.10203666666666666,0.15059499999999998,0.15766333333333335,-0.016753214285714288,0.3612,0.3612,0.23336666666666664,-0.07209666666666667,0.053825,1.0643050428266667,0.58445253093636,0.9203658726394786,0.9316100328388691,-1.1308688292295324,2.973645463212346,2.3085490476035,1.097677571862892,-1.6836367352518657,-0.2590807785966244
2022-11-28,0.31953333333333334,0.0027604670329670483,-0.03693824999999999,0.0214,0.15883166666666665,-0.02775749999999999,0.0219,0.1135,0.02579210256410256,0.1565,2.727859695424269,-0.9625942918885616,-0.9421570710457362,-0.5618322144521463,0.9642044852329321,-1.0706302492932682,-0.2614140952874489,0.15595870672434897,-0.5645918173880898,0.5093934829810783
2022-11-29,0.30206666666666665,0.0639736111111111,0.03551863636363636,0.1948277777777778,0.08966999999999999,0.118725,0.006783333333333333,0.1135,-0.14405666666666667,0.03455,2.542873194716296,-0.00869395715948272,-0.22253741277038983,1.3389312840712857,0.13896963909388219,0.452455478728697,-0.375912404089988,0.15595870672434897,-2.506269126304194,-0.40334512134715006
2022-11-30,0.19433333333333333,0.14821875,0.14452309523809523,-0.025244444444444448,0.117435,0.17039583333333336,0.01446,-0.059250000000000004,0.03846666666666666,0.18335,1.401887755235061,1.3041199391961802,0.8600615696376422,-1.0730539953280387,0.4702607517485425,0.9897149384252593,-0.3177669564224582,-1.201232065962108,-0.41969872437477246,0.7103531510927057
2022-12-01,0.08274666666666666,0.09669904761904762,0.14911666666666668,-0.045813999999999994,0.10810333333333336,0.26894166666666663,0.10864166666666669,0.2755575,0.09439266666666667,0.2686625,0.22009231674267762,0.501275025959973,0.9056835176344439,-1.2984957376015747,0.35891559659196426,2.0143680697278463,0.39559411657894006,1.4291450664617469,0.21963617142834777,1.3488772362239234
2022-12-02,0.20031,0.1333868181818182,0.26645416666666666,0.21196583333333333,0.029236666666666668,0.009733333333333333,-0.00385,0.26688333333333336,0.10404250000000001,0.19849999999999998,1.4651856170231135,1.0729900905482967,2.0710437185836827,1.5267638842064686,-0.5821190063745117,-0.6808106245486732,-0.4564525595652029,1.360997460321403,0.3299511445836628,0.8237438018149085
2022-12-05,0.0024378571428571427,0.0882570873015873,0.0344890873015873,0.26231875,0.05671124999999999,-0.13761041666666668,0.0045,0.192475,0.03620071428571429,0.0764625,-0.6304446479423962,0.36972176409329127,-0.23276257950597393,2.078630414877404,-0.2542931363142496,-2.2128513989636134,-0.3932070769741643,0.7764168327614717,-0.4456026407888021,-0.08964969901089027
2022-12-06,0.027124999999999993,0.012915,0.18567633333333333,-0.06304575757575759,0.019840999999999998,-0.056499999999999995,0.12098333333333333,0.10429999999999999,0.008328000000000002,-0.0319,-0.36898730998701407,-0.8043535652906169,1.268782957227957,-1.4873553092059197,-0.694227807531807,-1.3694870515575068,0.48907371709523556,0.0836799506681092,-0.7642379603826811,-0.9006922329306742
2022-12-07,0.0934625,0.07162666666666667,0.07407119047619047,-0.036136666666666664,-0.03167321428571428,0.0323,0.12098333333333333,0.31925000000000003,0.20527638095238093,0.23416666666666666,0.33358188795469196,0.11056559674980947,0.1603547760670447,-1.1924324402524402,-1.3088938031466053,-0.44616848006705234,0.48907371709523556,1.7724102348299267,1.4872367135575917,1.0906920884436373
2022-12-08,0.07583888888888889,0.06219533333333334,0.07831451282051281,0.0017399999999999998,0.03055666666666667,0.21876874999999998,0.3506,0.00065,0.10730416666666669,-0.1078,0.1469332152858414,-0.03640532198168523,0.2024981571674762,-0.7773052537760633,-0.5663688076097305,1.4926835455817167,2.2282613691046964,-0.7306345129437649,0.3672378684415795,-1.4687681662518102
2022-12-09,0.05537500000000001,0.17935416666666665,0.0230665873015873,-0.045745,0.1233125,0.092125,0.098,0.13353333333333334,0.129790625,0.001275,-0.06979635702898575,1.7893112298501586,-0.3462073596942572,-1.2977394995693596,0.5403908981424833,0.17587581654799778,0.3149908418596222,0.3133483168323202,0.6242985825195192,-0.6523929037089524
2022-12-12,-0.06173888888888889,0.11290549999999999,0.012571666666666667,0.12752322222222223,0.07603288220551378,-0.1951111111111111,-0.1858,0.0185,0.1510104761904762,-0.026587500000000003,-1.3101296675170315,0.7538243858037692,-0.45043970502339253,0.6012752746154878,-0.023748024422703427,-2.8107281901139913,-1.8345981353064587,-0.5903980134216043,0.8668796959519266,-0.860930659863895
2022-12-13,0.04239999999999999,0.05859130952380953,0.044855,0.1556875,0.11852,0.21002916666666666,0.09997500000000001,0.00385,0.06449047619047618,0.23445,-0.20721237878581475,-0.0925677617656566,-0.12981150158762306,0.9099549558535771,0.4832069378544423,1.4018117032533937,0.3299501027119936,-0.705494076054638,-0.12219971585807173,1.0928127056738655
2022-12-14,0.15660277777777779,0.07595625,0.0066106666666666675,-0.022415833333333357,0.22868750000000002,0.31930000000000003,0.061066666666666665,0.06575555555555555,0.08618,0.3612,1.0022898482509024,0.17803461918119778,-0.5096425358137061,-1.0420524982183486,1.797722106353714,2.5379805066194403,0.035246351995866204,-0.2191401033887693,0.12575060143229785,2.0414770607259602
2022-12-15,0.008995,0.03698214285714285,-5.533333333333501e-05,0.250025,0.2148195,0.05759500000000001,0.10322500000000001,0.12430000000000001,-0.023903571428571434,0.1507875,-0.5609990613898123,-0.4293090226006739,-0.5758472112118324,1.943891265478197,1.632249563573421,-0.18315785770386478,0.3545666079120985,0.24080768122515211,-1.1327028668815644,0.466638097353977
2022-12-16,-0.19075499999999998,0.07829133333333335,0.0322525,-0.10225625,0.029896666666666665,-0.028573333333333336,-0.6597,0.19410000000000002,0.03674395833333333,0.1343625,-2.6765173924824177,0.21442282970087723,-0.25497568126132314,-1.9171011879464557,-0.5742439069921211,-1.0791130653733094,-5.424063308946367,0.7891834608692315,-0.43939238300923283,0.34370466909574704
2022-12-19,0.1008125,0.11952849816849817,0.10149088888888888,0.03492019047619048,0.010176666666666678,0.188625,0.01915,0.11609499999999999,0.019960666666666665,0.06573888888888889,0.4114244898747452,0.8570322877173747,0.4326788434128613,-0.4136513124102825,-0.8095423309629439,1.1792569218276021,-0.28224344584138383,0.17634602976412517,-0.6312556313899808,-0.16991090310202797
2022-12-20,0.29696666666666666,0.11565779220779221,0.15705249999999998,0.20854545454545453,0.1845638888888889,0.24836041666666664,0.09786249999999999,0.0022624999999999998,0.16633333333333336,0.42368333333333336,2.488859960730953,0.7967140706553374,0.9844997897386984,1.4892766302358023,1.2712405569446907,1.8003697549813609,0.3139493743319253,-0.7179660896676033,1.0420475476637365,2.5091355310862893
2022-12-21,-0.11179444444444443,-0.09677954545454545,0.05098958333333334,0.06339642857142858,0.12348833333333334,0.4469547619047619,-0.04193333333333333,-0.08233333333333334,0.13923714285714286,0.4078,-1.8402595566324362,-2.513752178984854,-0.0688846941639674,-0.10155255498950609,0.542488935982994,3.8653004661448778,-0.7449075051151498,-1.382583654980028,0.7322892936359722,2.3902562240034957
2022-12-22,-0.07348333333333333,0.10640833333333334,0.19517500000000002,0.2659513333333333,0.13351458333333333,0.02244166666666666,0.00905,-0.08233333333333334,-0.131236,0.0,-1.434513084341667,0.6525773488894085,1.3631208125207368,2.1184434246144708,0.6621218377749545,-0.5486727846910396,-0.3587439696940174,-1.382583654980028,-2.359705817870552,-0.6619356812449794
2022-12-23,0.08653333333333334,0.07219166666666667,0.0402375,0.10332249999999998,0.11710833333333333,0.07005,0.0,-0.08233333333333334,0.09202666666666666,0.27912499999999996,0.2601962604076122,0.11937013860496894,-0.1756711008451759,0.3360360492311496,0.46636297528655113,-0.053654109866999825,-0.4272914687896941,-1.382583654980028,0.19258853055522637,1.4271841460048502
2022-12-27,0.22173333333333334,0.19053795093795095,0.12540820512820514,0.05304333333333333,0.07814966666666667,0.15498303571428573,0.17970000000000003,0.20333,-0.04679806060606061,0.1290711111111111,1.6920765025288655,1.963591047045906,0.670218321063366,-0.21502218354303385,0.001509381641962026,0.8294568046382037,0.9338119110437971,0.8616979085213067,-1.3944281083212473,0.3041011028029849
2022-12-28,0.010498333333333332,0.04157500000000001,0.07741904761904761,0.05381666666666667,0.070621,0.032619444444444444,0.00775,0.25456666666666666,-0.082465,0.014183333333333334,-0.5450775133326947,-0.3577373359651797,0.19360467036979823,-0.20654647226410042,-0.08832243383817673,-0.44284698245314463,-0.3685905717740594,1.2642329662533571,-1.8021654573367398,-0.555780077543555
2022-12-29,-0.047349999999999996,0.12891777777777777,-0.07368363095238094,0.024465000000000004,0.03985375,0.074075,-0.082875,0.010325,0.00928666666666667,0.018600000000000005,-1.1577393886259217,1.0033478723363094,-1.3071009681853805,-0.5282399018617187,-0.4554362997061434,-0.011803239931762423,-1.0550123513923684,-0.6546239732867954,-0.7532786739426844,-0.5227233971899974
2022-12-30,0.05927666666666667,0.08948666666666667,0.26858666666666664,0.10405,0.07002666666666667,0.14598333333333335,-0.1591,-0.0365,-0.118299,0.12625999999999998,-0.02847446789183274,0.3888826189323742,2.092223057060506,0.34400942848385324,-0.09541400060524872,0.7358803142528412,-1.6323640772009818,-1.0224992724534718,-2.2118126099349773,0.2830612534207205
2023-01-03,0.05863952380952381,0.02542936507936508,0.2645258253968254,0.059775,0.2584833333333333,0.03211875,0.09417500000000001,0.11969166666666665,0.029803348416289593,0.0866,-0.035222339700645984,-0.6093389615171362,2.0518920222400507,-0.14124330885421546,2.153245058900906,-0.44805306893059565,0.28601910881642184,0.20460283330930001,-0.51873605354035,-0.01377526193522476
2023-01-04,0.003849999999999983,0.05017761904761906,0.15492166666666668,0.10087666666666667,0.06353625000000002,0.10508333333333335,0.008700000000000001,0.02125,0.05491892857142857,0.032025000000000005,-0.6154888827338497,-0.2236804873479151,0.9633370040860074,0.30922978564960957,-0.17285744951907353,0.3106130893208636,-0.3613949779463364,-0.5687929504700109,-0.23161974231622012,-0.4222435631341838
2023-01-05,0.16378,0.11695222222222221,0.0743075,0.03775333333333334,0.204785,0.1547625,0.12366999999999999,0.14403333333333332,0.12680183333333334,0.166575,1.078302590065352,0.816885510019273,0.16270173006003832,-0.38260014749332333,1.5125182230391805,0.8271637334594094,0.5094233613939888,0.39584037537476746,0.5901313113256995,0.5848001368441936
2023-01-06,0.14131,0.14576875,0.07829409523809525,0.042590625000000014,-0.03042333333333333,0.0020499999999999997,0.12858333333333333,0.011874999999999991,0.18142,-0.1681,0.8403266356240459,1.265940952390621,0.20229537597690173,-0.3295835687795428,-1.2939802626675794,-0.7606998628101409,0.5466384677170192,-0.6424465741686247,1.2145153168828784,-1.9200854097203808
2023-01-09,0.1665275,0.06129722222222223,0.24254023809523811,0.11561107142857144,0.12508333333333332,0.10925000000000001,0.06652,0.009666666666666657,0.10823466666666667,0.05711999999999999,1.1074008960211814,-0.05040082086374109,1.8335378862156357,0.4707184416351853,0.5615204261571045,0.3539369712413992,0.07655158533676011,-0.6597960944176315,0.3778751591568961,-0.23441924763097038
2023-01-10,0.1708388888888889,-0.05762190476190476,-0.03110685714285714,-0.010222321428571428,0.018629464285714287,0.21951607142857144,0.011166666666666667,0.23,0.1617457142857143,-0.18425,1.1530620836402725,-1.9035484861925487,-0.8842414588005976,-0.9084119554842989,-0.7086838138277398,1.5004539932604648,-0.34271168169189786,1.0712277372191232,0.9896028002154309,-2.040960591843389
2023-01-11,0.12788750000000002,0.021421000000000003,0.11838333333333334,0.027769444444444444,0.08025866666666667,-0.04773333333333333,0.27190416666666667,0.08148333333333334,0.044895000000000004,-0.07823333333333334,0.6981712173557583,-0.6718023564056842,0.600449440641383,-0.4920232849888053,0.026673903759328432,-1.2783336039967002,1.6321947874195928,-0.09557660194238367,-0.34621129774217946,-1.2474755211679949
2023-01-12,0.14831833333333333,0.04639800000000001,0.005078125000000001,0.11295228571428573,0.14311666666666667,0.12910208333333334,0.136275,0.28875,0.006648333333333339,0.025850000000000005,0.9145507038947545,-0.2825792733679507,-0.5248632714236325,0.4415782260315152,0.7766935961507071,0.560353606651791,0.6048975300239342,1.5327904457304362,-0.7834395752544279,-0.4684605445341576
2023-01-13,0.08825000000000001,0.16449333333333332,0.2031419642857143,0.0634197668997669,0.08006250000000001,0.07463499999999999,0.21714000000000003,0.012449999999999998,0.059614999999999994,0.18656666666666666,0.2783771855726134,1.557731001379569,1.4422462677328844,-0.10129676757649496,0.02433324922067347,-0.005980510201642531,1.2173940509490053,-0.6379291519151097,-0.1779351888443158,0.7344283937652965
2023-01-17,0.22717500000000002,0.11214802857142855,0.044414274509803925,0.05009344200411805,0.1417261111111111,0.31877291666666663,0.1391888888888889,0.08651249999999999,0.072265,0.19089375,1.7497082701635536,0.7420205116498848,-0.1341886525054315,-0.24735290838440144,0.7601015307011079,2.5325000355564917,0.6269682257118914,-0.056065524696060715,-0.033322907760214106,0.7668145848475318
2023-01-18,0.015933333333333334,0.15792988888888887,0.21044944444444447,0.13571111111111112,-0.031168749999999995,-0.1284375,0.08274166666666666,0.18775555555555556,0.09552047619047618,0.013300000000000001,-0.48751635123262804,1.4554511406271347,1.5148219280819661,0.6910143033304125,-1.3028745510483224,-2.1174738729155544,0.19941950590733482,0.7393390530091918,0.23252906533083542,-0.5623914136142665
2023-01-19,0.12113055555555556,0.012129523809523807,0.13351875,0.10438783333333332,0.06451666666666667,0.06812499999999999,0.16712916666666666,0.06740833333333333,-0.009672222222222212,0.0098,0.6266095661197303,-0.8165938449282786,0.7507697747896059,0.3477120721826457,-0.16115914847944926,-0.07366974331428737,0.8385965313146734,-0.20615524232190255,-0.97001291655472,-0.5885872735170856
2023-01-20,0.10418571428571427,-0.007675000000000001,0.1068866826923077,0.06703244444444445,0.125141,0.010283333333333339,0.11575555555555557,0.0755,-0.011580666666666666,0.15780555555555556,0.44714962958003684,-1.1252128870565188,0.4862682189409986,-0.06170192471540963,0.5622085030223337,-0.6750918721351624,0.4494769112947251,-0.14258398133403236,-0.9918298734269251,0.51916495453213
2023-01-23,0.04909,0.13846928571428568,0.13797329545454545,-0.044650999999999996,0.19427500000000003,0.23142946428571431,0.0548888888888889,0.07007166666666667,0.24651137844611531,0.09164666666666668,-0.13635972479327632,1.1521915031449328,0.7950109592877128,-1.2857492907687307,1.387113231358991,1.6243262553602593,-0.011546047632367263,-0.185231066202723,1.9586269940371288,0.023996673200840375
2023-01-24,0.027105,0.049298190476190475,0.22274857142857143,0.06471666666666667,0.25985416666666666,0.0763394696969697,0.15926666666666667,0.1128625,-0.002043124999999993,0.05580416666666667,-0.36919912659087806,-0.23738485135812065,1.6369730996487921,-0.08708278311706602,2.169601799411049,0.011742108331632644,0.7790435245036504,0.15095026031284325,-0.8827985962450016,-0.24426764353253017
2023-01-25,-0.06121428571428571,0.069946,0.1443977777777778,0.1036975,-0.00927941176470589,0.19094999999999998,-0.047682666666666665,0.2888888888888889,0.06415559523809525,0.1470175,-1.3045736843759932,0.08437533124319319,0.8588169549088643,0.340146038536667,-1.0416916510214982,1.203431647939261,-0.7884547340065763,1.5338816105259714,-0.1260280082229273,0.4384214139729404
2023-01-26,0.27855056818181817,0.024881999999999994,0.23981282051282052,0.08237555555555556,0.078695,0.063595,0.11262785714285714,0.01457222222222222,0.04763014285714286,0.05108833333333333,2.2938181888565916,-0.617868693820362,1.8064500080699566,0.1064581354980021,0.008016281939735229,-0.1207714677382936,0.4257867561437864,-0.6212561538393346,-0.3149436892313245,-0.2795634461968287
2023-01-27,0.08385600000000001,-0.07618000000000001,0.03659152380952381,0.008881249999999993,0.05528333333333333,0.1282277777777778,0.02195,0.1842,0.0010032070707070742,0.09857500000000001,0.2318410777036727,-2.1927441079197103,-0.21188182244730205,-0.6990373574346634,-0.27133099337451005,0.5512628120954655,-0.261035379822832,0.7114052342434952,-0.847973534609855,0.07585200158942097
2023-01-30,0.048400000000000006,-0.030798888888888886,-0.03445225108225108,0.019671904761904765,0.058745999999999986,-0.0148825,0.0124125,0.045879166666666665,0.05205179487179488,0.08835,-0.1436673976265874,-1.4855584579879886,-0.9174668893191145,-0.5807720889787774,-0.2300145628774022,-0.9367594541588135,-0.3332753546985243,-0.3752966972777859,-0.26439624385591404,-0.0006773319838151563
2023-01-31,-0.013524444444444447,0.05592057142857142,0.042362410256410264,0.007358333333333335,0.04363583333333334,0.21363999999999997,-0.08048333333333334,0.017249999999999988,-0.03611117424242424,-0.06083333333333333,-0.7994986735462265,-0.13418656768369733,-0.15456714138286112,-0.7157284806698474,-0.4103085995205627,1.4393561793257295,-1.0368971283348554,-0.6002184965814196,-1.2722577514254343,-1.1172446747939795
2023-02-01,-0.06240363636363637,0.08661636363636363,-0.04860455555555556,0.1257,0.11444801587301587,0.07642499999999999,0.0,0.02685,-0.04881427917620138,-0.08763000000000001,-1.3171698951434436,0.3441539407601718,-1.0580232535241207,0.5812928110557152,0.4346201504551738,0.012631429471419561,-0.4272914687896941,-0.5247971859140389,-1.4174771175380207,-1.3178051678975637
2023-02-02,0.029126000000000003,0.05090933333333334,0.11024714285714285,0.13577533333333333,0.17392708333333334,0.11565,-0.07637499999999998,0.05135000000000001,0.06027166666666667,0.2842083333333333,-0.3477950587704116,-0.21227799344598672,0.519643282607552,0.6917181770544387,1.1443225253368654,0.4204824538713418,-1.0057793409921585,-0.33231571598166143,-0.1704283062689355,1.4652305139589445
2023-02-03,0.12014999999999998,0.0435532380952381,-0.070055,0.10093958333333333,0.052345833333333334,0.1902125,0.00894000000000001,0.05895000000000001,0.05687500000000001,0.2477666666666667,0.6162246687358377,-0.32690993754217995,-1.2710625141886847,0.30991935052197966,-0.30638115161052887,1.1957633208393263,-0.3595771437161748,-0.27260717836998516,-0.20925832324514082,1.1924817154945921
2023-02-06,0.0401025,0.043362333333333336,0.0060077777777777785,0.04836666666666666,0.05699800000000001,0.24739444444444447,0.09207499999999999,0.018798095238095232,0.01935833333333333,0.16176666666666667,-0.2315448111547021,-0.3298848560670291,-0.5156302440630349,-0.26627831683761777,-0.2508716442719759,1.7903258350227838,0.2701130593025078,-0.588056062009016,-0.6381413861177534,0.5488120150253206
2023-02-07,0.17452300000000004,0.23019583333333332,-0.06697390476190475,0.14752,0.11291666666666667,0.00463750000000001,-0.06162333333333333,0.14248333333333332,0.18917599999999998,0.07948541666666667,1.1920798788309486,2.5815901363151768,-1.2404620176227068,0.8204393887794117,0.4163481395625299,-0.7337957321374882,-0.8940456550813235,0.3836629762565967,1.3031803644787905,-0.06702458429720537
2023-02-08,0.0330375,0.13976380952380954,0.07098000000000002,-0.042054999999999995,0.177683,0.25883333333333336,0.0073,0.008375,0.12416553571428572,0.11645606060606062,-0.30636902646969216,1.1723644041421954,0.12965401668061083,-1.25729720480307,1.1891380056731948,1.9092643321886276,-0.3719990109556124,-0.669943927016107,0.5599936818943112,0.2096833611751875
2023-02-09,0.2987,0.19801798850574712,0.06798657142857142,0.03500833333333333,0.2209532380952381,0.18095555555555556,-0.07975,0.2636875,0.11261133333333333,0.165315,2.5072173997325082,2.0801544166809984,0.09992419866397322,-0.4126852692097096,1.7054371349151716,1.0995120965058698,-1.031342634853806,1.3358897583761422,0.4279083409917907,0.5753696272791786
2023-02-10,0.034149999999999986,0.1104595,0.12143291666666667,0.103825,0.06562222222222222,0.12941666666666668,-0.043774999999999994,0.23523333333333332,-0.011619444444444443,0.07048333333333333,-0.29458672787975226,0.715707732037893,0.6307369705968088,0.3415434349005429,-0.1479676941267916,0.5636245597367915,-0.7588568580618759,1.1123428267148827,-0.9922731732609027,-0.13440095967820645
2023-02-13,0.11223999999999999,0.09531190151515152,0.04074444444444445,0.06644583333333334,0.09208666666666666,0.135625,-0.037387500000000004,0.33789375,0.05949894677871148,0.024127083333333334,0.53245120190759,0.47965876767506216,-0.17063628350504267,-0.06813116576384759,0.1678052302667773,0.6281771437983894,-0.7104759574570544,1.9188827411585696,-0.17926188616112923,-0.4813557684267955
2023-02-14,-0.04715,0.1276878181818182,-0.06645333333333334,0.09905299999999999,0.1034525,0.049319999999999996,0.0034333333333333334,0.005550000000000001,0.19467712121212122,0.145628,-1.1556212225872806,0.9841810922605906,-1.2352918612395523,0.2892424509914007,0.30342199854509266,-0.2691990871980486,-0.4012863402193269,-0.6921382189572894,1.3660680867716752,0.4280216575915213
2023-02-15,0.28818,0.06598583333333333,0.007716666666666667,-0.20565937499999998,0.1736388888888889,0.01661666666666667,0.0583,0.008577777777777776,-0.028213999999999996,0.0975625,2.3958018660999962,0.022663024747486566,-0.4986580817197476,-3.050396489031955,1.1408837982286035,-0.6092395716159483,0.014290762953725639,-0.668350826414626,-1.1819788280012775,0.06827391354610532
2023-02-16,-0.0035133333333333345,0.01509409523809524,0.08503644444444444,0.000538333333333331,0.10218788888888888,0.08855,0.12221249999999999,-0.029383333333333327,0.07626345454545455,0.131615625,-0.6934726957231456,-0.7703961578035579,0.269258328366215,-0.7904754861728541,0.288332698272251,0.13870392586017827,0.49838380560040335,-0.9665879883302575,0.012386628416013411,0.3231455969041596
2023-02-17,0.26785,0.0803625,0.17317857142857143,0.143478,0.07805266666666666,-0.0054499999999999965,0.1556,0.07269999999999999,-0.018135151515151514,0.16107500000000002,2.1804902882721477,0.24669835820650157,1.1446590043164917,0.7761391840516764,0.00035198067212566415,-0.8386828502671049,0.7512710570984038,-0.16458186361201843,-1.0667594390609627,0.5436352141397637
2023-02-21,0.06343666666666667,0.02871785714285714,0.01649050505050505,-0.0013463333333333372,0.027997000000000005,0.10460791666666666,0.05331666666666667,0.015675,0.0451419696969697,0.10163666666666667,0.015583385711898098,-0.5580935349447896,-0.4115189994818778,-0.8111313790914271,-0.5969106703154767,0.30566983439373036,-0.023454545019768444,-0.6125923053627865,-0.3433879893439631,0.09876714189488701
2023-02-22,0.11335833333333334,0.041870000000000004,-0.019436000000000002,0.0300925,0.088791,0.005625,0.05766111111111111,0.06057083333333333,0.181434,-0.020316666666666663,0.5442952803403239,-0.353140274288592,-0.7683300713477383,-0.4665626623502567,0.12848143855278932,-0.7235279721223212,0.009451620905841764,-0.2598732852060916,1.2146753620951454,-0.813996410871344
2023-02-23,-0.006290000000000001,0.023500000000000007,0.03777559523809524,0.08429333333333333,0.11933333333333335,-0.048654166666666665,0.055904166666666665,0.056143333333333344,0.03279364837398374,0.15829333333333334,-0.7228799008929435,-0.6394047590306813,-0.20012198677721998,0.1274769252500694,0.49291160578021675,-1.2879081819011386,-0.0038560197258388513,-0.2946574365581568,-0.4845515398638407,0.522815742626523
2023-02-24,0.0724,0.033916666666666664,0.042355000000000004,0.18436666666666665,0.04573333333333333,0.06628888888888891,0.14731666666666668,0.010168749999999999,0.007970666666666671,0.1980825,0.11051252701032145,-0.47707913485738634,-0.1546407377855401,1.2242778046299674,-0.3852812950439502,-0.09276113394726974,0.688530528460188,-0.6558515336817724,-0.7683229238957815,0.8206190099550722
2023-02-27,0.008733333333333341,0.016453888888888886,-0.020125857142857147,0.12354785714285714,0.08028285714285714,0.05553333333333333,0.0948875,0.03439333333333333,0.08286896825396825,0.165763,-0.5637703286237006,-0.7492061399048094,-0.7751815217248667,0.5577053867175752,0.026962543765551614,-0.2045945144781459,0.29141580418721397,-0.46553384353894095,0.08789954581684108,0.5787226973467395
2023-02-28,0.053287499999999995,0.078515,0.22632592592592593,0.06646111111111112,0.013515555555555558,0.245175,0.0194,0.16455,0.24613142857142856,0.15594999999999998,-0.09190471505730034,0.21790828550312594,1.6725022915601901,-0.06796372175510426,-0.769702813043611,1.7672486472531113,-0.28034986851829885,0.5570272389712007,1.9542834827267674,0.5052769907106353
2023-03-01,-0.07891666666666666,0.07274533333333334,0.04124166666666666,0.06672,0.017234,0.024709523809523806,0.15574000000000002,0.010862499999999997,0.09016031746031745,0.22829999999999998,-1.4920565950580782,0.12799807018102802,-0.16569802430567926,-0.06512630691603619,-0.72533445009225,-0.525092214674291,0.7523314603993316,-0.650401165528075,0.17125279806276303,1.0467828375589117
2023-03-02,0.14133500000000002,0.16594532467532466,0.10125833333333334,0.128701,0.12686666666666666,0.21071666666666666,-0.05559166666666667,0.13418333333333335,-0.02012833333333333,0.010333333333333333,0.8405914063788763,1.5803577598643337,0.4303691726856507,0.6141836854713345,0.5827991037812408,1.4089601437702821,-0.8483599461996931,0.3184549680754241,-1.0895450967165066,-0.5845955234366561
2023-03-03,-0.36060000000000003,-0.05631111111111111,0.08271875,-0.048049999999999995,0.0722,0.026162499999999995,0.04081,0.07039999999999999,0.10263066666666668,-0.11213333333333332,-4.475316946647243,-1.8831220480299113,0.24623969524793038,-1.323002233833939,-0.06948185516424525,-0.5099845581360014,-0.11818390656930028,-0.18265155262607832,0.3138113470465953,-1.5012011356553006
2023-03-06,0.11872,-0.04813383333333333,0.05104177777777778,-0.011079761904761898,0.021896,0.2175416666666667,0.05233750000000001,-0.034640000000000004,0.019194153846153854,0.11585416666666667,0.6010797815595555,-1.7556934029755569,-0.06836631488823533,-0.9178094786503266,-0.6697076117275453,1.4799246623561197,-0.030871056201851294,-1.007886393511667,-0.6400182533231481,0.205178467085839
2023-03-07,0.27165,0.12924933333333335,0.08072333333333334,0.04297666666666667,0.17177499999999998,0.34058333333333335,0.07394999999999999,0.10477500000000001,0.08492277777777776,0.12482333333333333,2.2207354430063253,1.0085145887366629,0.2264218265559597,-0.32535256312225214,1.1186439342320371,2.759278895469536,0.13282870337884595,0.0874117342688391,0.11137828733070244,0.2723084766415634
2023-03-08,-0.203325,0.10688333333333336,0.10141,0.1080915873015873,0.04124,0.13115,0.058258333333333336,0.2265625,0.036093333333333345,-0.068275,-2.809644128010999,0.6599793973517111,0.4318754796816577,0.38830511004875473,-0.4388956080109328,0.5816472946157341,0.013975166733211508,1.0442214085296313,-0.44683019845431915,-1.1729420626349736
2023-03-09,-0.013066666666666671,0.12281800000000001,0.06640850000000001,0.07238166666666666,0.06916333333333333,-0.004956250000000001,-0.03462777777777778,0.0493375,0.07120878787878789,0.0811,-0.7946504268355595,0.908293449767077,0.08425127536909956,-0.0030746017122937454,-0.10571526696908301,-0.8335489702595213,-0.6895729677849994,-0.34812669386896394,-0.04539731441295411,-0.05494018463965484
2023-03-10,0.03317333333333334,0.029835666666666667,0.05336666666666666,-0.054468666666666665,0.1331375,0.034842261904761904,-0.0783375,0.060719999999999996,0.022819375000000003,-0.03708750000000001,-0.30493043870178177,-0.5406744185935032,-0.04527622874578135,-1.3933506374490856,0.6576224912212527,-0.419734722969537,-1.020643922978376,-0.25870137421568695,-0.5985754469601418,-0.9395182395723528
2023-03-13,0.06689444444444444,0.05273619047619047,0.06364416666666667,-0.05205286363636363,0.10549738095238095,0.006339999999999998,0.06287999999999998,0.069565,0.028566666666666667,0.059925,0.05220412300217857,-0.18380960375097302,0.056796761263855945,-1.3668735051323346,0.32782145418927083,-0.7160935939847574,0.04898109951264251,-0.18921163537683477,-0.5328735530492867,-0.21342513705171096
2023-03-14,0.0038666666666666663,0.1615575,0.09894666666666667,0.2435892857142857,-0.008584999999999999,0.20939583333333334,0.08555625,0.07645333333333335,0.09343229166666667,-0.08842222222222222,-0.6153123688972961,1.5119811474625675,0.40741040561464337,1.873356020444463,-1.033405951537619,1.3952264732014725,0.22073803060306674,-0.13509422617747988,0.20865735566185417,-1.3237345799962017
2023-03-15,0.12963611111111112,0.06912833333333333,0.04474892857142857,-0.066963,0.120852,-0.07790833333333333,0.03200363636363636,-0.07515749999999999,0.07203352380952381,0.06106458333333333,0.7166904607074867,0.07163341904808632,-0.13086497060916324,-1.5302881744612657,0.5110322890055559,-1.592085156865219,-0.1848860284919341,-1.326207534653916,-0.03596909747732234,-0.20489588980954304
2023-03-16,0.08076928571428571,-0.068435,-0.024301000000000003,-0.14348527777777778,0.13715333333333332,0.17965833333333334,0.15726666666666667,0.22307500000000002,0.03884356818181818,0.033449999999999994,0.19915021084873388,-2.0720517598343813,-0.8166477649888851,-2.3689701565958954,0.7055392891047633,1.0860239279346098,0.7638949059189705,1.0168222605137471,-0.4153900613036171,-0.4115781058880361
2023-03-17,0.01825,-0.03482400000000001,0.032108333333333336,-0.04562942857142857,-0.02099166666666666,0.16432222222222223,0.05489404761904762,0.13372499999999998,0.03532125,0.01493125,-0.46298092795170426,-1.5482828106418742,-0.25640750054873634,-1.2964728400081544,-1.181441910634881,0.9265631598790918,-0.011506973814589372,0.3148541242501583,-0.4556565013808292,-0.5501822717667025
2023-03-20,0.074002,0.05890698412698412,0.06331133333333333,-0.08434447619047618,0.04911966666666666,0.041943749999999995,0.10405000000000002,0.162275,0.029568666666666667,0.11135416666666667,0.12747903697983504,-0.08764852237404326,0.05349116228470654,-1.7207886578131582,-0.34487567149561366,-0.3458953553619728,0.360815413078279,0.5391539596203371,-0.5214188885713208,0.1714980757822143
2023-03-21,0.07568400000000002,0.1704027777777778,-0.020669166666666662,0.057682380952380964,0.14036666666666667,0.41828333333333334,0.1487725,0.33735833333333337,0.09304028571428571,-0.11281250000000001,0.14529281336480523,1.6498194101439074,-0.7805775059229644,-0.16417835393751123,0.7438806820574128,3.5671826455236837,0.6995574604049528,1.9146763008717826,0.20417602167194465,-1.5062843798983478
2023-03-22,0.12071666666666665,0.045471538461538466,0.16395283333333335,0.11108928571428571,0.014897999999999998,0.16746666666666665,0.12401666666666666,0.13460000000000003,0.034421518796992484,0.007174999999999999,0.6222261391786538,-0.2970165643282695,1.0530317922097765,0.4211597991617053,-0.7532075291184084,0.9592582494351224,0.5120491219486668,0.3217284624620293,-0.4659420493357272,-0.6082341684442001
2023-03-23,0.2638125,0.047528,-0.0008343333333333314,0.041936666666666664,0.08105,0.0674,0.03135416666666666,-0.010200000000000015,0.09698761904761904,0.10030625,2.137729811367085,-0.2649701896576318,-0.5835840012111032,-0.33675093346288665,0.03611606837235628,-0.08120809876846045,-0.18980531285278493,-0.8158763067709608,0.24930115033065167,0.08880959657706539
2023-03-24,0.18610000000000002,0.04470266666666667,0.072556,-0.030031818181818194,0.12563083333333336,0.09436666666666667,0.009,0.17145,0.06406714285714286,0.0309,1.3146899199776774,-0.30899809335340295,0.14530636717977757,-1.125523474960359,0.5680531790538608,0.19918406502124594,-0.35912268515863444,0.6112363060133803,-0.12703917822900196,-0.43066366096009007
2023-03-27,0.14463809523809526,0.12885833333333335,0.030017500000000003,0.04756547619047619,0.07812,0.1526111111111111,0.05888333333333334,0.1156,0.10471917948717949,0.03475,0.8755739271575255,1.002421534107694,-0.277173018422261,-0.275059341607818,0.0011553999020463546,0.8047941690944393,0.01870911004092404,0.1724571184328384,0.33768680973811693,-0.40184821506698887
2023-03-28,0.08000416666666667,0.147588,0.12492666666666667,0.08715666666666667,0.07075333333333335,0.1057875,0.386625,0.1547,0.0735511111111111,0.21726875,0.19104696493781423,1.2942907980012386,0.665435828183398,0.15885897692508558,-0.08674343663877807,0.3179348253654341,2.5011258613612433,0.4796418316718571,-0.018620341633306236,0.9642191005437766
2023-03-29,0.058850000000000006,0.09776133333333334,0.029091222222222223,0.1320045,0.05374500000000001,0.07069583333333333,0.08983333333333333,0.1265888888888889,0.10495999999999998,0.03175833333333333,-0.032993222107599994,0.5178289003556662,-0.2863725263139915,0.6503899512600709,-0.2896863386521527,-0.04693890816931682,0.2531339826388458,0.25879007705556917,0.3404398218875885,-0.42423943817439863
2023-03-30,0.15470833333333334,0.040354102564102566,0.02185466666666666,0.09479107142857143,0.04864166666666667,0.36027222222222227,0.18655555555555556,0.012055555555555555,0.09517666666666666,0.2553125,0.9822261088293315,-0.37676289804520796,-0.3582437851732868,0.2425318353928681,-0.3505791525634661,2.9639986788380406,0.9857380091923944,-0.6410280599344291,0.22859870331529913,1.24895874202317
2023-03-31,0.23312,0.05667035714285715,0.030812000000000006,0.05694266666666666,0.03878750000000001,0.12882222222222223,-0.04208333333333333,0.07106666666666667,0.09021300000000002,0.02015277777777778,1.8126707556621544,-0.1225024620132028,-0.26928228715856295,-0.17228560141330884,-0.4681587613977706,0.5574436859161284,-0.7460436515090006,-0.17741396160751013,0.1718550543660673,-0.5111015831537467
2023-04-03,0.09303779761904762,0.09433397493734336,-0.08666087719298246,0.02665738095238096,-0.02711199999999999,0.13449166666666668,-0.040725000000000004,0.1510175,0.1374478181818182,0.1558625,0.32908393715537565,0.46441948362977914,-1.435987013027951,-0.5042114691473042,-1.2544695367763328,0.6163930479160039,-0.735755214720239,0.45071068828304156,0.7118340902447652,0.5046220942130648
2023-04-04,0.05649,0.09481666666666666,0.26662549206349206,0.04751211111111112,0.2768069444444444,0.07331964285714285,0.008944444444444444,0.20938125000000002,0.03910138311688312,0.191425,-0.05798758136356278,0.4719413943093656,2.072745270081475,-0.2756442213557607,2.371881814271023,-0.019657240811356787,-0.35954348011932,0.909238867497972,-0.4124427723030408,0.7707907421542098
2023-04-05,0.0187125,0.048834523809523814,0.01476952380952381,0.031463000000000005,0.08471000000000001,-0.010011111111111118,0.23063333333333336,0.0919,-0.029307894736842113,0.08735,-0.4580826689873471,-0.24461028954132227,-0.4286112593716809,-0.45154202143502625,0.07978707403834077,-0.886108059676118,1.3195967310003125,-0.013739242277257289,-1.1944840148123945,-0.008161863384620644
2023-04-06,0.04088,0.059865888888888885,0.05697461538461539,-0.012189999999999993,0.08066166666666666,0.1324875,0.1177,0.0518375,0.12131230769230769,0.23539166666666667,-0.22331044067948558,-0.07270566023014542,-0.009443184382612886,-0.929977656511677,0.031482487170091035,0.5955542607122262,0.46420473491871933,-0.3284857275493336,0.5273761472926256,1.0998606394096242
2023-04-10,0.06466333333333334,0.07265992673992674,0.06352420666290232,0.05669891233766235,0.10324293939393939,0.153044375,0.1895857142857143,0.0630397619047619,0.11417663639868902,0.17362,0.028574804082229004,0.1266671570370369,0.0556053551567487,-0.17495714190765888,0.3009215279399997,0.8092991307494767,1.0086893686195006,-0.2404764280392909,0.44580257394586376,0.6375286605628682
2023-04-11,-0.01615625,0.0505775,0.12048541666666668,0.046785769230769235,-0.0008966666666666678,-0.020795833333333333,0.03225833333333333,0.27825,0.027017000000000003,0.04626,-0.8273716792866478,-0.21744903852965136,0.6213266900777983,-0.2836049076500392,-0.9416689983786091,-0.9982447073804376,-0.18295687486762752,1.4502983871879886,-0.5505890338071258,-0.31570125864371784
2023-04-12,0.11609333333333334,0.03806380952380952,0.05460666666666667,0.10079619047619048,0.038698,0.06794583333333333,0.0,0.21407500000000002,0.11352133333333334,0.1884,0.5732612009187383,-0.4124531297865189,-0.03296092759161435,0.30834776889706056,-0.4692266726018978,-0.07553267023687034,-0.4272914687896941,0.946114781763078,0.43831127978914514,0.7481500346667733
2023-04-13,0.09497619047619048,-0.049477999999999994,0.07982125,-0.007015779448621551,-0.1550767857142857,0.08241666666666668,-0.0880875,0.003875,0.03959777777777778,0.028635,0.3496131267530962,-1.7766399015188787,0.2174626104945445,-0.8732683468302026,-2.7813413624525753,0.07493117167314997,-1.0944934385786904,-0.7052976663914418,-0.4067680873836775,-0.44761612458291444
2023-04-14,0.033758333333333335,0.07736099999999999,0.155235,0.014513050505050504,0.004556666666666665,0.11514375000000002,0.08255,-0.061950000000000005,0.14189666666666667,0.01283,-0.29873480303875716,0.19992520355471138,0.966448935022813,-0.6373129845104923,-0.8765999954008764,0.4152186022179969,0.1979677632929697,-1.222444309587309,0.7626924402519973,-0.5659091433726451
2023-04-17,0.029304444444444445,0.005493655462184876,0.04836566666666666,0.06384844210526316,0.11637785714285716,0.10956541666666667,0.20604999999999998,0.0334875,0.07609666666666666,0.14305,-0.34590518396037984,-0.9200023061839846,-0.09494463283609471,-0.09659849954948152,0.4576469562009906,0.35721658910278364,1.133394960896955,-0.4726504203354203,0.010479942597144193,0.40872653564024475
2023-04-18,0.11035357142857144,0.072245,0.06758858585858588,0.1586770476190476,0.11293,0.13790416666666666,0.051775000000000015,0.15032500000000001,0.1580327380952381,0.06691266666666666,0.5124723572359808,0.12020124580073624,0.09597152757575968,0.9427203125005642,0.41650723247934596,0.6518753072089224,-0.03513160517879248,0.4452701406125041,0.947156795747785,-0.16112572646668255
2023-04-19,0.03838222222222221,0.06895666666666667,0.13531016666666668,0.16517938515406164,0.09870223529411765,0.09061041666666667,-0.02153888888888889,-0.001243333333333315,0.119882,0.2,-0.24976398098428987,0.0689582927617104,0.7685615778078269,1.0139857464466202,0.2467419884670834,0.16012758546988307,-0.5904336750474831,-0.7455092714364981,0.5110251545624476,0.8349705989161169
2023-04-20,-0.0867880341880342,0.11266044444444445,0.009932499999999997,0.06179904761904762,0.2059975,0.07254000000000002,0.06340885714285714,0.03709583333333333,-0.013227888888888895,0.01940666666666667,-1.5754209118651872,0.7500056213865514,-0.4766511020363271,-0.11905980467249985,1.526985735162133,-0.027763758031287538,0.05298682708410589,-0.4443019589474206,-1.0106605898702437,-0.5166858751933476
2023-04-21,0.19502045454545452,0.16006628571428572,0.138348358974359,0.09935,0.16170600000000002,0.08733333333333333,0.16222916666666667,0.048749999999999995,0.07883819047619048,0.06664444444444445,1.4091649393147856,1.488743167650916,0.7987359755767818,0.29249756252137044,0.9985009407755358,0.12605335233938184,0.8014824157822076,-0.3527423209540771,0.04182049688501895,-0.1631332441112985
2023-04-24,0.004606385281385288,0.092206,0.12433424242424243,0.07692003896103897,0.103559,0.1422510416666667,0.01085,0.06840333333333333,0.11162022222222223,0.011071153846153847,-0.6074781346580587,0.43125869707655773,0.6595520516055885,0.04666582920590866,0.3046927532181602,0.6970729470225214,-0.34511021296780553,-0.1983381377266897,0.41657815612336585,-0.5790732826402926
2023-04-25,-0.00046666666666666384,0.063809,0.07950267857142856,0.01893045454545455,0.23946357142857141,0.020682829670329667,0.11416476190476191,0.06988,0.17040904761904763,0.03491714285714286,-0.6612059664011823,-0.01125913488975176,0.2142986563961813,-0.5888983622059343,1.9263018540078654,-0.5669606998142653,0.43742774816332325,-0.18673687362056138,1.088640301806361,-0.4005972291042828
2023-04-26,0.057106111111111114,0.06165662337662338,0.13219,0.19883488888888892,0.0938525,0.15564486607142858,-0.06844875,0.04766666666666667,0.09292233333333334,0.1611654761904762,-0.05146245320563838,-0.044800179258931275,0.737573035750413,1.382849107571782,0.1888750984375927,0.8363383390968315,-0.9457434719637491,-0.3612534063592502,0.20282761354002185,0.5443123860284078
2023-04-27,0.1643531746031746,0.002510000000000001,0.039357333333333334,0.14356083333333333,0.07248172619047619,0.0579625,0.06790666666666667,-0.0010124999999999995,0.0893542857142857,-0.026182666666666653,1.0843729849586317,-0.9664973847648378,-0.18441264726925594,0.7770470350227173,-0.0661203070602721,-0.1793366913184736,0.08705462755547158,-0.7436957555463191,0.16203840364222133,-0.857900672068469
2023-04-28,0.12959944444444446,0.07442066666666666,0.25274254643206256,-0.05870119047619049,0.052879047619047624,0.0034895833333333367,0.051074999999999995,0.5286666666666667,0.024914642857142854,0.08163333333333332,0.7163021302670693,0.15410522496806722,1.934864095599233,-1.4397389776957255,-0.30001885541036155,-0.7457314616065958,-0.0404336216834306,3.417668513537629,-0.5746227620349539,-0.050948434559225375
2023-05-01,-0.107985,0.0384562380952381,0.07081726315789474,-0.012427999999999998,0.06076380952380953,0.11468958333333332,0.03591666666666667,-0.057066666666666675,0.1528403650793651,0.03077,-1.7999143773908786,-0.40633781335766334,0.12803776408431686,-0.9325861297242453,-0.20593812267325906,0.41049629908865815,-0.15524752670648376,-1.1840789553762976,0.8877986213553003,-0.43163665004219476
2023-05-02,0.076545,0.002485666666666668,0.055001468253968254,0.019235809523809527,0.030781333333333338,0.06965833333333334,-0.01364,0.07354133333333333,0.0019475000000000048,0.07337916666666668,0.15441151816115423,-0.9668765774229066,-0.029039878846644916,-0.5855516803514665,-0.5636880919613813,-0.05772655476753015,-0.5306050475372112,-0.1579720237465854,-0.8371785658733618,-0.11272700416337379
2023-05-03,-0.0029124999999999984,-0.028201562499999996,0.08303214285714286,0.061071428571428575,-0.020531249999999994,0.0916625,-0.28154999999999997,0.05243333333333333,0.07677658297584769,0.27069,-0.6871093719153952,-1.4450836457712053,0.2493522173570265,-0.12703448868371298,-1.1759482333510796,0.17106686565481827,-2.55983825004801,-0.32380463057648834,0.018252610456191795,1.3640521236390561
2023-05-04,0.00669,-0.01463304761904762,0.1271891666666667,0.06479333333333333,0.031336666666666665,0.3211583333333333,0.006322916666666668,0.03499583333333334,0.01627538888888889,0.04653666666666667,-0.5854109249851486,-1.2336419516443025,0.6879062869425131,-0.08624251863682705,-0.5570618719759962,2.5573029579559985,-0.37939974232666956,-0.46080037065591,-0.6733849931190711,-0.31363053828949494
2023-05-05,0.1562,0.011351333333333335,0.04179125,0.10319166666666667,0.01162,-0.23270000000000002,-0.1054,0.08043999999999998,0.03704095238095238,0.09300833333333333,0.9980240972008616,-0.8287205893865184,-0.16023973054817042,0.33460211962900266,-0.792320522717615,-3.2015673702131164,-1.225623668202326,-0.10377343188644289,-0.4359972061954312,0.03418811012493705
2023-05-08,0.05247166666666667,0.03957904761904761,0.07002620728291317,0.024768333333333333,0.08074791666666667,0.11247916666666667,0.2989625,0.06284333333333333,0.104214,0.14733333333333332,-0.10054506735658959,-0.3888407807067738,0.1201812388180499,-0.5249153771790336,0.03251161947574447,0.38751297972981424,1.8371429730214917,-0.24201964682154756,0.33191169843393337,0.4407852784736947
2023-05-09,0.04017,0.005147666666666666,0.10445571428571428,-0.13777500000000004,0.044962499999999996,0.17415000000000003,-0.0039,0.0232,-0.05299068376068375,0.026470238095238092,-0.2308299301166608,-0.9253939395141727,0.4621245834382057,-2.3063856750006972,-0.39447885429737356,1.028749756035662,-0.45683127502981996,-0.5534729967406992,-1.4652209431263288,-0.46381835303437247
2023-05-10,0.13032000000000002,-0.03697979487179488,0.08189833333333332,-0.003994285714285715,0.05750166666666667,0.0013722222222222191,0.0129,0.1551833333333333,0.11173,0.10499333333333334,0.7239334118007283,-1.5818771224646286,0.23809156756898053,-0.8401528616707156,-0.24486190933925256,-0.7677472142692147,-0.32958287891850857,0.48343908516031875,0.4178331138195545,0.1238902189635908
2023-05-11,0.12679047619047618,0.09853666666666666,0.16355833333333333,-0.059863333333333324,0.1205,0.04928888888888888,0.07077,0.08526,-0.007965625,0.15395416666666667,0.6865528244711889,0.5299111212141328,1.049113738737745,-1.4524760302672997,0.5068322360016141,-0.2695225721830553,0.10874239982920497,-0.06590564882219543,-0.9505034369343766,0.4903391134565278
2023-05-12,0.11263125000000002,0.047502863636363635,-0.00422249999999999,-0.006113333333333332,0.06626666666666667,0.09362222222222222,0.0,0.40395000000000003,0.09525416666666667,0.03404375,0.5365948642206815,-0.26536189614563693,-0.6172342373889336,-0.8633775631431622,-0.14027820314735287,0.19144353145144352,-0.4272914687896941,2.4378461737390027,0.2294846678832058,-0.4071341653688078
2023-05-15,0.06603,0.01785141025641026,0.08928497979797981,-0.03556276190476191,0.06962285714285714,0.05872708333333333,0.16637142857142856,0.13511250000000002,0.1329216233766234,0.05331666666666666,0.04304893867960856,-0.7274282011900808,0.3114534834814673,-1.1861424604289361,-0.10023224322881821,-0.17138675898605535,0.8328571886187514,0.3257548605575535,0.6600915325048258,-0.26288541539203386
2023-05-16,-0.02275,0.059545757575757564,0.026120833333333333,-0.08696580952380951,0.06629583333333335,-0.016422222222222223,0.1252777777777778,0.019375,0.013090666666666667,0.0850625,-0.8972049658730902,-0.07769434969140541,-0.31587352124274787,-1.74951839638968,-0.1399301873918178,-0.9527690726578487,0.521601167556229,-0.5835236752097336,-0.709792103409568,-0.025282728963963167
2023-05-17,0.08092916666666666,0.11634659090909091,-0.025944000000000012,0.08240249999999999,-0.1032861111111111,0.049279166666666666,0.0070999999999999995,0.25483333333333336,0.030305787878787883,0.060024999999999995,0.20084348286652837,0.8074477998506718,-0.8329655390181563,0.10675344584069461,-2.16337665096613,-0.26962366124086984,-0.3735138728140803,1.2663280026607846,-0.5129922656527178,-0.21267668391163042
2023-05-18,0.016046666666666664,0.09165340277777777,0.09053375000000001,0.11013900000000001,0.10463833333333332,0.06346666666666666,0.04772375,-0.0011916666666666694,0.20143333333333333,0.0146,-0.48631605714406495,0.4226474309312471,0.3238558876026194,0.41074469483397197,0.317571324834413,-0.12210584330144618,-0.06581702569938484,-0.7451033581325593,1.4433037584188324,-0.5526615227932193
2023-05-19,0.038775,0.012942493715434888,0.09141583333333334,0.035833974358974355,0.03961833333333333,0.08171250000000001,0.12513333333333335,0.006733333333333332,0.01943343137254902,0.004175,-0.24560413823618116,-0.8039251235768109,0.3326164697744511,-0.4036362671148272,-0.4582452840186754,0.06760943562857939,0.5205071006584465,-0.6828414948993311,-0.6372828802872456,-0.6306877626466165
2023-05-22,0.007943571428571439,0.054868207070707074,0.08405888888888889,0.06604314285714286,0.09970333333333334,0.08326369047619048,0.09580999999999999,0.013106250000000003,0.024136897435897437,0.06405,-0.5721345628500957,-0.15058583500351091,0.259549545252025,-0.07254464189871838,0.2586870589979015,0.08373829795499586,0.29840310450939755,-0.6327733982562067,-0.5835137928230184,-0.18255144502338835
2023-05-23,0.04157916666666667,-0.027137142857142853,-0.09773392857142857,0.12855933333333333,0.1616625,0.21407500000000002,0.05238666666666667,0.024325,0.13241542857142857,-0.3464,-0.21590568523607007,-1.4284965178119313,-1.545961176270795,0.6126310228448056,0.9979819001344232,1.443879192598234,-0.03049865266164461,-0.5446345618968655,0.654304814287265,-3.254577358483998
2023-05-24,0.040454166666666666,-0.011415333333333336,-0.007462500000000004,-0.05785733333333334,-0.027610000000000003,-0.05837698412698413,0.00675,0.4224,0.04517855555555556,0.15007500000000001,-0.22782036920342516,-1.183499473579672,-0.6494129275014342,-1.430490327475653,-1.2604116572194093,-1.3890034288417104,-0.37616488106639934,2.5827965051778747,-0.3429697470937242,0.4613053687309033
2023-05-25,0.0817,-0.055706250000000006,-0.04575211111111112,-0.04180166666666667,0.08535833333333333,0.024275000000000005,0.007558666666666663,0.051935,0.18250985893539087,0.23423333333333338,0.20900724780712351,-1.873696340119582,-1.029693646783102,-1.2545206786944538,0.08752296711851727,-0.5296102766460039,-0.37003978961866046,-0.32771972986286796,1.226974367215429,1.0911910572036914
2023-05-26,0.09204333333333334,0.0529375,0.04702777777777778,0.09057000000000001,0.15394666666666665,0.014883333333333332,0.011555555555555574,0.01095,0.03601081300813008,0.009883333333333334,0.3185517347721692,-0.18067254511694963,-0.10823213652761107,0.19626901291486032,0.9059168178344803,-0.6272623064948912,-0.33976611696709885,-0.6497137317068878,-0.44777355438028327,-0.5879635625670185
2023-05-30,-0.016356249999999996,0.020601948051948052,0.08714785714285714,0.027225238095238097,0.1425975,0.04832708333333334,0.032900000000000006,0.12538,0.09513927445507708,0.04861833333333333,-0.8294898453252886,-0.6845658558006813,0.2902282342062831,-0.49798777105609243,0.770498915702185,-0.27952316825971213,-0.1780966930717093,0.2492925786752323,0.22817124299808586,-0.29805023875681824
2023-05-31,-0.015931249999999997,0.07213238095238096,0.13363999999999998,0.08333533333333333,0.05762666666666667,0.10162083333333333,0.13343333333333332,0.1888625,0.024845372352285393,0.13683333333333333,-0.8249887424931768,0.11844627390967419,0.7519739927452047,0.11697727257090802,-0.24337041324410283,0.27461094344489834,0.583373867784868,0.7480356364296057,-0.5754146486530792,0.3621976987652373
2023-06-01,0.04095625,0.0505697619047619,0.11983249999999998,-0.004669350649350645,-0.039825238095238094,0.11973333333333333,-0.040119999999999996,0.021933333333333332,0.09946219219219218,0.08254666666666666,-0.22250288987725372,-0.21756962327903726,0.6148421212241086,-0.8475515541071064,-1.406163496582385,0.46293985815346667,-0.7311727575983734,-0.5634244196759786,0.27758997777303746,-0.04411256254648969
2023-06-02,0.002466025641025642,0.008303333333333336,-0.007180555555555553,-0.05745535714285714,0.1407607142857143,0.15524583333333333,0.18008214285714289,-0.09335,0.09559257142857143,0.005566666666666667,-0.6301463201614961,-0.876218365624618,-0.6466127414191135,-1.4260846798918405,0.7485824459383135,0.8321893037621916,0.9367063792376557,-1.469134846561866,0.23335324373686347,-0.6202717897804956
2023-06-05,0.09699583333333334,0.07900292307692308,0.05840288888888889,0.0037157777777777788,0.019952666666666667,0.15925607142857146,0.19804444444444444,0.01002222222222222,0.011451699134199134,0.03546,0.37100282130401463,0.22551171763209493,0.004741991694520568,-0.755650785678076,-0.6928954043534732,0.8738866833729108,1.0727584070621667,-0.6570027125410618,-0.728528453883316,-0.39653419777241705
2023-06-06,0.0534525,0.11133166666666668,-0.009601111111111116,0.21441533333333332,0.03431904761904762,0.40396666666666664,0.06369999999999999,0.14666666666666664,0.048520857142857136,0.03546,-0.09015722807542154,0.7292989318986747,-0.6706529596667414,1.553610334350107,-0.5214761956181949,3.418321787244723,0.055192033132361394,0.41652885989811134,-0.3047612208794401,-0.39653419777241705
2023-06-07,0.2632633333333333,0.04067833333333334,0.093975,0.018739166666666668,0.185295,0.18905,-0.040400000000000005,0.0271,0.06672644444444445,0.19930000000000003,2.1319136804526493,-0.371710325694017,0.35803333122905223,-0.590994871902183,1.279964151883433,1.1836759577834968,-0.7332935642002286,-0.5228330892820758,-0.09663857201317155,0.8297314269355532
2023-06-08,-0.006269444444444443,0.056457,0.15572619047619046,0.1136966666666667,0.162638,0.15605833333333333,0.03268611111111111,0.0456,0.08707159307359308,0.05948,-0.7226622004945277,-0.12582726182627008,0.971327288763413,0.44973662004089254,1.0096215356609721,0.840637460736696,-0.17971675367034876,-0.3774899385168113,0.1359431159122251,-0.2167557535250694
2023-06-09,0.16075,0.05814647619047619,0.04163857142857143,0.01739034090909091,0.02938833333333334,0.017386111111111113,0.17195000000000002,0.01765,0.06681391228070176,0.00848125,1.0462123745799423,-0.09949971522035309,-0.16175608747311468,-0.6057779637385632,-0.58030932444573,-0.6012390947546228,0.8751110140281624,-0.5970759419702786,-0.09563865712600476,-0.598457499301898
2023-06-12,0.03009444444444444,0.07430922222222222,0.0557575,0.042710000000000005,0.15570199999999998,0.08665416666666667,-0.0034499999999999947,0.16062500000000002,0.10288622222222221,0.09326666666666666,-0.33753842810774826,0.15236855722357856,-0.02153120252850654,-0.3282752221839532,0.926861400333303,0.11899155958633457,-0.4534228358482669,0.5261909218493811,0.3167328072705163,0.03612161407014512
2023-06-13,-0.007624999999999996,0.06631666666666668,0.11348333333333334,0.20371060606060606,0.10639166666666669,0.039733333333333336,0.35022916666666665,0.018266666666666667,0.14001047619047619,0.05848166666666666,-0.7370186592008715,0.02781848657123067,0.5517841376934653,1.4362868287250732,0.3384920433957138,-0.3688786747208168,2.22545256274212,-0.5922311702781031,0.7411298863135772,-0.22422781070687356
2023-06-14,0.08841666666666666,0.09385361111111112,-0.018801666666666668,0.016625555555555553,0.1079,0.17302833333333334,0.22196666666666665,0.217775,0.08612469703670941,0.2581958333333333,0.28014232393814725,0.4569338492691309,-0.7620300664831203,-0.6141599894026872,0.3564894296105203,1.0170869670226534,1.2539527171333658,0.9751834119161307,0.12511838896809524,1.270539140895492
2023-06-15,0.02218166666666667,0.04454190476190476,0.025203333333333335,0.13594166666666668,0.059411111111111116,0.14218124999999998,0.06224,0.013037499999999999,0.05458494868035191,-0.05541666666666666,-0.421341313908755,-0.3115032879006443,-0.3249858509273834,0.693541185644175,-0.22207847787689855,0.6963472720003521,0.04413354156554508,-0.6333135248299966,-0.23543773392766804,-1.0767034630396164
2023-06-16,0.08273,0.06707666666666667,0.035436666666666665,0.07315809523809524,0.06124333333333334,-0.010451785714285705,0.1259,0.1537666666666667,0.1682658152173913,0.14948333333333333,0.21991580290612422,0.039661764110914224,-0.22335151075724274,0.005435033287891573,-0.2002164595577704,-0.8906900759497135,0.5263140711159071,0.4723092042458619,1.064139295759177,0.45687702098542654
2023-06-20,0.116693,0.003341714285714287,0.039035999999999994,0.04675686363636363,-0.0012128571428571433,0.09432128246753246,0.05976666666666666,0.005,0.07287144503546099,0.0415375,0.57961216875793,-0.9535365648708456,-0.18760403176189494,-0.2839217121403769,-0.9454417732631021,0.19871217229700233,0.025399749915824235,-0.6964592315476081,-0.026390148872455766,-0.3510469581840217
2023-06-21,0.012033333333333333,0.10964219047619048,0.100245,0.035791666666666666,0.040007333333333325,-0.08956154761904761,0.0505625,0.0,-0.04734863333333334,0.050897222222222226,-0.5288205889861257,0.7029713852927576,0.4203050556134283,-0.40409995821596245,-0.4536037481705695,-1.713252151995375,-0.04431545519575477,-0.7357411641868689,-1.4007221461073032,-0.2809938233089826
2023-06-22,0.077565,0.0740057142857143,0.006599090909090913,0.1250002976190476,0.04693333333333334,0.07568333333333334,0.01846666666666667,0.046755000000000005,0.10338238095238098,0.057025,0.16521416495822278,0.14763891416099964,-0.5097575027013134,0.5736240929150237,-0.37096293253051255,0.004919778489564353,-0.2874192238578161,-0.368415812077142,0.3224047950766863,-0.23513027811404683
2023-06-23,0.0561875,0.04709009523809523,0.06575333333333333,0.008766666666666664,0.11910833333333333,0.051171666666666664,0.00215,0.09225666666666667,0.09963277777777778,0.04367499999999999,-0.06119130749700712,-0.2717941733828782,0.07774436020283196,-0.7002931875002382,0.490226912808947,-0.24994595407256257,-0.41100670381116317,-0.01093713108232332,0.27954007821980426,-0.33504877231480007
2023-06-26,0.011501111111111111,0.007180476190476193,0.04502266666666667,0.04578157575757576,0.081715,0.19525714285714288,0.012275,0.11005416666666668,0.10300283982683985,0.17227333333333336,-0.5344572641667313,-0.8937161403355038,-0.12814628747994938,-0.29461083947802696,0.04405082759855288,1.248216163593118,-0.33431682222622106,0.1288869081471252,0.3180659565051661,0.6274494916097837
2023-06-27,0.105348,0.09345333333333333,0.031006666666666672,0.16776166666666667,0.07843958333333333,0.0050277777777777794,0.06954,0.1009375,0.08446722222222222,0.15001499999999998,0.4594592002160244,0.4506962166175648,-0.2673489172999518,1.0422874781816645,0.004968658251979167,-0.7297377285309313,0.09942599939962686,0.05726285096820645,0.10617046693153864,0.4608562968468547
2023-06-28,0.012418750000000006,0.08963866666666667,0.12011166666666667,0.04823918181818182,0.00741,0.18078333333333332,0.1468125,0.10174166666666666,-0.0477511591636484,0.030100000000000002,-0.5247387065158281,0.39125127444031094,0.6176147192662096,-0.2676755471413196,-0.8425541112022583,1.0977213760531541,0.6847118141919666,0.06358069513435417,-1.4053237412469972,-0.4366512860807344
2023-06-29,0.04255119047619048,0.09391066666666667,0.07143371212121212,0.20359869463869465,0.0637880357142857,0.07044583333333333,0.04005666666666668,0.0027937499999999994,0.04060955357142858,0.1446,-0.20561114612565157,0.4578229608212693,0.13416014684998417,1.4350602827324834,-0.16985315024170075,-0.04953834108454896,-0.12388988623619629,-0.713792384324682,-0.39520166797928863,0.4203275593114932
2023-06-30,0.012744444444444445,0.05381419413919414,0.022427333333333334,0.057620000000000005,0.06480666666666667,0.09990416666666667,-0.17609999999999998,0.02065,0.09682245161290323,0.08526333333333334,-0.521289331959847,-0.16701079247498885,-0.35255623480155057,-0.16486204739658783,-0.15769887753870188,0.2567615040936378,-1.7611273351707613,-0.5735067823867221,0.2474129891057455,-0.023779585574301314
2023-07-03,0.09005111111111112,0.01317590476190476,0.09278866666666666,0.08868417893217893,0.16004066666666666,0.16068708333333334,0.12550000000000003,0.065915,0.2060433333333333,-0.0009833333333333343,0.29745244750948513,-0.8002878185713231,0.34625103101193383,0.17560046779255703,0.9786302354652205,0.8887659611622191,0.5232843473989712,-0.21788744620349507,1.496004360458177,-0.6692954704557714
2023-07-05,0.1787,0.09113109523809523,0.022994230769230767,0.06537472222222222,0.13912333333333332,0.15855153846153847,0.11097777777777777,0.1432777777777778,0.09100590476190476,0.23331666666666667,1.2363177765479636,0.41450817678186613,-0.3469259826671942,-0.07987051299501396,0.7290452675643232,0.8665611386354239,0.41328854467576737,0.38990443888705734,0.18091938371796387,1.0843302367529528
2023-07-06,0.10670666666666666,0.07493595238095238,0.023068571428571428,-0.07237738095238096,0.09624027777777777,0.0539,0.0296875,0.01254,0.02914693728493728,0.172756,0.47384860817185825,0.1621350561871723,-0.34618765395124296,-1.589629635288684,0.2173659882907196,-0.2215774761909958,-0.2024291616733515,-0.637222077127603,-0.5262400148868998,0.6310620254325723
2023-07-07,-0.01021416666666667,0.047736250000000015,0.07317,0.08062866666666667,0.11511166666666668,-0.04549375,0.030406666666666665,-0.2039875,0.04441833333333333,0.011888888888888888,-0.7644400837094437,-0.26172497577915904,0.15140442758998607,0.08731228309464142,0.44253881099335957,-1.2550470174644124,-0.196981970907277,-2.338345811037107,-0.3516604561598414,-0.572952919035403
2023-07-10,0.055460416666666665,0.06539916666666667,-0.05380971428571428,0.06466666666666668,0.05219095238095238,0.05194583333333333,0.19146666666666665,0.019783333333333333,0.1401764013822435,0.03928666666666667,-0.06889172361664962,0.01352084559404682,-1.1097192997476253,-0.08763078169113492,-0.308229186296043,-0.24189637681172704,1.022936283716997,-0.5803156507108607,0.7430267100662087,-0.3678933909453347
2023-07-11,0.024679999999999997,0.027776999999999996,-0.13464119047619047,0.13413733333333333,0.06982000000000002,0.11444750000000001,-0.025169999999999998,0.021700000000000025,0.12100126373626371,0.015036666666666667,-0.39488188980939903,-0.5727551563501199,-1.9125128255714836,0.6737657437679394,-0.09787994081589604,0.4079791815490753,-0.6179368336778909,-0.5652575765324772,0.5238203547233812,-0.5493932774148677
2023-07-12,0.20144033333333336,0.0884025,0.029531333333333343,0.03970533333333333,0.009479999999999997,-0.05076666666666666,0.13365,-0.0026583333333333346,0.10049698412698413,0.006433333333333333,1.477156785418166,0.3719877679684175,-0.2820014772215492,-0.361206283161671,-0.8178549358665786,-1.30987339003485,0.5850149681315416,-0.7566260583734091,0.2894195131198907,-0.6137851958997974
2023-07-13,-0.010954166666666668,0.10468103296703295,0.0379497619047619,0.027143333333333342,0.14376166666666668,0.10776666666666668,0.010137499999999999,0.09339583333333334,0.1189375,0.06865833333333334,-0.7722772980524151,0.6256603783203392,-0.1983922166554318,-0.49888544491075776,0.7843897160016798,0.33851366927768856,-0.3505069083385977,-0.0019873974293450076,0.5002278186348639,-0.1480602294846764
2023-07-14,0.21171225490196077,0.091564,0.04794353846153847,0.010346777777777778,0.11260833333333335,0.014933333333333333,0.0,0.0716625,0.07218291025641026,-0.06394444444444446,1.5859449625094142,0.4212542442075094,-0.09913708120046699,-0.6829752147850499,0.4126691158611608,-0.6267424199118448,-0.4272914687896941,-0.1727328646346649,-0.03426134136291143,-1.1405298835964854
2023-07-17,0.021047179487179487,0.023889772727272728,0.08470433333333334,0.034529168755221384,0.068744,0.026155,0.03971250000000001,0.13694,0.02686756043956044,0.0675125,-0.43335647498307134,-0.6333308293116151,0.26595990227752286,-0.41793689932070366,-0.11071873920294527,-0.5100625411234583,-0.1264967110176433,0.3401124069372031,-0.5522973971050996,-0.15663625504809933
2023-07-18,0.16569484848484847,0.05000380952380952,0.030085666666666667,0.13495070346320345,0.03835,0.12882500000000002,0.016360000000000006,0.17258583333333333,0.12214776811594204,0.1548,1.098582425214097,-0.2263890063341212,-0.2764960079152645,0.6826802571951217,-0.4733789977307947,0.5574725685040756,-0.3033757687670123,0.6201598517112658,0.5369269644955705,0.49666977959970904
2023-07-19,0.1862031862745098,0.10767266666666667,0.022036,0.1275339603174603,0.009018333333333333,0.15580892857142858,-0.03616249999999999,0.1596575,0.14796583333333335,-0.0443,1.3157827482892799,0.6722797838490663,-0.3564428379077312,0.6013929638330615,-0.8233635281113316,0.8380442169474527,-0.701197428573938,0.5185898678836841,0.8320739450698836,-0.9935004223006623
2023-07-20,0.030770357142857148,0.08281028571428573,0.10067833333333334,0.19423168181818182,0.12742666666666666,-0.05249999999999999,-0.02780555555555556,0.052250857142857134,-0.018738884615384623,0.2046888888888889,-0.33037995149342864,0.2848428392222364,0.424608789887734,1.3323980893539484,0.5894810062875117,-1.3278961249137926,-0.6378993466128136,-0.32523823406099933,-1.073661195645207,0.8700647350398937
2023-07-21,0.1405904761904762,0.06261733333333333,0.007987550724637688,0.026163833333333338,-0.01774121212121212,0.015485416666666668,0.0056099999999999995,0.0198,0.03714232323232323,0.01451875,0.8327062811374119,-0.029829186295176828,-0.4959677440167025,-0.5096207369767688,-1.1426575885388237,-0.6210020055573737,-0.3847995936596669,-0.5801847109353965,-0.43483835480790745,-0.5532696409695348
2023-07-24,0.14758,0.07876385714285714,0.196407,0.07144963636363637,0.07270866666666667,0.12456458333333333,0.038610714285714276,0.17045000000000002,0.09206863636363635,0.18699500000000002,0.9067311409354383,0.22178629104337558,1.3753566601190699,-0.013289627253287096,-0.06341246038771586,0.5131738992403276,-0.13484197679152515,0.6033799194855284,0.19306831977381894,0.7376342680486417
2023-07-25,-0.011757333333333331,0.09395971428571429,0.10734066666666667,0.20946755555555555,0.0354395,0.03479706291591047,0.11682218614718615,0.11992,0.10908404761904762,0.06596066666666667,-0.7807834998359238,0.4585872826173766,0.4907770490727698,1.4993828310094603,-0.5081069928102613,-0.42020468992695953,0.45755590129640666,0.20639670823315967,0.38758511307256377,-0.16825100036024931
2023-07-26,0.15202766666666667,0.09889270175438597,0.024546000000000002,0.08531966666666667,-0.007482000000000004,-0.004699375000000009,0.021655000000000008,0.10643666666666668,0.10789564685314686,0.30611666666666665,0.9538356233580813,0.5354593085269292,-0.3315142847650224,0.13872550931379174,-1.0202449899940178,-0.8308780529391205,-0.26326980106407216,0.10046642988262011,0.3739995521556465,1.6292041227315917
2023-07-27,0.12282714285714287,0.12197708333333333,0.1358625,0.1480347619047619,0.20723089285714286,0.11238916666666666,0.007200000000000001,0.08299333333333334,0.12034778615457561,0.05548000000000001,0.6445778341387886,0.8951892267788152,0.7740471837251532,0.8260811645753023,1.5417025402038462,0.3865771838803306,-0.37275644188484636,-0.08371345828532695,0.5163499291324533,-0.24669387912829124
2023-07-28,0.20801666666666668,0.08300625,0.19098833333333334,0.05200833333333333,0.15630133333333335,0.07095357142857142,0.2732,0.19028,0.14220235871271586,-0.02664166666666667,1.5468056150454101,0.28789660162168385,1.3215401183012916,-0.22636575402626144,0.9340126269441813,-0.04425901661623233,1.6420098298775831,0.7591720643328362,0.766187050851874,-0.8613360719814388
2023-07-31,0.05604244318181818,0.0916288888888889,0.15842266666666666,0.14983822510822511,0.08635622222222222,0.08333260869565218,0.2732,-0.029893749999999997,0.18831824537037037,0.13103333333333333,-0.0627275796267373,0.4222654246290263,0.9981078664575703,0.8458470698529763,0.09942974616788607,0.0844548911075076,1.6420098298775831,-0.9705980189538487,1.2933746843522145,0.3187874166405655
2023-08-01,0.14025142857142858,0.09380633333333334,0.029059999999999996,0.11459333333333332,0.1068736111111111,0.04935134615384616,0.2617125,0.16422,0.09730043137254903,0.05052,0.8291154853766681,0.45619710736954955,-0.28668261588606336,0.45956406113586223,0.3442425894514574,-0.26887315830175396,1.554999951881828,0.5544346314170094,0.2528771585408766,-0.28381715487628645
2023-08-02,0.03247333333333333,0.012445059523809525,0.017801666666666677,-0.042295714285714284,0.24554910714285716,0.14236725490196078,0.005619166666666669,0.015313333333333332,-0.01863781269029351,0.0008699999999999986,-0.31234401983702503,-0.8116767698783206,-0.39849694289734994,-1.2599354265096592,1.9989142760458771,0.6982813010585578,-0.38473016249115377,-0.6154336984903598,-1.0725057615233895,-0.6554241389262786
2023-08-03,-0.01886428571428572,0.044083666666666674,0.061067142857142855,0.08283666666666667,0.13369138888888887,0.28783333333333333,-0.14401874999999997,0.09358666666666668,0.05535807118807119,0.05559000000000001,-0.8560520256937811,-0.3186441312442767,0.031202548122126784,0.11151190012552695,0.6642314761406495,2.210798550355555,-1.5181340251858797,-0.0004881370002798816,-0.22659955136650228,-0.24587058067420264
2023-08-04,0.058288333333333345,0.030721666666666668,-0.1179125,0.07679,0.04900733333333333,0.14663125000000002,-0.14401874999999997,-0.07666999999999999,0.10504050000000001,-0.15621866666666667,-0.038941738399449824,-0.5268676503038193,-1.7463685827254118,0.04524060590145335,-0.3462160293197882,0.7426171778914844,-1.5181340251858797,-1.3380903192772922,0.34136008185812394,-1.8311591973036105
2023-08-07,0.08409599999999999,0.132842,0.15042383333333334,-0.037231833333333325,0.13107933333333333,-0.005880833333333335,0.3559,0.011270833333333334,-0.004842261904761905,0.117985,0.23438287695004154,1.0645000472115351,0.918665897601128,-1.204435435686464,0.6330645108492472,-0.8431625396576883,2.268405208354098,-0.647193141029202,-0.9147977719655005,0.22112675607905533
2023-08-08,0.2540694444444444,0.04175976190476192,0.21098541666666668,-0.10458333333333332,0.08512166666666666,-0.0154,0.0258,0.0029999999999999996,0.10225738095238095,0.05519722222222223,2.0345427644152374,-0.354858143179843,1.5201450404423975,-1.942605954914582,0.08469906784503381,-0.9421402802933438,-0.23187428904732307,-0.7121720046033124,0.3095440190909457,-0.24881033828551902
2023-08-09,0.09467583333333335,0.09967463157894738,0.008933333333333326,0.018256571428571428,0.2519996666666667,0.15740333333333334,0.19761666666666666,0.10592333333333333,0.04666633333333333,0.0213,0.3464320952557802,0.5476443242227672,-0.486574520103428,-0.5962841019487563,2.07588215077622,0.854622409820645,1.0695182858648877,0.09643348479832253,-0.3259617677901132,-0.5025151624078227
2023-08-10,-0.013137500000000002,0.05107690476190476,0.011545000000000007,-0.03267166666666667,0.094895,0.17254444444444447,0.044500000000000005,-0.02627500000000001,0.03166035294117647,0.023399999999999997,-0.7954006106409116,-0.20966668431928595,-0.4606362446886704,-1.154456139069461,0.2013141758711414,1.0120556202022821,-0.09023470528056578,-0.9421677202061838,-0.49750714758561565,-0.4867976464661311
2023-08-11,0.06267916666666667,0.021614837606837606,0.05692646153846155,0.114525,0.050678,0.09130375,0.01896666666666667,0.022775,0.09421259259259258,0.012883333333333332,0.007560831840545723,-0.6687817345959397,-0.009921433670609594,0.45881512975130145,-0.32628168684274683,0.16733667942146024,-0.28363206921164613,-0.5568119610150364,0.21757760047056432,-0.5655099683646021
2023-08-14,0.06552083333333333,0.06468238095238096,0.08097055555555557,0.10899289743589743,0.14510625,0.013900000000000001,0.1779277777777778,0.06379166666666666,0.1308451298701299,0.3186,0.03765644097290186,0.0023509875009336146,0.22887716213553158,0.398183443416672,0.8004332423318403,-0.6374867426281375,0.9203885517979279,-0.2345691735976345,0.6363534722178417,1.7226360230516469
2023-08-15,0.05376666666666667,0.01329901515151515,0.0038821428571428644,-0.04172179487179487,0.06571166666666667,0.091475,-0.004810000000000007,0.181,0.04839899999999999,0.06610555555555556,-0.08682994225638974,-0.7983693573710937,-0.536741400669029,-1.2536452861004923,-0.14690044580981773,0.16911729096839423,-0.4637238964858494,0.6862647973543683,-0.30615426747192725,-0.16716657492173262
2023-08-16,0.05179,0.07182293557422968,0.018033333333333332,0.07266476190476191,0.0019874999999999997,0.22009375,-0.004810000000000007,0.2511,0.09832888888888888,0.11865,-0.10776448327162405,0.1136241061507032,-0.39619610034300967,2.8114023744466932e-05,-0.907255211809854,1.5064605400324473,-0.4637238964858494,1.236997492956803,0.26463428007731904,0.22610396946059097
2023-08-17,0.020235,0.032457575757575755,0.03306145054945055,-0.008816666666666669,0.014509999999999995,0.03362142857142857,0.036250000000000004,0.14185333333333333,0.0806706105006105,0.17783749999999998,-0.44195813001819323,-0.4998165277415876,-0.24694143155542617,-0.8930060193811575,-0.7578371329977531,-0.43242862037225394,-0.15272275694237045,0.3787134527440499,0.06276835772577506,0.6690946717457652
2023-08-18,0.12159375,0.056022833333333334,0.03478742857142858,0.06872500000000001,0.14754166666666668,-0.05277916666666667,-0.08135,0.06348333333333332,0.07099333333333334,0.006775,0.631515179827277,-0.132592993841813,-0.22979954516338363,-0.043151564095870606,0.829492557919008,-1.330798825002469,-1.04346152972155,-0.2369915594437223,-0.04786034787446559,-0.6112279810045222
2023-08-21,0.0065552380952380975,0.033015166666666665,0.1585346875,0.09267095238095238,0.0701759523809524,0.09168444444444446,-0.006905952380952379,0.17048750000000001,0.03303207614942529,-0.06792666666666666,-0.5868381654349947,-0.49112744367584,0.9992204231495386,0.21929539109383425,-0.0936327281258983,0.17129503809959995,-0.47959928808119895,0.6036745339803228,-0.4818258810116343,-1.1703349508636929
2023-08-22,0.0994,0.07337107142857144,-0.042477817460317466,0.029899999999999993,0.05911666666666668,0.08435416666666665,-0.015229166666666669,0.02666666666666666,0.1031825,0.00515,0.39646494222684386,0.13774910956136716,-0.9971743626083436,-0.46867245686042225,-0.22559177978991787,0.09507677676619868,-0.5426418873876214,-0.5262375234441452,0.320119795830119,-0.6233903445308311
2023-08-23,0.060753703703703706,0.08259208333333334,-0.1020248015873016,0.1885520238095238,0.16236961904761907,0.027076666666666672,-0.18385,0.00775,0.1204932251082251,0.012311666666666669,-0.012831419443499557,0.2814425348045538,-1.5885768161133476,1.2701491995550689,1.0064192225210622,-0.5004792984426357,-1.819828232186396,-0.6748541685960148,0.5180125582902191,-0.5697886254820625
2023-08-24,0.03961388888888889,0.04249130303030303,-0.004646,0.06637833333333334,0.14569333333333334,0.1117125,0.05790000000000001,0.08444,0.09617846376811594,0.007722916666666666,-0.2367196084629928,-0.34345834767790095,-0.6214403100008609,-0.06887096383884067,0.8074383023253938,0.3795413854564357,0.011261039236789724,-0.0723478857750342,0.2400510482974352,-0.6041332689475087
2023-08-25,0.034133333333333335,-0.05774383333333334,-0.049315625,-0.006359000000000001,0.093079,-0.03339125,0.24022222222222223,0.051100000000000007,0.09434921040189125,0.02077777777777778,-0.29476324171630547,-1.9054485308128721,-1.065085377999814,-0.8660700628037544,0.179645720600806,-1.1292084700380245,1.3922259412146387,-0.3342798126136245,0.21913938806261116,-0.5064237510282432
2023-08-28,0.10284333333333333,0.06269619047619047,0.08815939393939394,-0.011022030303030306,0.03485897435897436,-0.07622565789473684,0.3065833333333333,0.1883625,0.10035313880445795,-0.0009291666666666628,0.43293270085877805,-0.0286003349414352,0.30027450862392174,-0.9171767419417741,-0.5150338066240536,-1.5745891491822572,1.8948655217535322,0.7441074431656796,0.28777510203579676,-0.6688900583382278
2023-08-29,0.175225,0.20668598484848485,-0.05648363636363636,-0.09566666666666666,0.1409638888888889,-0.006439285714285703,0.0,0.20335833333333334,0.10419123809523809,0.01104375,1.1995146416265778,2.2152300566810057,-1.1362758768866463,-1.8448795425389501,0.7510067189564615,-0.8489691776602377,-0.4272914687896941,0.8619205061395957,0.3316514888711318,-0.5792783875873339
2023-08-30,0.08795555555555555,-0.0017961904761904734,0.003291005291005289,0.11315433333333333,0.01138125000000001,0.08308,0.37221666666666664,-0.04885000000000001,0.05316674136321196,0.09698333333333332,0.27525877446016966,-1.0336018702230827,-0.5426123983710656,0.44379266217415747,-0.795169280259351,0.08182833367489911,2.391992688307445,-1.1195256460724459,-0.251650397578401,0.06393912244313878
2023-08-31,0.01394333333333333,0.04584971428571429,0.09617624999999999,0.030189047619047622,0.09579166666666666,0.09332,0.0854,0.1844075,0.07606407936507936,0.01497,-0.5085921033171051,-0.29112335216443674,0.3798954737013181,-0.46550450319889963,0.21201317452701557,0.18830110588280738,0.21955454477613864,0.7130354344480245,0.01010741105430509,-0.5498922461749214
2023-09-01,0.05746875,0.03953500000000001,0.2688333333333333,-0.003177083333333334,0.09043533333333334,0.10552916666666666,0.05755,0.145772,0.12436357142857142,0.08936250000000001,-0.04762180631196384,-0.3895271862032778,2.0946728750320336,-0.8311963468809621,0.14810157251911923,0.3152487446863607,0.008610030984470662,0.4095000127511933,0.562257586746404,0.006900756059500493
2023-09-05,0.294088,0.03385682983682984,-0.1098269642857143,0.0441363782051282,0.017206285714285712,0.07505666666666666,0.044104166666666667,0.1921641666666667,0.1306458619047619,0.08683055555555556,2.4583724908814486,-0.4780115877295605,-1.6660655123107342,-0.3126421577340872,-0.7256651360836317,-0.0015961333512843209,-0.09323286937545038,0.7739748059490644,0.6340754805167466,-0.012049661640038964
2023-09-06,0.1793816666666667,0.045318333333333335,0.08896095238095239,0.1879547619047619,0.08311666666666666,0.06597083333333334,0.1335,0.06273333333333334,0.05957559999999999,-0.0012709090909090912,1.2435371924629983,-0.2994039996622645,0.3082353421726774,1.2636032261119643,0.0607754704788319,-0.09606819026720412,0.5838788217376908,-0.2428838493396113,-0.17838560179883864,-0.6714478402434576
2023-09-07,0.09962208333333333,0.03970208333333333,0.1409825,0.11265533333333333,-0.1542466666666667,0.11293333333333333,0.0433125,0.02919666666666667,0.07561820833333334,0.03606,0.39881698909891805,-0.3869234831915383,0.8248974594584876,0.4383236364049492,-2.77143640790831,0.39223528285915255,-0.09922919756521954,-0.5063608655286792,0.005010302202912657,-0.3920434789319337
2023-09-08,0.15349266666666667,0.11357194444444445,0.06455285714285715,0.07891142857142858,0.117394,0.07136666666666665,0.02650833333333333,0.17288750000000003,-0.010390644910644915,0.083005,0.9693511895911258,0.7642097628042113,0.06582159744950843,0.06849140254409383,0.4697715410293334,-0.03996376318011078,-0.2265091532985823,0.6225298616471681,-0.9782257816737224,-0.04068215232112047
2023-09-11,0.04430104166666666,0.07392472222222221,0.056299999999999996,0.0664006105006105,0.143673,0.10454875,0.01109,0.009089999999999997,0.15640827380952382,-0.1493,-0.18707876930394154,0.14637679378409374,-0.016143258273558586,-0.06862680672079718,0.7833317481048534,0.30505463527045873,-0.3432923787376439,-0.6643266106486929,0.9285862435029788,-1.7793762193852376
2023-09-12,0.07142083333333332,0.016298511904761906,-0.09108999999999999,0.1514217142857143,0.095995,0.16233958333333334,0.005975,0.18266666666666667,0.0335062,-0.05661666666666667,0.1001423391128085,-0.7516274198341447,-1.4799757075579592,0.8632020660793305,0.21443934150845914,0.9059482127319035,-0.38203497076796283,0.6993587749007886,-0.4764057915612006,-1.085684900720583
2023-09-13,0.02736458333333333,0.11022083333333334,0.03819694444444445,0.09227766666666666,0.13924166666666668,0.03132535714285715,0.06615,0.030658333333333336,0.16712333333333335,0.10815333333333332,-0.3664499235865587,0.7119885273368345,-0.1959372751907202,0.21498499088122885,0.7304572172010653,-0.45630255496086447,0.07374909089859435,-0.49487744722046867,1.0510786703559452,0.14754133819013598
2023-09-14,0.1358,0.037820476190476196,0.06154533333333333,0.14913954545454547,0.02966833333333334,0.10634583333333333,-0.239325,0.0078875,0.17299486111111112,0.044939999999999994,0.7819711612594891,-0.41624505636720693,0.035951789834497865,0.8381895607740274,-0.5769683731925946,0.3237402255427858,-2.2400130401789555,-0.673773915448435,1.1182008067506575,-0.3255808400927811
2023-09-15,0.004149999999999987,0.23738066666666668,-0.013670833333333327,0.08927547619047618,0.05208291666666666,0.09773749999999999,-0.024256250000000004,0.27253333333333335,-0.013512688172043017,0.06418333333333334,-0.6123116336758883,2.6935532616349622,-0.7110721973929284,0.18208106888051268,-0.30951826506399394,0.23423308549495914,-0.6110158085620153,1.4053860442037676,-1.01391635856495,-0.18155350750328086
2023-09-18,0.025416666666666664,0.12204324675324676,-0.015557333333333336,0.23374266666666665,0.175746,0.09133472222222222,0.005452499999999997,0.12533333333333332,0.08673018002686969,0.10405555555555557,-0.3870799782337384,0.8962202685485644,-0.7298083390278767,1.765437356494552,1.1660257821827544,0.1676587202770695,-0.3859925473732105,0.24892594730393253,0.13204014994554192,0.11687139173883547
2023-09-19,0.116925,0.06710849999999999,0.02358669230769232,0.0016011904761904783,0.013919999999999993,0.06303095238095238,0.004716666666666667,0.1987375,0.10169895833333334,0.016566666666666667,0.5820692413627534,0.04015783121838752,-0.34104183567653684,-0.7788266021983595,-0.76487699456686,-0.12663628352513637,-0.3915659766274906,0.8256174533921458,0.30316024290521976,-0.5379419443716352
2023-09-20,0.12868333333333334,-0.07180633333333333,0.019864285714285716,0.08599933333333334,0.019999999999999997,0.04872222222222222,0.11825000000000001,0.18346249999999997,-0.022870309523809525,0.09435833333333334,0.7065997530511835,-2.12458812344682,-0.3780116406894875,0.14617463659730265,-0.6923306244987766,-0.27541462012424806,0.4683706050295064,0.705611149179204,-1.1208908225333492,0.04429222751602448
2023-09-21,0.021643333333333337,0.04800428571428571,0.08559479166666667,0.045124000000000004,0.03377,0.14185303571428573,0.0164625,0.0610875,0.012778166666666665,0.052590000000000005,-0.42704271082943007,-0.2575481055754317,0.2748036623906176,-0.3018178510279036,-0.5280274146570813,0.6929345879302119,-0.30259940206454744,-0.2558141521667013,-0.7133645411833848,-0.2683241748766191
2023-09-22,-0.0005525000000000009,0.1833211111111111,0.12150799999999999,0.012110999999999995,0.050378124999999996,0.2662458333333333,0.09325000000000001,-0.02765833333333334,0.04559944444444444,0.0045000000000000005,-0.6621150126594325,1.8511291562186607,0.6314826753239527,-0.6636393895426786,-0.3298597859750111,1.9863375181252596,0.2790128727210074,-0.9530357215697126,-0.33815822912493576,-0.6282552899413547
2023-09-25,-0.030546875000000008,0.026150154761904763,0.10209017857142857,0.06767266666666667,0.08826458333333333,0.16648333333333334,0.052254166666666664,0.09914666666666666,0.021859346764346765,0.01598888888888889,-0.9797803450357319,-0.5981067085460073,0.43863080544436245,-0.05468510741810879,0.1222002513307487,0.9490338133018762,-0.03150224864287971,0.04319337209457787,-0.6095502985856721,-0.5422663402921006
2023-09-26,0.11770733333333334,0.098414,0.08453095238095237,0.1228487619047619,0.06068571428571428,0.12346874999999999,0.00385,0.2383333333333333,0.11804380952380952,0.046225,0.5903548008505705,0.5279995746638682,0.2642379356299681,0.5500433228452833,-0.20686995261460991,0.5017797182952267,-0.39813037801418527,1.1366976249512242,0.49001132706608586,-0.315963217242746
2023-09-27,0.10714999999999998,0.060904666666666676,0.20508800000000002,0.04528833333333333,0.15469444444444447,0.16828583333333336,0.09271333333333334,0.24833166666666667,0.12009186666666667,-0.035466,0.4785438762241788,-0.05651811611925311,1.4615736998927178,-0.30001676238113034,0.9148392789192432,0.9677757246207,0.2749479934007849,1.2152483962521992,0.5134243085063357,-0.9273820719059466
2023-09-28,0.16788857142857144,0.06701022893772894,0.04997111111111112,0.11554690476190477,0.05912166666666665,0.07893214285714285,0.149575,0.2791166666666667,0.080018,0.12103472222222221,1.121815772402004,0.038626447712340764,-0.07899984911059661,0.4700151767984634,-0.22553211994611222,0.03870002813560473,0.7056358436120558,1.4571072555121274,0.055307844433069825,0.2439524978150117
2023-09-29,0.14423750000000002,0.11789572431077695,0.14579933333333334,-0.06492833333333334,0.08195333333333334,0.180825,0.0,0.013499999999999993,0.07936298701298702,0.12062999999999999,0.8713312910146525,0.8315883483008849,0.872736776482221,-1.507988285820486,0.04689461348663847,1.0981546148723598,-0.4272914687896941,-0.629679946060865,0.04781986639420355,0.2409233416341857
2023-10-02,0.187876,0.07465690909090908,0.19814678571428573,0.160266,0.052360000000000004,0.10701148809523808,0.14262,0.21778124999999998,0.1570389453879454,0.05754380952380952,1.3334992344008083,0.15778665206931802,1.3926356802925748,0.9601351852810721,-0.3062121153864119,0.33066152513589064,0.6529565224838312,0.9752325143319297,0.9357959554057818,-0.23124723194205757
2023-10-03,0.016133333333333333,0.08151733333333333,0.25128300000000003,0.06642152777777777,0.20690625,0.07338933333333333,0.09897142857142857,0.07638333333333333,0.13600521367521368,-0.259445,-0.48539818519398714,0.2646944262048497,1.92036832635783,-0.06839755395957578,1.537828911773872,-0.018932617940605773,0.3223487423150381,-0.13564417323442962,0.6953425227821339,-2.6037599305269574
2023-10-04,0.17115952380952382,0.027882499999999994,0.09352654545454545,0.08128333333333333,0.12347083333333334,0.07374583333333332,0.04591666666666667,0.0985625,0.08435676923076924,0.032323333333333336,1.1564578736387285,-0.5711111224284928,0.3535794176958039,0.09448741109111772,0.542280126529673,-0.015225826603484935,-0.0795044337830842,0.0386039329645576,0.10490779032706599,-0.42001067793294355
2023-10-05,0.0954625,0.10360749999999999,0.03735564102564102,0.039347714285714284,-0.02669,0.13144300000000003,0.073975,-0.03019999999999999,0.09994917948717949,0.031968333333333335,0.3547635483411011,0.6089312350616927,-0.20429284371055445,-0.3651257777247738,-1.2494342459591072,0.5846938299923866,0.13301806111115455,-0.9730040373280033,0.2831571195585782,-0.42266768658022946
2023-10-06,0.06407916666666667,0.03704840909090909,0.05567019230769231,0.15416833333333332,0.19181166666666666,0.05977083333333333,0.45705,0.2192125,0.018300879120879122,0.11446833333333332,0.022387994111032056,-0.42827637865593293,-0.022398315854187643,0.8933049325114482,1.3577208149772395,-0.16053412656496122,3.034546593274285,0.9864769675499183,-0.6502299921102432,0.1948061539862226
2023-10-09,0.17556388888888888,0.0861715,-0.0646561212121212,0.14211895604395605,0.09567333333333333,0.10535466666666668,-0.031050000000000005,0.2298388888888889,0.04058980861244019,0.06789166666666667,1.2031037563031637,0.3372215150854779,-1.217442499537418,0.7612441010514939,0.21060122489027386,0.3134343405115289,-0.6624737723168499,1.0699619860563028,-0.3954273884187529,-0.1537983702252939
2023-10-10,0.0736325,0.08130257142857142,0.0977028888888889,0.17689285714285713,0.10024133333333334,0.2037257142857143,0.090025,0.0970375,0.12457114285714285,-0.01532666666666667,0.12356572522344601,0.26134773562189384,0.39505758472577746,1.142365065391754,0.265106458191426,1.33627009685881,0.2545857252532109,0.0266229435095831,0.5646305019854239,-0.7766485991813248
2023-10-11,0.0008749999999999964,0.003258166666666665,0.03399323671497583,-0.008809428571428569,0.023267142857142854,0.2153513333333333,0.11408333333333333,0.0,0.11944580759980761,0.05631111111111111,-0.6469966025586331,-0.954838509134215,-0.23768721603951468,-0.8929266900637685,-0.6533471779889771,1.457150164108132,0.4368109829780898,-0.7357411641868689,0.5060386898997304,-0.24047340191962185
2023-10-12,-0.061616666666666674,0.06044895238095238,0.20864000000000002,0.08360851515151516,0.08665416666666667,0.17821458333333334,0.1202125,0.20754666666666663,0.06702125,0.09198125,-1.3088352327156398,-0.06361963028308609,1.4968510786827183,0.11997133750741218,0.1029848099715697,1.0710122028491442,0.4832351870157235,0.8948256717137495,-0.09326841360485892,0.026500872665359766
2023-10-13,0.008560416666666664,0.08808452380952381,0.05736611111111112,0.05280723529411765,0.12257291666666667,0.006707692307692305,0.2537333333333333,0.01675,0.1068757380952381,-0.010970000000000006,-0.5656016596779424,0.3670326623436533,-0.0055549684371578294,-0.2176098113196473,0.5315662129128473,-0.7122704280355853,1.494563275653365,-0.6041466898453455,0.3623401583233272,-0.7440409907118155
2023-10-16,0.12623333333333334,0.11116144444444445,0.09771666666666667,0.15508300000000003,0.22320066666666666,0.059826666666666674,0.19014166666666665,0.07835916666666667,0.0942357619047619,0.014168750000000003,0.6806522190778324,0.7266463147655174,0.3951944214052682,0.9033296530930836,1.732253382422481,-0.1599535865472259,1.0129003239046466,-0.12012126285314836,0.21784246743372285,-0.5558892269598167
2023-10-17,-0.058783333333333326,0.14807444444444445,0.04840238095238095,0.1349512962962963,0.05517166666666666,-0.05877777777777776,0.31253333333333333,0.21866249999999998,0.06838397551365044,0.05098333333333333,-1.27882788050156,1.3018711882159661,-0.09457999776735958,0.6826867546289125,-0.2726633965528439,-1.3931707736740662,1.9399326620429551,0.9821559549595993,-0.07769000688387127,-0.28034932199391327
2023-10-18,0.013355555555555553,0.07475742424242424,-0.07883047008547009,0.01541300586510265,0.09556757575757575,0.1133795238095238,-0.08380833333333335,-0.06221964285714286,0.030000017889087655,0.0093625,-0.5148171579528886,0.15935300580134085,-1.3582178019886417,-0.6274494994298063,0.2093393288000744,0.396874651700243,-1.0620817067318857,-1.2245627280974976,-0.5164877672888928,-0.5918617560049381
2023-10-19,0.04622962962962963,-0.020000253968253966,0.12031340909090908,0.17366,0.14199485714285714,0.041977738095238096,0.139875,0.05491857142857143,0.029622628205128204,0.12876666666666667,-0.1666534216755425,-1.3172805232316744,0.6196183633872717,1.1069330433026667,0.7633081999565975,-0.3455419562680209,0.632165043476358,-0.30427963948655484,-0.5208020110086543,0.30182247879873975
2023-10-20,0.008760606060606059,0.04201666666666666,0.027626921470342524,0.06861266666666667,0.011376428571428574,0.08096300000000001,-0.12924166666666667,0.10374000000000001,-0.028749480676328504,-0.019974999999999996,-0.5634814878002496,-0.3508547295002322,-0.300915514007275,-0.044382734225612286,-0.7952268093944497,0.059816335748713444,-1.4062078255805313,0.07928037421251218,-1.1881003364661251,-0.8114391959760688
2023-10-23,-0.016798749999999994,0.0690424487179487,-0.011037272727272729,-0.01164404761904762,-0.011371000000000003,0.18496820512820517,-0.017963333333333335,0.24450277777777776,0.07993949074074073,0.04125,-0.8341762876857816,0.0702950567633638,-0.684916478061165,-0.9239940339862479,-1.0666484165063164,1.14123455001162,-0.563351311377761,1.1851671651688898,0.05441034221427881,-0.3531987609617533
2023-10-24,0.08727777777777779,0.08890166666666666,0.13921257142857144,0.06633333333333334,0.145695,0.30656860869565217,0.19793511904761904,0.27256,0.10018291208791208,0.09430833333333333,0.26808054510699786,0.3797664118788017,0.8073190696371108,-0.06936416255550278,0.8074581889399955,2.405602916166552,1.0719303426931033,1.4055955478445104,0.2858291041084327,0.04391800094598414
2023-10-25,0.1574702380952381,7.202380952381349e-05,0.20479318181818185,0.09639090909090908,0.04269285714285713,0.13888466666666668,0.058325,0.13458333333333333,0.03969991228070176,0.06465,1.011476973172468,-1.004489001421351,1.458645655783996,0.2600660105469253,-0.42156016196787827,0.6620702831024631,0.01448012068603417,0.3215975226865649,-0.40560050608365955,-0.17806072618290505
2023-10-26,0.08723504273504273,0.12503933333333334,-0.017550443223443225,0.142319,0.11588733333333334,0.06708930158730159,-0.0002074999999999966,0.1599625,0.061306302521008396,0.18228428571428573,0.2676279455260916,0.9429090644707837,-0.7496032975198539,0.7634365771047578,0.45179404142912866,-0.08443865749117502,-0.42886313796785464,0.520986065774679,-0.15860055520270974,0.7023767790569901
2023-10-27,0.013022222222222221,0.14101028571428573,0.07391925287356321,0.0598875,0.10290645454545455,0.021956000000000003,-0.008416666666666668,0.05755,0.1016030064188685,0.07181746031746032,-0.5183474346839568,1.1917885666032704,0.15884577821785373,-0.14001031206256026,0.2969066012392622,-0.5537226163676972,-0.49104190533355546,-0.28360611950897824,0.3020633397253663,-0.12441564437284604
2023-10-30,0.06168666666666667,0.08114200854700857,0.047130303030303036,0.10055833333333333,0.03354466666666667,-0.007606730769230765,0.08152000000000001,0.07184327272727273,0.04633669863469863,0.01065,-0.002950567126209856,0.25884564250489356,-0.1072138870431308,0.3057408613947038,-0.5307160849512711,-0.8611079580704345,0.19016622472185962,-0.17131264421551637,-0.3297300860267958,-0.582225421826401
2023-10-31,0.12,0.13982833333333333,0.22664842857142858,0.11146666666666666,0.1892999298245614,0.17229238095238095,0.0008666666666666666,0.0623888888888889,0.05741786717267553,0.0663425,0.6146360442068572,1.1733698954370744,1.6757052893040456,0.42529588363741627,1.3277508494408896,1.009434731650289,-0.4207270674029994,-0.24558993803253804,-0.2030523738248812,-0.16539315678704178
2023-11-01,-0.00465333333333332,0.17071268253968253,0.18079166666666668,0.04696166666666667,0.14315333333333333,0.032745,0.24841800000000003,0.07631111111111111,0.08789040027605245,0.08748,-0.7055462421433987,1.6546487365993119,1.2202699402620536,-0.28167707676895554,0.7771311016719509,-0.44154148947793914,1.4543032969948144,-0.13621157892810784,0.14530355680675014,-0.007188874302515893
2023-11-02,0.020011666666666667,0.12009833333333333,-0.03221811764705882,0.11050800000000001,0.14122339743589743,0.11103766666666667,0.08185,0.23445833333333335,0.1486684888888889,0.10727390476190476,-0.44432341542800885,0.8659121772029197,-0.8952781586150936,0.4147889243106009,0.7541031668326313,0.3725246495405858,0.1926657467883318,1.1062541271557975,0.8401065634655599,0.14095922743251343
2023-11-03,0.037483333333333334,0.08848266666666667,0.07622708333333333,0.1103,0.1619095238095238,-0.02755555555555556,0.1693,0.28969,0.13980533333333334,0.03899642857142857,-0.25928396056907027,0.37323702597205527,0.1817664452540057,0.4125092502424738,1.0009293805129336,-1.0685304851495199,0.8550390944034614,1.5401754490666173,0.7387847340195427,-0.3700656870828542
2023-11-06,0.020178,0.03633060317460317,0.05316038095238096,0.03345888888888889,0.05062966666666667,0.07164200000000001,0.23211666666666667,0.2905625,0.13918438961038962,0.048046875,-0.44256180733920586,-0.4394621348222986,-0.04732499543548363,-0.4296671361328022,-0.3268583986662047,-0.037100921062801474,1.3308319564506168,1.5470301463121683,0.7316862290235153,-0.30232733659690353
2023-11-07,0.10626250000000001,0.06716177777777779,-0.020252500000000003,0.12548055555555557,0.12602166666666667,0.015796666666666664,-0.038066666666666665,0.3313,0.27295555555555556,0.0518375,0.4691445144277101,0.04098807267749295,-0.7764392998899782,0.578887706202857,0.5727165901780287,-0.6177657115779098,-0.7156201758514352,1.8670796924905446,2.2609315610875744,-0.27395628475572525
2023-11-08,0.059312,0.03714615384615384,0.04508270833333333,0.027801785714285716,0.022454,0.039760000000000004,-0.3243,-0.08883333333333333,0.048813214285714286,0.05164,-0.028100258558339603,-0.42675319672907497,-0.1275499719905961,-0.49166882559367336,-0.6630495731587969,-0.3686014018765254,-2.8836399722955437,-1.433650167411067,-0.3014190522375584,-0.2754344797073844
2023-11-09,0.10945023809523809,0.050054482456140345,0.04098757575757576,0.06274984126984126,0.10265030303030302,0.187425,-0.00021874999999999933,0.00935,0.1289992380952381,0.06454166666666666,0.5029053072947858,-0.22559935685866914,-0.1682215775847039,-0.10863913337512505,0.2938502093623407,1.1667796438344882,-0.4289483489473934,-0.6622839501514514,0.6152516050082384,-0.17887155041799233
2023-11-10,0.03966,0.06870009090909092,0.01951857142857143,-0.01125,0.11291958333333332,-0.04749062499999998,-0.12846666666666667,-0.06778333333333332,0.15345939130434783,0.09929999999999999,-0.23623125351519508,0.06496000604207336,-0.38144516935228523,-0.9196752833191805,0.41638294113808333,-1.2758099878748288,-1.400337735878968,-1.2682732309997795,0.894875205896457,0.08127828685500477
2023-11-13,0.044629166666666664,0.09967867391304348,0.06972284848484848,-0.10171714285714287,0.010623333333333332,0.0334325,0.08644166666666667,-0.031654999999999996,0.11319712169312171,0.05454166666666667,-0.18360365314679625,0.5477073169656729,0.11716837191810416,-1.9111925890353338,-0.804212718249609,-0.43439304896105085,0.22744445028899274,-0.9844350797260283,0.43460495687649525,-0.2537168644260471
2023-11-14,0.01335,0.07384,0.031835833333333334,0.12740157142857142,0.10000999999999999,0.13289250000000002,0.21446666666666667,0.31489999999999996,0.14824002455590385,0.103025,-0.5148759958984064,0.14505654537415116,-0.25911388729430934,0.5999419853863878,0.2623461960846687,0.5997653420349025,1.1971453974408164,1.7382349534337693,0.8352084445283151,0.10915816632300533
2023-11-15,0.0523625,0.1325538034188034,0.07797708333333334,0.16272777777777778,0.12982333333333335,0.03743095238095238,0.010333333333333333,0.021949999999999997,0.03150152958152958,0.0129,-0.1017012329860145,1.06000900497851,0.1991469105925477,0.9871161995190099,0.6180779580851828,-0.39281821404490713,-0.34902360610218114,-0.5632934799005144,-0.49932278460759016,-0.5653852261745888
2023-11-16,-0.01948333333333333,0.039286095238095245,0.042953125,0.036025,0.08088666666666668,0.113277,0.004987500000000001,0.09039,0.11257880952380953,0.20776666666666666,-0.862608253908622,-0.39340593380352384,-0.14870034302518845,-0.40154263153697395,0.03416718014136077,0.39580863663995836,-0.38951460119414855,-0.025602385934314,0.4275365352775787,0.8931004594623726
2023-11-17,0.00935,0.041272777777777776,0.0657047619047619,0.15401533333333334,0.14962083333333334,0.108524,0.20297500000000002,0.0543375,0.1140904,0.19087916666666666,-0.5572393166712245,-0.36244694340786104,0.0772619636138439,0.8916280568747973,0.8543011096349986,0.3463882180555649,1.1101039598230096,-0.3088447612297032,0.444816736607769,0.76670543543127
2023-11-20,0.20491,0.0030615064935064925,-0.01188125,-0.006259666666666672,0.04989,0.0477625,0.06916666666666667,0.052025,0.10040560283687942,0.01035,1.5139034359118546,-0.9579031157286074,-0.6932986024812527,-0.8649813723032708,-0.3356840782265708,-0.2853935542599448,0.09659825726381992,-0.32701265507536126,0.28837486040760224,-0.5844707812466426
2023-11-21,0.11017777777777778,0.05331052083333332,0.12037857142857142,0.039809166666666666,0.07716166666666666,0.07222533333333334,0.010987499999999999,0.19215000000000002,0.15483750000000002,0.068235,0.5106105565313817,-0.17485966451530413,0.6202655358164822,-0.3600682727895211,-0.010279403494101716,-0.03103557759392658,-0.3440687454401088,0.7738635071399198,0.9106294700909312,-0.15122868111101737
2023-11-22,0.09813999999999999,0.03295045454545455,0.03333928571428572,0.05012933333333334,0.07274,0.194995,0.26815833333333333,0.0005666666666666665,0.1385645882352941,0.06052,0.38312049618340605,-0.49213586948070415,-0.2441820575827143,-0.24695954043977306,-0.06303859203319839,1.2454904725077172,1.6038226871953694,-0.731289211821086,0.72460078312062,-0.2089718408682317
2023-11-24,0.13531433333333334,0.05828866666666667,0.03199107142857143,0.07315597222222223,0.05147500000000001,0.12624431818181817,0.11906875,0.13444166666666665,0.09015072390572391,0.09457916666666667,0.7768275480623228,-0.09728392407163784,-0.25757210996087676,0.005411765094468781,-0.316771907740072,0.5306393314563834,0.4745720707626097,0.32048453459511905,0.17114312645695462,0.045945061533702376
2023-11-27,0.05578333333333333,0.05954221428571428,-0.003533333333333326,0.07595666666666666,0.07354000000000001,0.072705,0.0772125,-0.0998423076923077,0.14636009803921568,0.1931375,-0.06547176803342733,-0.0777495657011241,-0.6103896446103745,0.03610729633363721,-0.05349301702423995,-0.02604813230723449,0.1575398874451052,-1.520140925250383,0.8137174989276222,0.7836080021780891
2023-11-28,0.13768333333333335,0.044560833333333334,-0.072213,0.07234666666666667,-0.017466666666666658,-0.1234703125,0.1119,0.07009166666666666,0.15057916666666665,0.0054625,0.8019172247900245,-0.3112083190521465,-1.2924951108747267,-0.0034582007141419485,-1.1393817207516583,-2.065826390181036,0.4202737410231476,-0.18507393847216602,0.8619490513597214,-0.6210514284680795
2023-11-29,-0.006365333333333332,0.03834107142857142,0.0047669444444444434,0.15819666666666665,-0.009116666666666667,0.04042277777777779,0.12606666666666666,0.10439916666666668,0.14861488095238093,0.07101666666666666,-0.7236777434341648,-0.4081324854585235,-0.5279538216292678,0.9374553509622711,-1.0397497815956558,-0.3617100163923655,0.5275764559979637,0.0844590423321214,0.8394937282100161,-0.13040920959777688
2023-11-30,0.17339083333333333,0.06425555555555555,0.018100000000000005,0.059818666666666666,0.19412000000000001,0.31625749999999997,0.012575000000000001,0.1542,0.10329857142857143,0.21347777777777777,1.1800892939138752,-0.004300343598525515,-0.3955339873777318,-0.14076472343286192,1.385263776201005,2.5063454080410645,-0.33204452943851903,0.475713638407931,0.3214467012889653,0.9358454499069728
2023-12-01,0.09615,0.22839866071428572,-0.011758333333333334,0.034176666666666675,0.03474000000000001,0.12111000000000001,0.0936875,0.05322,0.08884117647058824,-0.08038333333333332,0.3620447440989291,2.5535843282703072,-0.6920778317015218,-0.4218003121583899,-0.5164534049587192,0.47725406874001175,0.2823266330364061,-0.317624273174578,0.1561726409405274,-1.2635672636797266
2023-12-04,0.021052083333333325,0.093698,0.17157533333333333,0.1730759027777778,-0.012026,0.11804095238095239,0.0077,0.2339125,0.12770839775910364,0.2482,-0.4333045391811624,0.45450892087814726,1.1287361333772254,1.1005313544047584,-1.074463856044901,0.44534293514254286,-0.3689692872386764,1.1019658495093447,0.6004949753225646,1.195725012434941
2023-12-05,-0.005497243589743589,0.1434733333333333,0.008183333333333334,0.187265625,0.10451111111111111,-0.08049500000000001,0.0,0.0464875,0.08339058823529412,0.098025,-0.7144839523673435,1.2301708778477933,-0.49402329096280306,1.2560503052890077,0.3160533132531274,-1.6189806227614878,-0.4272914687896941,-0.3705173954733425,0.09386260157641266,0.07173550931897789
2023-12-06,0.03194416666666666,-0.000166222222222219,0.11266637362637362,0.015243749999999999,0.07279687500000001,0.1383291666666667,0.0042,0.06398958333333334,0.12088311111111112,0.1600222222222222,-0.3179483341475958,-1.0082016512591097,0.5436703434821518,-0.6293045388843876,-0.06235996130990512,0.6562943431648174,-0.3954793697618662,-0.23301426376399703,0.5224696574396348,0.5357556658039153
2023-12-07,0.10443333333333334,0.185815,-0.03232266666666667,0.14847777777777776,0.06399806818181819,-0.01891083333333334,0.05012500000000001,0.10743333333333334,0.1336157619047619,0.10725500000000002,0.4497721208659734,1.8899920749874035,-0.8963165075359353,0.8309366059093547,-0.16734704940026585,-0.9786449831995873,-0.047629215511153455,0.10829662845537935,0.6680267859390132,0.14081773414841262
2023-12-08,0.04810666666666667,0.02012300000000001,-0.010830714285714282,0.13133999999999998,0.028602000000000006,0.050672916666666665,0.18864999999999998,0.08943333333333334,0.15417994888981984,0.18707500000000002,-0.1467740411499274,-0.6920294277826701,-0.6828650027275136,0.6431070502106943,-0.589691829214952,-0.25513182273845064,1.0016019792102393,-0.03311832904595917,0.9031124767334183,0.7382330305607061
2023-12-11,0.032145238095238095,0.0690215873015873,0.07155104283559578,0.04707605952380952,0.0630720202020202,0.07212076190476191,0.08128666666666667,0.09020666666666668,0.09965677551020409,0.05685333333333333,-0.3158188207908907,0.06996996788989147,0.1353254396582651,-0.28042333431699645,-0.17839662496658593,-0.03212288324761223,0.18839888588698028,-0.027042723464420066,0.2798144155183825,-0.2364151226711851
2023-12-12,0.12754179894179893,0.04999133333333333,0.07476730769230769,0.1187719393939394,0.06508166666666668,0.23776000000000003,-0.0772,0.18668666666666667,0.09588780158730159,0.07968666666666666,0.6945099561507394,-0.226583426053131,0.16726839957920905,0.5053614643920236,-0.15441758612937231,1.6901494669873267,-1.0120281461583391,0.7309414487427541,0.2367282561241196,-0.06551832235279337
2023-12-13,0.17477,0.0217835,0.13683333333333333,0.14341555555555557,0.1020975,0.10016861904761905,0.14117291666666668,0.23254933333333333,0.13233858823529412,0.11057500000000002,1.1946958138886699,-0.6661534246844536,0.7836892037820111,0.7754547947213949,0.2872541808736694,0.2595112089878743,0.6419958657453743,1.0912562852741274,0.6534263908653146,0.16566637839908682
2023-12-14,0.17095555555555556,-0.008315000000000003,0.11639583333333334,0.024851111111111115,0.26175,0.11245833333333334,-0.08675000000000001,-0.01686999999999999,0.0830125,-0.04170666666666668,1.1542976804961462,-1.135186173405726,0.5807101978640388,-0.5240081350952972,2.1922228235208197,0.3872963603202116,-1.0843627999001857,-0.8682784049117342,0.08954037215689133,-0.9740905375345733
2023-12-15,0.01145833333333333,0.07546944444444444,0.02317,0.19887809523809521,0.009,0.144325,-0.3664,0.13215833333333332,0.03973985858585859,0.06316666666666666,-0.5349103163472184,0.1704486016781656,-0.345180296368356,1.3833226479268974,-0.8235822808719537,0.7186374092484679,-3.202518393503056,0.3025457853565234,-0.4051438478773662,-0.18916278109409987
2023-12-18,0.14927600000000002,-0.000711666666666666,0.12879285714285715,0.10431369047619046,0.11657746153846153,0.13284357142857145,-0.15847499999999998,0.07993055555555556,0.07455110544217688,0.0993375,0.9246931889431136,-1.0167014538091543,0.7038336507911863,0.346899468582812,0.4600286296139398,0.5992565958786356,-1.6276301338932695,-0.10777582435646518,-0.007188605563219735,0.08155895678253504
2023-12-19,0.14927600000000002,-0.000711666666666666,0.12879285714285715,0.10431369047619046,0.11657746153846153,0.13284357142857145,-0.15847499999999998,0.07993055555555556,0.12660000000000002,0.0993375,0.9246931889431136,-1.0167014538091543,0.7038336507911863,0.346899468582812,0.4600286296139398,0.5992565958786356,-1.6276301338932695,-0.10777582435646518,0.5878239928488506,0.08155895678253504
2023-12-20,0.14927600000000002,-0.000711666666666666,0.12879285714285715,0.10431369047619046,0.11657746153846153,0.13284357142857145,-0.15847499999999998,0.07993055555555556,0.2704,0.0993375,0.9246931889431136,-1.0167014538091543,0.7038336507911863,0.346899468582812,0.4600286296139398,0.5992565958786356,-1.6276301338932695,-0.10777582435646518,2.2317169588483616,0.08155895678253504
2023-12-21,0.14927600000000002,-0.000711666666666666,0.12879285714285715,0.10431369047619046,0.11657746153846153,0.13284357142857145,-0.15847499999999998,0.07993055555555556,0.18545,0.0993375,0.9246931889431136,-1.0167014538091543,0.7038336507911863,0.346899468582812,0.4600286296139398,0.5992565958786356,-1.6276301338932695,-0.10777582435646518,1.260585474414019,0.08155895678253504
2023-12-22,0.14927600000000002,-0.000711666666666666,0.12879285714285715,0.10431369047619046,0.11657746153846153,0.13284357142857145,-0.15847499999999998,0.07993055555555556,0.14794000000000002,0.0993375,0.9246931889431136,-1.0167014538091543,0.7038336507911863,0.346899468582812,0.4600286296139398,0.5992565958786356,-1.6276301338932695,-0.10777582435646518,0.8317786235472482,0.08155895678253504
2023-12-26,0.14927600000000002,-0.000711666666666666,0.12879285714285715,0.10431369047619046,0.11657746153846153,0.13284357142857145,-0.15847499999999998,0.07993055555555556,0.1369,0.0993375,0.9246931889431136,-1.0167014538091543,0.7038336507911863,0.346899468582812,0.4600286296139398,0.5992565958786356,-1.6276301338932695,-0.10777582435646518,0.7055715418738501,0.08155895678253504
2023-12-27,0.14927600000000002,-0.000711666666666666,0.12879285714285715,0.10431369047619046,0.11657746153846153,0.13284357142857145,-0.15847499999999998,0.07993055555555556,0.2155,0.0993375,0.9246931889431136,-1.0167014538091543,0.7038336507911863,0.346899468582812,0.4600286296139398,0.5992565958786356,-1.6276301338932695,-0.10777582435646518,1.6041110907442366,0.08155895678253504
2023-12-28,0.14927600000000002,-0.000711666666666666,0.12879285714285715,0.10431369047619046,0.11657746153846153,0.13284357142857145,-0.15847499999999998,0.07993055555555556,0.14733000000000002,0.0993375,0.9246931889431136,-1.0167014538091543,0.7038336507911863,0.346899468582812,0.4600286296139398,0.5992565958786356,-1.6276301338932695,-0.10777582435646518,0.8248052250127579,0.08155895678253504
2023-12-29,0.14927600000000002,-0.000711666666666666,0.12879285714285715,0.10431369047619046,0.11657746153846153,0.13284357142857145,-0.15847499999999998,0.07993055555555556,0.06104285714285714,0.0993375,0.9246931889431136,-1.0167014538091543,0.7038336507911863,0.346899468582812,0.4600286296139398,0.5992565958786356,-1.6276301338932695,-0.10777582435646518,-0.16161221030749365,0.08155895678253504
